countyfips_2020,NAME,STUSPS,ALAND,st_name,st_name_abbrev,cnty_name,stroke_deaths_annual_avg_2021_2023,stroke_deaths_annual_avg_2020_2022,rural_urban_contnm_23,cens_popn_20,cens_rural_popn_20,mortality_published,metro_status_2023,trial_site_pairs_active,population_mean_active_miles,trial_site_pairs_recruiting,population_mean_recruiting_miles,trial_site_pairs_active_plus_unknown_sensitivity,population_mean_active_plus_unknown_sensitivity_miles
01001,Autauga,AL,1539634184,Alabama,AL,Autauga,40.000000,41.000000,2.000000,58805.000000,23920.000000,True,metro,0,43.927497,0,43.927497,0,43.642040
01003,Baldwin,AL,4117656199,Alabama,AL,Baldwin,136.000000,140.000000,3.000000,231767.000000,87113.000000,True,metro,2,12.676247,2,12.676247,6,7.077815
01005,Barbour,AL,2292160149,Alabama,AL,Barbour,13.000000,13.000000,6.000000,25223.000000,16627.000000,True,nonmetro,0,44.464331,0,44.464331,0,44.464331
01007,Bibb,AL,1612188717,Alabama,AL,Bibb,12.000000,12.000000,1.000000,22293.000000,22293.000000,True,metro,0,39.242763,0,39.242763,0,24.545115
01009,Blount,AL,1670259090,Alabama,AL,Blount,38.000000,41.000000,1.000000,59134.000000,53510.000000,True,metro,0,32.365847,0,32.365847,0,32.365847
01011,Bullock,AL,1613083467,Alabama,AL,Bullock,,,8.000000,10357.000000,10357.000000,False,nonmetro,0,58.809842,0,58.809842,0,58.809842
01013,Butler,AL,2012002546,Alabama,AL,Butler,21.000000,23.000000,6.000000,19051.000000,13228.000000,True,nonmetro,0,34.332645,0,34.332645,0,34.332645
01015,Calhoun,AL,1569246127,Alabama,AL,Calhoun,55.000000,58.000000,3.000000,116441.000000,42494.000000,True,metro,0,53.465680,0,53.465680,0,52.388004
01017,Chambers,AL,1545085601,Alabama,AL,Chambers,30.000000,34.000000,6.000000,34772.000000,17645.000000,True,nonmetro,0,40.994917,0,40.994917,0,40.994917
01019,Cherokee,AL,1433620850,Alabama,AL,Cherokee,16.000000,18.000000,8.000000,24971.000000,24971.000000,True,nonmetro,0,59.135640,0,59.135640,0,54.191801
01021,Chilton,AL,1794438835,Alabama,AL,Chilton,36.000000,34.000000,1.000000,45014.000000,38507.000000,True,metro,0,40.009146,0,40.009146,0,26.581580
01023,Choctaw,AL,2365900081,Alabama,AL,Choctaw,12.000000,12.000000,9.000000,12665.000000,12665.000000,True,nonmetro,0,92.337448,0,92.337448,0,83.472694
01025,Clarke,AL,3207494086,Alabama,AL,Clarke,15.000000,20.000000,9.000000,23087.000000,23087.000000,True,nonmetro,0,69.634131,0,69.634131,0,61.685266
01027,Clay,AL,1564255426,Alabama,AL,Clay,10.000000,11.000000,9.000000,14236.000000,14236.000000,True,nonmetro,0,24.667471,0,24.667471,0,24.667471
01029,Cleburne,AL,1450666453,Alabama,AL,Cleburne,,,8.000000,15056.000000,15056.000000,False,nonmetro,0,52.028899,0,52.028899,0,43.218581
01031,Coffee,AL,1758565928,Alabama,AL,Coffee,32.000000,34.000000,4.000000,53465.000000,25412.000000,True,nonmetro,0,28.003098,0,28.003098,0,28.003098
01033,Colbert,AL,1535742270,Alabama,AL,Colbert,33.000000,37.000000,3.000000,57227.000000,23060.000000,True,metro,0,62.078125,0,62.078125,0,59.999806
01035,Conecuh,AL,2202213384,Alabama,AL,Conecuh,12.000000,14.000000,9.000000,11597.000000,11597.000000,True,nonmetro,0,31.695866,0,31.695866,0,31.695866
01037,Coosa,AL,1685846963,Alabama,AL,Coosa,,,8.000000,10387.000000,10387.000000,False,nonmetro,0,13.397033,0,13.397033,0,13.397033
01039,Covington,AL,2669165738,Alabama,AL,Covington,38.000000,35.000000,6.000000,37570.000000,25854.000000,True,nonmetro,1,8.883482,1,8.883482,1,8.883482
01041,Crenshaw,AL,1576952763,Alabama,AL,Crenshaw,11.000000,10.000000,8.000000,13194.000000,13194.000000,True,nonmetro,0,32.633384,0,32.633384,0,32.633384
01043,Cullman,AL,1902962812,Alabama,AL,Cullman,50.000000,49.000000,4.000000,87866.000000,66426.000000,True,nonmetro,0,38.654127,0,38.654127,0,38.654127
01045,Dale,AL,1453276166,Alabama,AL,Dale,25.000000,25.000000,4.000000,49326.000000,24886.000000,True,nonmetro,0,19.203801,0,19.203801,0,19.203801
01047,Dallas,AL,2534919608,Alabama,AL,Dallas,31.000000,30.000000,4.000000,38462.000000,17255.000000,True,nonmetro,0,72.315681,0,72.315681,0,58.982446
01049,DeKalb,AL,2012620262,Alabama,AL,DeKalb,50.000000,53.000000,6.000000,71608.000000,63228.000000,True,nonmetro,0,43.440934,0,43.440934,0,43.440934
01051,Elmore,AL,1601945705,Alabama,AL,Elmore,56.000000,50.000000,2.000000,87977.000000,62672.000000,True,metro,0,31.863927,0,31.863927,0,31.863927
01053,Escambia,AL,2448595161,Alabama,AL,Escambia,29.000000,27.000000,6.000000,36757.000000,23996.000000,True,nonmetro,0,39.750971,0,39.750971,0,38.263807
01055,Etowah,AL,1385916770,Alabama,AL,Etowah,77.000000,83.000000,3.000000,103436.000000,44653.000000,True,metro,0,54.893476,0,54.893476,0,54.813347
01057,Fayette,AL,1625693254,Alabama,AL,Fayette,17.000000,16.000000,8.000000,16321.000000,16321.000000,True,nonmetro,0,57.573736,0,57.573736,0,56.646798
01059,Franklin,AL,1641845708,Alabama,AL,Franklin,20.000000,21.000000,6.000000,32113.000000,22174.000000,True,nonmetro,0,71.191169,0,71.191169,0,54.042485
01061,Geneva,AL,1487908432,Alabama,AL,Geneva,21.000000,22.000000,3.000000,26659.000000,26510.000000,True,metro,0,22.737416,0,22.737416,0,22.737416
01063,Greene,AL,1675782057,Alabama,AL,Greene,,,2.000000,7730.000000,7730.000000,False,metro,0,80.615278,0,80.615278,0,70.475549
01065,Hale,AL,1667926655,Alabama,AL,Hale,12.000000,11.000000,2.000000,14785.000000,14785.000000,True,metro,0,70.189118,0,70.189118,0,57.398482
01067,Henry,AL,1454959642,Alabama,AL,Henry,13.000000,13.000000,3.000000,17146.000000,17146.000000,True,metro,0,18.658208,0,18.658208,0,18.658208
01069,Houston,AL,1501742239,Alabama,AL,Houston,68.000000,64.000000,3.000000,107202.000000,36788.000000,True,metro,3,5.066982,3,5.066982,3,5.066982
01071,Jackson,AL,2792044654,Alabama,AL,Jackson,43.000000,39.000000,6.000000,52579.000000,39597.000000,True,nonmetro,0,30.612194,0,30.612194,0,30.612194
01073,Jefferson,AL,2878852142,Alabama,AL,Jefferson,476.000000,503.000000,1.000000,674721.000000,81445.000000,True,metro,7,8.986357,7,8.986357,23,8.575301
01075,Lamar,AL,1566544684,Alabama,AL,Lamar,12.000000,14.000000,8.000000,13972.000000,13972.000000,True,nonmetro,0,77.423237,0,77.423237,0,48.760733
01077,Lauderdale,AL,1730148679,Alabama,AL,Lauderdale,55.000000,59.000000,3.000000,93564.000000,48806.000000,True,metro,0,58.639666,0,58.639666,0,58.323350
01079,Lawrence,AL,1788864348,Alabama,AL,Lawrence,24.000000,28.000000,3.000000,33073.000000,33071.000000,True,metro,0,41.495253,0,41.495253,0,41.495253
01081,Lee,AL,1573528082,Alabama,AL,Lee,72.000000,62.000000,3.000000,174241.000000,45982.000000,True,metro,0,42.467036,0,42.467036,0,42.467036
01083,Limestone,AL,1450296914,Alabama,AL,Limestone,62.000000,60.000000,2.000000,103570.000000,52834.000000,True,metro,0,20.392069,0,20.392069,0,20.392069
01085,Lowndes,AL,1854651814,Alabama,AL,Lowndes,,11.000000,2.000000,10311.000000,10311.000000,False,metro,0,58.388693,0,58.388693,0,58.388693
01087,Macon,AL,1576435594,Alabama,AL,Macon,13.000000,16.000000,3.000000,19532.000000,10529.000000,True,metro,0,38.598509,0,38.598509,0,38.598509
01089,Madison,AL,2076136600,Alabama,AL,Madison,228.000000,220.000000,2.000000,388153.000000,66383.000000,True,metro,1,7.630618,1,7.630618,8,7.630618
01091,Marengo,AL,2530155136,Alabama,AL,Marengo,10.000000,10.000000,6.000000,19323.000000,13096.000000,True,nonmetro,0,94.970233,0,94.970233,0,82.417716
01093,Marion,AL,1922660061,Alabama,AL,Marion,29.000000,29.000000,9.000000,29341.000000,29341.000000,True,nonmetro,0,74.119593,0,74.119593,0,49.008398
01095,Marshall,AL,1465531833,Alabama,AL,Marshall,64.000000,71.000000,4.000000,97612.000000,52370.000000,True,nonmetro,0,34.064695,0,34.064695,0,34.064695
01097,Mobile,AL,3184064139,Alabama,AL,Mobile,287.000000,301.000000,2.000000,414809.000000,92902.000000,True,metro,3,10.699878,3,10.699878,8,9.514551
01099,Monroe,AL,2656469672,Alabama,AL,Monroe,19.000000,17.000000,8.000000,19772.000000,15488.000000,True,nonmetro,0,53.079093,0,53.079093,0,52.433820
01101,Montgomery,AL,2034045843,Alabama,AL,Montgomery,151.000000,155.000000,2.000000,228954.000000,28308.000000,True,metro,0,44.441081,0,44.441081,0,44.441081
01103,Morgan,AL,1501337447,Alabama,AL,Morgan,77.000000,83.000000,3.000000,123421.000000,47440.000000,True,metro,0,25.861173,0,25.861173,0,25.861173
01105,Perry,AL,1863936200,Alabama,AL,Perry,,,8.000000,8511.000000,8511.000000,False,nonmetro,0,72.603840,0,72.603840,0,55.820839
01107,Pickens,AL,2282835039,Alabama,AL,Pickens,16.000000,20.000000,2.000000,19123.000000,19123.000000,True,metro,0,75.431764,0,75.431764,0,71.210246
01109,Pike,AL,1740645369,Alabama,AL,Pike,21.000000,20.000000,6.000000,33009.000000,18543.000000,True,nonmetro,0,44.778315,0,44.778315,0,44.778315
01111,Randolph,AL,1503618358,Alabama,AL,Randolph,16.000000,15.000000,8.000000,21967.000000,21967.000000,True,nonmetro,0,38.440183,0,38.440183,0,38.119797
01113,Russell,AL,1660652494,Alabama,AL,Russell,49.000000,43.000000,2.000000,59183.000000,23881.000000,True,metro,0,64.080170,0,64.080170,0,64.080170
01115,St. Clair,AL,1635759732,Alabama,AL,St. Clair,66.000000,62.000000,1.000000,91103.000000,61140.000000,True,metro,0,27.209811,0,27.209811,0,27.209811
01117,Shelby,AL,2034279155,Alabama,AL,Shelby,108.000000,108.000000,1.000000,223024.000000,53453.000000,True,metro,0,17.711338,0,17.711338,1,8.378072
01119,Sumter,AL,2340898913,Alabama,AL,Sumter,,,8.000000,12345.000000,12345.000000,False,nonmetro,0,104.841567,0,104.841567,0,94.559922
01121,Talladega,AL,1908346572,Alabama,AL,Talladega,59.000000,60.000000,4.000000,82149.000000,48205.000000,True,nonmetro,0,32.837968,0,32.837968,0,32.219218
01123,Tallapoosa,AL,1855798005,Alabama,AL,Tallapoosa,34.000000,30.000000,6.000000,41311.000000,32391.000000,True,nonmetro,1,10.543355,1,10.543355,1,10.543355
01125,Tuscaloosa,AL,3420981170,Alabama,AL,Tuscaloosa,116.000000,124.000000,2.000000,227036.000000,70586.000000,True,metro,0,46.768531,0,46.768531,0,40.913162
01127,Walker,AL,2048757700,Alabama,AL,Walker,55.000000,55.000000,1.000000,65342.000000,52068.000000,True,metro,0,34.035589,0,34.035589,0,34.035589
01129,Washington,AL,2797712949,Alabama,AL,Washington,16.000000,14.000000,8.000000,15388.000000,15388.000000,True,nonmetro,0,51.048662,0,51.048662,0,42.293254
01131,Wilcox,AL,2299540559,Alabama,AL,Wilcox,,,9.000000,10600.000000,10600.000000,False,nonmetro,0,71.646563,0,71.646563,0,71.646563
01133,Winston,AL,1587657470,Alabama,AL,Winston,16.000000,17.000000,8.000000,23540.000000,23540.000000,True,nonmetro,0,56.372464,0,56.372464,0,55.493666
02013,Aleutians East,AK,18091672533,Alaska,AK,Aleutians East (B),,,9.000000,3420.000000,3420.000000,False,nonmetro,0,1831.828265,0,1831.828265,0,1823.875934
02016,Aleutians West,AK,11377885025,Alaska,AK,Aleutians West (CA),,,9.000000,5232.000000,5232.000000,False,nonmetro,0,2011.057937,0,2011.057937,0,2003.516240
02020,Anchorage,AK,4420591349,Alaska,AK,Anchorage (B),89.000000,85.000000,2.000000,291247.000000,12434.000000,True,metro,0,1430.567381,0,1430.567381,0,1414.456545
02050,Bethel,AK,105223804364,Alaska,AK,Bethel (CA),,,7.000000,18666.000000,13569.000000,False,nonmetro,0,1809.008693,0,1809.008693,0,1795.309201
02060,Bristol Bay,AK,1248315815,Alaska,AK,Bristol Bay (B),,,9.000000,844.000000,844.000000,False,nonmetro,0,1597.774638,0,1597.774638,0,1585.355435
02063,Chugach,AK,24682168359,Alaska,AK,Chugach (CA),,,9.000000,7102.000000,7102.000000,False,nonmetro,0,1316.413700,0,1316.413700,0,1299.648044
02066,Copper River,AK,63952335592,Alaska,AK,Copper River (CA),,,9.000000,2617.000000,2617.000000,False,nonmetro,0,1332.626522,0,1332.626522,0,1314.493492
02068,Denali,AK,32740165582,Alaska,AK,Denali (B),,,9.000000,1619.000000,1619.000000,False,nonmetro,0,1507.653067,0,1507.653067,0,1489.160414
02070,Dillingham,AK,47484825242,Alaska,AK,Dillingham (CA),,,9.000000,4857.000000,4857.000000,False,nonmetro,0,1670.521721,0,1670.521721,0,1657.926631
02090,Fairbanks North Star,AK,18997068212,Alaska,AK,Fairbanks North Star (B),28.000000,32.000000,3.000000,95655.000000,24259.000000,True,metro,0,1514.977150,0,1514.977150,0,1495.496964
02100,Haines,AK,6069358955,Alaska,AK,Haines (B),,,9.000000,2080.000000,2080.000000,False,nonmetro,0,965.396911,0,965.396911,0,945.896553
02105,Hoonah-Angoon,AK,16978039504,Alaska,AK,Hoonah-Angoon (CA),,,9.000000,2365.000000,2365.000000,False,nonmetro,0,905.665766,0,905.665766,0,887.143997
02110,Juneau,AK,7003406836,Alaska,AK,Juneau (B),,,5.000000,32255.000000,7499.000000,False,nonmetro,0,896.832393,0,896.832393,0,877.575989
02122,Kenai Peninsula,AK,41484923347,Alaska,AK,Kenai Peninsula (B),21.000000,23.000000,7.000000,58799.000000,45511.000000,True,nonmetro,0,1441.485544,0,1441.485544,0,1426.528733
02130,Ketchikan Gateway,AK,12579382524,Alaska,AK,Ketchikan Gateway (B),,,7.000000,13948.000000,1973.000000,False,nonmetro,0,669.135959,0,669.135959,0,651.175702
02150,Kodiak Island,AK,17324067231,Alaska,AK,Kodiak Island (B),,,7.000000,13101.000000,3571.000000,False,nonmetro,0,1426.933481,0,1426.933481,0,1414.901709
02158,Kusilvak,AK,44229388640,Alaska,AK,Kusilvak (CA),,,9.000000,8368.000000,8368.000000,False,nonmetro,0,1898.892081,0,1898.892081,0,1884.182836
02164,Lake and Peninsula,AK,61724164724,Alaska,AK,Lake and Peninsula (B),,,9.000000,1476.000000,1476.000000,False,nonmetro,0,1576.321638,0,1576.321638,0,1563.951201
02170,Matanuska-Susitna,AK,63990747114,Alaska,AK,Matanuska-Susitna (B),36.000000,37.000000,2.000000,107081.000000,53637.000000,True,metro,0,1434.201280,0,1434.201280,0,1417.629187
02180,Nome,AK,59490634310,Alaska,AK,Nome (CA),,,9.000000,10046.000000,10046.000000,False,nonmetro,0,1965.680820,0,1965.680820,0,1949.221141
02185,North Slope,AK,230052127559,Alaska,AK,North Slope (B),,,9.000000,11031.000000,11031.000000,False,nonmetro,0,1918.815840,0,1918.815840,0,1897.500498
02188,Northwest Arctic,AK,92367472817,Alaska,AK,Northwest Arctic (B),,,9.000000,7793.000000,7793.000000,False,nonmetro,0,1924.395982,0,1924.395982,0,1905.851946
02195,Petersburg,AK,7512659846,Alaska,AK,Petersburg (B),,,9.000000,3398.000000,3398.000000,False,nonmetro,0,775.926797,0,775.926797,0,757.224613
02198,Prince of Wales-Hyder,AK,13643344240,Alaska,AK,Prince of Wales-Hyde,,,9.000000,5753.000000,5753.000000,False,nonmetro,0,706.689218,0,706.689218,0,689.252561
02220,Sitka,AK,7433415763,Alaska,AK,Sitka (B),,,7.000000,8458.000000,790.000000,False,nonmetro,0,850.525494,0,850.525494,0,833.108278
02230,Skagway,AK,1123881121,Alaska,AK,Skagway Municipality (B),,,9.000000,1240.000000,1240.000000,False,nonmetro,0,973.705551,0,973.705551,0,953.920664
02240,Southeast Fairbanks,AK,64312145207,Alaska,AK,Southeast Fairbanks (CA),,,9.000000,6808.000000,6808.000000,False,nonmetro,0,1405.323981,0,1405.323981,0,1385.759613
02275,Wrangell,AK,6619997018,Alaska,AK,Wrangell (B),,,9.000000,2127.000000,2127.000000,False,nonmetro,0,742.036394,0,742.036394,0,723.316030
02282,Yakutat,AK,19744203659,Alaska,AK,Yakutat (B),,,9.000000,662.000000,662.000000,False,nonmetro,0,1083.741627,0,1083.741627,0,1065.940624
02290,Yukon-Koyukuk,AK,377038917450,Alaska,AK,Yukon-Koyukuk (CA),,,8.000000,5343.000000,5343.000000,False,nonmetro,0,1652.563410,0,1652.563410,0,1634.016992
04001,Apache,AZ,29003486215,Arizona,AZ,Apache,28.000000,28.000000,8.000000,66021.000000,66021.000000,True,nonmetro,0,164.284750,0,164.284750,0,139.814961
04003,Cochise,AZ,16083178104,Arizona,AZ,Cochise,73.000000,73.000000,3.000000,125447.000000,46124.000000,True,metro,0,67.966266,0,67.966266,0,67.966266
04005,Coconino,AZ,48216135399,Arizona,AZ,Coconino,34.000000,34.000000,3.000000,145101.000000,47019.000000,True,metro,0,131.145372,0,131.145372,1,25.615678
04007,Gila,AZ,12321426494,Arizona,AZ,Gila,36.000000,37.000000,4.000000,53272.000000,23630.000000,True,nonmetro,0,62.302866,0,62.302866,0,61.697852
04009,Graham,AZ,11970605956,Arizona,AZ,Graham,18.000000,20.000000,7.000000,38533.000000,20202.000000,True,nonmetro,0,80.221202,0,80.221202,0,80.221202
04011,Greenlee,AZ,4771128170,Arizona,AZ,Greenlee,,,9.000000,9563.000000,9563.000000,False,nonmetro,0,110.777214,0,110.777214,0,110.777214
04012,La Paz,AZ,11646049270,Arizona,AZ,La Paz,11.000000,13.000000,6.000000,16557.000000,7189.000000,True,nonmetro,0,108.062818,0,108.062818,0,107.568339
04013,Maricopa,AZ,23832530727,Arizona,AZ,Maricopa,1815.000000,1813.000000,1.000000,4420568.000000,101879.000000,True,metro,9,7.279257,9,7.279257,41,6.487524
04015,Mohave,AZ,34530024782,Arizona,AZ,Mohave,181.000000,182.000000,3.000000,213267.000000,51040.000000,True,metro,0,98.316089,0,98.316089,0,86.872997
04017,Navajo,AZ,25769061034,Arizona,AZ,Navajo,73.000000,70.000000,4.000000,106717.000000,68569.000000,True,nonmetro,0,140.758572,0,140.758572,0,99.265002
04019,Pima,AZ,23798597680,Arizona,AZ,Pima,583.000000,582.000000,1.000000,1043433.000000,92260.000000,True,metro,7,9.783343,7,9.783343,17,9.783343
04021,Pinal,AZ,13897997152,Arizona,AZ,Pinal,182.000000,175.000000,1.000000,425264.000000,97947.000000,True,metro,0,24.734386,0,24.734386,0,23.403511
04023,Santa Cruz,AZ,3201853240,Arizona,AZ,Santa Cruz,24.000000,20.000000,6.000000,47669.000000,28501.000000,True,nonmetro,0,54.335465,0,54.335465,0,54.335465
04025,Yavapai,AZ,21038142263,Arizona,AZ,Yavapai,163.000000,164.000000,3.000000,236209.000000,75541.000000,True,metro,0,68.532753,0,68.532753,0,51.295351
04027,Yuma,AZ,14280774789,Arizona,AZ,Yuma,108.000000,101.000000,3.000000,203881.000000,30787.000000,True,metro,0,136.998875,0,136.998875,0,128.554821
05001,Arkansas,AR,2569632248,Arkansas,AR,Arkansas,16.000000,17.000000,6.000000,17149.000000,9017.000000,True,nonmetro,0,52.575377,0,52.575377,0,52.575377
05003,Ashley,AR,2397012349,Arkansas,AR,Ashley,15.000000,16.000000,7.000000,19062.000000,11878.000000,True,nonmetro,0,48.610170,0,48.610170,0,48.565017
05005,Baxter,AR,1434660641,Arkansas,AR,Baxter,56.000000,52.000000,7.000000,41627.000000,23844.000000,True,nonmetro,0,79.365456,0,79.365456,0,79.365456
05007,Benton,AR,2195586678,Arkansas,AR,Benton,107.000000,100.000000,2.000000,284333.000000,68252.000000,True,metro,0,78.355261,0,78.355261,0,20.812335
05009,Boone,AR,1527375340,Arkansas,AR,Boone,23.000000,21.000000,7.000000,37373.000000,23423.000000,True,nonmetro,0,66.612314,0,66.612314,0,59.819565
05011,Bradley,AR,1681335016,Arkansas,AR,Bradley,,,7.000000,10545.000000,5267.000000,False,nonmetro,0,73.053837,0,73.053837,0,73.053837
05013,Calhoun,AR,1628067881,Arkansas,AR,Calhoun,,,9.000000,4739.000000,4739.000000,False,nonmetro,0,76.626990,0,76.626990,0,76.626990
05015,Carroll,AR,1631531741,Arkansas,AR,Carroll,15.000000,20.000000,6.000000,28260.000000,23203.000000,True,nonmetro,0,60.482033,0,60.482033,0,39.590051
05017,Chicot,AR,1649764677,Arkansas,AR,Chicot,,,9.000000,10208.000000,10208.000000,False,nonmetro,0,49.613966,0,49.613966,0,49.613966
05019,Clark,AR,2242855171,Arkansas,AR,Clark,14.000000,15.000000,7.000000,21446.000000,11360.000000,True,nonmetro,0,65.530181,0,65.530181,0,65.530181
05021,Clay,AR,1655581940,Arkansas,AR,Clay,,,9.000000,14552.000000,14552.000000,False,nonmetro,0,42.190295,0,42.190295,0,42.190295
05023,Cleburne,AR,1434747665,Arkansas,AR,Cleburne,20.000000,21.000000,6.000000,24711.000000,17968.000000,True,nonmetro,0,52.807696,0,52.807696,0,52.807696
05025,Cleveland,AR,1548589576,Arkansas,AR,Cleveland,,,8.000000,7550.000000,7550.000000,False,nonmetro,0,58.257094,0,58.257094,0,58.257094
05027,Columbia,AR,1984098878,Arkansas,AR,Columbia,13.000000,18.000000,7.000000,22801.000000,12398.000000,True,nonmetro,0,58.580792,0,58.580792,0,58.580792
05029,Conway,AR,1429458480,Arkansas,AR,Conway,14.000000,12.000000,6.000000,20715.000000,14375.000000,True,nonmetro,0,39.844252,0,39.844252,0,39.844252
05031,Craighead,AR,1831531474,Arkansas,AR,Craighead,51.000000,47.000000,3.000000,111231.000000,37450.000000,True,metro,1,4.680448,1,4.680448,5,4.680448
05033,Crawford,AR,1541738667,Arkansas,AR,Crawford,43.000000,39.000000,3.000000,60133.000000,29711.000000,True,metro,0,106.041300,0,106.041300,0,40.208284
05035,Crittenden,AR,1587312625,Arkansas,AR,Crittenden,19.000000,19.000000,1.000000,48163.000000,8850.000000,True,metro,0,9.984480,0,9.984480,0,9.984480
05037,Cross,AR,1596255194,Arkansas,AR,Cross,10.000000,10.000000,6.000000,16833.000000,9269.000000,True,nonmetro,0,39.535487,0,39.535487,0,39.535487
05039,Dallas,AR,1728358306,Arkansas,AR,Dallas,,,8.000000,6482.000000,6482.000000,False,nonmetro,0,62.948694,0,62.948694,0,62.948694
05041,Desha,AR,1919735549,Arkansas,AR,Desha,10.000000,,9.000000,11395.000000,7087.000000,True,nonmetro,0,67.029116,0,67.029116,0,67.029116
05043,Drew,AR,2146225294,Arkansas,AR,Drew,10.000000,10.000000,7.000000,17350.000000,9376.000000,True,nonmetro,0,77.917331,0,77.917331,0,77.917331
05045,Faulkner,AR,1676360343,Arkansas,AR,Faulkner,80.000000,74.000000,2.000000,123498.000000,56879.000000,True,metro,0,25.079662,0,25.079662,0,25.079662
05047,Franklin,AR,1577206794,Arkansas,AR,Franklin,16.000000,12.000000,8.000000,17097.000000,17097.000000,True,nonmetro,0,102.751193,0,102.751193,0,45.761577
05049,Fulton,AR,1600705526,Arkansas,AR,Fulton,,,9.000000,12075.000000,12075.000000,False,nonmetro,0,70.112015,0,70.112015,0,70.112015
05051,Garland,AR,1755088398,Arkansas,AR,Garland,75.000000,74.000000,3.000000,100180.000000,33845.000000,True,metro,0,48.163194,0,48.163194,0,48.163194
05053,Grant,AR,1636573600,Arkansas,AR,Grant,,,2.000000,17958.000000,13248.000000,False,metro,0,31.310022,0,31.310022,0,31.310022
05055,Greene,AR,1495304293,Arkansas,AR,Greene,25.000000,27.000000,4.000000,45736.000000,20647.000000,True,nonmetro,0,19.038312,0,19.038312,0,19.038312
05057,Hempstead,AR,1883438547,Arkansas,AR,Hempstead,18.000000,20.000000,6.000000,20065.000000,11210.000000,True,nonmetro,0,81.488472,0,81.488472,0,81.488472
05059,Hot Spring,AR,1592697317,Arkansas,AR,Hot Spring,23.000000,19.000000,6.000000,33040.000000,24188.000000,True,nonmetro,0,44.139082,0,44.139082,0,44.139082
05061,Howard,AR,1521168583,Arkansas,AR,Howard,,,8.000000,12785.000000,12785.000000,False,nonmetro,0,99.548886,0,99.548886,0,99.548886
05063,Independence,AR,1978003742,Arkansas,AR,Independence,15.000000,17.000000,7.000000,37938.000000,27025.000000,True,nonmetro,0,51.248498,0,51.248498,0,51.248498
05065,Izard,AR,1502652313,Arkansas,AR,Izard,,,9.000000,13577.000000,13577.000000,False,nonmetro,0,70.421752,0,70.421752,0,70.421752
05067,Jackson,AR,1641044497,Arkansas,AR,Jackson,,12.000000,6.000000,16755.000000,10808.000000,False,nonmetro,0,34.247656,0,34.247656,0,34.247656
05069,Jefferson,AR,2259419628,Arkansas,AR,Jefferson,50.000000,47.000000,4.000000,67260.000000,20577.000000,True,nonmetro,0,38.220105,0,38.220105,0,38.220105
05071,Johnson,AR,1711970418,Arkansas,AR,Johnson,12.000000,15.000000,7.000000,25749.000000,17933.000000,True,nonmetro,0,83.830491,0,83.830491,0,55.892640
05073,Lafayette,AR,1371327392,Arkansas,AR,Lafayette,,,8.000000,6308.000000,6308.000000,False,nonmetro,0,53.281254,0,53.281254,0,53.281254
05075,Lawrence,AR,1521690357,Arkansas,AR,Lawrence,13.000000,12.000000,6.000000,16216.000000,9676.000000,True,nonmetro,0,26.041381,0,26.041381,0,26.041381
05077,Lee,AR,1553493435,Arkansas,AR,Lee,,,8.000000,8600.000000,8600.000000,False,nonmetro,0,45.168282,0,45.168282,0,45.168282
05079,Lincoln,AR,1448998822,Arkansas,AR,Lincoln,11.000000,10.000000,9.000000,12941.000000,12941.000000,True,nonmetro,0,62.255726,0,62.255726,0,62.255726
05081,Little River,AR,1375943077,Arkansas,AR,Little River,11.000000,,3.000000,12026.000000,12026.000000,True,metro,0,80.765931,0,80.765931,0,80.765931
05083,Logan,AR,1836602033,Arkansas,AR,Logan,22.000000,19.000000,8.000000,21131.000000,21131.000000,True,nonmetro,0,90.465697,0,90.465697,0,62.497821
05085,Lonoke,AR,1998042333,Arkansas,AR,Lonoke,44.000000,46.000000,2.000000,74015.000000,38441.000000,True,metro,0,21.252524,0,21.252524,0,21.252524
05087,Madison,AR,2160639839,Arkansas,AR,Madison,12.000000,11.000000,2.000000,16521.000000,16521.000000,True,metro,0,83.738112,0,83.738112,0,23.073199
05089,Marion,AR,1545325347,Arkansas,AR,Marion,15.000000,15.000000,9.000000,16826.000000,16826.000000,True,nonmetro,0,73.523031,0,73.523031,0,73.523031
05091,Miller,AR,1616257250,Arkansas,AR,Miller,42.000000,40.000000,3.000000,42600.000000,17000.000000,True,metro,0,62.049242,0,62.049242,0,62.049242
05093,Mississippi,AR,2336409934,Arkansas,AR,Mississippi,23.000000,23.000000,4.000000,40685.000000,18568.000000,True,nonmetro,0,39.073928,0,39.073928,0,39.073928
05095,Monroe,AR,1573336900,Arkansas,AR,Monroe,,,9.000000,6799.000000,6799.000000,False,nonmetro,0,59.802737,0,59.802737,0,59.802737
05097,Montgomery,AR,2021363825,Arkansas,AR,Montgomery,,,8.000000,8484.000000,8484.000000,False,nonmetro,0,77.713624,0,77.713624,0,77.713624
05099,Nevada,AR,1600067809,Arkansas,AR,Nevada,,,9.000000,8310.000000,8310.000000,False,nonmetro,0,85.392802,0,85.392802,0,85.392802
05101,Newton,AR,2126566287,Arkansas,AR,Newton,,,9.000000,7225.000000,7225.000000,False,nonmetro,0,85.521449,0,85.521449,0,55.954421
05103,Ouachita,AR,1897738453,Arkansas,AR,Ouachita,19.000000,20.000000,7.000000,22650.000000,12777.000000,True,nonmetro,0,80.906387,0,80.906387,0,80.906387
05105,Perry,AR,1428060517,Arkansas,AR,Perry,,,2.000000,10019.000000,10019.000000,False,metro,0,32.878661,0,32.878661,0,32.878661
05107,Phillips,AR,1788024160,Arkansas,AR,Phillips,,,7.000000,16568.000000,7969.000000,False,nonmetro,0,50.539637,0,50.539637,0,50.539637
05109,Pike,AR,1554860546,Arkansas,AR,Pike,,,9.000000,10171.000000,10171.000000,False,nonmetro,0,85.701138,0,85.701138,0,85.701138
05111,Poinsett,AR,1963975460,Arkansas,AR,Poinsett,11.000000,14.000000,3.000000,22965.000000,15732.000000,True,metro,0,20.050127,0,20.050127,0,20.050127
05113,Polk,AR,2219200782,Arkansas,AR,Polk,15.000000,14.000000,7.000000,19221.000000,13687.000000,True,nonmetro,0,113.033319,0,113.033319,0,106.274449
05115,Pope,AR,2100810775,Arkansas,AR,Pope,30.000000,36.000000,5.000000,63381.000000,35421.000000,True,nonmetro,0,60.055103,0,60.055103,0,60.055103
05117,Prairie,AR,1677069898,Arkansas,AR,Prairie,,,8.000000,8282.000000,8282.000000,False,nonmetro,0,42.346945,0,42.346945,0,42.346945
05119,Pulaski,AR,1964009182,Arkansas,AR,Pulaski,217.000000,213.000000,2.000000,399125.000000,45347.000000,True,metro,6,6.556296,6,6.556296,14,6.556296
05121,Randolph,AR,1688445990,Arkansas,AR,Randolph,10.000000,,7.000000,18571.000000,11407.000000,True,nonmetro,0,35.848543,0,35.848543,0,35.848543
05123,St. Francis,AR,1644082981,Arkansas,AR,St. Francis,14.000000,15.000000,6.000000,23090.000000,14533.000000,True,nonmetro,0,42.145345,0,42.145345,0,42.145345
05125,Saline,AR,1873940136,Arkansas,AR,Saline,61.000000,61.000000,2.000000,123416.000000,45370.000000,True,metro,0,18.656026,0,18.656026,0,18.656026
05127,Scott,AR,2312470680,Arkansas,AR,Scott,,,8.000000,9836.000000,9836.000000,False,nonmetro,0,103.151933,0,103.151933,0,80.152231
05129,Searcy,AR,1724501452,Arkansas,AR,Searcy,,,9.000000,7828.000000,7828.000000,False,nonmetro,0,82.670005,0,82.670005,0,78.730511
05131,Sebastian,AR,1375754631,Arkansas,AR,Sebastian,87.000000,80.000000,3.000000,127799.000000,25144.000000,True,metro,0,107.824226,0,107.824226,0,52.758500
05133,Sevier,AR,1459650889,Arkansas,AR,Sevier,,,6.000000,15839.000000,9945.000000,False,nonmetro,0,101.750967,0,101.750967,0,101.750967
05135,Sharp,AR,1565969860,Arkansas,AR,Sharp,16.000000,12.000000,9.000000,17271.000000,17271.000000,True,nonmetro,0,52.039033,0,52.039033,0,52.039033
05137,Stone,AR,1570673294,Arkansas,AR,Stone,,10.000000,9.000000,12359.000000,12359.000000,False,nonmetro,0,74.815620,0,74.815620,0,74.815620
05139,Union,AR,2691171273,Arkansas,AR,Union,34.000000,35.000000,7.000000,39054.000000,20356.000000,True,nonmetro,0,56.162137,0,56.162137,0,56.162137
05141,Van Buren,AR,1837758471,Arkansas,AR,Van Buren,13.000000,13.000000,8.000000,15796.000000,15796.000000,True,nonmetro,0,56.057101,0,56.057101,0,56.057101
05143,Washington,AR,2438398331,Arkansas,AR,Washington,111.000000,92.000000,2.000000,245871.000000,59012.000000,True,metro,0,90.250476,0,90.250476,1,6.444205
05145,White,AR,2678251423,Arkansas,AR,White,52.000000,41.000000,4.000000,76822.000000,42954.000000,True,nonmetro,0,42.800951,0,42.800951,0,42.800951
05147,Woodruff,AR,1517642896,Arkansas,AR,Woodruff,,,9.000000,6269.000000,6269.000000,False,nonmetro,0,52.379637,0,52.379637,0,52.379637
05149,Yell,AR,2409234392,Arkansas,AR,Yell,,,9.000000,20263.000000,16353.000000,False,nonmetro,0,62.570986,0,62.570986,0,62.570986
06001,Alameda,CA,1910017353,California,CA,Alameda,783.000000,782.000000,1.000000,1682353.000000,8253.000000,True,metro,6,4.186673,6,4.186673,9,4.055226
06003,Alpine,CA,1912292607,California,CA,Alpine,,,8.000000,1204.000000,1204.000000,False,nonmetro,0,80.229362,0,80.229362,0,80.229362
06005,Amador,CA,1539965777,California,CA,Amador,25.000000,27.000000,6.000000,40474.000000,28020.000000,True,nonmetro,0,33.855481,0,33.855481,0,33.855481
06007,Butte,CA,4238488698,California,CA,Butte,119.000000,122.000000,3.000000,211632.000000,44478.000000,True,metro,0,63.857875,0,63.857875,0,63.857875
06009,Calaveras,CA,2641837359,California,CA,Calaveras,25.000000,25.000000,6.000000,45292.000000,37128.000000,True,nonmetro,0,36.836069,0,36.836069,0,36.836069
06011,Colusa,CA,2980332727,California,CA,Colusa,,,6.000000,21839.000000,9326.000000,False,nonmetro,0,50.851216,0,50.851216,0,50.851216
06013,Contra Costa,CA,1856838508,California,CA,Contra Costa,651.000000,664.000000,1.000000,1165927.000000,11661.000000,True,metro,0,14.398750,0,14.398750,3,7.683623
06015,Del Norte,CA,2606118035,California,CA,Del Norte,14.000000,14.000000,7.000000,27743.000000,12123.000000,True,nonmetro,0,124.229333,0,124.229333,0,124.229333
06017,El Dorado,CA,4423309715,California,CA,El Dorado,102.000000,99.000000,1.000000,191185.000000,70112.000000,True,metro,0,32.072169,0,32.072169,0,32.072169
06019,Fresno,CA,15432139292,California,CA,Fresno,426.000000,436.000000,1.000000,1008654.000000,113625.000000,True,metro,1,9.786070,1,9.786070,1,9.786070
06021,Glenn,CA,3403160301,California,CA,Glenn,17.000000,16.000000,6.000000,28917.000000,11917.000000,True,nonmetro,0,64.562293,0,64.562293,0,64.562293
06023,Humboldt,CA,9241565229,California,CA,Humboldt,141.000000,151.000000,5.000000,136463.000000,43033.000000,True,nonmetro,0,90.965582,0,90.965582,0,90.965582
06025,Imperial,CA,10814595262,California,CA,Imperial,58.000000,58.000000,3.000000,179702.000000,33075.000000,True,metro,0,89.293066,0,89.293066,0,79.634045
06027,Inyo,CA,26410783053,California,CA,Inyo,10.000000,,6.000000,19016.000000,8003.000000,True,nonmetro,0,91.480365,0,91.480365,0,89.637377
06029,Kern,CA,21068634240,California,CA,Kern,331.000000,316.000000,2.000000,909235.000000,121409.000000,True,metro,0,74.157794,0,74.157794,1,15.432038
06031,Kings,CA,3602601923,California,CA,Kings,51.000000,53.000000,3.000000,152486.000000,16642.000000,True,metro,0,35.160402,0,35.160402,0,35.160402
06033,Lake,CA,3254452700,California,CA,Lake,32.000000,31.000000,4.000000,68163.000000,27802.000000,True,nonmetro,0,37.638869,0,37.638869,0,37.638869
06035,Lassen,CA,11762017378,California,CA,Lassen,10.000000,12.000000,7.000000,32730.000000,23735.000000,True,nonmetro,0,96.497849,0,96.497849,0,96.497849
06037,Los Angeles,CA,10513491099,California,CA,Los Angeles,3931.000000,4025.000000,1.000000,10014009.000000,89220.000000,True,metro,67,5.495975,63,5.495975,139,4.194271
06039,Madera,CA,5534591552,California,CA,Madera,69.000000,71.000000,1.000000,156255.000000,60326.000000,True,metro,0,26.052972,0,26.052972,0,26.052972
06041,Marin,CA,1347889807,California,CA,Marin,143.000000,131.000000,1.000000,262321.000000,15773.000000,True,metro,0,15.748799,0,15.748799,1,5.346714
06043,Mariposa,CA,3752476985,California,CA,Mariposa,11.000000,,8.000000,17131.000000,17131.000000,True,nonmetro,0,50.225902,0,50.225902,0,50.225902
06045,Mendocino,CA,9082632466,California,CA,Mendocino,48.000000,47.000000,4.000000,91601.000000,44394.000000,True,nonmetro,0,68.086259,0,68.086259,0,68.086259
06047,Merced,CA,5019407132,California,CA,Merced,109.000000,109.000000,2.000000,281202.000000,47239.000000,True,metro,0,33.805394,0,33.805394,0,33.805394
06049,Modoc,CA,10225877726,California,CA,Modoc,,,8.000000,8700.000000,8700.000000,False,nonmetro,0,112.728993,0,112.728993,0,112.728993
06051,Mono,CA,7896624729,California,CA,Mono,,,7.000000,13195.000000,6150.000000,False,nonmetro,0,83.259493,0,83.259493,0,83.259493
06053,Monterey,CA,8499623032,California,CA,Monterey,184.000000,180.000000,2.000000,439035.000000,62577.000000,True,metro,0,62.191149,0,62.191149,1,11.349528
06055,Napa,CA,1938032964,California,CA,Napa,72.000000,69.000000,3.000000,138019.000000,20324.000000,True,metro,0,22.179823,0,22.179823,0,21.629104
06057,Nevada,CA,2480587302,California,CA,Nevada,63.000000,64.000000,4.000000,102241.000000,49285.000000,True,nonmetro,0,48.768808,0,48.768808,0,48.768808
06059,Orange,CA,2053449483,California,CA,Orange,1409.000000,1387.000000,1.000000,3186989.000000,7962.000000,True,metro,14,5.011272,14,5.011272,30,3.536816
06061,Placer,CA,3644306224,California,CA,Placer,361.000000,336.000000,1.000000,404739.000000,59016.000000,True,metro,0,17.933722,0,17.933722,0,17.933722
06063,Plumas,CA,6612400772,California,CA,Plumas,,11.000000,9.000000,19790.000000,19790.000000,False,nonmetro,0,85.745973,0,85.745973,0,85.745973
06065,Riverside,CA,18671921166,California,CA,Riverside,1148.000000,1150.000000,1.000000,2418185.000000,132359.000000,True,metro,2,15.985433,2,15.985433,5,13.888052
06067,Sacramento,CA,2500040418,California,CA,Sacramento,936.000000,895.000000,1.000000,1585055.000000,38029.000000,True,metro,11,6.719919,11,6.719919,24,6.719919
06069,San Benito,CA,3596591085,California,CA,San Benito,29.000000,27.000000,1.000000,64209.000000,14598.000000,True,metro,0,57.738119,0,57.738119,0,18.364110
06071,San Bernardino,CA,51975908919,California,CA,San Bernardino,891.000000,909.000000,1.000000,2181654.000000,117405.000000,True,metro,5,12.535194,5,12.535194,12,6.689563
06073,San Diego,CA,10904455257,California,CA,San Diego,1618.000000,1677.000000,1.000000,3298634.000000,144963.000000,True,metro,14,9.887551,14,9.887551,39,5.090085
06075,San Francisco,CA,121507089,California,CA,San Francisco,433.000000,411.000000,1.000000,873965.000000,0.000000,True,metro,12,2.498768,12,2.498768,18,2.498768
06077,San Joaquin,CA,3606222502,California,CA,San Joaquin,380.000000,386.000000,2.000000,779233.000000,60401.000000,True,metro,1,8.685111,1,8.685111,1,8.685111
06079,San Luis Obispo,CA,8549172832,California,CA,San Luis Obispo,268.000000,264.000000,2.000000,282424.000000,53909.000000,True,metro,0,82.653813,0,82.653813,0,81.442294
06081,San Mateo,CA,1161922036,California,CA,San Mateo,358.000000,363.000000,1.000000,764442.000000,13035.000000,True,metro,2,4.127717,2,4.127717,7,4.127717
06083,Santa Barbara,CA,7080860393,California,CA,Santa Barbara,261.000000,266.000000,2.000000,448229.000000,24964.000000,True,metro,2,29.326050,2,29.326050,4,29.326050
06085,Santa Clara,CA,3343892719,California,CA,Santa Clara,724.000000,698.000000,1.000000,1936259.000000,25537.000000,True,metro,8,15.224551,8,15.224551,16,11.076548
06087,Santa Cruz,CA,1152823584,California,CA,Santa Cruz,138.000000,124.000000,2.000000,270861.000000,36006.000000,True,metro,0,33.127698,0,33.127698,0,23.513503
06089,Shasta,CA,9778551576,California,CA,Shasta,106.000000,107.000000,3.000000,182155.000000,61553.000000,True,metro,1,8.279806,1,8.279806,1,8.279806
06091,Sierra,CA,2468694582,California,CA,Sierra,,,8.000000,3236.000000,3196.000000,False,nonmetro,0,83.908122,0,83.908122,0,83.908122
06093,Siskiyou,CA,16261933231,California,CA,Siskiyou,32.000000,33.000000,7.000000,44076.000000,31256.000000,True,nonmetro,0,69.999529,0,69.999529,0,69.999529
06095,Solano,CA,2128527683,California,CA,Solano,306.000000,285.000000,2.000000,453491.000000,20209.000000,True,metro,0,24.645919,0,24.645919,0,19.178914
06097,Sonoma,CA,4080862341,California,CA,Sonoma,278.000000,257.000000,2.000000,488863.000000,66643.000000,True,metro,1,8.237835,1,8.237835,1,8.237835
06099,Stanislaus,CA,3874667294,California,CA,Stanislaus,263.000000,248.000000,2.000000,552878.000000,45173.000000,True,metro,1,6.916050,1,6.916050,2,6.916050
06101,Sutter,CA,1560975503,California,CA,Sutter,72.000000,66.000000,3.000000,99633.000000,15010.000000,True,metro,0,39.276050,0,39.276050,0,39.276050
06103,Tehama,CA,7638229340,California,CA,Tehama,39.000000,45.000000,4.000000,65829.000000,37544.000000,True,nonmetro,0,34.127802,0,34.127802,0,34.127802
06105,Trinity,CA,8234265080,California,CA,Trinity,,,8.000000,16112.000000,16112.000000,False,nonmetro,0,38.533703,0,38.533703,0,38.533703
06107,Tulare,CA,12493840855,California,CA,Tulare,190.000000,199.000000,2.000000,473117.000000,94889.000000,True,metro,0,45.796910,0,45.796910,0,41.558755
06109,Tuolumne,CA,5752133237,California,CA,Tuolumne,39.000000,35.000000,4.000000,55620.000000,26607.000000,True,nonmetro,0,43.522012,0,43.522012,0,43.522012
06111,Ventura,CA,4767622152,California,CA,Ventura,359.000000,373.000000,2.000000,843843.000000,28411.000000,True,metro,5,5.385140,5,5.385140,11,5.370104
06113,Yolo,CA,2628145869,California,CA,Yolo,104.000000,91.000000,1.000000,216403.000000,17416.000000,True,metro,0,12.867618,0,12.867618,0,12.867618
06115,Yuba,CA,1636887865,California,CA,Yuba,55.000000,50.000000,3.000000,81575.000000,24075.000000,True,metro,0,37.323711,0,37.323711,0,37.323711
08001,Adams,CO,3021830728,Colorado,CO,Adams,153.000000,159.000000,1.000000,519572.000000,20996.000000,True,metro,0,12.721360,0,12.721360,0,9.029367
08003,Alamosa,CO,1871643031,Colorado,CO,Alamosa,,,7.000000,16376.000000,5411.000000,False,nonmetro,0,109.634253,0,109.634253,0,109.634253
08005,Arapahoe,CO,2066446984,Colorado,CO,Arapahoe,215.000000,223.000000,1.000000,655070.000000,13518.000000,True,metro,8,5.285750,7,5.285750,18,5.279468
08007,Archuleta,CO,3496712164,Colorado,CO,Archuleta,,,7.000000,13359.000000,7727.000000,False,nonmetro,0,151.008907,0,151.008907,0,147.828848
08009,Baca,CO,6617400567,Colorado,CO,Baca,,,9.000000,3506.000000,3506.000000,False,nonmetro,0,152.779852,0,152.779852,0,152.779852
08011,Bent,CO,3918255148,Colorado,CO,Bent,,,9.000000,5650.000000,5650.000000,False,nonmetro,0,103.863079,0,103.863079,0,103.863079
08013,Boulder,CO,1881324131,Colorado,CO,Boulder,133.000000,131.000000,2.000000,330758.000000,31100.000000,True,metro,0,22.529023,0,22.529023,1,7.681247
08014,Broomfield,CO,85386686,Colorado,CO,Broomfield,22.000000,20.000000,1.000000,74112.000000,293.000000,True,metro,0,18.939551,0,18.939551,0,9.668648
08015,Chaffee,CO,2624715692,Colorado,CO,Chaffee,10.000000,11.000000,6.000000,19476.000000,8485.000000,True,nonmetro,0,69.758295,0,69.758295,0,69.758295
08017,Cheyenne,CO,4605713960,Colorado,CO,Cheyenne,,,9.000000,1748.000000,1748.000000,False,nonmetro,0,126.566853,0,126.566853,0,126.566853
08019,Clear Creek,CO,1023234052,Colorado,CO,Clear Creek,,,1.000000,9397.000000,9397.000000,False,metro,0,28.392894,0,28.392894,0,23.318124
08021,Conejos,CO,3334423895,Colorado,CO,Conejos,,,9.000000,7461.000000,7461.000000,False,nonmetro,0,129.551408,0,129.551408,0,129.551408
08023,Costilla,CO,3179452300,Colorado,CO,Costilla,,,9.000000,3499.000000,3499.000000,False,nonmetro,0,111.809277,0,111.809277,0,111.809277
08025,Crowley,CO,2039427872,Colorado,CO,Crowley,,,8.000000,5922.000000,5922.000000,False,nonmetro,0,68.437593,0,68.437593,0,68.437593
08027,Custer,CO,1913031975,Colorado,CO,Custer,,,8.000000,4704.000000,4704.000000,False,nonmetro,0,57.233631,0,57.233631,0,57.233631
08029,Delta,CO,2958090989,Colorado,CO,Delta,24.000000,24.000000,6.000000,31196.000000,23006.000000,True,nonmetro,0,164.988861,0,164.988861,0,39.507345
08031,Denver,CO,396463432,Colorado,CO,Denver,218.000000,223.000000,1.000000,715522.000000,104.000000,True,metro,0,5.140856,0,5.140856,1,3.031077
08033,Dolores,CO,2763958508,Colorado,CO,Dolores,,,9.000000,2326.000000,2326.000000,False,nonmetro,0,218.095396,0,218.095396,0,91.686307
08035,Douglas,CO,2176225539,Colorado,CO,Douglas,96.000000,85.000000,1.000000,357978.000000,32270.000000,True,metro,0,12.587502,0,12.587502,0,12.587502
08037,Eagle,CO,4362754513,Colorado,CO,Eagle,,,5.000000,55731.000000,10316.000000,False,nonmetro,0,91.571304,0,91.571304,0,79.381541
08039,Elbert,CO,4793643992,Colorado,CO,Elbert,,,1.000000,26062.000000,26062.000000,False,metro,0,28.193140,0,28.193140,0,28.193140
08041,El Paso,CO,5507391789,Colorado,CO,El Paso,291.000000,292.000000,2.000000,730395.000000,74869.000000,True,metro,1,8.039447,1,8.039447,3,8.039447
08043,Fremont,CO,3972705319,Colorado,CO,Fremont,27.000000,24.000000,4.000000,48939.000000,24202.000000,True,nonmetro,0,35.740087,0,35.740087,0,35.740087
08045,Garfield,CO,7633807267,Colorado,CO,Garfield,15.000000,13.000000,5.000000,61685.000000,19811.000000,True,nonmetro,0,135.167679,0,135.167679,0,62.331799
08047,Gilpin,CO,388556750,Colorado,CO,Gilpin,,,1.000000,5808.000000,5808.000000,False,metro,0,29.925121,0,29.925121,0,15.801899
08049,Grand,CO,4782255548,Colorado,CO,Grand,,,9.000000,15717.000000,10738.000000,False,nonmetro,0,53.262750,0,53.262750,0,38.077448
08051,Gunnison,CO,8389334153,Colorado,CO,Gunnison,,,7.000000,16918.000000,9690.000000,False,nonmetro,0,115.441039,0,115.441039,0,91.251495
08053,Hinsdale,CO,2893614472,Colorado,CO,Hinsdale,,,9.000000,788.000000,788.000000,False,nonmetro,0,145.888047,0,145.888047,0,99.775316
08055,Huerfano,CO,4120756290,Colorado,CO,Huerfano,,,8.000000,6820.000000,6820.000000,False,nonmetro,0,84.633798,0,84.633798,0,84.633798
08057,Jackson,CO,4179530231,Colorado,CO,Jackson,,,9.000000,1379.000000,1379.000000,False,nonmetro,0,67.191299,0,67.191299,0,67.191299
08059,Jefferson,CO,1979735379,Colorado,CO,Jefferson,237.000000,242.000000,1.000000,582910.000000,41669.000000,True,metro,0,10.622161,0,10.622161,3,4.642193
08061,Kiowa,CO,4578603586,Colorado,CO,Kiowa,,,9.000000,1446.000000,1446.000000,False,nonmetro,0,117.139399,0,117.139399,0,117.139399
08063,Kit Carson,CO,5596501950,Colorado,CO,Kit Carson,,,9.000000,7087.000000,7087.000000,False,nonmetro,0,129.618459,0,129.618459,0,129.618459
08065,Lake,CO,976215864,Colorado,CO,Lake,,,9.000000,7436.000000,2898.000000,False,nonmetro,0,73.444458,0,73.444458,0,72.704135
08067,La Plata,CO,4376255276,Colorado,CO,La Plata,22.000000,23.000000,6.000000,55638.000000,36524.000000,True,nonmetro,0,163.989886,0,163.989886,0,130.821974
08069,Larimer,CO,6723014102,Colorado,CO,Larimer,157.000000,162.000000,2.000000,359066.000000,36783.000000,True,metro,1,9.556501,1,9.556501,2,9.556501
08071,Las Animas,CO,12361852647,Colorado,CO,Las Animas,,,7.000000,14555.000000,6232.000000,False,nonmetro,0,115.079749,0,115.079749,0,115.079749
08073,Lincoln,CO,6676158658,Colorado,CO,Lincoln,,,8.000000,5675.000000,5675.000000,False,nonmetro,0,69.519245,0,69.519245,0,69.519245
08075,Logan,CO,4761947975,Colorado,CO,Logan,,,6.000000,21528.000000,9250.000000,False,nonmetro,0,100.692913,0,100.692913,0,100.692913
08077,Mesa,CO,8621348079,Colorado,CO,Mesa,113.000000,101.000000,3.000000,155703.000000,19730.000000,True,metro,0,191.455759,0,191.455759,2,5.268503
08079,Mineral,CO,2268209076,Colorado,CO,Mineral,,,9.000000,865.000000,865.000000,False,nonmetro,0,136.123661,0,136.123661,0,124.340492
08081,Moffat,CO,12284943821,Colorado,CO,Moffat,,,7.000000,13292.000000,3642.000000,False,nonmetro,0,133.733545,0,133.733545,0,112.247670
08083,Montezuma,CO,5255990018,Colorado,CO,Montezuma,10.000000,10.000000,6.000000,25849.000000,17221.000000,True,nonmetro,0,190.428049,0,190.428049,0,117.053191
08085,Montrose,CO,5804023554,Colorado,CO,Montrose,26.000000,27.000000,5.000000,42679.000000,18166.000000,True,nonmetro,0,169.125997,0,169.125997,0,53.299174
08087,Morgan,CO,3316441488,Colorado,CO,Morgan,14.000000,11.000000,6.000000,29111.000000,10070.000000,True,nonmetro,0,65.943859,0,65.943859,0,65.943859
08089,Otero,CO,3268424301,Colorado,CO,Otero,13.000000,12.000000,6.000000,18690.000000,10898.000000,True,nonmetro,0,84.439368,0,84.439368,0,84.439368
08091,Ouray,CO,1400332623,Colorado,CO,Ouray,,,9.000000,4874.000000,4874.000000,False,nonmetro,0,165.506878,0,165.506878,0,76.692866
08093,Park,CO,5681165604,Colorado,CO,Park,,,1.000000,17390.000000,17390.000000,False,metro,0,37.363871,0,37.363871,0,37.315411
08095,Phillips,CO,1781724976,Colorado,CO,Phillips,,,9.000000,4530.000000,4530.000000,False,nonmetro,0,141.779309,0,141.779309,0,141.779309
08097,Pitkin,CO,2514104905,Colorado,CO,Pitkin,,,7.000000,17358.000000,5722.000000,False,nonmetro,0,104.456755,0,104.456755,0,88.825062
08099,Prowers,CO,4243457240,Colorado,CO,Prowers,,,7.000000,11999.000000,4497.000000,False,nonmetro,0,133.480851,0,133.480851,0,133.480851
08101,Pueblo,CO,6181242644,Colorado,CO,Pueblo,84.000000,87.000000,3.000000,168162.000000,22107.000000,True,metro,0,40.618818,0,40.618818,0,40.618818
08103,Rio Blanco,CO,8342275014,Colorado,CO,Rio Blanco,,,9.000000,6529.000000,6529.000000,False,nonmetro,0,157.803175,0,157.803175,0,73.748423
08105,Rio Grande,CO,2361956083,Colorado,CO,Rio Grande,,,9.000000,11539.000000,11539.000000,False,nonmetro,0,114.569905,0,114.569905,0,114.569905
08107,Routt,CO,6117602800,Colorado,CO,Routt,,,7.000000,24829.000000,10374.000000,False,nonmetro,0,96.187822,0,96.187822,0,91.293708
08109,Saguache,CO,8206547699,Colorado,CO,Saguache,,,9.000000,6368.000000,6368.000000,False,nonmetro,0,89.810672,0,89.810672,0,89.810672
08111,San Juan,CO,1003660672,Colorado,CO,San Juan,,,9.000000,705.000000,705.000000,False,nonmetro,0,170.257031,0,170.257031,0,99.277748
08113,San Miguel,CO,3332602595,Colorado,CO,San Miguel,,,9.000000,8072.000000,3485.000000,False,nonmetro,0,180.112574,0,180.112574,0,82.430601
08115,Sedgwick,CO,1419419015,Colorado,CO,Sedgwick,,,9.000000,2404.000000,2404.000000,False,nonmetro,0,149.235146,0,149.235146,0,149.235146
08117,Summit,CO,1575563237,Colorado,CO,Summit,,,5.000000,31055.000000,5000.000000,False,nonmetro,0,55.614013,0,55.614013,0,51.335116
08119,Teller,CO,1442817270,Colorado,CO,Teller,13.000000,12.000000,2.000000,24710.000000,14846.000000,True,metro,0,19.866461,0,19.866461,0,19.866461
08121,Washington,CO,6521806795,Colorado,CO,Washington,,,9.000000,4817.000000,4817.000000,False,nonmetro,0,92.627844,0,92.627844,0,92.627844
08123,Weld,CO,10320950482,Colorado,CO,Weld,93.000000,81.000000,2.000000,328981.000000,65841.000000,True,metro,0,18.390753,0,18.390753,0,17.523595
08125,Yuma,CO,6123763559,Colorado,CO,Yuma,,,9.000000,9988.000000,9988.000000,False,nonmetro,0,126.834475,0,126.834475,0,126.834475
09001,Fairfield,CT,1618664029,Connecticut,CT,Fairfield,332.000000,321.000000,,957419.000000,53119.000000,True,unavailable,3,5.345957,2,8.085848,10,3.760055
09003,Hartford,CT,1903467948,Connecticut,CT,Hartford,372.000000,357.000000,,899498.000000,52000.000000,True,unavailable,4,7.138530,4,7.138530,9,7.138530
09005,Litchfield,CT,2384123146,Connecticut,CT,Litchfield,97.000000,91.000000,,185186.000000,84225.000000,True,unavailable,0,15.022639,0,15.955073,0,14.859980
09007,Middlesex,CT,956493753,Connecticut,CT,Middlesex,84.000000,79.000000,,164245.000000,47956.000000,True,unavailable,0,18.104012,0,18.104012,0,18.062514
09009,New Haven,CT,1565143226,Connecticut,CT,New Haven,410.000000,405.000000,,864835.000000,44580.000000,True,unavailable,11,5.560049,11,5.565840,17,5.560049
09011,New London,CT,1722511318,Connecticut,CT,New London,111.000000,119.000000,,268555.000000,79701.000000,True,unavailable,0,36.213440,0,36.213440,0,33.174140
09013,Tolland,CT,1062807467,Connecticut,CT,Tolland,58.000000,55.000000,,149788.000000,75321.000000,True,unavailable,0,16.681330,0,16.681330,0,16.681330
09015,Windham,CT,1328477629,Connecticut,CT,Windham,37.000000,43.000000,,116418.000000,58889.000000,True,unavailable,0,25.285033,0,25.285033,0,24.980892
10001,Kent,DE,1517891095,Delaware,DE,Kent,132.000000,120.000000,3.000000,181851.000000,48139.000000,True,metro,0,39.890393,0,39.890393,0,36.579629
10003,New Castle,DE,1104206946,Delaware,DE,New Castle,470.000000,441.000000,1.000000,570719.000000,34781.000000,True,metro,5,5.559777,4,5.559777,8,5.559777
10005,Sussex,DE,2424633517,Delaware,DE,Sussex,214.000000,198.000000,4.000000,237378.000000,89211.000000,True,nonmetro,0,66.627753,0,66.627753,0,27.251099
11001,District of Columbia,DC,158316124,Dist. of Columbia,DC,The District,280.000000,282.000000,1.000000,689545.000000,0.000000,True,metro,12,2.992384,12,3.176148,22,2.686029
12001,Alachua,FL,2267883140,Florida,FL,Alachua,156.000000,143.000000,2.000000,278468.000000,64720.000000,True,metro,4,6.261916,4,6.261916,9,6.261916
12003,Baker,FL,1515738972,Florida,FL,Baker,14.000000,14.000000,1.000000,28259.000000,17378.000000,True,metro,0,31.768112,0,31.768112,0,30.881794
12005,Bay,FL,1964874034,Florida,FL,Bay,107.000000,92.000000,3.000000,175216.000000,24897.000000,True,metro,0,71.974821,0,71.974821,0,71.974821
12007,Bradford,FL,761362121,Florida,FL,Bradford,20.000000,21.000000,6.000000,28303.000000,20024.000000,True,nonmetro,0,24.143559,0,24.143559,0,22.770097
12009,Brevard,FL,2628762626,Florida,FL,Brevard,552.000000,556.000000,2.000000,606612.000000,23539.000000,True,metro,0,45.885951,0,45.885951,0,42.915868
12011,Broward,FL,3115058072,Florida,FL,Broward,1597.000000,1540.000000,1.000000,1944375.000000,152.000000,True,metro,4,5.362104,3,6.099153,18,3.603131
12013,Calhoun,FL,1469394597,Florida,FL,Calhoun,,,8.000000,13648.000000,13648.000000,False,nonmetro,0,49.020074,0,49.020074,0,49.020074
12015,Charlotte,FL,1764089884,Florida,FL,Charlotte,161.000000,162.000000,3.000000,186847.000000,12145.000000,True,metro,1,6.700086,1,6.700086,3,6.700086
12017,Citrus,FL,1507161659,Florida,FL,Citrus,270.000000,264.000000,3.000000,153843.000000,38421.000000,True,metro,0,53.614422,0,53.614422,0,35.566686
12019,Clay,FL,1565935901,Florida,FL,Clay,132.000000,124.000000,1.000000,218245.000000,31483.000000,True,metro,0,17.970651,0,17.970651,2,7.423703
12021,Collier,FL,5172076456,Florida,FL,Collier,451.000000,474.000000,2.000000,375752.000000,43673.000000,True,metro,2,10.229082,2,10.229082,4,10.143330
12023,Columbia,FL,2065648312,Florida,FL,Columbia,64.000000,55.000000,4.000000,69698.000000,44364.000000,True,nonmetro,0,38.732068,0,38.732068,0,38.732068
12027,DeSoto,FL,1649031791,Florida,FL,DeSoto,23.000000,17.000000,6.000000,33976.000000,16634.000000,True,nonmetro,0,20.049815,0,20.049815,0,20.049815
12029,Dixie,FL,1826029565,Florida,FL,Dixie,13.000000,11.000000,8.000000,16759.000000,16759.000000,True,nonmetro,0,44.277934,0,44.277934,0,44.277934
12031,Duval,FL,1975244256,Florida,FL,Duval,596.000000,584.000000,1.000000,995567.000000,26390.000000,True,metro,22,8.682793,22,8.682793,44,7.224899
12033,Escambia,FL,1701603649,Florida,FL,Escambia,236.000000,221.000000,2.000000,321905.000000,24549.000000,True,metro,3,7.838458,3,7.838458,6,7.838458
12035,Flagler,FL,1259255278,Florida,FL,Flagler,118.000000,119.000000,2.000000,115378.000000,8830.000000,True,metro,0,24.601000,0,24.601000,0,22.495708
12037,Franklin,FL,1411498965,Florida,FL,Franklin,,,8.000000,12451.000000,12451.000000,False,nonmetro,0,55.440904,0,55.440904,0,55.440904
12039,Gadsden,FL,1337405283,Florida,FL,Gadsden,38.000000,35.000000,2.000000,43826.000000,35285.000000,True,metro,0,20.962269,0,20.962269,0,20.962269
12041,Gilchrist,FL,905705571,Florida,FL,Gilchrist,13.000000,14.000000,2.000000,17864.000000,17864.000000,True,metro,0,29.795465,0,29.795465,0,29.795465
12043,Glades,FL,2089659345,Florida,FL,Glades,,,8.000000,12126.000000,10027.000000,False,nonmetro,0,48.622478,0,48.622478,0,39.977413
12045,Gulf,FL,1433437353,Florida,FL,Gulf,,,8.000000,14192.000000,14192.000000,False,nonmetro,0,67.740945,0,67.740945,0,67.740945
12047,Hamilton,FL,1332018549,Florida,FL,Hamilton,12.000000,10.000000,8.000000,14004.000000,14004.000000,True,nonmetro,0,59.708418,0,59.708418,0,59.708418
12049,Hardee,FL,1651297014,Florida,FL,Hardee,30.000000,33.000000,6.000000,25327.000000,15537.000000,True,nonmetro,0,33.249978,0,33.249978,0,33.041870
12051,Hendry,FL,2993896403,Florida,FL,Hendry,18.000000,20.000000,4.000000,39619.000000,14263.000000,True,nonmetro,0,44.467935,0,44.512192,0,34.592814
12053,Hernando,FL,1224975810,Florida,FL,Hernando,133.000000,135.000000,1.000000,194515.000000,39016.000000,True,metro,0,38.861970,0,38.861970,0,32.943565
12055,Highlands,FL,2635726544,Florida,FL,Highlands,175.000000,166.000000,3.000000,101235.000000,20122.000000,True,metro,0,41.179274,0,41.179274,0,41.179274
12057,Hillsborough,FL,2646680847,Florida,FL,Hillsborough,630.000000,605.000000,1.000000,1459762.000000,53607.000000,True,metro,13,7.777892,13,7.777892,27,5.104276
12059,Holmes,FL,1240232910,Florida,FL,Holmes,15.000000,13.000000,8.000000,19653.000000,19653.000000,True,nonmetro,0,34.219978,0,34.219978,0,34.219978
12061,Indian River,FL,1302272805,Florida,FL,Indian River,311.000000,277.000000,3.000000,159788.000000,11573.000000,True,metro,0,26.807937,0,26.807937,0,26.807937
12063,Jackson,FL,2378091733,Florida,FL,Jackson,35.000000,30.000000,6.000000,47319.000000,41759.000000,True,nonmetro,0,32.255391,0,32.255391,0,32.255391
12065,Jefferson,FL,1549018611,Florida,FL,Jefferson,12.000000,10.000000,2.000000,14510.000000,14510.000000,True,metro,0,20.817959,0,20.817959,0,20.817959
12067,Lafayette,FL,1407256302,Florida,FL,Lafayette,,,9.000000,8226.000000,8226.000000,False,nonmetro,0,57.027762,0,57.027762,0,57.027762
12069,Lake,FL,2464507354,Florida,FL,Lake,341.000000,341.000000,1.000000,383956.000000,68850.000000,True,metro,0,27.654252,0,27.654252,1,13.225070
12071,Lee,FL,2022803068,Florida,FL,Lee,458.000000,438.000000,2.000000,760822.000000,29885.000000,True,metro,0,26.110383,0,26.110383,1,9.080718
12073,Leon,FL,1731224399,Florida,FL,Leon,115.000000,112.000000,2.000000,292198.000000,39264.000000,True,metro,1,5.039928,1,5.039928,2,5.039928
12075,Levy,FL,2896183121,Florida,FL,Levy,32.000000,33.000000,2.000000,42915.000000,42915.000000,True,metro,0,29.627898,0,29.627898,0,29.627898
12077,Liberty,FL,2164099094,Florida,FL,Liberty,,,8.000000,7974.000000,7974.000000,False,nonmetro,0,37.649324,0,37.649324,0,37.649324
12079,Madison,FL,1804001483,Florida,FL,Madison,17.000000,19.000000,8.000000,17968.000000,17968.000000,True,nonmetro,0,41.710013,0,41.710013,0,41.710013
12081,Manatee,FL,1923744062,Florida,FL,Manatee,288.000000,275.000000,2.000000,399710.000000,18752.000000,True,metro,0,11.167708,0,11.167708,4,5.781725
12083,Marion,FL,4113993941,Florida,FL,Marion,182.000000,183.000000,2.000000,375908.000000,110311.000000,True,metro,0,37.950989,0,37.950989,0,25.882550
12085,Martin,FL,1408491293,Florida,FL,Martin,266.000000,245.000000,2.000000,158431.000000,11601.000000,True,metro,0,12.731490,0,12.731490,0,12.236669
12086,Miami-Dade,FL,4920728991,Florida,FL,Miami-Dade,1952.000000,2014.000000,1.000000,2701767.000000,23331.000000,True,metro,16,4.929489,16,4.929489,42,4.200040
12087,Monroe,FL,2546067521,Florida,FL,Monroe,45.000000,40.000000,4.000000,82874.000000,10867.000000,True,nonmetro,0,80.921002,0,80.921002,0,80.921002
12089,Nassau,FL,1680075562,Florida,FL,Nassau,63.000000,62.000000,1.000000,90352.000000,39547.000000,True,metro,0,21.876985,0,21.876985,0,21.876985
12091,Okaloosa,FL,2409192557,Florida,FL,Okaloosa,117.000000,108.000000,2.000000,211668.000000,22524.000000,True,metro,0,38.576501,0,38.576501,0,38.576501
12093,Okeechobee,FL,1992126184,Florida,FL,Okeechobee,27.000000,30.000000,4.000000,39644.000000,14449.000000,True,nonmetro,0,29.632074,0,29.632074,0,29.632074
12095,Orange,FL,2336230360,Florida,FL,Orange,710.000000,728.000000,1.000000,1429908.000000,33570.000000,True,metro,4,8.082279,4,8.082279,14,7.579915
12097,Osceola,FL,3438328928,Florida,FL,Osceola,228.000000,216.000000,1.000000,388656.000000,24507.000000,True,metro,0,18.643596,0,18.643596,0,18.643596
12099,Palm Beach,FL,5087510105,Florida,FL,Palm Beach,1488.000000,1364.000000,1.000000,1492191.000000,12666.000000,True,metro,8,5.491876,8,5.491876,18,4.338223
12101,Pasco,FL,1933733392,Florida,FL,Pasco,386.000000,366.000000,1.000000,561891.000000,40708.000000,True,metro,0,21.853881,0,21.853881,0,17.660123
12103,Pinellas,FL,708892951,Florida,FL,Pinellas,635.000000,642.000000,1.000000,959107.000000,1827.000000,True,metro,3,9.507481,3,9.507481,15,4.076535
12105,Polk,FL,4656186394,Florida,FL,Polk,582.000000,593.000000,2.000000,725046.000000,78919.000000,True,metro,1,12.219301,1,12.219301,2,8.310765
12107,Putnam,FL,1886452945,Florida,FL,Putnam,62.000000,56.000000,4.000000,73321.000000,53289.000000,True,nonmetro,0,27.738623,0,27.738623,0,27.003747
12109,St. Johns,FL,1555661651,Florida,FL,St. Johns,143.000000,138.000000,1.000000,273425.000000,40448.000000,True,metro,1,11.727217,1,11.727217,4,7.188412
12111,St. Lucie,FL,1480593673,Florida,FL,St. Lucie,428.000000,406.000000,2.000000,329226.000000,11647.000000,True,metro,1,5.822684,1,5.822684,2,5.822684
12113,Santa Rosa,FL,2622106399,Florida,FL,Santa Rosa,107.000000,103.000000,2.000000,188000.000000,37417.000000,True,metro,0,16.894632,0,16.894632,0,16.894632
12115,Sarasota,FL,1440039085,Florida,FL,Sarasota,349.000000,342.000000,2.000000,434006.000000,10462.000000,True,metro,6,8.893001,6,8.893001,14,8.893001
12117,Seminole,FL,801286912,Florida,FL,Seminole,337.000000,342.000000,1.000000,470856.000000,15277.000000,True,metro,0,8.739652,0,8.739652,4,3.183690
12119,Sumter,FL,1442967719,Florida,FL,Sumter,137.000000,125.000000,3.000000,129752.000000,27997.000000,True,metro,0,44.565173,0,44.565173,0,11.114170
12121,Suwannee,FL,1783430092,Florida,FL,Suwannee,42.000000,36.000000,6.000000,43474.000000,36806.000000,True,nonmetro,0,55.132464,0,55.132464,0,55.132464
12123,Taylor,FL,2702224058,Florida,FL,Taylor,12.000000,14.000000,6.000000,21796.000000,15265.000000,True,nonmetro,0,48.986149,0,48.986149,0,48.986149
12125,Union,FL,630804540,Florida,FL,Union,14.000000,11.000000,8.000000,16147.000000,16147.000000,True,nonmetro,0,25.618696,0,25.618696,0,25.579980
12127,Volusia,FL,2852384800,Florida,FL,Volusia,580.000000,539.000000,2.000000,553543.000000,47256.000000,True,metro,1,13.094355,1,13.094355,4,6.214705
12129,Wakulla,FL,1570615734,Florida,FL,Wakulla,18.000000,22.000000,2.000000,33764.000000,23640.000000,True,metro,0,18.066043,0,18.066043,0,18.066043
12131,Walton,FL,2689165614,Florida,FL,Walton,36.000000,36.000000,2.000000,75305.000000,42282.000000,True,metro,0,52.697134,0,52.697134,0,52.697134
12133,Washington,FL,1514305979,Florida,FL,Washington,20.000000,20.000000,3.000000,25318.000000,25318.000000,True,metro,0,42.223696,0,42.223696,0,42.223696
13001,Appling,GA,1316424660,Georgia,GA,Appling,,10.000000,7.000000,18444.000000,13090.000000,False,nonmetro,0,94.417882,0,94.417882,0,75.936249
13003,Atkinson,GA,887636774,Georgia,GA,Atkinson,,,9.000000,8286.000000,8286.000000,False,nonmetro,0,73.216840,0,73.216840,0,73.216840
13005,Bacon,GA,735770219,Georgia,GA,Bacon,,,9.000000,11140.000000,11140.000000,False,nonmetro,0,96.275844,0,96.275844,0,88.386711
13007,Baker,GA,885665381,Georgia,GA,Baker,,,8.000000,2876.000000,2876.000000,False,nonmetro,0,42.590077,0,42.590077,0,42.590077
13009,Baldwin,GA,670025212,Georgia,GA,Baldwin,22.000000,27.000000,4.000000,43799.000000,21358.000000,True,nonmetro,0,39.453971,0,39.453971,0,28.362854
13011,Banks,GA,602473940,Georgia,GA,Banks,,,8.000000,18035.000000,17238.000000,False,nonmetro,0,45.253737,0,45.253737,0,18.968392
13013,Barrow,GA,417082919,Georgia,GA,Barrow,37.000000,41.000000,1.000000,83505.000000,27528.000000,True,metro,0,27.190682,0,27.190682,0,15.430748
13015,Bartow,GA,1188568883,Georgia,GA,Bartow,53.000000,53.000000,1.000000,108901.000000,42941.000000,True,metro,0,24.184296,0,24.184296,0,13.539891
13017,Ben Hill,GA,647802123,Georgia,GA,Ben Hill,13.000000,15.000000,7.000000,17194.000000,5913.000000,True,nonmetro,0,65.298564,0,65.298564,0,65.298564
13019,Berrien,GA,1174239566,Georgia,GA,Berrien,13.000000,13.000000,8.000000,18160.000000,13316.000000,True,nonmetro,0,51.566305,0,51.566305,0,51.566305
13021,Bibb,GA,645898113,Georgia,GA,Bibb,92.000000,83.000000,3.000000,157346.000000,22163.000000,True,metro,0,15.928698,0,15.928698,3,5.123304
13023,Bleckley,GA,559106468,Georgia,GA,Bleckley,,10.000000,6.000000,12583.000000,6424.000000,False,nonmetro,0,22.797703,0,22.797703,0,22.797703
13025,Brantley,GA,1147972258,Georgia,GA,Brantley,10.000000,12.000000,3.000000,18021.000000,17899.000000,True,metro,0,64.569460,0,64.569460,0,64.569460
13027,Brooks,GA,1277341275,Georgia,GA,Brooks,,,3.000000,16301.000000,16301.000000,False,metro,0,26.465712,0,26.465712,0,26.465712
13029,Bryan,GA,1133280746,Georgia,GA,Bryan,18.000000,18.000000,2.000000,44738.000000,20929.000000,True,metro,0,98.642277,0,98.642277,0,19.677219
13031,Bulloch,GA,1750735216,Georgia,GA,Bulloch,28.000000,30.000000,4.000000,81099.000000,36611.000000,True,nonmetro,0,74.078348,0,74.078348,0,45.123569
13033,Burke,GA,2142015889,Georgia,GA,Burke,17.000000,17.000000,2.000000,24596.000000,18493.000000,True,metro,0,26.564331,0,26.564331,0,26.564331
13035,Butts,GA,475754793,Georgia,GA,Butts,17.000000,17.000000,1.000000,25434.000000,19737.000000,True,metro,0,38.282888,0,38.282888,0,30.023602
13037,Calhoun,GA,726191502,Georgia,GA,Calhoun,,,8.000000,5573.000000,5573.000000,False,nonmetro,0,47.774055,0,47.774055,0,47.774055
13039,Camden,GA,1632622505,Georgia,GA,Camden,16.000000,15.000000,4.000000,54768.000000,16201.000000,True,nonmetro,0,33.427092,0,33.427092,0,33.427092
13043,Candler,GA,629520841,Georgia,GA,Candler,,,9.000000,10981.000000,10981.000000,False,nonmetro,0,74.266555,0,74.266555,0,60.257426
13045,Carroll,GA,1292752874,Georgia,GA,Carroll,62.000000,66.000000,1.000000,119148.000000,64796.000000,True,metro,0,36.435721,0,36.435721,0,19.734160
13047,Catoosa,GA,419998923,Georgia,GA,Catoosa,37.000000,43.000000,2.000000,67872.000000,16101.000000,True,metro,0,11.472994,0,11.472994,0,11.472994
13049,Charlton,GA,2020415648,Georgia,GA,Charlton,,,8.000000,12518.000000,12518.000000,False,nonmetro,0,39.104909,0,39.104909,0,39.104909
13051,Chatham,GA,1121772804,Georgia,GA,Chatham,160.000000,152.000000,2.000000,295291.000000,8908.000000,True,metro,0,86.760023,0,86.760023,2,6.787524
13053,Chattahoochee,GA,644225830,Georgia,GA,Chattahoochee,,,2.000000,9565.000000,3834.000000,False,metro,0,70.571190,0,70.571190,0,70.571190
13055,Chattooga,GA,811512398,Georgia,GA,Chattooga,18.000000,14.000000,6.000000,24965.000000,14738.000000,True,nonmetro,0,38.159493,0,38.159493,0,38.159493
13057,Cherokee,GA,1090597331,Georgia,GA,Cherokee,100.000000,101.000000,1.000000,266620.000000,48786.000000,True,metro,0,15.097346,0,15.097346,2,4.301122
13059,Clarke,GA,308784927,Georgia,GA,Clarke,50.000000,51.000000,3.000000,128671.000000,7623.000000,True,metro,0,47.161163,0,47.161163,0,34.352609
13061,Clay,GA,506093894,Georgia,GA,Clay,,,9.000000,2848.000000,2848.000000,False,nonmetro,0,36.060836,0,36.060836,0,36.060836
13063,Clayton,GA,366879097,Georgia,GA,Clayton,122.000000,120.000000,1.000000,297595.000000,1562.000000,True,metro,0,14.034340,0,14.034340,0,8.879670
13065,Clinch,GA,2110829175,Georgia,GA,Clinch,,,8.000000,6749.000000,6749.000000,False,nonmetro,0,74.330634,0,74.330634,0,74.330634
13067,Cobb,GA,880026860,Georgia,GA,Cobb,353.000000,351.000000,1.000000,766149.000000,40.000000,True,metro,4,6.802712,4,6.802712,9,5.556805
13069,Coffee,GA,1533972030,Georgia,GA,Coffee,21.000000,20.000000,7.000000,43092.000000,28834.000000,True,nonmetro,0,81.738374,0,81.738374,0,81.738374
13071,Colquitt,GA,1416818773,Georgia,GA,Colquitt,33.000000,32.000000,6.000000,45898.000000,26681.000000,True,nonmetro,0,27.178747,0,27.178747,0,27.178747
13073,Columbia,GA,751591130,Georgia,GA,Columbia,59.000000,52.000000,2.000000,156010.000000,23319.000000,True,metro,0,12.415164,0,12.415164,0,12.415164
13075,Cook,GA,591684405,Georgia,GA,Cook,12.000000,13.000000,6.000000,17229.000000,10195.000000,True,nonmetro,0,39.448414,0,39.448414,0,39.448414
13077,Coweta,GA,1142364907,Georgia,GA,Coweta,58.000000,58.000000,1.000000,146158.000000,65614.000000,True,metro,0,32.824859,0,32.824859,0,17.453699
13079,Crawford,GA,841524044,Georgia,GA,Crawford,,,3.000000,12130.000000,12130.000000,False,metro,0,18.969179,0,18.969179,0,18.747883
13081,Crisp,GA,706236802,Georgia,GA,Crisp,15.000000,15.000000,6.000000,20128.000000,9197.000000,True,nonmetro,0,46.950435,0,46.950435,0,46.950435
13083,Dade,GA,450584680,Georgia,GA,Dade,,11.000000,2.000000,16251.000000,15371.000000,False,metro,0,15.784635,0,15.784635,0,15.784635
13085,Dawson,GA,546042258,Georgia,GA,Dawson,14.000000,,1.000000,26798.000000,18598.000000,True,metro,0,26.672827,0,26.672827,0,16.670737
13087,Decatur,GA,1546842840,Georgia,GA,Decatur,18.000000,20.000000,6.000000,29367.000000,15510.000000,True,nonmetro,0,34.436928,0,34.436928,0,34.436928
13089,DeKalb,GA,693443933,Georgia,GA,DeKalb,281.000000,288.000000,1.000000,764382.000000,1207.000000,True,metro,3,6.391803,3,6.391803,4,5.348778
13091,Dodge,GA,1284538002,Georgia,GA,Dodge,,10.000000,7.000000,19925.000000,13705.000000,False,nonmetro,0,38.643413,0,38.643413,0,38.643413
13093,Dooly,GA,1016908646,Georgia,GA,Dooly,,,8.000000,11208.000000,11208.000000,False,nonmetro,0,32.176871,0,32.176871,0,32.176871
13095,Dougherty,GA,851183381,Georgia,GA,Dougherty,57.000000,56.000000,3.000000,85790.000000,12311.000000,True,metro,0,52.308714,0,52.308714,0,52.308714
13097,Douglas,GA,518355012,Georgia,GA,Douglas,74.000000,76.000000,1.000000,144237.000000,22322.000000,True,metro,0,18.799467,0,18.799467,1,4.860110
13099,Early,GA,1327626625,Georgia,GA,Early,,,8.000000,10854.000000,10854.000000,False,nonmetro,0,29.288863,0,29.288863,0,29.288863
13101,Echols,GA,1088849471,Georgia,GA,Echols,,,3.000000,3697.000000,3697.000000,False,metro,0,55.799212,0,55.799212,0,55.799212
13103,Effingham,GA,1240161595,Georgia,GA,Effingham,29.000000,27.000000,2.000000,64769.000000,48066.000000,True,metro,0,85.619350,0,85.619350,0,18.866034
13105,Elbert,GA,909352136,Georgia,GA,Elbert,16.000000,17.000000,6.000000,19637.000000,13937.000000,True,nonmetro,0,29.463298,0,29.463298,0,29.463298
13107,Emanuel,GA,1762679431,Georgia,GA,Emanuel,16.000000,18.000000,7.000000,22768.000000,15517.000000,True,nonmetro,0,63.892932,0,63.892932,0,63.635051
13109,Evans,GA,473694905,Georgia,GA,Evans,,,8.000000,10774.000000,10774.000000,False,nonmetro,0,90.073119,0,90.073119,0,47.614735
13111,Fannin,GA,1002597521,Georgia,GA,Fannin,22.000000,22.000000,8.000000,25319.000000,25319.000000,True,nonmetro,0,55.779111,0,55.779111,0,47.022955
13113,Fayette,GA,503907543,Georgia,GA,Fayette,61.000000,54.000000,1.000000,119194.000000,21612.000000,True,metro,0,23.553870,0,23.553870,1,5.569907
13115,Floyd,GA,1320404595,Georgia,GA,Floyd,55.000000,61.000000,3.000000,98584.000000,38181.000000,True,metro,0,42.013399,0,42.013399,0,32.033858
13117,Forsyth,GA,581757645,Georgia,GA,Forsyth,80.000000,84.000000,1.000000,251283.000000,19446.000000,True,metro,0,11.976231,0,11.976231,0,10.727020
13119,Franklin,GA,676893233,Georgia,GA,Franklin,15.000000,14.000000,8.000000,23424.000000,23424.000000,True,nonmetro,0,32.125867,0,32.125867,0,29.851937
13121,Fulton,GA,1364133162,Georgia,GA,Fulton,438.000000,437.000000,1.000000,1066710.000000,6745.000000,True,metro,39,6.879126,37,6.879126,58,6.209125
13123,Gilmer,GA,1103886631,Georgia,GA,Gilmer,14.000000,15.000000,6.000000,31353.000000,24615.000000,True,nonmetro,0,46.990041,0,46.990041,0,30.527282
13125,Glascock,GA,372299245,Georgia,GA,Glascock,,,9.000000,2884.000000,2884.000000,False,nonmetro,0,40.055673,0,40.055673,0,40.055673
13127,Glynn,GA,1086851231,Georgia,GA,Glynn,49.000000,51.000000,3.000000,84499.000000,15749.000000,True,metro,0,61.105573,0,61.105573,0,60.099154
13129,Gordon,GA,923182601,Georgia,GA,Gordon,27.000000,26.000000,4.000000,57544.000000,34478.000000,True,nonmetro,0,41.042566,0,41.042566,0,30.000865
13131,Grady,GA,1177051414,Georgia,GA,Grady,16.000000,16.000000,6.000000,26236.000000,15890.000000,True,nonmetro,0,14.876286,0,14.876286,0,14.876286
13133,Greene,GA,1003664492,Georgia,GA,Greene,17.000000,14.000000,8.000000,18915.000000,18915.000000,True,nonmetro,0,63.729807,0,63.729807,0,51.776092
13135,Gwinnett,GA,1115653877,Georgia,GA,Gwinnett,296.000000,277.000000,1.000000,957062.000000,4525.000000,True,metro,0,11.534930,0,11.534930,1,6.067108
13137,Habersham,GA,717083984,Georgia,GA,Habersham,25.000000,25.000000,6.000000,46031.000000,27312.000000,True,nonmetro,0,48.838239,0,48.838239,0,24.706275
13139,Hall,GA,1017833590,Georgia,GA,Hall,89.000000,89.000000,3.000000,203136.000000,52710.000000,True,metro,0,26.439082,0,26.439082,2,6.727707
13141,Hancock,GA,1220057418,Georgia,GA,Hancock,,,9.000000,8735.000000,8735.000000,False,nonmetro,0,55.571756,0,55.571756,0,45.881405
13143,Haralson,GA,730804593,Georgia,GA,Haralson,18.000000,18.000000,1.000000,29919.000000,22637.000000,True,metro,0,38.911985,0,38.911985,0,25.345737
13145,Harris,GA,1201240346,Georgia,GA,Harris,16.000000,14.000000,2.000000,34668.000000,33694.000000,True,metro,0,62.681867,0,62.681867,0,56.924858
13147,Hart,GA,601970613,Georgia,GA,Hart,17.000000,15.000000,6.000000,25828.000000,19865.000000,True,nonmetro,0,20.943618,0,20.943618,0,20.943618
13149,Heard,GA,766567357,Georgia,GA,Heard,,,1.000000,11412.000000,11412.000000,False,metro,0,49.971774,0,49.971774,0,37.223194
13151,Henry,GA,825449018,Georgia,GA,Henry,114.000000,103.000000,1.000000,240712.000000,45304.000000,True,metro,0,22.379739,0,22.379739,0,16.502625
13153,Houston,GA,973954137,Georgia,GA,Houston,66.000000,64.000000,3.000000,163633.000000,14690.000000,True,metro,1,5.281702,1,5.281702,1,5.281702
13155,Irwin,GA,917795237,Georgia,GA,Irwin,,,9.000000,9666.000000,9666.000000,False,nonmetro,0,67.373554,0,67.373554,0,67.373554
13157,Jackson,GA,879711015,Georgia,GA,Jackson,38.000000,35.000000,4.000000,75907.000000,47684.000000,True,nonmetro,0,35.174652,0,35.174652,0,18.231362
13159,Jasper,GA,954167636,Georgia,GA,Jasper,,11.000000,1.000000,14588.000000,14588.000000,False,metro,0,42.670338,0,42.670338,0,35.907705
13161,Jeff Davis,GA,857075892,Georgia,GA,Jeff Davis,,,9.000000,14779.000000,9862.000000,False,nonmetro,0,80.176781,0,80.176781,0,80.176781
13163,Jefferson,GA,1363771357,Georgia,GA,Jefferson,15.000000,15.000000,8.000000,15709.000000,15709.000000,True,nonmetro,0,37.820492,0,37.820492,0,37.820492
13165,Jenkins,GA,899569112,Georgia,GA,Jenkins,,,9.000000,8674.000000,8674.000000,False,nonmetro,0,47.121821,0,47.121821,0,47.121821
13167,Johnson,GA,784815230,Georgia,GA,Johnson,,,9.000000,9189.000000,9189.000000,False,nonmetro,0,55.199992,0,55.199992,0,55.199992
13169,Jones,GA,1020304152,Georgia,GA,Jones,14.000000,17.000000,3.000000,28347.000000,23645.000000,True,metro,0,24.489366,0,24.489366,0,10.215033
13171,Lamar,GA,475264404,Georgia,GA,Lamar,13.000000,11.000000,6.000000,18500.000000,11675.000000,True,nonmetro,0,42.991003,0,42.991003,0,29.971862
13173,Lanier,GA,509030778,Georgia,GA,Lanier,,,3.000000,9877.000000,9877.000000,False,metro,0,54.036213,0,54.036213,0,54.036213
13175,Laurens,GA,2090990042,Georgia,GA,Laurens,29.000000,27.000000,4.000000,49570.000000,28728.000000,True,nonmetro,0,41.724219,0,41.724219,0,41.724219
13177,Lee,GA,921731096,Georgia,GA,Lee,13.000000,12.000000,3.000000,33163.000000,20682.000000,True,metro,0,59.023963,0,59.023963,0,59.023963
13179,Liberty,GA,1337654102,Georgia,GA,Liberty,19.000000,18.000000,3.000000,65256.000000,15344.000000,True,metro,0,103.634281,0,103.634281,0,33.352359
13181,Lincoln,GA,544884775,Georgia,GA,Lincoln,,,2.000000,7690.000000,7690.000000,False,metro,0,34.514296,0,34.514296,0,34.514296
13183,Long,GA,1037006567,Georgia,GA,Long,,,3.000000,16168.000000,12973.000000,False,metro,0,99.913738,0,99.913738,0,42.971644
13185,Lowndes,GA,1287842038,Georgia,GA,Lowndes,47.000000,48.000000,3.000000,118251.000000,41482.000000,True,metro,0,41.732593,0,41.732593,0,41.732593
13187,Lumpkin,GA,732820607,Georgia,GA,Lumpkin,22.000000,20.000000,1.000000,33488.000000,26980.000000,True,metro,0,36.440657,0,36.440657,0,18.549710
13189,McDuffie,GA,666590014,Georgia,GA,McDuffie,17.000000,15.000000,2.000000,21632.000000,12844.000000,True,metro,0,28.654588,0,28.654588,0,28.654588
13191,McIntosh,GA,1117201986,Georgia,GA,McIntosh,12.000000,,3.000000,10975.000000,10975.000000,True,metro,0,80.722346,0,80.722346,0,45.459136
13193,Macon,GA,1037709945,Georgia,GA,Macon,,,8.000000,12082.000000,12082.000000,False,nonmetro,0,31.565467,0,31.565467,0,31.565467
13195,Madison,GA,731214552,Georgia,GA,Madison,14.000000,15.000000,3.000000,30120.000000,27306.000000,True,metro,0,43.814747,0,43.814747,0,35.387859
13197,Marion,GA,947209658,Georgia,GA,Marion,,,2.000000,7498.000000,7498.000000,False,metro,0,55.016672,0,55.016672,0,55.016672
13199,Meriwether,GA,1297342106,Georgia,GA,Meriwether,23.000000,19.000000,1.000000,20613.000000,20613.000000,True,metro,0,52.925063,0,52.925063,0,32.946745
13201,Miller,GA,731471756,Georgia,GA,Miller,,,9.000000,6000.000000,6000.000000,False,nonmetro,0,38.840284,0,38.840284,0,38.840284
13205,Mitchell,GA,1326483085,Georgia,GA,Mitchell,16.000000,17.000000,6.000000,21755.000000,16485.000000,True,nonmetro,0,29.067296,0,29.067296,0,29.067296
13207,Monroe,GA,1025872448,Georgia,GA,Monroe,18.000000,14.000000,3.000000,27957.000000,22879.000000,True,metro,0,33.582344,0,33.582344,0,21.338219
13209,Montgomery,GA,624563058,Georgia,GA,Montgomery,,,9.000000,8610.000000,8499.000000,False,nonmetro,0,71.089024,0,71.089024,0,71.089024
13211,Morgan,GA,899791096,Georgia,GA,Morgan,12.000000,10.000000,1.000000,20097.000000,15388.000000,True,metro,0,48.207285,0,48.207285,0,38.097945
13213,Murray,GA,892235145,Georgia,GA,Murray,19.000000,21.000000,3.000000,39973.000000,27165.000000,True,metro,0,34.908306,0,34.908306,0,34.601909
13215,Muscogee,GA,560718761,Georgia,GA,Muscogee,126.000000,122.000000,2.000000,206922.000000,7773.000000,True,metro,0,67.098707,0,67.098707,0,66.896339
13217,Newton,GA,709148422,Georgia,GA,Newton,59.000000,60.000000,1.000000,112483.000000,38216.000000,True,metro,0,27.148302,0,27.148302,0,25.941538
13219,Oconee,GA,477443088,Georgia,GA,Oconee,15.000000,15.000000,3.000000,41799.000000,22607.000000,True,metro,0,43.439227,0,43.439227,0,30.619283
13221,Oglethorpe,GA,1137165335,Georgia,GA,Oglethorpe,,,3.000000,14825.000000,14825.000000,False,metro,0,49.610101,0,49.610101,0,45.162878
13223,Paulding,GA,808983871,Georgia,GA,Paulding,78.000000,77.000000,1.000000,168661.000000,34541.000000,True,metro,0,16.317432,0,16.317432,0,9.097069
13225,Peach,GA,389234765,Georgia,GA,Peach,19.000000,21.000000,3.000000,27981.000000,11204.000000,True,metro,0,11.960694,0,11.960694,0,11.960694
13227,Pickens,GA,601031041,Georgia,GA,Pickens,20.000000,20.000000,1.000000,33216.000000,26832.000000,True,metro,0,32.509701,0,32.509701,0,16.234033
13229,Pierce,GA,881777233,Georgia,GA,Pierce,14.000000,12.000000,8.000000,19716.000000,19463.000000,True,nonmetro,0,76.301203,0,76.301203,0,76.039258
13231,Pike,GA,559660500,Georgia,GA,Pike,14.000000,13.000000,1.000000,18889.000000,18836.000000,True,metro,0,44.659824,0,44.659824,0,24.550353
13233,Polk,GA,803767094,Georgia,GA,Polk,30.000000,30.000000,4.000000,42853.000000,22277.000000,True,nonmetro,0,36.070415,0,36.070415,0,28.641902
13235,Pulaski,GA,645583957,Georgia,GA,Pulaski,,,8.000000,9855.000000,9855.000000,False,nonmetro,0,25.267934,0,25.267934,0,25.267934
13237,Putnam,GA,892721731,Georgia,GA,Putnam,13.000000,12.000000,8.000000,22047.000000,22047.000000,True,nonmetro,0,51.607080,0,51.607080,0,37.466591
13239,Quitman,GA,391703076,Georgia,GA,Quitman,,,8.000000,2235.000000,1647.000000,False,nonmetro,0,47.659163,0,47.659163,0,47.659163
13241,Rabun,GA,958643875,Georgia,GA,Rabun,14.000000,19.000000,9.000000,16883.000000,16883.000000,True,nonmetro,0,32.765634,0,32.765634,0,32.704599
13243,Randolph,GA,1109126227,Georgia,GA,Randolph,,,8.000000,6425.000000,6425.000000,False,nonmetro,0,52.553934,0,52.553934,0,52.553934
13245,Richmond,GA,840036613,Georgia,GA,Richmond,112.000000,109.000000,2.000000,206607.000000,17217.000000,True,metro,1,6.471673,1,6.471673,5,6.471673
13247,Rockdale,GA,336226920,Georgia,GA,Rockdale,40.000000,42.000000,1.000000,93570.000000,12831.000000,True,metro,0,18.667303,0,18.667303,0,18.179600
13249,Schley,GA,432291202,Georgia,GA,Schley,,,8.000000,4547.000000,4547.000000,False,nonmetro,0,47.368267,0,47.368267,0,47.368267
13251,Screven,GA,1672556593,Georgia,GA,Screven,,,8.000000,14067.000000,14067.000000,False,nonmetro,0,55.542679,0,55.542679,0,50.510668
13253,Seminole,GA,615233530,Georgia,GA,Seminole,,,8.000000,9147.000000,9147.000000,False,nonmetro,0,35.799080,0,35.799080,0,35.799080
13255,Spalding,GA,507561198,Georgia,GA,Spalding,54.000000,46.000000,1.000000,67306.000000,27362.000000,True,metro,0,34.660415,0,34.660415,0,17.097913
13257,Stephens,GA,463254409,Georgia,GA,Stephens,17.000000,15.000000,7.000000,26784.000000,14977.000000,True,nonmetro,0,36.659907,0,36.659907,0,33.454091
13259,Stewart,GA,1188153054,Georgia,GA,Stewart,,,2.000000,5314.000000,5314.000000,False,metro,0,68.566674,0,68.566674,0,68.566674
13261,Sumter,GA,1250646286,Georgia,GA,Sumter,18.000000,22.000000,6.000000,29616.000000,12209.000000,True,nonmetro,0,51.880615,0,51.880615,0,51.880615
13263,Talbot,GA,1013662778,Georgia,GA,Talbot,,,2.000000,5733.000000,5733.000000,False,metro,0,56.284045,0,56.284045,0,50.908702
13265,Taliaferro,GA,504029143,Georgia,GA,Taliaferro,,,8.000000,1559.000000,1559.000000,False,nonmetro,0,52.925705,0,52.925705,0,52.925705
13267,Tattnall,GA,1245369512,Georgia,GA,Tattnall,16.000000,13.000000,8.000000,22842.000000,22842.000000,True,nonmetro,0,97.761414,0,97.761414,0,56.654649
13269,Taylor,GA,975613090,Georgia,GA,Taylor,,,8.000000,7816.000000,7816.000000,False,nonmetro,0,34.264859,0,34.264859,0,34.264859
13271,Telfair,GA,1132621093,Georgia,GA,Telfair,,,9.000000,12477.000000,12477.000000,False,nonmetro,0,59.489615,0,59.489615,0,59.489615
13273,Terrell,GA,869695791,Georgia,GA,Terrell,10.000000,,3.000000,9185.000000,9185.000000,True,metro,0,67.263045,0,67.263045,0,67.263045
13275,Thomas,GA,1410592606,Georgia,GA,Thomas,27.000000,25.000000,4.000000,45798.000000,20567.000000,True,nonmetro,1,5.028181,1,5.028181,1,5.028181
13277,Tift,GA,675702087,Georgia,GA,Tift,19.000000,19.000000,5.000000,41344.000000,16764.000000,True,nonmetro,0,50.876466,0,50.876466,0,50.876466
13279,Toombs,GA,942788867,Georgia,GA,Toombs,24.000000,25.000000,7.000000,27030.000000,13432.000000,True,nonmetro,0,79.274311,0,79.274311,0,74.124779
13281,Towns,GA,431173840,Georgia,GA,Towns,14.000000,14.000000,9.000000,12493.000000,12493.000000,True,nonmetro,0,42.986314,0,42.986314,0,42.441663
13283,Treutlen,GA,516524095,Georgia,GA,Treutlen,,,9.000000,6406.000000,6406.000000,False,nonmetro,0,62.518601,0,62.518601,0,62.518601
13285,Troup,GA,1072278217,Georgia,GA,Troup,70.000000,61.000000,4.000000,69426.000000,31494.000000,True,nonmetro,0,53.031433,0,53.031433,0,43.154257
13287,Turner,GA,739227758,Georgia,GA,Turner,,,9.000000,9006.000000,4268.000000,False,nonmetro,0,62.864375,0,62.864375,0,62.864375
13289,Twiggs,GA,930478093,Georgia,GA,Twiggs,,,3.000000,8022.000000,8022.000000,False,metro,0,14.671907,0,14.671907,0,12.645936
13291,Union,GA,834197317,Georgia,GA,Union,20.000000,19.000000,8.000000,24632.000000,24632.000000,True,nonmetro,0,54.894400,0,54.894400,0,41.496531
13293,Upson,GA,837774876,Georgia,GA,Upson,23.000000,23.000000,6.000000,27700.000000,12935.000000,True,nonmetro,0,45.376193,0,45.376193,0,37.370928
13295,Walker,GA,1156145202,Georgia,GA,Walker,45.000000,43.000000,2.000000,67654.000000,34515.000000,True,metro,0,14.577995,0,14.577995,0,14.577995
13297,Walton,GA,846461373,Georgia,GA,Walton,52.000000,55.000000,1.000000,96673.000000,56129.000000,True,metro,0,28.261197,0,28.261197,0,16.581251
13299,Ware,GA,2329026445,Georgia,GA,Ware,22.000000,27.000000,5.000000,36251.000000,11641.000000,True,nonmetro,0,75.471006,0,75.471006,0,75.471006
13301,Warren,GA,736483608,Georgia,GA,Warren,,,8.000000,5215.000000,5215.000000,False,nonmetro,0,39.849979,0,39.849979,0,39.849979
13303,Washington,GA,1757373959,Georgia,GA,Washington,12.000000,11.000000,7.000000,19988.000000,12891.000000,True,nonmetro,0,53.629104,0,53.629104,0,49.867324
13305,Wayne,GA,1662287070,Georgia,GA,Wayne,23.000000,18.000000,6.000000,30144.000000,17372.000000,True,nonmetro,0,89.745077,0,89.745077,0,58.166709
13307,Webster,GA,543010089,Georgia,GA,Webster,,,8.000000,2348.000000,2348.000000,False,nonmetro,0,67.088368,0,67.088368,0,67.088368
13309,Wheeler,GA,765314383,Georgia,GA,Wheeler,,,9.000000,7471.000000,7471.000000,False,nonmetro,0,60.281788,0,60.281788,0,60.281788
13311,White,GA,623524633,Georgia,GA,White,17.000000,19.000000,8.000000,28003.000000,28003.000000,True,nonmetro,0,46.821093,0,46.821093,0,21.542545
13313,Whitfield,GA,752248663,Georgia,GA,Whitfield,40.000000,37.000000,3.000000,102864.000000,35892.000000,True,metro,0,26.405043,0,26.405043,0,26.405043
13315,Wilcox,GA,978525378,Georgia,GA,Wilcox,,,9.000000,8766.000000,8766.000000,False,nonmetro,0,46.340743,0,46.340743,0,46.340743
13317,Wilkes,GA,1216001422,Georgia,GA,Wilkes,,,8.000000,9565.000000,9565.000000,False,nonmetro,0,47.413539,0,47.413539,0,47.413539
13319,Wilkinson,GA,1163459876,Georgia,GA,Wilkinson,,,8.000000,8877.000000,8877.000000,False,nonmetro,0,28.102566,0,28.102566,0,23.173707
13321,Worth,GA,1478137692,Georgia,GA,Worth,18.000000,12.000000,3.000000,20784.000000,14638.000000,True,metro,0,49.663957,0,49.663957,0,49.663957
15001,Hawaii,HI,10433635373,Hawaii,HI,Hawaii,144.000000,144.000000,5.000000,200629.000000,119371.000000,True,nonmetro,0,194.516645,0,194.516645,0,194.516645
15003,Honolulu,HI,1555612626,Hawaii,HI,Honolulu,613.000000,602.000000,1.000000,1016508.000000,17167.000000,True,metro,3,9.129628,3,9.129628,6,9.129628
15005,Kalawao,HI,31057603,Hawaii,HI,Kalawao,,,3.000000,82.000000,82.000000,False,metro,0,57.007957,0,57.007957,0,57.007957
15007,Kauai,HI,1605492716,Hawaii,HI,Kauai,37.000000,38.000000,5.000000,73298.000000,30933.000000,True,nonmetro,0,113.085419,0,113.085419,0,113.085419
15009,Maui,HI,3008348848,Hawaii,HI,Maui,120.000000,110.000000,3.000000,164754.000000,35268.000000,True,metro,0,93.383732,0,93.383732,0,93.383732
16001,Ada,ID,2724704673,Idaho,ID,Ada,183.000000,187.000000,2.000000,494967.000000,27549.000000,True,metro,2,7.019492,2,7.019492,6,7.019492
16003,Adams,ID,3529648934,Idaho,ID,Adams,,,9.000000,4379.000000,4379.000000,False,nonmetro,0,85.632015,0,85.632015,0,85.632015
16005,Bannock,ID,2881339392,Idaho,ID,Bannock,40.000000,39.000000,3.000000,87018.000000,14807.000000,True,metro,0,121.215915,0,121.215915,0,45.925014
16007,Bear Lake,ID,2527123155,Idaho,ID,Bear Lake,,,9.000000,6372.000000,6372.000000,False,nonmetro,0,88.630572,0,88.630572,0,87.368702
16009,Benewah,ID,2012242914,Idaho,ID,Benewah,,,8.000000,9530.000000,9530.000000,False,nonmetro,0,29.115772,0,29.115772,0,29.115772
16011,Bingham,ID,5422741967,Idaho,ID,Bingham,15.000000,15.000000,6.000000,47992.000000,28652.000000,True,nonmetro,0,145.056491,0,145.056491,0,23.175955
16013,Blaine,ID,6831709646,Idaho,ID,Blaine,,,7.000000,24272.000000,5891.000000,False,nonmetro,0,95.665721,0,95.665721,0,94.978449
16015,Boise,ID,4919826443,Idaho,ID,Boise,,,2.000000,7610.000000,7610.000000,False,metro,0,23.701605,0,23.701605,0,23.701605
16017,Bonner,ID,4489020248,Idaho,ID,Bonner,26.000000,23.000000,6.000000,47110.000000,34286.000000,True,nonmetro,0,40.204058,0,40.204058,1,10.109218
16019,Bonneville,ID,4832872003,Idaho,ID,Bonneville,36.000000,37.000000,3.000000,123964.000000,18832.000000,True,metro,0,162.780143,0,162.780143,1,3.889603
16021,Boundary,ID,3285862966,Idaho,ID,Boundary,,,9.000000,12056.000000,12056.000000,False,nonmetro,0,74.685842,0,74.685842,0,32.108875
16023,Butte,ID,5792474008,Idaho,ID,Butte,,,3.000000,2574.000000,2574.000000,False,metro,0,145.140417,0,145.140417,0,65.437483
16025,Camas,ID,2782253888,Idaho,ID,Camas,,,9.000000,1077.000000,1077.000000,False,nonmetro,0,74.838894,0,74.838894,0,74.838894
16027,Canyon,ID,1520451453,Idaho,ID,Canyon,96.000000,96.000000,2.000000,231105.000000,43279.000000,True,metro,0,21.574296,0,21.574296,0,21.574296
16029,Caribou,ID,4569240776,Idaho,ID,Caribou,,,8.000000,7027.000000,7027.000000,False,nonmetro,0,106.150986,0,106.150986,0,60.061812
16031,Cassia,ID,6644897877,Idaho,ID,Cassia,14.000000,12.000000,6.000000,24655.000000,12405.000000,True,nonmetro,0,127.798035,0,127.798035,0,110.090584
16033,Clark,ID,4566524477,Idaho,ID,Clark,,,8.000000,790.000000,790.000000,False,nonmetro,0,200.252481,0,200.252481,0,51.577438
16035,Clearwater,ID,6364412864,Idaho,ID,Clearwater,,,8.000000,8734.000000,8734.000000,False,nonmetro,0,86.849376,0,86.849376,0,86.849376
16037,Custer,ID,12748378765,Idaho,ID,Custer,,,8.000000,4275.000000,4275.000000,False,nonmetro,0,114.496676,0,114.496676,0,114.496676
16039,Elmore,ID,7964417374,Idaho,ID,Elmore,10.000000,,6.000000,28666.000000,10867.000000,True,nonmetro,0,43.260565,0,43.260565,0,43.260565
16041,Franklin,ID,1717211160,Idaho,ID,Franklin,,,3.000000,14194.000000,14194.000000,False,metro,0,66.894890,0,66.894890,0,66.894890
16043,Fremont,ID,4827633116,Idaho,ID,Fremont,,,8.000000,13388.000000,13388.000000,False,nonmetro,0,199.800863,0,199.800863,0,43.259104
16045,Gem,ID,1449796224,Idaho,ID,Gem,18.000000,18.000000,2.000000,19123.000000,8950.000000,True,metro,0,24.140027,0,24.140027,0,24.140027
16047,Gooding,ID,1888935208,Idaho,ID,Gooding,,,8.000000,15598.000000,15598.000000,False,nonmetro,0,90.176066,0,90.176066,0,90.176066
16049,Idaho,ID,21956620029,Idaho,ID,Idaho,,,8.000000,16541.000000,16541.000000,False,nonmetro,0,119.423754,0,119.423754,0,114.609614
16051,Jefferson,ID,2832619466,Idaho,ID,Jefferson,10.000000,,3.000000,30891.000000,20608.000000,True,metro,0,176.209965,0,176.209965,0,17.007625
16053,Jerome,ID,1547629731,Idaho,ID,Jerome,10.000000,,3.000000,24237.000000,11832.000000,True,metro,0,108.027603,0,108.027603,0,107.616327
16055,Kootenai,ID,3205833858,Idaho,ID,Kootenai,93.000000,90.000000,3.000000,171362.000000,40290.000000,True,metro,1,7.003932,1,7.003932,2,7.003932
16057,Latah,ID,2786483032,Idaho,ID,Latah,12.000000,10.000000,4.000000,39517.000000,13603.000000,True,nonmetro,0,65.200716,0,65.200716,0,65.200716
16059,Lemhi,ID,11819914566,Idaho,ID,Lemhi,,,9.000000,7974.000000,7974.000000,False,nonmetro,0,156.274562,0,156.274562,0,88.358663
16061,Lewis,ID,1240141960,Idaho,ID,Lewis,,,8.000000,3533.000000,3533.000000,False,nonmetro,0,102.823684,0,102.823684,0,102.823684
16063,Lincoln,ID,3111517506,Idaho,ID,Lincoln,,,8.000000,5127.000000,5127.000000,False,nonmetro,0,103.976060,0,103.976060,0,103.976060
16065,Madison,ID,1215396326,Idaho,ID,Madison,14.000000,11.000000,4.000000,52913.000000,11583.000000,True,nonmetro,0,185.602998,0,185.602998,0,27.194630
16067,Minidoka,ID,1960610406,Idaho,ID,Minidoka,,,7.000000,21613.000000,9588.000000,False,nonmetro,0,132.901318,0,132.901318,0,103.349687
16069,Nez Perce,ID,2197139835,Idaho,ID,Nez Perce,35.000000,31.000000,3.000000,42090.000000,7959.000000,True,metro,0,89.183782,0,89.183782,0,89.183782
16071,Oneida,ID,3105269247,Idaho,ID,Oneida,,,8.000000,4564.000000,4564.000000,False,nonmetro,0,73.135550,0,73.135550,0,73.135550
16073,Owyhee,ID,19860558063,Idaho,ID,Owyhee,,,2.000000,11913.000000,11913.000000,False,metro,0,37.655758,0,37.655758,0,37.655758
16075,Payette,ID,1053849237,Idaho,ID,Payette,14.000000,13.000000,6.000000,25386.000000,10470.000000,True,nonmetro,0,44.454022,0,44.454022,0,44.454022
16077,Power,ID,3635892401,Idaho,ID,Power,,,8.000000,7878.000000,7878.000000,False,nonmetro,0,119.832396,0,119.832396,0,62.424365
16079,Shoshone,ID,6830898576,Idaho,ID,Shoshone,,,8.000000,13169.000000,13169.000000,False,nonmetro,0,34.026255,0,34.026255,0,34.026255
16081,Teton,ID,1163139971,Idaho,ID,Teton,,,9.000000,11630.000000,11630.000000,False,nonmetro,0,182.637112,0,182.637112,0,48.562934
16083,Twin Falls,ID,4977206090,Idaho,ID,Twin Falls,37.000000,39.000000,3.000000,90046.000000,31238.000000,True,metro,0,112.684181,0,112.684181,0,112.684181
16085,Valley,ID,9492613296,Idaho,ID,Valley,,,9.000000,11746.000000,8051.000000,False,nonmetro,0,79.943904,0,79.943904,0,79.943904
16087,Washington,ID,3762870369,Idaho,ID,Washington,,,6.000000,10500.000000,4996.000000,False,nonmetro,0,59.793835,0,59.793835,0,59.793835
17001,Adams,IL,2214826188,Illinois,IL,Adams,37.000000,38.000000,5.000000,65737.000000,22310.000000,True,nonmetro,0,85.178368,0,85.178368,1,5.493394
17003,Alexander,IL,609667765,Illinois,IL,Alexander,,,3.000000,5240.000000,5080.000000,False,metro,0,103.630141,0,103.630141,0,40.269923
17005,Bond,IL,985065096,Illinois,IL,Bond,12.000000,12.000000,1.000000,16725.000000,9960.000000,True,metro,0,45.068893,0,45.068893,0,45.068893
17007,Boone,IL,727114618,Illinois,IL,Boone,27.000000,24.000000,2.000000,53448.000000,15712.000000,True,metro,0,12.935130,0,12.935130,0,12.935130
17009,Brown,IL,791828626,Illinois,IL,Brown,,,9.000000,6244.000000,6244.000000,False,nonmetro,0,79.072668,0,79.072668,0,35.158792
17011,Bureau,IL,2250884551,Illinois,IL,Bureau,25.000000,24.000000,7.000000,33244.000000,18279.000000,True,nonmetro,0,47.841158,0,47.841158,0,47.841158
17013,Calhoun,IL,657415184,Illinois,IL,Calhoun,,,1.000000,4437.000000,4437.000000,False,metro,0,22.313888,0,22.313888,0,22.313888
17015,Carroll,IL,1153597401,Illinois,IL,Carroll,10.000000,11.000000,9.000000,15702.000000,15702.000000,True,nonmetro,0,42.757847,0,42.757847,0,42.757847
17017,Cass,IL,973198204,Illinois,IL,Cass,,,6.000000,13042.000000,6780.000000,False,nonmetro,0,62.972421,0,62.972421,0,37.993973
17019,Champaign,IL,2579896781,Illinois,IL,Champaign,66.000000,72.000000,3.000000,205865.000000,32837.000000,True,metro,2,4.433053,2,4.433053,2,4.433053
17021,Christian,IL,1837569687,Illinois,IL,Christian,19.000000,20.000000,6.000000,34032.000000,17250.000000,True,nonmetro,0,67.809578,0,67.809578,0,28.423000
17023,Clark,IL,1298554904,Illinois,IL,Clark,10.000000,,8.000000,15455.000000,15455.000000,True,nonmetro,0,57.246473,0,57.246473,0,57.246473
17025,Clay,IL,1213022841,Illinois,IL,Clay,10.000000,11.000000,9.000000,13288.000000,8495.000000,True,nonmetro,0,91.569307,0,91.569307,0,72.133061
17027,Clinton,IL,1227502166,Illinois,IL,Clinton,20.000000,19.000000,1.000000,36899.000000,29599.000000,True,metro,0,38.703458,0,38.703458,0,38.703458
17029,Coles,IL,1316418028,Illinois,IL,Coles,17.000000,18.000000,5.000000,46863.000000,12337.000000,True,nonmetro,0,43.477708,0,43.477708,0,43.477708
17031,Cook,IL,2447350649,Illinois,IL,Cook,2626.000000,2645.000000,1.000000,5275541.000000,2890.000000,True,metro,59,5.426964,59,5.426964,105,4.403304
17033,Crawford,IL,1149031261,Illinois,IL,Crawford,11.000000,11.000000,6.000000,18679.000000,12545.000000,True,nonmetro,0,80.264796,0,80.264796,0,71.356052
17035,Cumberland,IL,895989975,Illinois,IL,Cumberland,,,9.000000,10450.000000,10450.000000,False,nonmetro,0,58.202804,0,58.202804,0,58.202804
17037,DeKalb,IL,1635154200,Illinois,IL,DeKalb,44.000000,45.000000,1.000000,100420.000000,21848.000000,True,metro,0,27.589456,0,27.589456,0,27.589456
17039,De Witt,IL,1029678323,Illinois,IL,De Witt,,,6.000000,15516.000000,8193.000000,False,nonmetro,0,35.639421,0,35.639421,0,35.277898
17041,Douglas,IL,1079110222,Illinois,IL,Douglas,13.000000,12.000000,8.000000,19740.000000,14798.000000,True,nonmetro,0,24.664101,0,24.664101,0,24.664101
17043,DuPage,IL,848995066,Illinois,IL,DuPage,508.000000,480.000000,1.000000,932877.000000,1752.000000,True,metro,4,5.250896,4,5.250896,10,3.490267
17045,Edgar,IL,1614400676,Illinois,IL,Edgar,10.000000,,6.000000,16866.000000,8550.000000,True,nonmetro,0,42.138297,0,42.138297,0,42.138297
17047,Edwards,IL,576012470,Illinois,IL,Edwards,,,9.000000,6245.000000,6245.000000,False,nonmetro,0,115.815188,0,115.815188,0,39.711900
17049,Effingham,IL,1240005834,Illinois,IL,Effingham,16.000000,18.000000,7.000000,34668.000000,20678.000000,True,nonmetro,0,72.788260,0,72.788260,0,71.624175
17051,Fayette,IL,1855583353,Illinois,IL,Fayette,10.000000,13.000000,6.000000,21488.000000,13378.000000,True,nonmetro,0,67.839634,0,67.839634,0,63.600089
17053,Ford,IL,1257690127,Illinois,IL,Ford,15.000000,13.000000,3.000000,13534.000000,9006.000000,True,metro,0,28.736735,0,28.736735,0,28.736735
17055,Franklin,IL,1059109158,Illinois,IL,Franklin,31.000000,29.000000,7.000000,37804.000000,22378.000000,True,nonmetro,0,81.664295,0,81.664295,0,22.237925
17057,Fulton,IL,2242109646,Illinois,IL,Fulton,21.000000,22.000000,6.000000,33609.000000,20432.000000,True,nonmetro,0,30.555487,0,30.555487,0,30.433266
17059,Gallatin,IL,836413648,Illinois,IL,Gallatin,,,8.000000,4946.000000,4946.000000,False,nonmetro,0,121.689203,0,121.689203,0,40.006625
17061,Greene,IL,1406464909,Illinois,IL,Greene,,,8.000000,11985.000000,11985.000000,False,nonmetro,0,41.355300,0,41.355300,0,40.755772
17063,Grundy,IL,1082940544,Illinois,IL,Grundy,31.000000,31.000000,1.000000,52533.000000,13148.000000,True,metro,0,18.645754,0,18.645754,0,18.645754
17065,Hamilton,IL,1125731578,Illinois,IL,Hamilton,,,9.000000,7993.000000,7993.000000,False,nonmetro,0,96.270460,0,96.270460,0,44.004448
17067,Hancock,IL,2055798688,Illinois,IL,Hancock,10.000000,12.000000,9.000000,17620.000000,14806.000000,True,nonmetro,0,80.800996,0,80.800996,0,36.422260
17069,Hardin,IL,459435094,Illinois,IL,Hardin,,,9.000000,3649.000000,3649.000000,False,nonmetro,0,123.375114,0,123.375114,0,49.951847
17071,Henderson,IL,981068795,Illinois,IL,Henderson,,,9.000000,6387.000000,6353.000000,False,nonmetro,0,51.030858,0,51.030858,0,51.030858
17073,Henry,IL,2131719192,Illinois,IL,Henry,25.000000,29.000000,2.000000,49284.000000,24544.000000,True,metro,0,26.223477,0,26.223477,0,26.223477
17075,Iroquois,IL,2894039688,Illinois,IL,Iroquois,22.000000,22.000000,8.000000,27077.000000,22406.000000,True,nonmetro,0,43.413294,0,43.413294,0,43.413294
17077,Jackson,IL,1511439594,Illinois,IL,Jackson,27.000000,24.000000,5.000000,52974.000000,21692.000000,True,nonmetro,0,78.635331,0,78.635331,1,5.405607
17079,Jasper,IL,1281043651,Illinois,IL,Jasper,,,9.000000,9287.000000,9287.000000,False,nonmetro,0,76.502478,0,76.502478,0,74.528993
17081,Jefferson,IL,1479490494,Illinois,IL,Jefferson,23.000000,25.000000,7.000000,37113.000000,21825.000000,True,nonmetro,0,73.054061,0,73.054061,0,43.820323
17083,Jersey,IL,957415216,Illinois,IL,Jersey,13.000000,14.000000,1.000000,21512.000000,12781.000000,True,metro,0,22.256100,0,22.256100,0,22.256100
17085,Jo Daviess,IL,1556385345,Illinois,IL,Jo Daviess,14.000000,13.000000,8.000000,22035.000000,19477.000000,True,nonmetro,0,58.118735,0,58.118735,0,58.118735
17087,Johnson,IL,890269489,Illinois,IL,Johnson,,,8.000000,13308.000000,13308.000000,False,nonmetro,0,107.574760,0,107.574760,0,25.970351
17089,Kane,IL,1345149889,Illinois,IL,Kane,277.000000,271.000000,1.000000,516522.000000,20777.000000,True,metro,0,12.526659,0,12.526659,0,12.526659
17091,Kankakee,IL,1752101352,Illinois,IL,Kankakee,77.000000,74.000000,3.000000,107502.000000,30535.000000,True,metro,0,28.247428,0,28.247428,0,28.247428
17093,Kendall,IL,829412776,Illinois,IL,Kendall,41.000000,43.000000,1.000000,131869.000000,14994.000000,True,metro,0,14.062398,0,14.062398,0,14.062398
17095,Knox,IL,1855427713,Illinois,IL,Knox,36.000000,32.000000,4.000000,49967.000000,16120.000000,True,nonmetro,0,39.082843,0,39.082843,0,39.082843
17097,Lake,IL,1148954660,Illinois,IL,Lake,254.000000,251.000000,1.000000,714342.000000,10110.000000,True,metro,0,16.577031,0,16.577031,1,7.646794
17099,LaSalle,IL,2940059894,Illinois,IL,La Salle,63.000000,62.000000,4.000000,109658.000000,34651.000000,True,nonmetro,0,43.183476,0,43.183476,0,43.183476
17101,Lawrence,IL,963938126,Illinois,IL,Lawrence,13.000000,11.000000,9.000000,15280.000000,10648.000000,True,nonmetro,0,99.369065,0,99.369065,0,52.501279
17103,Lee,IL,1877189070,Illinois,IL,Lee,26.000000,24.000000,6.000000,34145.000000,18158.000000,True,nonmetro,0,36.367225,0,36.367225,0,36.367225
17105,Livingston,IL,2702983878,Illinois,IL,Livingston,27.000000,23.000000,6.000000,35815.000000,23135.000000,True,nonmetro,0,46.359626,0,46.359626,0,46.359626
17107,Logan,IL,1600748259,Illinois,IL,Logan,17.000000,16.000000,6.000000,27987.000000,13997.000000,True,nonmetro,0,40.137642,0,40.137642,0,28.182102
17109,McDonough,IL,1526339603,Illinois,IL,McDonough,18.000000,19.000000,7.000000,27238.000000,11582.000000,True,nonmetro,0,58.760526,0,58.760526,0,51.860876
17111,McHenry,IL,1562786332,Illinois,IL,McHenry,148.000000,126.000000,1.000000,310229.000000,43710.000000,True,metro,0,22.529011,0,22.529011,0,21.114679
17113,McLean,IL,3064597287,Illinois,IL,McLean,62.000000,60.000000,3.000000,170954.000000,36854.000000,True,metro,0,35.236773,0,35.236773,0,35.236773
17115,Macon,IL,1503684112,Illinois,IL,Macon,59.000000,59.000000,3.000000,103998.000000,17711.000000,True,metro,0,41.658546,0,41.658546,0,36.671768
17117,Macoupin,IL,2235091603,Illinois,IL,Macoupin,36.000000,39.000000,1.000000,44967.000000,29462.000000,True,metro,0,41.208249,0,41.208249,0,33.474713
17119,Madison,IL,1853137786,Illinois,IL,Madison,228.000000,232.000000,1.000000,265859.000000,43705.000000,True,metro,0,16.619837,0,16.619837,0,16.619837
17121,Marion,IL,1482865616,Illinois,IL,Marion,29.000000,30.000000,7.000000,37729.000000,18032.000000,True,nonmetro,0,64.053064,0,64.053064,0,60.249886
17123,Marshall,IL,1001843226,Illinois,IL,Marshall,11.000000,10.000000,2.000000,11742.000000,11742.000000,True,metro,0,28.728946,0,28.728946,0,28.728946
17125,Mason,IL,1396914848,Illinois,IL,Mason,11.000000,10.000000,8.000000,13086.000000,13086.000000,True,nonmetro,0,33.324110,0,33.324110,0,30.745874
17127,Massac,IL,614217978,Illinois,IL,Massac,14.000000,13.000000,3.000000,14169.000000,7493.000000,True,metro,0,108.408922,0,108.408922,0,46.671011
17129,Menard,IL,814269349,Illinois,IL,Menard,,,3.000000,12297.000000,12297.000000,False,metro,0,49.504309,0,49.504309,0,16.081025
17131,Mercer,IL,1453604391,Illinois,IL,Mercer,,,2.000000,15699.000000,15699.000000,False,metro,0,22.209432,0,22.209432,0,22.209432
17133,Monroe,IL,997990371,Illinois,IL,Monroe,24.000000,20.000000,1.000000,34962.000000,14509.000000,True,metro,0,18.465609,0,18.465609,0,18.465609
17135,Montgomery,IL,1822740452,Illinois,IL,Montgomery,30.000000,29.000000,6.000000,28288.000000,15058.000000,True,nonmetro,0,54.451228,0,54.451228,0,42.860407
17137,Morgan,IL,1473567808,Illinois,IL,Morgan,17.000000,17.000000,4.000000,32915.000000,11912.000000,True,nonmetro,0,66.473579,0,66.473579,0,31.970272
17139,Moultrie,IL,870127369,Illinois,IL,Moultrie,,,8.000000,14526.000000,10112.000000,False,nonmetro,0,38.985102,0,38.985102,0,38.985102
17141,Ogle,IL,1964903701,Illinois,IL,Ogle,21.000000,22.000000,6.000000,51788.000000,35150.000000,True,nonmetro,0,20.570328,0,20.570328,0,20.570328
17143,Peoria,IL,1602499827,Illinois,IL,Peoria,102.000000,101.000000,2.000000,181830.000000,30807.000000,True,metro,2,6.198002,2,6.198002,6,6.198002
17145,Perry,IL,1144587283,Illinois,IL,Perry,14.000000,11.000000,7.000000,20945.000000,15012.000000,True,nonmetro,0,61.741351,0,61.741351,0,24.016687
17147,Piatt,IL,1137492089,Illinois,IL,Piatt,,,3.000000,16673.000000,10688.000000,False,metro,0,20.276330,0,20.276330,0,20.276330
17149,Pike,IL,2153190724,Illinois,IL,Pike,11.000000,11.000000,9.000000,14739.000000,14739.000000,True,nonmetro,0,58.474868,0,58.474868,0,36.695044
17151,Pope,IL,955362037,Illinois,IL,Pope,,,8.000000,3763.000000,3763.000000,False,nonmetro,0,119.070005,0,119.070005,0,42.849103
17153,Pulaski,IL,516100615,Illinois,IL,Pulaski,,,8.000000,5193.000000,5193.000000,False,nonmetro,0,110.903005,0,110.903005,0,36.984170
17155,Putnam,IL,414649315,Illinois,IL,Putnam,,,8.000000,5637.000000,5637.000000,False,nonmetro,0,40.712661,0,40.712661,0,40.712661
17157,Randolph,IL,1490194098,Illinois,IL,Randolph,27.000000,24.000000,6.000000,30163.000000,23825.000000,True,nonmetro,0,44.836287,0,44.836287,0,35.442193
17159,Richland,IL,932484098,Illinois,IL,Richland,16.000000,14.000000,7.000000,15813.000000,7171.000000,True,nonmetro,0,95.930902,0,95.930902,0,59.346732
17161,Rock Island,IL,1107209787,Illinois,IL,Rock Island,84.000000,78.000000,2.000000,144672.000000,16701.000000,True,metro,1,5.736578,1,5.736578,1,5.736578
17163,St. Clair,IL,1703461064,Illinois,IL,St. Clair,190.000000,199.000000,1.000000,257400.000000,36437.000000,True,metro,0,13.191035,0,13.191035,0,13.191035
17165,Saline,IL,984170284,Illinois,IL,Saline,13.000000,15.000000,7.000000,23768.000000,15485.000000,True,nonmetro,0,108.570422,0,108.570422,0,37.318831
17167,Sangamon,IL,2248773852,Illinois,IL,Sangamon,93.000000,86.000000,3.000000,196343.000000,37078.000000,True,metro,0,63.504064,0,63.504064,6,5.305423
17169,Schuyler,IL,1132602884,Illinois,IL,Schuyler,,,9.000000,6902.000000,6902.000000,False,nonmetro,0,64.689202,0,64.689202,0,46.130776
17171,Scott,IL,649542036,Illinois,IL,Scott,,,9.000000,4949.000000,4949.000000,False,nonmetro,0,59.143964,0,59.143964,0,45.002080
17173,Shelby,IL,1964532710,Illinois,IL,Shelby,13.000000,14.000000,8.000000,20990.000000,16066.000000,True,nonmetro,0,58.317731,0,58.317731,0,51.287922
17175,Stark,IL,746156213,Illinois,IL,Stark,,,2.000000,5400.000000,5400.000000,False,metro,0,29.909398,0,29.909398,0,29.909398
17177,Stephenson,IL,1461392061,Illinois,IL,Stephenson,31.000000,31.000000,4.000000,44630.000000,20495.000000,True,nonmetro,0,28.640331,0,28.640331,0,28.640331
17179,Tazewell,IL,1674347384,Illinois,IL,Tazewell,98.000000,90.000000,2.000000,131343.000000,28662.000000,True,metro,0,8.933592,0,8.933592,0,8.933592
17181,Union,IL,1070730016,Illinois,IL,Union,16.000000,14.000000,6.000000,17244.000000,11176.000000,True,nonmetro,0,95.699017,0,95.699017,0,18.083745
17183,Vermilion,IL,2326634937,Illinois,IL,Vermilion,45.000000,49.000000,4.000000,74188.000000,29332.000000,True,nonmetro,0,30.506145,0,30.506145,0,30.506145
17185,Wabash,IL,578403995,Illinois,IL,Wabash,,,7.000000,11361.000000,4398.000000,False,nonmetro,0,110.671041,0,110.671041,0,34.031194
17187,Warren,IL,1404768301,Illinois,IL,Warren,11.000000,10.000000,6.000000,16835.000000,7646.000000,True,nonmetro,0,42.942735,0,42.942735,0,42.942735
17189,Washington,IL,1457093544,Illinois,IL,Washington,11.000000,10.000000,8.000000,13761.000000,13667.000000,True,nonmetro,0,47.334307,0,47.334307,0,41.961783
17191,Wayne,IL,1848810380,Illinois,IL,Wayne,11.000000,11.000000,9.000000,16179.000000,11413.000000,True,nonmetro,0,97.275988,0,97.275988,0,55.029955
17193,White,IL,1281999217,Illinois,IL,White,10.000000,10.000000,6.000000,13877.000000,8810.000000,True,nonmetro,0,114.782737,0,114.782737,0,36.201914
17195,Whiteside,IL,1771808920,Illinois,IL,Whiteside,42.000000,42.000000,4.000000,55691.000000,24254.000000,True,nonmetro,0,41.244013,0,41.244013,0,41.244013
17197,Will,IL,2164908486,Illinois,IL,Will,319.000000,317.000000,1.000000,696355.000000,33946.000000,True,metro,1,7.542381,1,7.542381,2,7.011684
17199,Williamson,IL,1088338913,Illinois,IL,Williamson,37.000000,38.000000,5.000000,67153.000000,27556.000000,True,nonmetro,0,89.702864,0,89.702864,0,13.813942
17201,Winnebago,IL,1328792556,Illinois,IL,Winnebago,171.000000,174.000000,2.000000,285350.000000,27662.000000,True,metro,2,5.575547,2,5.575547,5,5.575547
17203,Woodford,IL,1366337053,Illinois,IL,Woodford,26.000000,23.000000,2.000000,38467.000000,26989.000000,True,metro,0,17.320859,0,17.320859,0,17.320859
18001,Adams,IN,877815496,Indiana,IN,Adams,19.000000,21.000000,6.000000,35809.000000,25368.000000,True,nonmetro,0,28.326669,0,63.651904,0,28.326669
18003,Allen,IN,1702400299,Indiana,IN,Allen,198.000000,192.000000,2.000000,385410.000000,49790.000000,True,metro,1,5.913619,0,81.338921,4,5.913619
18005,Bartholomew,IN,1053968848,Indiana,IN,Bartholomew,36.000000,40.000000,3.000000,82208.000000,25233.000000,True,metro,0,40.696726,0,40.696726,0,40.696726
18007,Benton,IN,1052616458,Indiana,IN,Benton,,,3.000000,8719.000000,8719.000000,False,metro,0,22.785813,0,22.785813,0,22.785813
18009,Blackford,IN,427559406,Indiana,IN,Blackford,,11.000000,6.000000,12112.000000,5977.000000,False,nonmetro,0,46.586788,0,50.343036,0,46.586788
18011,Boone,IN,1095260006,Indiana,IN,Boone,29.000000,25.000000,1.000000,70812.000000,19255.000000,True,metro,0,20.208873,0,20.208873,0,14.542237
18013,Brown,IN,808043849,Indiana,IN,Brown,,,1.000000,15475.000000,15475.000000,False,metro,0,36.961534,0,36.961534,0,36.961534
18015,Carroll,IN,964057413,Indiana,IN,Carroll,,,3.000000,20306.000000,19203.000000,False,metro,0,20.171249,0,20.171249,0,20.171249
18017,Cass,IN,1067448391,Indiana,IN,Cass,20.000000,18.000000,4.000000,37870.000000,17496.000000,True,nonmetro,0,37.563457,0,37.563457,0,37.563457
18019,Clark,IN,965625489,Indiana,IN,Clark,64.000000,64.000000,1.000000,121093.000000,25830.000000,True,metro,0,7.053383,0,7.053383,0,7.053383
18021,Clay,IN,926180620,Indiana,IN,Clay,15.000000,13.000000,3.000000,26466.000000,15879.000000,True,metro,0,55.724119,0,55.724119,0,55.724119
18023,Clinton,IN,1049119194,Indiana,IN,Clinton,21.000000,22.000000,6.000000,33190.000000,16415.000000,True,nonmetro,0,22.749538,0,22.749538,0,21.913340
18025,Crawford,IN,791534788,Indiana,IN,Crawford,,,8.000000,10526.000000,10526.000000,False,nonmetro,0,36.394900,0,36.394900,0,36.394900
18027,Daviess,IN,1112396615,Indiana,IN,Daviess,22.000000,18.000000,7.000000,33381.000000,20461.000000,True,nonmetro,0,78.581696,0,78.581696,0,55.888545
18029,Dearborn,IN,790171258,Indiana,IN,Dearborn,21.000000,20.000000,1.000000,50679.000000,30514.000000,True,metro,0,22.392464,0,22.392464,0,22.392464
18031,Decatur,IN,964946132,Indiana,IN,Decatur,16.000000,17.000000,6.000000,26472.000000,13943.000000,True,nonmetro,0,45.342891,0,45.342891,0,45.342891
18033,DeKalb,IN,939731962,Indiana,IN,De Kalb,24.000000,27.000000,4.000000,43265.000000,22919.000000,True,nonmetro,0,18.118974,0,68.014130,0,18.118974
18035,Delaware,IN,1015536280,Indiana,IN,Delaware,90.000000,76.000000,3.000000,111903.000000,25804.000000,True,metro,0,37.735469,0,37.735469,0,36.872657
18037,Dubois,IN,1106611837,Indiana,IN,Dubois,39.000000,34.000000,5.000000,43637.000000,20771.000000,True,nonmetro,0,63.243248,0,63.243248,0,41.776727
18039,Elkhart,IN,1199580232,Indiana,IN,Elkhart,97.000000,102.000000,3.000000,207047.000000,48154.000000,True,metro,0,46.465643,0,48.379668,1,6.958770
18041,Fayette,IN,556901577,Indiana,IN,Fayette,20.000000,22.000000,6.000000,23398.000000,8997.000000,True,nonmetro,0,18.991417,0,18.991417,0,18.991417
18043,Floyd,IN,384564471,Indiana,IN,Floyd,44.000000,31.000000,1.000000,80484.000000,27406.000000,True,metro,0,7.588089,0,7.588089,0,7.588089
18045,Fountain,IN,1024774340,Indiana,IN,Fountain,12.000000,11.000000,8.000000,16479.000000,16479.000000,True,nonmetro,0,27.551036,0,27.551036,0,27.551036
18047,Franklin,IN,995658281,Indiana,IN,Franklin,10.000000,12.000000,1.000000,22785.000000,20247.000000,True,metro,0,30.828802,0,30.828802,0,30.704050
18049,Fulton,IN,954133346,Indiana,IN,Fulton,16.000000,17.000000,7.000000,20480.000000,13147.000000,True,nonmetro,0,53.635190,0,56.965413,0,44.665381
18051,Gibson,IN,1262317070,Indiana,IN,Gibson,18.000000,16.000000,6.000000,33011.000000,24668.000000,True,nonmetro,0,97.251973,0,97.251973,0,23.411360
18053,Grant,IN,1072484471,Indiana,IN,Grant,52.000000,55.000000,4.000000,66674.000000,25713.000000,True,nonmetro,0,49.619804,0,58.410660,0,44.956191
18055,Greene,IN,1404983901,Indiana,IN,Greene,15.000000,15.000000,6.000000,30803.000000,25505.000000,True,nonmetro,0,67.070899,0,67.070899,0,67.070899
18057,Hamilton,IN,1021431273,Indiana,IN,Hamilton,111.000000,111.000000,1.000000,347467.000000,19947.000000,True,metro,0,17.654612,0,17.654612,1,6.148386
18059,Hancock,IN,792425161,Indiana,IN,Hancock,40.000000,42.000000,1.000000,79840.000000,22096.000000,True,metro,0,18.276809,0,18.276809,0,17.236868
18061,Harrison,IN,1253823026,Indiana,IN,Harrison,20.000000,19.000000,1.000000,39654.000000,33958.000000,True,metro,0,19.424798,0,19.424798,0,19.424798
18063,Hendricks,IN,1053849394,Indiana,IN,Hendricks,59.000000,60.000000,1.000000,174788.000000,26639.000000,True,metro,0,14.171788,0,14.171788,0,14.166894
18065,Henry,IN,1014957932,Indiana,IN,Henry,40.000000,37.000000,6.000000,48914.000000,30359.000000,True,nonmetro,0,28.440456,0,28.440456,0,27.844089
18067,Howard,IN,759058590,Indiana,IN,Howard,59.000000,57.000000,3.000000,83658.000000,21467.000000,True,metro,0,40.882039,0,40.882039,0,34.039862
18069,Huntington,IN,991056717,Indiana,IN,Huntington,27.000000,25.000000,6.000000,36662.000000,19107.000000,True,nonmetro,0,26.135696,0,78.187641,0,26.135696
18071,Jackson,IN,1320836472,Indiana,IN,Jackson,26.000000,28.000000,4.000000,46428.000000,22181.000000,True,nonmetro,0,44.205676,0,44.205676,0,44.205676
18073,Jasper,IN,1449563752,Indiana,IN,Jasper,18.000000,20.000000,1.000000,32918.000000,27409.000000,True,metro,0,27.674943,0,27.674943,0,26.039746
18075,Jay,IN,994310119,Indiana,IN,Jay,11.000000,,6.000000,20478.000000,14114.000000,True,nonmetro,0,41.792350,0,42.576679,0,41.792350
18077,Jefferson,IN,934053824,Indiana,IN,Jefferson,17.000000,15.000000,6.000000,33147.000000,15700.000000,True,nonmetro,0,30.413208,0,30.413208,0,30.413208
18079,Jennings,IN,975382324,Indiana,IN,Jennings,14.000000,17.000000,6.000000,27613.000000,20677.000000,True,nonmetro,0,45.754345,0,45.754345,0,45.754345
18081,Johnson,IN,829870735,Indiana,IN,Johnson,74.000000,71.000000,1.000000,161765.000000,20600.000000,True,metro,0,15.086932,0,15.086932,0,15.086932
18083,Knox,IN,1335984786,Indiana,IN,Knox,30.000000,31.000000,7.000000,36282.000000,16482.000000,True,nonmetro,0,96.343172,0,96.343172,0,50.536250
18085,Kosciusko,IN,1376434729,Indiana,IN,Kosciusko,53.000000,49.000000,4.000000,80240.000000,38807.000000,True,nonmetro,0,38.207043,0,70.511178,0,29.539257
18087,LaGrange,IN,983236299,Indiana,IN,Lagrange,13.000000,15.000000,8.000000,40446.000000,40446.000000,True,nonmetro,0,38.165450,0,46.265166,0,26.215151
18089,Lake,IN,1291702720,Indiana,IN,Lake,265.000000,261.000000,1.000000,498700.000000,22625.000000,True,metro,4,5.276923,4,5.276923,6,5.276923
18091,LaPorte,IN,1549555244,Indiana,IN,La Porte,59.000000,55.000000,3.000000,112417.000000,41056.000000,True,metro,0,30.482795,0,30.482795,0,18.889206
18093,Lawrence,IN,1163282503,Indiana,IN,Lawrence,26.000000,29.000000,6.000000,45011.000000,30579.000000,True,nonmetro,0,56.899142,0,56.899142,0,56.899142
18095,Madison,IN,1170470206,Indiana,IN,Madison,96.000000,84.000000,1.000000,130129.000000,32041.000000,True,metro,0,34.065775,0,34.065775,0,24.339258
18097,Marion,IN,1027221229,Indiana,IN,Marion,390.000000,389.000000,1.000000,977203.000000,8594.000000,True,metro,15,7.005377,13,7.005377,25,6.486366
18099,Marshall,IN,1148969991,Indiana,IN,Marshall,32.000000,31.000000,6.000000,46095.000000,33816.000000,True,nonmetro,0,53.940967,0,55.984977,0,27.994042
18101,Martin,IN,869615721,Indiana,IN,Martin,,,9.000000,9812.000000,9812.000000,False,nonmetro,0,66.009674,0,66.009674,0,62.010198
18103,Miami,IN,968246953,Indiana,IN,Miami,22.000000,19.000000,6.000000,35962.000000,16384.000000,True,nonmetro,0,48.298486,0,48.727030,0,47.609871
18105,Monroe,IN,1021806945,Indiana,IN,Monroe,53.000000,48.000000,3.000000,139718.000000,29615.000000,True,metro,0,46.625561,0,46.625561,0,46.625561
18107,Montgomery,IN,1307030255,Indiana,IN,Montgomery,16.000000,13.000000,6.000000,37936.000000,20073.000000,True,nonmetro,0,27.276053,0,27.276053,0,27.276053
18109,Morgan,IN,1045924429,Indiana,IN,Morgan,38.000000,39.000000,1.000000,71780.000000,38833.000000,True,metro,0,22.158903,0,22.158903,0,22.158903
18111,Newton,IN,1040539827,Indiana,IN,Newton,,,1.000000,13830.000000,13830.000000,False,metro,0,29.918393,0,29.918393,0,29.918393
18113,Noble,IN,1064083614,Indiana,IN,Noble,26.000000,28.000000,6.000000,47457.000000,36870.000000,True,nonmetro,0,24.620740,0,61.737157,0,23.282212
18115,Ohio,IN,223126824,Indiana,IN,Ohio,,,1.000000,5940.000000,5940.000000,False,metro,0,24.392004,0,24.392004,0,24.392004
18117,Orange,IN,1031795759,Indiana,IN,Orange,11.000000,10.000000,8.000000,19867.000000,19867.000000,True,nonmetro,0,45.393071,0,45.393071,0,45.393071
18119,Owen,IN,997909074,Indiana,IN,Owen,12.000000,12.000000,3.000000,21321.000000,21321.000000,True,metro,0,46.555536,0,46.555536,0,46.555536
18121,Parke,IN,1151822275,Indiana,IN,Parke,,,8.000000,16156.000000,16055.000000,False,nonmetro,0,48.888935,0,48.888935,0,48.888935
18123,Perry,IN,988702370,Indiana,IN,Perry,,10.000000,7.000000,19170.000000,10409.000000,False,nonmetro,0,54.370602,0,54.370602,0,27.676273
18125,Pike,IN,865841645,Indiana,IN,Pike,10.000000,,8.000000,12250.000000,12250.000000,True,nonmetro,0,80.814407,0,80.814407,0,36.113536
18127,Porter,IN,1082885598,Indiana,IN,Porter,83.000000,72.000000,1.000000,173215.000000,40843.000000,True,metro,0,13.263832,0,13.263832,1,6.419287
18129,Posey,IN,1060302147,Indiana,IN,Posey,11.000000,11.000000,2.000000,25222.000000,17759.000000,True,metro,0,113.340990,0,113.340990,0,15.739891
18131,Pulaski,IN,1123212810,Indiana,IN,Pulaski,,,8.000000,12514.000000,12514.000000,False,nonmetro,0,42.522970,0,42.522970,0,35.449322
18133,Putnam,IN,1244585887,Indiana,IN,Putnam,21.000000,22.000000,6.000000,36726.000000,26536.000000,True,nonmetro,0,37.351025,0,37.351025,0,37.351025
18135,Randolph,IN,1171656774,Indiana,IN,Randolph,22.000000,22.000000,6.000000,24502.000000,16310.000000,True,nonmetro,0,24.951875,0,24.951875,0,24.951875
18137,Ripley,IN,1156231104,Indiana,IN,Ripley,21.000000,19.000000,6.000000,28995.000000,23592.000000,True,nonmetro,0,38.440449,0,38.440449,0,38.440449
18139,Rush,IN,1057069330,Indiana,IN,Rush,,,6.000000,16752.000000,10283.000000,False,nonmetro,0,33.167498,0,33.167498,0,33.167498
18141,St. Joseph,IN,1185636242,Indiana,IN,St. Joseph,152.000000,157.000000,2.000000,272912.000000,27344.000000,True,metro,0,52.406118,0,52.406118,0,13.348906
18143,Scott,IN,493140245,Indiana,IN,Scott,12.000000,12.000000,6.000000,24384.000000,16806.000000,True,nonmetro,0,25.783156,0,25.783156,0,25.783156
18145,Shelby,IN,1064843749,Indiana,IN,Shelby,18.000000,25.000000,1.000000,45055.000000,23695.000000,True,metro,0,25.655935,0,25.655935,0,25.655935
18147,Spencer,IN,1027918647,Indiana,IN,Spencer,12.000000,12.000000,8.000000,19810.000000,19810.000000,True,nonmetro,0,70.106978,0,70.106978,0,18.365993
18149,Starke,IN,800679813,Indiana,IN,Starke,10.000000,12.000000,8.000000,23371.000000,23371.000000,True,nonmetro,0,39.254790,0,39.254790,0,26.542729
18151,Steuben,IN,799729203,Indiana,IN,Steuben,17.000000,16.000000,7.000000,34435.000000,21749.000000,True,nonmetro,0,36.585658,0,53.456814,0,36.585658
18153,Sullivan,IN,1158170861,Indiana,IN,Sullivan,,,3.000000,20817.000000,15943.000000,False,metro,0,79.431376,0,79.431376,0,75.523165
18155,Switzerland,IN,571526245,Indiana,IN,Switzerland,,,8.000000,9737.000000,9737.000000,False,nonmetro,0,34.651161,0,34.651161,0,34.651161
18157,Tippecanoe,IN,1292163451,Indiana,IN,Tippecanoe,62.000000,61.000000,3.000000,186251.000000,29151.000000,True,metro,1,3.626591,1,3.626591,1,3.626591
18159,Tipton,IN,674797598,Indiana,IN,Tipton,,,1.000000,15359.000000,9452.000000,False,metro,0,37.828351,0,37.828351,0,23.254796
18161,Union,IN,417480470,Indiana,IN,Union,,,8.000000,7087.000000,7087.000000,False,nonmetro,0,14.681983,0,14.681983,0,14.681983
18163,Vanderburgh,IN,604506363,Indiana,IN,Vanderburgh,107.000000,110.000000,2.000000,180136.000000,14333.000000,True,metro,0,98.941695,0,98.941695,1,3.962126
18165,Vermillion,IN,665275343,Indiana,IN,Vermillion,14.000000,16.000000,3.000000,15439.000000,9056.000000,True,metro,0,48.080582,0,48.080582,0,48.080582
18167,Vigo,IN,1045344987,Indiana,IN,Vigo,47.000000,60.000000,3.000000,106153.000000,26291.000000,True,metro,0,62.535603,0,62.535603,0,62.535603
18169,Wabash,IN,1068468084,Indiana,IN,Wabash,27.000000,29.000000,6.000000,30976.000000,15534.000000,True,nonmetro,0,40.511789,0,65.348943,0,40.511789
18171,Warren,IN,944543938,Indiana,IN,Warren,,,3.000000,8440.000000,8440.000000,False,metro,0,23.501430,0,23.501430,0,23.501430
18173,Warrick,IN,996739079,Indiana,IN,Warrick,33.000000,31.000000,2.000000,63898.000000,17087.000000,True,metro,0,88.438539,0,88.438539,0,11.691451
18175,Washington,IN,1330443086,Indiana,IN,Washington,14.000000,15.000000,1.000000,28182.000000,21565.000000,True,metro,0,28.426339,0,28.426339,0,28.426339
18177,Wayne,IN,1040539270,Indiana,IN,Wayne,40.000000,39.000000,5.000000,66553.000000,25090.000000,True,nonmetro,1,4.773324,1,4.773324,3,4.773324
18179,Wells,IN,953341275,Indiana,IN,Wells,19.000000,20.000000,2.000000,28180.000000,17834.000000,True,metro,0,25.223044,0,67.071223,0,25.223044
18181,White,IN,1308303895,Indiana,IN,White,14.000000,12.000000,6.000000,24688.000000,15156.000000,True,nonmetro,0,23.639168,0,23.639168,0,23.639168
18183,Whitley,IN,869117984,Indiana,IN,Whitley,20.000000,18.000000,2.000000,34191.000000,23621.000000,True,metro,0,18.834196,0,78.302909,0,18.834196
19001,Adair,IA,1474404201,Iowa,IA,Adair,,,8.000000,7496.000000,7496.000000,False,nonmetro,0,43.202935,0,43.202935,0,43.202935
19003,Adams,IA,1096686247,Iowa,IA,Adams,,,9.000000,3704.000000,3704.000000,False,nonmetro,0,63.111550,0,63.111550,0,60.923203
19005,Allamakee,IA,1655115638,Iowa,IA,Allamakee,,,8.000000,14061.000000,14061.000000,False,nonmetro,0,74.725083,0,74.725083,0,39.342093
19007,Appanoose,IA,1287973257,Iowa,IA,Appanoose,,,7.000000,12317.000000,7048.000000,False,nonmetro,0,72.736206,0,72.736206,0,70.983440
19009,Audubon,IA,1147264573,Iowa,IA,Audubon,,,9.000000,5674.000000,5674.000000,False,nonmetro,0,60.199401,0,60.199401,0,56.433976
19011,Benton,IA,1854696288,Iowa,IA,Benton,14.000000,13.000000,2.000000,25575.000000,20795.000000,True,metro,0,20.928813,0,20.928813,0,20.928813
19013,Black Hawk,IA,1465303205,Iowa,IA,Black Hawk,60.000000,56.000000,3.000000,131144.000000,17005.000000,True,metro,0,50.004081,0,50.004081,0,50.004081
19015,Boone,IA,1477555796,Iowa,IA,Boone,15.000000,18.000000,3.000000,26715.000000,14204.000000,True,metro,0,32.584787,0,32.584787,0,32.539790
19017,Bremer,IA,1127885578,Iowa,IA,Bremer,,,3.000000,24988.000000,15829.000000,False,metro,0,63.334206,0,63.334206,0,63.334206
19019,Buchanan,IA,1479086713,Iowa,IA,Buchanan,,,6.000000,20565.000000,13794.000000,False,nonmetro,0,35.735838,0,35.735838,0,35.735838
19021,Buena Vista,IA,1488981867,Iowa,IA,Buena Vista,,,7.000000,20823.000000,8963.000000,False,nonmetro,0,97.694985,0,97.694985,0,97.694985
19023,Butler,IA,1502550829,Iowa,IA,Butler,,,8.000000,14334.000000,14334.000000,False,nonmetro,0,74.620603,0,74.620603,0,74.620603
19025,Calhoun,IA,1475894578,Iowa,IA,Calhoun,,,9.000000,9927.000000,9927.000000,False,nonmetro,0,73.818531,0,73.818531,0,73.818531
19027,Carroll,IA,1474877210,Iowa,IA,Carroll,,,7.000000,20760.000000,10610.000000,False,nonmetro,0,67.068435,0,67.068435,0,66.400407
19029,Cass,IA,1461422457,Iowa,IA,Cass,10.000000,,6.000000,13127.000000,6519.000000,True,nonmetro,0,50.745220,0,50.745220,0,46.618786
19031,Cedar,IA,1500798731,Iowa,IA,Cedar,,12.000000,8.000000,18505.000000,18505.000000,False,nonmetro,0,20.482527,0,20.482527,0,20.482527
19033,Cerro Gordo,IA,1471889949,Iowa,IA,Cerro Gordo,18.000000,20.000000,5.000000,43127.000000,8767.000000,True,nonmetro,0,72.617933,0,72.617933,0,72.617933
19035,Cherokee,IA,1494181143,Iowa,IA,Cherokee,,,9.000000,11658.000000,6953.000000,False,nonmetro,0,79.274922,0,79.274922,0,79.274922
19037,Chickasaw,IA,1306192614,Iowa,IA,Chickasaw,,10.000000,8.000000,12012.000000,12012.000000,False,nonmetro,0,68.405569,0,68.405569,0,68.405569
19039,Clarke,IA,1116573604,Iowa,IA,Clarke,,,6.000000,9748.000000,4465.000000,False,nonmetro,0,37.885475,0,37.885475,0,37.885475
19041,Clay,IA,1469139465,Iowa,IA,Clay,,,7.000000,16384.000000,5417.000000,False,nonmetro,0,83.941624,0,83.941624,0,83.941624
19043,Clayton,IA,2016295985,Iowa,IA,Clayton,,,8.000000,17043.000000,16885.000000,False,nonmetro,0,61.618254,0,61.618254,0,55.386188
19045,Clinton,IA,1799934696,Iowa,IA,Clinton,29.000000,29.000000,4.000000,46460.000000,14007.000000,True,nonmetro,0,28.270333,0,28.270333,0,28.270333
19047,Crawford,IA,1849765416,Iowa,IA,Crawford,,10.000000,7.000000,16525.000000,8383.000000,False,nonmetro,0,61.364481,0,61.364481,0,59.105323
19049,Dallas,IA,1523686079,Iowa,IA,Dallas,24.000000,24.000000,2.000000,99678.000000,21280.000000,True,metro,0,11.127584,0,11.127584,0,11.127584
19051,Davis,IA,1300661926,Iowa,IA,Davis,,,9.000000,9110.000000,9110.000000,False,nonmetro,0,77.424308,0,77.424308,0,77.404112
19053,Decatur,IA,1377569408,Iowa,IA,Decatur,,,9.000000,7645.000000,7645.000000,False,nonmetro,0,60.192485,0,60.192485,0,60.192485
19055,Delaware,IA,1496193400,Iowa,IA,Delaware,,,8.000000,17488.000000,12575.000000,False,nonmetro,0,35.592323,0,35.592323,0,35.592323
19057,Des Moines,IA,1077768376,Iowa,IA,Des Moines,22.000000,23.000000,5.000000,38910.000000,10497.000000,True,nonmetro,0,55.157464,0,55.157464,0,55.157464
19059,Dickinson,IA,985574547,Iowa,IA,Dickinson,,,7.000000,17703.000000,4747.000000,False,nonmetro,0,80.656527,0,80.656527,0,80.656527
19061,Dubuque,IA,1575487976,Iowa,IA,Dubuque,45.000000,43.000000,3.000000,99266.000000,31492.000000,True,metro,0,56.321530,0,56.321530,0,56.321530
19063,Emmet,IA,1025349325,Iowa,IA,Emmet,,,7.000000,9388.000000,3614.000000,False,nonmetro,0,98.969035,0,98.969035,0,98.969035
19065,Fayette,IA,1892806735,Iowa,IA,Fayette,,,6.000000,19509.000000,13638.000000,False,nonmetro,0,57.527102,0,57.527102,0,56.376487
19067,Floyd,IA,1296471923,Iowa,IA,Floyd,,,7.000000,15627.000000,8372.000000,False,nonmetro,0,67.143273,0,67.143273,0,67.143273
19069,Franklin,IA,1507291799,Iowa,IA,Franklin,,,9.000000,10019.000000,10019.000000,False,nonmetro,0,84.951206,0,84.951206,0,82.048243
19071,Fremont,IA,1323918215,Iowa,IA,Fremont,,,8.000000,6605.000000,6596.000000,False,nonmetro,0,38.819634,0,38.819634,0,37.574671
19073,Greene,IA,1475154712,Iowa,IA,Greene,,,8.000000,8771.000000,8771.000000,False,nonmetro,0,46.580819,0,46.580819,0,46.580819
19075,Grundy,IA,1299799697,Iowa,IA,Grundy,,,3.000000,12329.000000,12329.000000,False,metro,0,61.890310,0,61.890310,0,61.127804
19077,Guthrie,IA,1529656705,Iowa,IA,Guthrie,,,2.000000,10623.000000,10623.000000,False,metro,0,37.781159,0,37.781159,0,37.781159
19079,Hamilton,IA,1493720721,Iowa,IA,Hamilton,,,6.000000,15039.000000,7433.000000,False,nonmetro,0,57.589806,0,57.589806,0,56.480108
19081,Hancock,IA,1478895055,Iowa,IA,Hancock,,,9.000000,10795.000000,10795.000000,False,nonmetro,0,89.130013,0,89.130013,0,89.130013
19083,Hardin,IA,1474498036,Iowa,IA,Hardin,10.000000,12.000000,6.000000,16878.000000,11820.000000,True,nonmetro,0,64.836999,0,64.836999,0,61.441536
19085,Harrison,IA,1804896271,Iowa,IA,Harrison,,,2.000000,14582.000000,14582.000000,False,metro,0,29.051286,0,29.051286,0,27.959970
19087,Henry,IA,1124800194,Iowa,IA,Henry,,12.000000,6.000000,20482.000000,11198.000000,False,nonmetro,0,47.309058,0,47.309058,0,47.309058
19089,Howard,IA,1225702841,Iowa,IA,Howard,,,8.000000,9469.000000,9469.000000,False,nonmetro,0,47.676016,0,47.676016,0,47.676016
19091,Humboldt,IA,1125017998,Iowa,IA,Humboldt,,,7.000000,9597.000000,4258.000000,False,nonmetro,0,84.917861,0,84.917861,0,84.881885
19093,Ida,IA,1117614339,Iowa,IA,Ida,,,8.000000,7005.000000,7005.000000,False,nonmetro,0,81.728917,0,81.728917,0,80.313609
19095,Iowa,IA,1518911689,Iowa,IA,Iowa,11.000000,11.000000,8.000000,16662.000000,16662.000000,True,nonmetro,0,26.153621,0,26.153621,0,26.153621
19097,Jackson,IA,1647344929,Iowa,IA,Jackson,13.000000,14.000000,6.000000,19485.000000,13387.000000,True,nonmetro,0,44.243984,0,44.243984,0,44.243984
19099,Jasper,IA,1891795109,Iowa,IA,Jasper,21.000000,18.000000,2.000000,37813.000000,21870.000000,True,metro,0,34.075464,0,34.075464,0,28.635396
19101,Jefferson,IA,1128002393,Iowa,IA,Jefferson,,,7.000000,15663.000000,6452.000000,False,nonmetro,0,50.287773,0,50.287773,0,50.287773
19103,Johnson,IA,1587662015,Iowa,IA,Johnson,28.000000,32.000000,3.000000,152854.000000,25458.000000,True,metro,10,4.214457,9,4.214457,14,4.214457
19105,Jones,IA,1490844762,Iowa,IA,Jones,10.000000,11.000000,2.000000,20646.000000,15235.000000,True,metro,0,24.944639,0,24.944639,0,24.944639
19107,Keokuk,IA,1500056812,Iowa,IA,Keokuk,,,8.000000,10033.000000,10033.000000,False,nonmetro,0,41.081939,0,41.081939,0,41.081939
19109,Kossuth,IA,2519361809,Iowa,IA,Kossuth,,,7.000000,14828.000000,9385.000000,False,nonmetro,0,104.014768,0,104.014768,0,103.963925
19111,Lee,IA,1340448561,Iowa,IA,Lee,21.000000,21.000000,7.000000,33555.000000,13740.000000,True,nonmetro,0,76.445834,0,76.445834,0,43.348449
19113,Linn,IA,1857173066,Iowa,IA,Linn,94.000000,89.000000,2.000000,230299.000000,31532.000000,True,metro,1,4.703318,1,4.703318,1,4.703318
19115,Louisa,IA,1040583976,Iowa,IA,Louisa,,,8.000000,10837.000000,10837.000000,False,nonmetro,0,33.335894,0,33.335894,0,33.335894
19117,Lucas,IA,1115458264,Iowa,IA,Lucas,,,8.000000,8634.000000,8634.000000,False,nonmetro,0,43.694193,0,43.694193,0,42.955569
19119,Lyon,IA,1521901261,Iowa,IA,Lyon,,,8.000000,11934.000000,11934.000000,False,nonmetro,0,27.645415,0,27.645415,0,27.645415
19121,Madison,IA,1452999052,Iowa,IA,Madison,,,2.000000,16548.000000,11471.000000,False,metro,0,21.741487,0,21.741487,0,21.741487
19123,Mahaska,IA,1478498332,Iowa,IA,Mahaska,14.000000,13.000000,7.000000,22190.000000,9649.000000,True,nonmetro,0,57.154411,0,57.154411,0,53.370185
19125,Marion,IA,1436123086,Iowa,IA,Marion,15.000000,16.000000,6.000000,33414.000000,15693.000000,True,nonmetro,0,38.265537,0,38.265537,0,34.345312
19127,Marshall,IA,1482776070,Iowa,IA,Marshall,20.000000,18.000000,4.000000,40105.000000,12724.000000,True,nonmetro,0,50.768528,0,50.768528,0,45.689494
19129,Mills,IA,1132940500,Iowa,IA,Mills,,,2.000000,14484.000000,9475.000000,False,metro,0,19.350373,0,19.350373,0,17.289759
19131,Mitchell,IA,1215368212,Iowa,IA,Mitchell,,,9.000000,10565.000000,10565.000000,False,nonmetro,0,50.560761,0,50.560761,0,50.560761
19133,Monona,IA,1797639077,Iowa,IA,Monona,,,8.000000,8751.000000,8751.000000,False,nonmetro,0,56.322693,0,56.322693,0,56.015151
19135,Monroe,IA,1123320781,Iowa,IA,Monroe,,,9.000000,7577.000000,7577.000000,False,nonmetro,0,59.407072,0,59.407072,0,56.508698
19137,Montgomery,IA,1098405771,Iowa,IA,Montgomery,,,6.000000,10330.000000,4814.000000,False,nonmetro,0,43.657465,0,43.657465,0,40.051363
19139,Muscatine,IA,1132977286,Iowa,IA,Muscatine,24.000000,20.000000,4.000000,43235.000000,18091.000000,True,nonmetro,0,23.308149,0,23.308149,0,23.308149
19141,O'Brien,IA,1484153957,Iowa,IA,Obrien,,,7.000000,14182.000000,9051.000000,False,nonmetro,0,59.411628,0,59.411628,0,59.411628
19143,Osceola,IA,1032593803,Iowa,IA,Osceola,,,9.000000,6192.000000,6192.000000,False,nonmetro,0,53.610228,0,53.610228,0,53.610228
19145,Page,IA,1385497642,Iowa,IA,Page,,,6.000000,15211.000000,5135.000000,False,nonmetro,0,52.950761,0,52.950761,0,50.254507
19147,Palo Alto,IA,1460400553,Iowa,IA,Palo Alto,,,9.000000,8996.000000,8996.000000,False,nonmetro,0,105.069433,0,105.069433,0,105.069433
19149,Plymouth,IA,2234715257,Iowa,IA,Plymouth,11.000000,11.000000,6.000000,25698.000000,15560.000000,True,nonmetro,0,61.447878,0,61.447878,0,61.447878
19151,Pocahontas,IA,1495047209,Iowa,IA,Pocahontas,,,9.000000,7078.000000,7078.000000,False,nonmetro,0,95.453274,0,95.453274,0,95.453274
19153,Polk,IA,1481988336,Iowa,IA,Polk,171.000000,170.000000,2.000000,492401.000000,22027.000000,True,metro,3,7.197334,3,7.197334,8,5.080355
19155,Pottawattamie,IA,2463771925,Iowa,IA,Pottawattamie,43.000000,45.000000,2.000000,93667.000000,25220.000000,True,metro,0,8.339538,0,8.339538,1,5.511316
19157,Poweshiek,IA,1514945164,Iowa,IA,Poweshiek,17.000000,19.000000,6.000000,18662.000000,9176.000000,True,nonmetro,0,50.880999,0,50.880999,0,47.201511
19159,Ringgold,IA,1386932363,Iowa,IA,Ringgold,,,9.000000,4663.000000,4663.000000,False,nonmetro,0,64.167405,0,64.167405,0,64.167405
19161,Sac,IA,1489300203,Iowa,IA,Sac,,,9.000000,9814.000000,9814.000000,False,nonmetro,0,86.291652,0,86.291652,0,85.181294
19163,Scott,IA,1186463557,Iowa,IA,Scott,89.000000,87.000000,2.000000,174669.000000,23192.000000,True,metro,0,5.445531,0,5.445531,0,5.445531
19165,Shelby,IA,1530110527,Iowa,IA,Shelby,,,8.000000,11746.000000,7033.000000,False,nonmetro,0,42.635529,0,42.635529,0,39.379923
19167,Sioux,IA,1988888495,Iowa,IA,Sioux,10.000000,12.000000,6.000000,35872.000000,20307.000000,True,nonmetro,0,43.026147,0,43.026147,0,43.026147
19169,Story,IA,1482882553,Iowa,IA,Story,26.000000,23.000000,3.000000,98537.000000,25468.000000,True,metro,0,31.734596,0,31.734596,0,29.673614
19171,Tama,IA,1867410499,Iowa,IA,Tama,,,6.000000,17135.000000,11872.000000,False,nonmetro,0,46.880134,0,46.880134,0,46.880134
19173,Taylor,IA,1377618877,Iowa,IA,Taylor,,,9.000000,5896.000000,5896.000000,False,nonmetro,0,70.697834,0,70.697834,0,68.632156
19175,Union,IA,1097235808,Iowa,IA,Union,,,6.000000,12138.000000,4631.000000,False,nonmetro,0,48.030199,0,48.030199,0,48.030199
19177,Van Buren,IA,1255605714,Iowa,IA,Van Buren,,,9.000000,7203.000000,7203.000000,False,nonmetro,0,66.880001,0,66.880001,0,61.668607
19179,Wapello,IA,1118466714,Iowa,IA,Wapello,18.000000,20.000000,5.000000,35437.000000,10418.000000,True,nonmetro,0,64.176914,0,64.176914,0,64.176914
19181,Warren,IA,1475870257,Iowa,IA,Warren,21.000000,23.000000,2.000000,52403.000000,24668.000000,True,metro,0,13.798985,0,13.798985,0,13.282997
19183,Washington,IA,1473258536,Iowa,IA,Washington,,,3.000000,22565.000000,15719.000000,False,metro,0,22.497094,0,22.497094,0,22.497094
19185,Wayne,IA,1360957553,Iowa,IA,Wayne,,,9.000000,6497.000000,6497.000000,False,nonmetro,0,62.178250,0,62.178250,0,61.981117
19187,Webster,IA,1853670893,Iowa,IA,Webster,17.000000,17.000000,5.000000,36999.000000,12300.000000,True,nonmetro,0,67.003810,0,67.003810,0,67.003810
19189,Winnebago,IA,1037261956,Iowa,IA,Winnebago,,,9.000000,10679.000000,10679.000000,False,nonmetro,0,76.102859,0,76.102859,0,76.102859
19191,Winneshiek,IA,1786666617,Iowa,IA,Winneshiek,,,7.000000,20070.000000,12077.000000,False,nonmetro,0,60.902836,0,60.902836,0,46.222185
19193,Woodbury,IA,2260790940,Iowa,IA,Woodbury,43.000000,40.000000,3.000000,105941.000000,17086.000000,True,metro,0,74.890158,0,74.890158,0,74.867983
19195,Worth,IA,1036314932,Iowa,IA,Worth,,,9.000000,7443.000000,7443.000000,False,nonmetro,0,59.742652,0,59.742652,0,59.742652
19197,Wright,IA,1503268877,Iowa,IA,Wright,,,9.000000,12943.000000,12943.000000,False,nonmetro,0,80.168450,0,80.168450,0,78.907113
20001,Allen,KS,1295764235,Kansas,KS,Allen,,,7.000000,12526.000000,6681.000000,False,nonmetro,0,80.867951,0,80.867951,0,80.867951
20003,Anderson,KS,1501263686,Kansas,KS,Anderson,,,8.000000,7836.000000,7836.000000,False,nonmetro,0,58.714936,0,58.714936,0,58.714936
20005,Atchison,KS,1116736555,Kansas,KS,Atchison,,,6.000000,16348.000000,5441.000000,False,nonmetro,0,40.352131,0,40.352131,0,40.352131
20007,Barber,KS,2937240779,Kansas,KS,Barber,,,9.000000,4228.000000,4228.000000,False,nonmetro,0,75.156912,0,75.156912,0,68.206395
20009,Barton,KS,2318705423,Kansas,KS,Barton,11.000000,12.000000,7.000000,25493.000000,10727.000000,True,nonmetro,0,91.423075,0,91.423075,0,50.732578
20011,Bourbon,KS,1645836643,Kansas,KS,Bourbon,,,6.000000,14360.000000,6921.000000,False,nonmetro,0,78.712623,0,78.712623,0,78.712623
20013,Brown,KS,1478550072,Kansas,KS,Brown,10.000000,,8.000000,9508.000000,9508.000000,True,nonmetro,0,52.835316,0,52.835316,0,52.835316
20015,Butler,KS,3702922899,Kansas,KS,Butler,28.000000,32.000000,2.000000,67380.000000,31063.000000,True,metro,0,19.794360,0,19.794360,0,19.531089
20017,Chase,KS,2002198770,Kansas,KS,Chase,,,8.000000,2572.000000,2572.000000,False,nonmetro,0,62.577522,0,62.577522,0,47.831628
20019,Chautauqua,KS,1654694134,Kansas,KS,Chautauqua,,,9.000000,3379.000000,3379.000000,False,nonmetro,0,67.720429,0,67.720429,0,67.720429
20021,Cherokee,KS,1521791029,Kansas,KS,Cherokee,14.000000,12.000000,3.000000,19362.000000,19362.000000,True,metro,0,80.549702,0,80.549702,0,78.485460
20023,Cheyenne,KS,2641501921,Kansas,KS,Cheyenne,,,9.000000,2616.000000,2616.000000,False,nonmetro,0,164.366533,0,164.366533,0,164.366533
20025,Clark,KS,2524300310,Kansas,KS,Clark,,,9.000000,1991.000000,1991.000000,False,nonmetro,0,142.384130,0,142.384130,0,119.339005
20027,Clay,KS,1671315276,Kansas,KS,Clay,,,8.000000,8117.000000,3986.000000,False,nonmetro,0,80.200652,0,80.200652,0,80.200652
20029,Cloud,KS,1852726651,Kansas,KS,Cloud,,,7.000000,9032.000000,4001.000000,False,nonmetro,0,109.992765,0,109.992765,0,99.466253
20031,Coffey,KS,1623623917,Kansas,KS,Coffey,,,8.000000,8360.000000,8360.000000,False,nonmetro,0,55.531501,0,55.531501,0,55.531501
20033,Comanche,KS,2041681089,Kansas,KS,Comanche,,,9.000000,1689.000000,1689.000000,False,nonmetro,0,116.047953,0,116.047953,0,97.476772
20035,Cowley,KS,2915648171,Kansas,KS,Cowley,21.000000,17.000000,4.000000,34549.000000,11054.000000,True,nonmetro,0,40.690083,0,40.690083,0,40.690083
20037,Crawford,KS,1527499258,Kansas,KS,Crawford,19.000000,22.000000,4.000000,38972.000000,15852.000000,True,nonmetro,0,80.200414,0,80.200414,0,80.200414
20039,Decatur,KS,2314199333,Kansas,KS,Decatur,,,9.000000,2764.000000,2764.000000,False,nonmetro,0,223.687482,0,223.687482,0,182.636899
20041,Dickinson,KS,2193895360,Kansas,KS,Dickinson,12.000000,13.000000,6.000000,18402.000000,11797.000000,True,nonmetro,0,79.044717,0,79.044717,0,59.316237
20043,Doniphan,KS,1019105691,Kansas,KS,Doniphan,,,3.000000,7510.000000,5383.000000,False,metro,0,52.038576,0,52.038576,0,52.038576
20045,Douglas,KS,1180428103,Kansas,KS,Douglas,37.000000,34.000000,3.000000,118785.000000,17387.000000,True,metro,0,23.373802,0,23.373802,0,23.373802
20047,Edwards,KS,1610699245,Kansas,KS,Edwards,,,9.000000,2907.000000,2907.000000,False,nonmetro,0,111.069571,0,111.069571,0,78.167961
20049,Elk,KS,1668636744,Kansas,KS,Elk,,,8.000000,2483.000000,2483.000000,False,nonmetro,0,62.961625,0,62.961625,0,62.961625
20051,Ellis,KS,2330762295,Kansas,KS,Ellis,,,5.000000,28934.000000,7054.000000,False,nonmetro,0,135.811097,0,135.811097,0,94.687665
20053,Ellsworth,KS,1853331064,Kansas,KS,Ellsworth,,,9.000000,6376.000000,6376.000000,False,nonmetro,0,87.455049,0,87.455049,0,49.439953
20055,Finney,KS,3372157852,Kansas,KS,Finney,,12.000000,5.000000,38470.000000,7494.000000,False,nonmetro,0,193.377888,0,193.377888,0,159.765146
20057,Ford,KS,2844508242,Kansas,KS,Ford,,12.000000,5.000000,34287.000000,6585.000000,False,nonmetro,0,145.354049,0,145.354049,0,114.657043
20059,Franklin,KS,1480882204,Kansas,KS,Franklin,11.000000,11.000000,6.000000,25996.000000,13535.000000,True,nonmetro,0,37.318729,0,37.318729,0,37.318729
20061,Geary,KS,996272886,Kansas,KS,Geary,,,3.000000,36739.000000,4270.000000,False,metro,0,62.310478,0,62.310478,0,62.310478
20063,Gove,KS,2775601942,Kansas,KS,Gove,,,9.000000,2718.000000,2718.000000,False,nonmetro,0,189.419830,0,189.419830,0,148.784046
20065,Graham,KS,2327173854,Kansas,KS,Graham,,,9.000000,2415.000000,2415.000000,False,nonmetro,0,178.247269,0,178.247269,0,137.168967
20067,Grant,KS,1488745962,Kansas,KS,Grant,,,7.000000,7352.000000,1487.000000,False,nonmetro,0,165.115772,0,165.115772,0,165.115772
20069,Gray,KS,2250356174,Kansas,KS,Gray,,,9.000000,5653.000000,5653.000000,False,nonmetro,0,168.217743,0,168.217743,0,137.485589
20071,Greeley,KS,2016057907,Kansas,KS,Greeley,,,9.000000,1284.000000,1284.000000,False,nonmetro,0,167.029868,0,167.029868,0,167.029868
20073,Greenwood,KS,2961143636,Kansas,KS,Greenwood,,,8.000000,6016.000000,6016.000000,False,nonmetro,0,62.535539,0,62.535539,0,61.152451
20075,Hamilton,KS,2580958328,Kansas,KS,Hamilton,,,9.000000,2518.000000,2518.000000,False,nonmetro,0,175.882490,0,175.882490,0,175.882490
20077,Harper,KS,2075290355,Kansas,KS,Harper,,,8.000000,5485.000000,5485.000000,False,nonmetro,0,51.216283,0,51.216283,0,51.216283
20079,Harvey,KS,1397961179,Kansas,KS,Harvey,22.000000,25.000000,2.000000,34024.000000,13646.000000,True,metro,0,24.883177,0,24.883177,1,3.891564
20081,Haskell,KS,1495772609,Kansas,KS,Haskell,,,9.000000,3780.000000,3780.000000,False,nonmetro,0,165.546569,0,165.546569,0,165.546569
20083,Hodgeman,KS,2227369150,Kansas,KS,Hodgeman,,,9.000000,1723.000000,1723.000000,False,nonmetro,0,140.211381,0,140.211381,0,105.008255
20085,Jackson,KS,1699600349,Kansas,KS,Jackson,,,3.000000,13232.000000,13232.000000,False,metro,0,25.119804,0,25.119804,0,25.119804
20087,Jefferson,KS,1379494403,Kansas,KS,Jefferson,,10.000000,3.000000,18368.000000,18208.000000,False,metro,0,19.343084,0,19.343084,0,19.343084
20089,Jewell,KS,2356813568,Kansas,KS,Jewell,,,9.000000,2932.000000,2932.000000,False,nonmetro,0,143.683478,0,143.683478,0,107.275775
20091,Johnson,KS,1226694710,Kansas,KS,Johnson,240.000000,225.000000,1.000000,609863.000000,24622.000000,True,metro,2,7.336950,2,7.336950,7,7.202394
20093,Kearny,KS,2254696661,Kansas,KS,Kearny,,,9.000000,3983.000000,3983.000000,False,nonmetro,0,191.407651,0,191.407651,0,180.454711
20095,Kingman,KS,2236245128,Kansas,KS,Kingman,14.000000,15.000000,8.000000,7470.000000,7470.000000,True,nonmetro,0,42.093032,0,42.093032,0,33.016199
20097,Kiowa,KS,1871627807,Kansas,KS,Kiowa,,,9.000000,2460.000000,2460.000000,False,nonmetro,0,104.966723,0,104.966723,0,78.999459
20099,Labette,KS,1671560715,Kansas,KS,Labette,,11.000000,7.000000,20184.000000,10751.000000,False,nonmetro,0,86.653434,0,86.653434,0,86.653434
20101,Lane,KS,1858080220,Kansas,KS,Lane,,,9.000000,1574.000000,1574.000000,False,nonmetro,0,180.002046,0,180.002046,0,141.839311
20103,Leavenworth,KS,1200218357,Kansas,KS,Leavenworth,26.000000,29.000000,1.000000,81881.000000,27183.000000,True,metro,0,20.548340,0,20.548340,0,20.548340
20105,Lincoln,KS,1863226707,Kansas,KS,Lincoln,,,9.000000,2939.000000,2939.000000,False,nonmetro,0,103.542979,0,103.542979,0,68.720786
20107,Linn,KS,1538662702,Kansas,KS,Linn,,,1.000000,9591.000000,9591.000000,False,metro,0,51.906677,0,51.906677,0,51.906677
20109,Logan,KS,2779039723,Kansas,KS,Logan,,,9.000000,2762.000000,2762.000000,False,nonmetro,0,210.013660,0,210.013660,0,176.929117
20111,Lyon,KS,2194958222,Kansas,KS,Lyon,17.000000,16.000000,4.000000,32179.000000,8097.000000,True,nonmetro,0,51.438782,0,51.438782,0,51.438782
20113,McPherson,KS,2326547430,Kansas,KS,McPherson,22.000000,22.000000,7.000000,30223.000000,16184.000000,True,nonmetro,0,50.703410,0,50.703410,0,26.382808
20115,Marion,KS,2445722726,Kansas,KS,Marion,,,8.000000,11823.000000,11823.000000,False,nonmetro,0,45.357514,0,45.357514,0,23.049168
20117,Marshall,KS,2331441861,Kansas,KS,Marshall,,,8.000000,10038.000000,10038.000000,False,nonmetro,0,70.905495,0,70.905495,0,65.233145
20119,Meade,KS,2533222397,Kansas,KS,Meade,,,9.000000,4055.000000,4055.000000,False,nonmetro,0,163.864265,0,163.864265,0,144.989743
20121,Miami,KS,1491519067,Kansas,KS,Miami,18.000000,18.000000,1.000000,34191.000000,25774.000000,True,metro,0,28.580686,0,28.580686,0,28.580686
20123,Mitchell,KS,1817632931,Kansas,KS,Mitchell,,,9.000000,5796.000000,5796.000000,False,nonmetro,0,130.019041,0,130.019041,0,97.385164
20125,Montgomery,KS,1666900085,Kansas,KS,Montgomery,24.000000,23.000000,7.000000,31486.000000,14293.000000,True,nonmetro,0,70.514044,0,70.514044,0,70.514044
20127,Morris,KS,1800929255,Kansas,KS,Morris,,,8.000000,5386.000000,5386.000000,False,nonmetro,0,54.508411,0,54.508411,0,54.508411
20129,Morton,KS,1889993632,Kansas,KS,Morton,,,9.000000,2701.000000,2701.000000,False,nonmetro,0,125.836088,0,125.836088,0,125.836088
20131,Nemaha,KS,1858127934,Kansas,KS,Nemaha,,,9.000000,10273.000000,10273.000000,False,nonmetro,0,56.505834,0,56.505834,0,56.505834
20133,Neosho,KS,1480129682,Kansas,KS,Neosho,11.000000,12.000000,7.000000,15904.000000,7194.000000,True,nonmetro,0,96.982572,0,96.982572,0,96.982572
20135,Ness,KS,2783562234,Kansas,KS,Ness,,,9.000000,2687.000000,2687.000000,False,nonmetro,0,149.684992,0,149.684992,0,110.753669
20137,Norton,KS,2274122718,Kansas,KS,Norton,,,9.000000,5459.000000,5459.000000,False,nonmetro,0,200.983071,0,200.983071,0,160.552561
20139,Osage,KS,1827253334,Kansas,KS,Osage,,,3.000000,15766.000000,15766.000000,False,metro,0,24.645890,0,24.645890,0,24.645890
20141,Osborne,KS,2311604929,Kansas,KS,Osborne,,,9.000000,3500.000000,3500.000000,False,nonmetro,0,140.741076,0,140.741076,0,103.160491
20143,Ottawa,KS,1866683177,Kansas,KS,Ottawa,,,9.000000,5735.000000,5735.000000,False,nonmetro,0,98.879810,0,98.879810,0,72.713904
20145,Pawnee,KS,1953531647,Kansas,KS,Pawnee,,,9.000000,6253.000000,2519.000000,False,nonmetro,0,104.205192,0,104.205192,0,66.674456
20147,Phillips,KS,2294395636,Kansas,KS,Phillips,,,9.000000,4981.000000,4981.000000,False,nonmetro,0,179.370568,0,179.370568,0,140.073311
20149,Pottawatomie,KS,2177507162,Kansas,KS,Pottawatomie,,,3.000000,25348.000000,16613.000000,False,metro,0,38.177441,0,38.177441,0,38.177441
20151,Pratt,KS,1903740950,Kansas,KS,Pratt,,,7.000000,9157.000000,2568.000000,False,nonmetro,0,76.259224,0,76.259224,0,52.299693
20153,Rawlins,KS,2769775708,Kansas,KS,Rawlins,,,9.000000,2561.000000,2561.000000,False,nonmetro,0,200.887814,0,200.887814,0,200.887814
20155,Reno,KS,3251231984,Kansas,KS,Reno,38.000000,44.000000,4.000000,61898.000000,19423.000000,True,nonmetro,0,41.195054,0,41.195054,1,4.236543
20157,Republic,KS,1857998463,Kansas,KS,Republic,,,9.000000,4674.000000,4674.000000,False,nonmetro,0,118.385492,0,118.385492,0,85.757926
20159,Rice,KS,1880936102,Kansas,KS,Rice,,,9.000000,9427.000000,9427.000000,False,nonmetro,0,64.062888,0,64.062888,0,23.443537
20161,Riley,KS,1579116499,Kansas,KS,Riley,21.000000,18.000000,3.000000,71959.000000,7087.000000,True,metro,0,52.219548,0,52.219548,0,52.219548
20163,Rooks,KS,2306454194,Kansas,KS,Rooks,,,9.000000,4919.000000,4919.000000,False,nonmetro,0,155.322414,0,155.322414,0,114.852447
20165,Rush,KS,1858997559,Kansas,KS,Rush,,,9.000000,2956.000000,2956.000000,False,nonmetro,0,120.406006,0,120.406006,0,80.071885
20167,Russell,KS,2295402858,Kansas,KS,Russell,,,9.000000,6691.000000,2625.000000,False,nonmetro,0,116.501918,0,116.501918,0,75.999643
20169,Saline,KS,1865429339,Kansas,KS,Saline,25.000000,27.000000,5.000000,54303.000000,7756.000000,True,nonmetro,0,78.916506,0,78.916506,0,54.686667
20171,Scott,KS,1858536838,Kansas,KS,Scott,,,9.000000,5151.000000,5151.000000,False,nonmetro,0,201.935335,0,201.935335,0,164.413541
20173,Sedgwick,KS,2582051713,Kansas,KS,Sedgwick,228.000000,232.000000,2.000000,523824.000000,38867.000000,True,metro,2,6.221761,2,6.221761,5,6.217763
20175,Seward,KS,1656693305,Kansas,KS,Seward,,,7.000000,21964.000000,2121.000000,False,nonmetro,0,136.252210,0,136.252210,0,136.252210
20177,Shawnee,KS,1409020132,Kansas,KS,Shawnee,94.000000,93.000000,3.000000,178909.000000,30113.000000,True,metro,1,4.310318,1,4.310318,4,4.310318
20179,Sheridan,KS,2320518304,Kansas,KS,Sheridan,,,9.000000,2447.000000,2447.000000,False,nonmetro,0,204.804854,0,204.804854,0,163.745798
20181,Sherman,KS,2735193250,Kansas,KS,Sherman,,,9.000000,5927.000000,1488.000000,False,nonmetro,0,167.536721,0,167.536721,0,167.536721
20183,Smith,KS,2319241778,Kansas,KS,Smith,,,9.000000,3570.000000,3570.000000,False,nonmetro,0,163.956312,0,163.956312,0,127.174443
20185,Stafford,KS,2051389756,Kansas,KS,Stafford,,,9.000000,4072.000000,4072.000000,False,nonmetro,0,79.203360,0,79.203360,0,43.929148
20187,Stanton,KS,1762103387,Kansas,KS,Stanton,,,9.000000,2084.000000,2084.000000,False,nonmetro,0,161.957892,0,161.957892,0,161.957892
20189,Stevens,KS,1883593926,Kansas,KS,Stevens,,,9.000000,5250.000000,5250.000000,False,nonmetro,0,138.720305,0,138.720305,0,138.720305
20191,Sumner,KS,3060505685,Kansas,KS,Sumner,,,2.000000,22382.000000,14022.000000,False,metro,0,28.167437,0,28.167437,0,28.167437
20193,Thomas,KS,2783425129,Kansas,KS,Thomas,,,7.000000,7930.000000,2463.000000,False,nonmetro,0,202.844376,0,202.844376,0,191.453374
20195,Trego,KS,2303727352,Kansas,KS,Trego,,,9.000000,2808.000000,2808.000000,False,nonmetro,0,164.951555,0,164.951555,0,123.976292
20197,Wabaunsee,KS,2057320864,Kansas,KS,Wabaunsee,,,3.000000,6877.000000,6877.000000,False,metro,0,27.849995,0,27.849995,0,27.849995
20199,Wallace,KS,2366348285,Kansas,KS,Wallace,,,9.000000,1512.000000,1512.000000,False,nonmetro,0,164.651356,0,164.651356,0,164.651356
20201,Washington,KS,2317418814,Kansas,KS,Washington,,,9.000000,5530.000000,5530.000000,False,nonmetro,0,89.126058,0,89.126058,0,73.337158
20203,Wichita,KS,1861078197,Kansas,KS,Wichita,,,9.000000,2152.000000,2152.000000,False,nonmetro,0,188.747133,0,188.747133,0,187.886004
20205,Wilson,KS,1477385742,Kansas,KS,Wilson,,,9.000000,8624.000000,8624.000000,False,nonmetro,0,87.442792,0,87.442792,0,87.442792
20207,Woodson,KS,1289344338,Kansas,KS,Woodson,,,9.000000,3115.000000,3115.000000,False,nonmetro,0,81.054169,0,81.054169,0,81.054169
20209,Wyandotte,KS,392739381,Kansas,KS,Wyandotte,70.000000,66.000000,1.000000,169245.000000,8951.000000,True,metro,11,5.269334,11,5.269334,19,5.076958
21001,Adair,KY,1049690986,Kentucky,KY,Adair,12.000000,15.000000,7.000000,18903.000000,13885.000000,True,nonmetro,0,75.141102,0,75.141102,0,63.866851
21003,Allen,KY,891838778,Kentucky,KY,Allen,12.000000,12.000000,3.000000,20588.000000,15951.000000,True,metro,0,51.583297,0,51.583297,0,21.397566
21005,Anderson,KY,523612175,Kentucky,KY,Anderson,11.000000,13.000000,6.000000,23852.000000,10309.000000,True,nonmetro,0,24.661270,0,24.661270,0,24.661270
21007,Ballard,KY,639538865,Kentucky,KY,Ballard,,,3.000000,7728.000000,7728.000000,False,metro,0,99.192928,0,99.192928,0,49.127366
21009,Barren,KY,1262839457,Kentucky,KY,Barren,27.000000,29.000000,6.000000,44485.000000,27626.000000,True,nonmetro,0,74.236798,0,74.236798,0,28.677101
21011,Bath,KY,722081417,Kentucky,KY,Bath,11.000000,10.000000,8.000000,12750.000000,12750.000000,True,nonmetro,0,41.592524,0,41.592524,0,41.592524
21013,Bell,KY,929965658,Kentucky,KY,Bell,20.000000,21.000000,7.000000,24097.000000,14282.000000,True,nonmetro,0,40.566068,0,40.566068,0,40.566068
21015,Boone,KY,637882924,Kentucky,KY,Boone,53.000000,50.000000,1.000000,135968.000000,15590.000000,True,metro,0,13.818233,0,13.818233,0,13.818233
21017,Bourbon,KY,750439787,Kentucky,KY,Bourbon,15.000000,18.000000,2.000000,20252.000000,8983.000000,True,metro,0,19.711704,0,19.711704,0,19.711704
21019,Boyd,KY,414054165,Kentucky,KY,Boyd,31.000000,27.000000,2.000000,48261.000000,11482.000000,True,metro,0,56.350405,0,56.350405,0,56.286842
21021,Boyle,KY,467104135,Kentucky,KY,Boyle,21.000000,18.000000,7.000000,30614.000000,10826.000000,True,nonmetro,0,29.943502,0,29.943502,0,29.943502
21023,Bracken,KY,525033511,Kentucky,KY,Bracken,,,1.000000,8400.000000,8400.000000,False,metro,0,37.959244,0,37.959244,0,37.959244
21025,Breathitt,KY,1275352779,Kentucky,KY,Breathitt,,,9.000000,13718.000000,13718.000000,False,nonmetro,0,68.468096,0,68.468096,0,47.369413
21027,Breckinridge,KY,1475798321,Kentucky,KY,Breckinridge,15.000000,16.000000,8.000000,20432.000000,20432.000000,True,nonmetro,0,48.970239,0,48.970239,0,37.948247
21029,Bullitt,KY,769360733,Kentucky,KY,Bullitt,35.000000,31.000000,1.000000,82217.000000,24215.000000,True,metro,0,17.502003,0,17.502003,0,17.502003
21031,Butler,KY,1103571982,Kentucky,KY,Butler,10.000000,11.000000,3.000000,12371.000000,12371.000000,True,metro,0,73.046896,0,73.046896,0,21.171325
21033,Caldwell,KY,893002030,Kentucky,KY,Caldwell,,,7.000000,12649.000000,6591.000000,False,nonmetro,0,89.873204,0,89.873204,0,60.837500
21035,Calloway,KY,997224714,Kentucky,KY,Calloway,18.000000,20.000000,7.000000,37103.000000,18145.000000,True,nonmetro,0,75.182130,0,75.182130,0,74.640767
21037,Campbell,KY,391968586,Kentucky,KY,Campbell,47.000000,47.000000,1.000000,93076.000000,15926.000000,True,metro,0,7.796007,0,7.796007,0,7.796007
21039,Carlisle,KY,490647294,Kentucky,KY,Carlisle,,,3.000000,4826.000000,4826.000000,False,metro,0,86.144400,0,86.144400,0,62.141266
21041,Carroll,KY,333273743,Kentucky,KY,Carroll,,,6.000000,10810.000000,5339.000000,False,nonmetro,0,34.118099,0,34.118099,0,34.118099
21043,Carter,KY,1060592683,Kentucky,KY,Carter,21.000000,20.000000,2.000000,26627.000000,21209.000000,True,metro,0,71.908174,0,71.908174,0,64.543819
21045,Casey,KY,1150573335,Kentucky,KY,Casey,,,9.000000,15941.000000,15941.000000,False,nonmetro,0,53.636648,0,53.636648,0,53.636648
21047,Christian,KY,1858342356,Kentucky,KY,Christian,32.000000,31.000000,2.000000,72748.000000,21150.000000,True,metro,0,59.003555,0,59.003555,0,48.030827
21049,Clark,KY,653939115,Kentucky,KY,Clark,25.000000,24.000000,2.000000,36972.000000,10719.000000,True,metro,0,16.172262,0,16.172262,0,16.172262
21051,Clay,KY,1215472436,Kentucky,KY,Clay,15.000000,14.000000,9.000000,20345.000000,20345.000000,True,nonmetro,0,67.243574,0,67.243574,0,66.317327
21053,Clinton,KY,510875757,Kentucky,KY,Clinton,,,9.000000,9253.000000,9253.000000,False,nonmetro,0,77.672710,0,77.672710,0,68.561141
21055,Crittenden,KY,932300423,Kentucky,KY,Crittenden,,,8.000000,8990.000000,8990.000000,False,nonmetro,0,108.500082,0,108.500082,0,53.364691
21057,Cumberland,KY,790453071,Kentucky,KY,Cumberland,,,9.000000,5888.000000,5888.000000,False,nonmetro,0,88.244242,0,88.244242,0,60.038734
21059,Daviess,KY,1187227811,Kentucky,KY,Daviess,54.000000,61.000000,3.000000,103312.000000,26879.000000,True,metro,0,80.765095,0,80.765095,2,4.270792
21061,Edmonson,KY,784468401,Kentucky,KY,Edmonson,,,3.000000,12126.000000,12126.000000,False,metro,0,73.838417,0,73.838417,0,18.123206
21063,Elliott,KY,606882500,Kentucky,KY,Elliott,,,8.000000,7354.000000,7354.000000,False,nonmetro,0,74.523839,0,74.523839,0,54.988728
21065,Estill,KY,655509950,Kentucky,KY,Estill,12.000000,,8.000000,14163.000000,10134.000000,True,nonmetro,0,32.969499,0,32.969499,0,32.969499
21067,Fayette,KY,734617508,Kentucky,KY,Fayette,132.000000,139.000000,2.000000,322570.000000,9443.000000,True,metro,6,3.975651,6,3.975651,16,3.975651
21069,Fleming,KY,902727568,Kentucky,KY,Fleming,13.000000,11.000000,9.000000,15082.000000,15082.000000,True,nonmetro,0,50.319426,0,50.319426,0,50.319426
21071,Floyd,KY,1018604451,Kentucky,KY,Floyd,22.000000,21.000000,7.000000,35942.000000,28112.000000,True,nonmetro,0,81.663851,0,81.663851,0,14.800951
21073,Franklin,KY,538312209,Kentucky,KY,Franklin,44.000000,38.000000,4.000000,51541.000000,13705.000000,True,nonmetro,0,25.713236,0,25.713236,0,25.713236
21075,Fulton,KY,533351953,Kentucky,KY,Fulton,,,9.000000,6515.000000,4182.000000,False,nonmetro,0,65.421027,0,65.421027,0,65.421027
21077,Gallatin,KY,254761072,Kentucky,KY,Gallatin,,,1.000000,8690.000000,8690.000000,False,metro,0,30.650077,0,30.650077,0,30.650077
21079,Garrard,KY,595979380,Kentucky,KY,Garrard,,,8.000000,16953.000000,16953.000000,False,nonmetro,0,24.580021,0,24.580021,0,24.580021
21081,Grant,KY,668157704,Kentucky,KY,Grant,,12.000000,1.000000,24941.000000,24941.000000,False,metro,0,30.369297,0,30.369297,0,30.369297
21083,Graves,KY,1429035010,Kentucky,KY,Graves,27.000000,26.000000,6.000000,36649.000000,24393.000000,True,nonmetro,0,78.533788,0,78.533788,0,72.188597
21085,Grayson,KY,1294808799,Kentucky,KY,Grayson,17.000000,18.000000,6.000000,26420.000000,19932.000000,True,nonmetro,0,61.980870,0,61.980870,0,34.611395
21087,Green,KY,740863433,Kentucky,KY,Green,,,8.000000,11107.000000,11107.000000,False,nonmetro,0,69.395646,0,69.395646,0,53.539367
21089,Greenup,KY,892153290,Kentucky,KY,Greenup,22.000000,24.000000,2.000000,35962.000000,15350.000000,True,metro,0,65.303643,0,65.303643,0,65.303643
21091,Hancock,KY,486071470,Kentucky,KY,Hancock,,,8.000000,9095.000000,8315.000000,False,nonmetro,0,63.012590,0,63.012590,0,18.720577
21093,Hardin,KY,1614586535,Kentucky,KY,Hardin,49.000000,50.000000,3.000000,110702.000000,37082.000000,True,metro,0,36.532592,0,36.532592,0,36.305510
21095,Harlan,KY,1206496138,Kentucky,KY,Harlan,24.000000,26.000000,7.000000,26831.000000,20684.000000,True,nonmetro,0,53.770711,0,53.770711,0,43.594890
21097,Harrison,KY,793604330,Kentucky,KY,Harrison,19.000000,19.000000,6.000000,18692.000000,12299.000000,True,nonmetro,0,30.854501,0,30.854501,0,30.854501
21099,Hart,KY,1068536124,Kentucky,KY,Hart,,,8.000000,19288.000000,17036.000000,False,nonmetro,0,67.810646,0,67.810646,0,36.945162
21101,Henderson,KY,1130079863,Kentucky,KY,Henderson,21.000000,24.000000,4.000000,44793.000000,16363.000000,True,nonmetro,0,102.794507,0,102.794507,0,11.244824
21103,Henry,KY,741500309,Kentucky,KY,Henry,,,1.000000,15678.000000,15678.000000,False,metro,0,24.614143,0,24.614143,0,24.614143
21105,Hickman,KY,627487969,Kentucky,KY,Hickman,,,8.000000,4521.000000,4521.000000,False,nonmetro,0,72.975788,0,72.975788,0,72.975788
21107,Hopkins,KY,1403991388,Kentucky,KY,Hopkins,29.000000,28.000000,5.000000,45423.000000,24095.000000,True,nonmetro,0,89.033359,0,89.033359,0,39.351879
21109,Jackson,KY,894051381,Kentucky,KY,Jackson,,,9.000000,12955.000000,12955.000000,False,nonmetro,0,48.603082,0,48.603082,0,48.603082
21111,Jefferson,KY,986271740,Kentucky,KY,Jefferson,333.000000,351.000000,1.000000,782969.000000,12784.000000,True,metro,3,7.049469,3,7.049469,14,7.049469
21113,Jessamine,KY,445910433,Kentucky,KY,Jessamine,28.000000,25.000000,2.000000,52991.000000,13106.000000,True,metro,0,9.458327,0,9.458327,0,9.458327
21115,Johnson,KY,678484991,Kentucky,KY,Johnson,15.000000,15.000000,7.000000,22680.000000,16739.000000,True,nonmetro,0,73.818049,0,73.818049,0,29.376555
21117,Kenton,KY,415150789,Kentucky,KY,Kenton,77.000000,78.000000,1.000000,169064.000000,11361.000000,True,metro,0,8.486414,0,8.486414,0,8.486414
21119,Knott,KY,910427584,Kentucky,KY,Knott,,11.000000,9.000000,14251.000000,14251.000000,False,nonmetro,0,88.712501,0,88.712501,0,25.679574
21121,Knox,KY,1000524690,Kentucky,KY,Knox,20.000000,18.000000,7.000000,30193.000000,18734.000000,True,nonmetro,0,58.627557,0,58.627557,0,58.627557
21123,Larue,KY,677419100,Kentucky,KY,Larue,12.000000,,3.000000,14867.000000,14867.000000,True,metro,0,49.274590,0,49.274590,0,48.003443
21125,Laurel,KY,1124025614,Kentucky,KY,Laurel,37.000000,36.000000,5.000000,62613.000000,38189.000000,True,nonmetro,0,64.497401,0,64.497401,0,64.497401
21127,Lawrence,KY,1076387821,Kentucky,KY,Lawrence,,,2.000000,16293.000000,12386.000000,False,metro,0,59.861617,0,59.861617,0,42.768535
21129,Lee,KY,540942120,Kentucky,KY,Lee,,,9.000000,7395.000000,7395.000000,False,nonmetro,0,50.518440,0,50.518440,0,50.518440
21131,Leslie,KY,1038206010,Kentucky,KY,Leslie,,,9.000000,10513.000000,10513.000000,False,nonmetro,0,69.033185,0,69.033185,0,53.204712
21133,Letcher,KY,875235600,Kentucky,KY,Letcher,19.000000,17.000000,9.000000,21548.000000,21548.000000,True,nonmetro,0,80.461862,0,80.461862,0,28.213242
21135,Lewis,KY,1250548676,Kentucky,KY,Lewis,,,8.000000,13080.000000,13080.000000,False,nonmetro,0,72.368031,0,72.368031,0,72.368031
21137,Lincoln,KY,862060460,Kentucky,KY,Lincoln,17.000000,19.000000,9.000000,24275.000000,24249.000000,True,nonmetro,0,37.463206,0,37.463206,0,37.463206
21139,Livingston,KY,811362663,Kentucky,KY,Livingston,,,3.000000,8888.000000,8474.000000,False,metro,0,106.385353,0,106.385353,0,63.100354
21141,Logan,KY,1430224002,Kentucky,KY,Logan,16.000000,14.000000,6.000000,27432.000000,20791.000000,True,nonmetro,0,48.351451,0,48.351451,0,24.790768
21143,Lyon,KY,553848612,Kentucky,KY,Lyon,,,8.000000,8680.000000,8680.000000,False,nonmetro,0,94.994180,0,94.994180,0,69.125205
21145,McCracken,KY,644192189,Kentucky,KY,McCracken,48.000000,48.000000,3.000000,67875.000000,18207.000000,True,metro,0,99.633494,0,99.633494,0,56.322045
21147,McCreary,KY,1105416696,Kentucky,KY,McCreary,,,9.000000,16888.000000,16888.000000,False,nonmetro,0,52.610340,0,52.610340,0,49.622426
21149,McLean,KY,654041001,Kentucky,KY,McLean,,,3.000000,9152.000000,9152.000000,False,metro,0,92.690061,0,92.690061,0,19.367826
21151,Madison,KY,1132745819,Kentucky,KY,Madison,38.000000,40.000000,4.000000,92701.000000,33544.000000,True,nonmetro,0,22.350877,0,22.350877,0,22.350877
21153,Magoffin,KY,798866801,Kentucky,KY,Magoffin,,,9.000000,11637.000000,11637.000000,False,nonmetro,0,79.562553,0,79.562553,0,34.437705
21155,Marion,KY,888485847,Kentucky,KY,Marion,,10.000000,6.000000,19581.000000,13372.000000,False,nonmetro,0,50.531995,0,50.531995,0,50.531995
21157,Marshall,KY,782712536,Kentucky,KY,Marshall,18.000000,18.000000,8.000000,31659.000000,26968.000000,True,nonmetro,0,92.550854,0,92.550854,0,74.697435
21159,Martin,KY,594708782,Kentucky,KY,Martin,,,8.000000,11287.000000,11287.000000,False,nonmetro,0,59.900485,0,59.900485,0,24.889023
21161,Mason,KY,621924469,Kentucky,KY,Mason,13.000000,14.000000,6.000000,17120.000000,9157.000000,True,nonmetro,0,52.191994,0,52.191994,0,52.191994
21163,Meade,KY,791093710,Kentucky,KY,Meade,11.000000,11.000000,1.000000,30003.000000,27182.000000,True,metro,0,30.648875,0,30.648875,0,30.648875
21165,Menifee,KY,527283209,Kentucky,KY,Menifee,,,9.000000,6113.000000,6113.000000,False,nonmetro,0,48.127049,0,48.127049,0,48.127049
21167,Mercer,KY,645073065,Kentucky,KY,Mercer,13.000000,13.000000,6.000000,22641.000000,12850.000000,True,nonmetro,0,24.936207,0,24.936207,0,24.936207
21169,Metcalfe,KY,750166111,Kentucky,KY,Metcalfe,,10.000000,9.000000,10286.000000,10286.000000,False,nonmetro,0,83.232249,0,83.232249,0,44.531866
21171,Monroe,KY,853220889,Kentucky,KY,Monroe,,,8.000000,11338.000000,11338.000000,False,nonmetro,0,69.925765,0,69.925765,0,44.470102
21173,Montgomery,KY,511135381,Kentucky,KY,Montgomery,11.000000,14.000000,6.000000,28114.000000,14194.000000,True,nonmetro,0,30.824248,0,30.824248,0,30.824248
21175,Morgan,KY,987114235,Kentucky,KY,Morgan,,,9.000000,13726.000000,13726.000000,False,nonmetro,0,66.176565,0,66.176565,0,51.081202
21177,Muhlenberg,KY,1210451479,Kentucky,KY,Muhlenberg,18.000000,17.000000,6.000000,30928.000000,19645.000000,True,nonmetro,0,76.832461,0,76.832461,0,35.563681
21179,Nelson,KY,1081379029,Kentucky,KY,Nelson,21.000000,19.000000,1.000000,46738.000000,29056.000000,True,metro,0,34.435279,0,34.435279,0,34.435279
21181,Nicholas,KY,505465963,Kentucky,KY,Nicholas,,,8.000000,7537.000000,7537.000000,False,nonmetro,0,33.995262,0,33.995262,0,33.995262
21183,Ohio,KY,1521062996,Kentucky,KY,Ohio,18.000000,17.000000,6.000000,23772.000000,18114.000000,True,nonmetro,0,80.486060,0,80.486060,0,26.042019
21185,Oldham,KY,484959864,Kentucky,KY,Oldham,20.000000,17.000000,1.000000,67607.000000,17012.000000,True,metro,0,9.239383,0,9.239383,0,9.239383
21187,Owen,KY,909365301,Kentucky,KY,Owen,,,8.000000,11278.000000,11278.000000,False,nonmetro,0,39.162315,0,39.162315,0,39.162315
21189,Owsley,KY,511288845,Kentucky,KY,Owsley,,,9.000000,4051.000000,4051.000000,False,nonmetro,0,57.066203,0,57.066203,0,57.066203
21191,Pendleton,KY,717836498,Kentucky,KY,Pendleton,,,1.000000,14644.000000,14644.000000,False,metro,0,29.834812,0,29.834812,0,29.834812
21193,Perry,KY,879824451,Kentucky,KY,Perry,18.000000,17.000000,7.000000,28473.000000,20665.000000,True,nonmetro,0,78.863463,0,78.863463,0,40.801243
21195,Pike,KY,2037621882,Kentucky,KY,Pike,44.000000,44.000000,7.000000,58669.000000,49742.000000,True,nonmetro,0,75.217914,0,75.217914,1,10.157000
21197,Powell,KY,463558849,Kentucky,KY,Powell,,,8.000000,13129.000000,13129.000000,False,nonmetro,0,33.937082,0,33.937082,0,33.937082
21199,Pulaski,KY,1705275604,Kentucky,KY,Pulaski,33.000000,27.000000,5.000000,65034.000000,34202.000000,True,nonmetro,0,62.461771,0,62.461771,0,62.318154
21201,Robertson,KY,258794976,Kentucky,KY,Robertson,,,8.000000,2193.000000,2193.000000,False,nonmetro,0,43.454816,0,43.454816,0,43.454816
21203,Rockcastle,KY,819854210,Kentucky,KY,Rockcastle,,,9.000000,16037.000000,16037.000000,False,nonmetro,0,42.696328,0,42.696328,0,42.696328
21205,Rowan,KY,724780974,Kentucky,KY,Rowan,,10.000000,6.000000,24662.000000,15287.000000,False,nonmetro,0,58.028930,0,58.028930,0,58.028930
21207,Russell,KY,657060481,Kentucky,KY,Russell,10.000000,14.000000,9.000000,17991.000000,17991.000000,True,nonmetro,0,73.487706,0,73.487706,0,72.477739
21209,Scott,KY,729775497,Kentucky,KY,Scott,28.000000,30.000000,2.000000,57155.000000,18463.000000,True,metro,0,17.602199,0,17.602199,0,17.602199
21211,Shelby,KY,983603164,Kentucky,KY,Shelby,17.000000,17.000000,1.000000,48065.000000,24880.000000,True,metro,0,22.874220,0,22.874220,0,22.874220
21213,Simpson,KY,606589242,Kentucky,KY,Simpson,12.000000,11.000000,6.000000,19594.000000,7956.000000,True,nonmetro,0,40.951949,0,40.951949,0,19.310028
21215,Spencer,KY,483617871,Kentucky,KY,Spencer,,,1.000000,19490.000000,19490.000000,False,metro,0,24.281693,0,24.281693,0,24.281693
21217,Taylor,KY,689891733,Kentucky,KY,Taylor,17.000000,16.000000,7.000000,26023.000000,13234.000000,True,nonmetro,0,64.270210,0,64.270210,0,63.220311
21219,Todd,KY,969958409,Kentucky,KY,Todd,,,8.000000,12243.000000,12243.000000,False,nonmetro,0,49.748541,0,49.748541,0,37.127391
21221,Trigg,KY,1143489745,Kentucky,KY,Trigg,,,2.000000,14061.000000,14061.000000,False,metro,0,74.961855,0,74.961855,0,64.854777
21223,Trimble,KY,392766463,Kentucky,KY,Trimble,,,8.000000,8474.000000,8474.000000,False,nonmetro,0,24.614400,0,24.614400,0,24.614400
21225,Union,KY,887813999,Kentucky,KY,Union,,,8.000000,13668.000000,13668.000000,False,nonmetro,0,120.164064,0,120.164064,0,30.351754
21227,Warren,KY,1403039303,Kentucky,KY,Warren,56.000000,57.000000,3.000000,134554.000000,36740.000000,True,metro,0,58.734978,0,58.734978,2,4.369062
21229,Washington,KY,769154197,Kentucky,KY,Washington,,,8.000000,12027.000000,12027.000000,False,nonmetro,0,42.144887,0,42.144887,0,42.144887
21231,Wayne,KY,1186690752,Kentucky,KY,Wayne,13.000000,12.000000,7.000000,19555.000000,12874.000000,True,nonmetro,0,72.066050,0,72.066050,0,65.721340
21233,Webster,KY,860132087,Kentucky,KY,Webster,,,9.000000,13017.000000,13017.000000,False,nonmetro,0,105.102907,0,105.102907,0,33.570649
21235,Whitley,KY,1133977401,Kentucky,KY,Whitley,22.000000,20.000000,7.000000,36712.000000,23371.000000,True,nonmetro,0,54.495276,0,54.495276,0,54.495276
21237,Wolfe,KY,575419135,Kentucky,KY,Wolfe,,,9.000000,6562.000000,6562.000000,False,nonmetro,0,55.547962,0,55.547962,0,52.392883
21239,Woodford,KY,492386273,Kentucky,KY,Woodford,14.000000,12.000000,2.000000,26871.000000,10008.000000,True,metro,0,14.522813,0,14.522813,0,14.522813
22001,Acadia,LA,1697073813,Louisiana,LA,Acadia,47.000000,50.000000,2.000000,57576.000000,35517.000000,True,metro,0,24.380480,0,24.380480,1,8.033365
22003,Allen,LA,1973788820,Louisiana,LA,Allen,11.000000,10.000000,6.000000,22750.000000,16050.000000,True,nonmetro,0,43.667124,0,43.667124,0,35.378208
22005,Ascension,LA,751016878,Louisiana,LA,Ascension,54.000000,43.000000,2.000000,126500.000000,13708.000000,True,metro,0,30.378768,0,47.034392,0,20.311317
22007,Assumption,LA,891009958,Louisiana,LA,Assumption,12.000000,12.000000,2.000000,21039.000000,13570.000000,True,metro,0,30.912598,0,30.912598,0,28.811973
22009,Avoyelles,LA,2154720636,Louisiana,LA,Avoyelles,28.000000,28.000000,6.000000,39693.000000,33011.000000,True,nonmetro,0,36.656678,0,36.656678,0,36.656678
22011,Beauregard,LA,2997852789,Louisiana,LA,Beauregard,23.000000,22.000000,6.000000,36549.000000,26670.000000,True,nonmetro,0,72.725441,0,72.725441,0,36.146349
22013,Bienville,LA,2101370397,Louisiana,LA,Bienville,10.000000,11.000000,8.000000,12981.000000,12981.000000,True,nonmetro,0,40.520174,0,40.520174,0,40.520174
22015,Bossier,LA,2174347392,Louisiana,LA,Bossier,80.000000,78.000000,2.000000,128746.000000,34977.000000,True,metro,0,8.095086,0,8.095086,0,8.095086
22017,Caddo,LA,2277812437,Louisiana,LA,Caddo,167.000000,185.000000,2.000000,237848.000000,37974.000000,True,metro,2,8.042071,1,8.042071,4,8.042071
22019,Calcasieu,LA,2755963714,Louisiana,LA,Calcasieu,196.000000,178.000000,2.000000,216785.000000,54284.000000,True,metro,0,73.442539,0,73.442539,1,6.918547
22021,Caldwell,LA,1372098436,Louisiana,LA,Caldwell,,,8.000000,9645.000000,9645.000000,False,nonmetro,0,31.048407,0,31.048407,0,30.319377
22023,Cameron,LA,3327199807,Louisiana,LA,Cameron,,,2.000000,5617.000000,5617.000000,False,metro,0,77.279411,0,77.279411,0,19.273094
22025,Catahoula,LA,1833776037,Louisiana,LA,Catahoula,,,9.000000,8906.000000,8906.000000,False,nonmetro,0,60.168271,0,60.168271,0,52.668636
22027,Claiborne,LA,1954908518,Louisiana,LA,Claiborne,,,9.000000,14170.000000,14170.000000,False,nonmetro,0,45.827328,0,45.827328,0,45.827328
22029,Concordia,LA,1805360346,Louisiana,LA,Concordia,18.000000,16.000000,6.000000,18687.000000,6379.000000,True,nonmetro,0,67.748462,0,72.315584,0,41.879393
22031,De Soto,LA,2269991655,Louisiana,LA,De Soto,21.000000,21.000000,2.000000,26812.000000,21210.000000,True,metro,0,28.392919,0,28.392919,0,28.392919
22033,East Baton Rouge,LA,1179744893,Louisiana,LA,East Baton Rouge,266.000000,262.000000,2.000000,456781.000000,31327.000000,True,metro,1,14.121281,0,55.958191,4,6.524474
22035,East Carroll,LA,1090092484,Louisiana,LA,East Carroll,,,8.000000,7459.000000,7459.000000,False,nonmetro,0,49.898652,0,49.898652,0,49.076378
22037,East Feliciana,LA,1174022934,Louisiana,LA,East Feliciana,11.000000,,2.000000,19539.000000,19539.000000,True,metro,0,13.433189,0,58.020311,0,13.433189
22039,Evangeline,LA,1715687375,Louisiana,LA,Evangeline,16.000000,18.000000,6.000000,32350.000000,24253.000000,True,nonmetro,0,20.861049,0,20.861049,0,20.353303
22041,Franklin,LA,1616925546,Louisiana,LA,Franklin,,11.000000,6.000000,19774.000000,14632.000000,False,nonmetro,0,37.185291,0,37.185291,0,34.801733
22043,Grant,LA,1665848458,Louisiana,LA,Grant,,12.000000,3.000000,22169.000000,22169.000000,False,metro,0,69.454487,0,69.454487,0,69.414716
22045,Iberia,LA,1485913496,Louisiana,LA,Iberia,47.000000,50.000000,4.000000,69929.000000,22683.000000,True,nonmetro,0,40.793127,0,40.793127,0,37.039242
22047,Iberville,LA,1602476038,Louisiana,LA,Iberville,18.000000,17.000000,2.000000,30241.000000,17682.000000,True,metro,0,27.510169,0,49.915809,0,14.344166
22049,Jackson,LA,1474681465,Louisiana,LA,Jackson,,,6.000000,15031.000000,9786.000000,False,nonmetro,0,33.279315,0,33.279315,0,33.279315
22051,Jefferson,LA,779455288,Louisiana,LA,Jefferson,213.000000,227.000000,1.000000,440781.000000,6926.000000,True,metro,1,4.732711,1,4.732711,4,3.753063
22053,Jefferson Davis,LA,1687430131,Louisiana,LA,Jefferson Davis,30.000000,27.000000,2.000000,32250.000000,22872.000000,True,metro,0,44.892945,0,44.892945,0,19.096890
22055,Lafayette,LA,696257611,Louisiana,LA,Lafayette,112.000000,113.000000,2.000000,241753.000000,21951.000000,True,metro,0,23.459560,0,23.459560,0,19.450120
22057,Lafourche,LA,2765571303,Louisiana,LA,Lafourche,50.000000,50.000000,3.000000,97557.000000,22797.000000,True,metro,0,15.784257,0,15.784257,0,15.784257
22059,LaSalle,LA,1618363236,Louisiana,LA,La Salle,13.000000,11.000000,8.000000,14791.000000,14791.000000,True,nonmetro,0,54.829938,0,54.829938,0,54.270996
22061,Lincoln,LA,1221532395,Louisiana,LA,Lincoln,24.000000,26.000000,4.000000,48396.000000,19557.000000,True,nonmetro,0,29.192537,0,29.192537,0,29.192537
22063,Livingston,LA,1678641293,Louisiana,LA,Livingston,59.000000,59.000000,2.000000,142282.000000,55144.000000,True,metro,0,21.641357,0,44.548607,0,19.859771
22065,Madison,LA,1616604801,Louisiana,LA,Madison,,,6.000000,10017.000000,2858.000000,False,nonmetro,0,54.670876,0,54.670876,0,32.813186
22067,Morehouse,LA,2058910717,Louisiana,LA,Morehouse,22.000000,24.000000,3.000000,25629.000000,13025.000000,True,metro,0,24.007460,0,24.007460,0,23.520093
22069,Natchitoches,LA,3246092085,Louisiana,LA,Natchitoches,35.000000,35.000000,6.000000,37515.000000,18580.000000,True,nonmetro,0,65.457899,0,65.457899,0,65.457899
22071,Orleans,LA,438975285,Louisiana,LA,Orleans,167.000000,172.000000,1.000000,383997.000000,1653.000000,True,metro,9,3.906319,9,3.906319,13,3.837519
22073,Ouachita,LA,1580795917,Louisiana,LA,Ouachita,72.000000,70.000000,3.000000,160368.000000,40404.000000,True,metro,3,5.534384,3,5.534384,5,4.884806
22075,Plaquemines,LA,2020635364,Louisiana,LA,Plaquemines,,10.000000,1.000000,23515.000000,7804.000000,False,metro,0,19.038447,0,19.038447,0,17.140330
22077,Pointe Coupee,LA,1442300231,Louisiana,LA,Pointe Coupee,21.000000,21.000000,2.000000,20758.000000,13964.000000,True,metro,0,20.309755,0,36.688506,0,20.025601
22079,Rapides,LA,3419856810,Louisiana,LA,Rapides,100.000000,96.000000,3.000000,130023.000000,51718.000000,True,metro,0,57.083171,0,57.083171,0,57.083171
22081,Red River,LA,1007453088,Louisiana,LA,Red River,,,8.000000,7620.000000,7620.000000,False,nonmetro,0,41.684663,0,41.684663,0,41.684663
22083,Richland,LA,1439031396,Louisiana,LA,Richland,13.000000,13.000000,3.000000,20043.000000,20043.000000,True,metro,0,26.085436,0,26.085436,0,24.372483
22085,Sabine,LA,2244547678,Louisiana,LA,Sabine,17.000000,17.000000,8.000000,22155.000000,22155.000000,True,nonmetro,0,64.399875,0,64.399875,0,64.399875
22087,St. Bernard,LA,977762466,Louisiana,LA,St. Bernard,18.000000,16.000000,1.000000,43764.000000,2353.000000,True,metro,0,8.528266,0,8.528266,0,8.528266
22089,St. Charles,LA,719347893,Louisiana,LA,St. Charles,25.000000,24.000000,1.000000,52549.000000,9343.000000,True,metro,0,14.068996,0,14.068996,0,14.068996
22091,St. Helena,LA,1058078903,Louisiana,LA,St. Helena,,,2.000000,10920.000000,10920.000000,False,metro,0,29.562544,0,41.525611,0,29.562544
22093,St. James,LA,616057915,Louisiana,LA,St. James,,10.000000,1.000000,20192.000000,10011.000000,False,metro,0,29.575689,0,29.575689,0,29.575689
22095,St. John the Baptist,LA,555484721,Louisiana,LA,St. John the Baptist,24.000000,24.000000,1.000000,42477.000000,4982.000000,True,metro,0,22.342528,0,22.342528,0,22.342528
22097,St. Landry,LA,2393224007,Louisiana,LA,St. Landry,59.000000,57.000000,4.000000,82540.000000,48860.000000,True,nonmetro,1,8.505327,1,8.505327,2,8.412977
22099,St. Martin,LA,1910038833,Louisiana,LA,St. Martin,32.000000,32.000000,2.000000,51767.000000,27027.000000,True,metro,0,24.598432,0,24.598432,0,24.439969
22101,St. Mary,LA,1439626085,Louisiana,LA,St. Mary,31.000000,30.000000,4.000000,49406.000000,9643.000000,True,nonmetro,0,38.415893,0,38.415893,0,37.378243
22103,St. Tammany,LA,2189206640,Louisiana,LA,St. Tammany,138.000000,132.000000,2.000000,264570.000000,60804.000000,True,metro,3,5.057774,2,5.057774,7,4.208022
22105,Tangipahoa,LA,2049124442,Louisiana,LA,Tangipahoa,64.000000,62.000000,3.000000,133157.000000,61235.000000,True,metro,0,23.017063,0,23.017063,0,23.017063
22107,Tensas,LA,1561795836,Louisiana,LA,Tensas,,,9.000000,4147.000000,4147.000000,False,nonmetro,0,63.055045,0,63.055045,0,19.285490
22109,Terrebonne,LA,3185305317,Louisiana,LA,Terrebonne,51.000000,52.000000,3.000000,109580.000000,22686.000000,True,metro,1,5.127149,1,5.127149,2,5.127149
22111,Union,LA,2271159651,Louisiana,LA,Union,13.000000,12.000000,3.000000,21107.000000,21107.000000,True,metro,0,24.317024,0,24.317024,0,24.317024
22113,Vermilion,LA,3039634850,Louisiana,LA,Vermilion,27.000000,30.000000,2.000000,57359.000000,32083.000000,True,metro,0,37.924307,0,37.924307,0,20.696111
22115,Vernon,LA,3436185697,Louisiana,LA,Vernon,25.000000,26.000000,4.000000,48750.000000,28192.000000,True,nonmetro,0,77.740944,0,77.740944,0,61.244056
22117,Washington,LA,1734352072,Louisiana,LA,Washington,37.000000,35.000000,6.000000,45463.000000,34444.000000,True,nonmetro,0,27.341033,0,27.341033,0,27.341033
22119,Webster,LA,1536612362,Louisiana,LA,Webster,35.000000,39.000000,6.000000,36967.000000,18377.000000,True,nonmetro,0,29.448182,0,29.448182,0,29.448182
22121,West Baton Rouge,LA,498174685,Louisiana,LA,West Baton Rouge,12.000000,,2.000000,27199.000000,7100.000000,True,metro,0,16.528517,0,49.143845,0,6.100950
22123,West Carroll,LA,931582171,Louisiana,LA,West Carroll,,,8.000000,9751.000000,9751.000000,False,nonmetro,0,47.274754,0,47.274754,0,46.106264
22125,West Feliciana,LA,1044584261,Louisiana,LA,West Feliciana,,,2.000000,15310.000000,15310.000000,False,metro,0,23.908180,0,45.872526,0,23.908180
22127,Winn,LA,2460497667,Louisiana,LA,Winn,,11.000000,8.000000,13755.000000,9084.000000,False,nonmetro,0,51.196696,0,51.196696,0,51.196696
23001,Androscoggin,ME,1211990523,Maine,ME,Androscoggin,49.000000,52.000000,3.000000,111139.000000,50396.000000,True,metro,0,32.190363,0,32.190363,0,32.190363
23003,Aroostook,ME,17278035042,Maine,ME,Aroostook,48.000000,50.000000,7.000000,67105.000000,57463.000000,True,nonmetro,0,236.269111,0,236.269111,0,136.474409
23005,Cumberland,ME,2165803498,Maine,ME,Cumberland,129.000000,121.000000,2.000000,303069.000000,114092.000000,True,metro,5,9.777588,5,9.777588,6,9.777588
23007,Franklin,ME,4395220895,Maine,ME,Franklin,16.000000,16.000000,8.000000,29456.000000,29456.000000,True,nonmetro,0,72.890787,0,72.890787,0,69.021163
23009,Hancock,ME,4110642800,Maine,ME,Hancock,24.000000,26.000000,8.000000,55478.000000,55478.000000,True,nonmetro,0,105.650106,0,105.650106,0,28.722491
23011,Kennebec,ME,2246739614,Maine,ME,Kennebec,67.000000,69.000000,4.000000,123642.000000,76946.000000,True,nonmetro,0,57.207365,0,57.207365,0,48.011126
23013,Knox,ME,945697332,Maine,ME,Knox,20.000000,19.000000,7.000000,40607.000000,26079.000000,True,nonmetro,0,64.017479,0,64.017479,0,49.602369
23015,Lincoln,ME,1180688993,Maine,ME,Lincoln,18.000000,23.000000,8.000000,35237.000000,32170.000000,True,nonmetro,0,44.134273,0,44.134273,0,44.134273
23017,Oxford,ME,5379294384,Maine,ME,Oxford,29.000000,29.000000,6.000000,57777.000000,47821.000000,True,nonmetro,0,48.214656,0,48.214656,0,48.214656
23019,Penobscot,ME,8798699726,Maine,ME,Penobscot,67.000000,63.000000,3.000000,152199.000000,86848.000000,True,metro,0,115.025943,0,115.025943,1,14.715999
23021,Piscataquis,ME,10258805117,Maine,ME,Piscataquis,12.000000,11.000000,8.000000,16800.000000,16800.000000,True,nonmetro,0,120.561450,0,120.561450,0,39.592685
23023,Sagadahoc,ME,657782142,Maine,ME,Sagadahoc,16.000000,17.000000,2.000000,36699.000000,22528.000000,True,metro,0,28.708683,0,28.708683,0,28.708683
23025,Somerset,ME,10163811990,Maine,ME,Somerset,23.000000,28.000000,6.000000,50477.000000,42844.000000,True,nonmetro,0,85.839453,0,85.839453,0,45.978944
23027,Waldo,ME,1890616317,Maine,ME,Waldo,23.000000,27.000000,8.000000,39607.000000,35853.000000,True,nonmetro,0,82.192397,0,82.192397,0,27.314574
23029,Washington,ME,6637440977,Maine,ME,Washington,20.000000,24.000000,9.000000,31095.000000,31095.000000,True,nonmetro,0,161.913518,0,161.913518,0,66.679530
23031,York,ME,2567159622,Maine,ME,York,92.000000,86.000000,2.000000,211972.000000,110181.000000,True,metro,0,21.253117,0,21.253117,0,20.421057
24001,Allegany,MD,1093502055,Maryland,MD,Allegany,47.000000,51.000000,4.000000,68106.000000,23827.000000,True,nonmetro,0,46.892376,0,46.892376,0,45.867659
24003,Anne Arundel,MD,1074352780,Maryland,MD,Anne Arundel,383.000000,396.000000,1.000000,588261.000000,44016.000000,True,metro,0,14.042316,0,14.042316,0,12.745816
24005,Baltimore,MD,1549740654,Maryland,MD,Baltimore,531.000000,530.000000,1.000000,854535.000000,60921.000000,True,metro,0,9.244828,0,9.244828,0,9.244828
24009,Calvert,MD,552158542,Maryland,MD,Calvert,43.000000,41.000000,3.000000,92783.000000,57424.000000,True,metro,0,28.919468,0,28.919468,0,28.846865
24011,Caroline,MD,827350254,Maryland,MD,Caroline,21.000000,16.000000,6.000000,33293.000000,28284.000000,True,nonmetro,0,50.856071,0,50.856071,0,36.866378
24013,Carroll,MD,1159355858,Maryland,MD,Carroll,74.000000,74.000000,1.000000,172891.000000,73027.000000,True,metro,0,20.972928,0,20.972928,0,20.964533
24015,Cecil,MD,896912528,Maryland,MD,Cecil,75.000000,73.000000,1.000000,103725.000000,50149.000000,True,metro,0,12.058375,0,12.058375,0,12.058375
24017,Charles,MD,1185757838,Maryland,MD,Charles,83.000000,81.000000,1.000000,166617.000000,47344.000000,True,metro,0,10.691016,0,10.691016,0,10.691016
24019,Dorchester,MD,1400573746,Maryland,MD,Dorchester,34.000000,30.000000,6.000000,32531.000000,17553.000000,True,nonmetro,0,54.988731,0,54.988731,0,27.319264
24021,Frederick,MD,1710921853,Maryland,MD,Frederick,129.000000,124.000000,1.000000,271717.000000,74834.000000,True,metro,0,27.523597,0,27.523597,0,26.236294
24023,Garrett,MD,1681102437,Maryland,MD,Garrett,12.000000,12.000000,8.000000,28806.000000,24258.000000,True,nonmetro,0,36.610085,0,36.610085,0,33.917960
24025,Harford,MD,1132152045,Maryland,MD,Harford,134.000000,131.000000,1.000000,260924.000000,54608.000000,True,metro,0,21.902677,0,21.902677,0,21.902677
24027,Howard,MD,649956422,Maryland,MD,Howard,141.000000,137.000000,1.000000,332317.000000,39471.000000,True,metro,1,4.899702,1,4.899702,2,4.803987
24029,Kent,MD,717497117,Maryland,MD,Kent,16.000000,11.000000,6.000000,19198.000000,13367.000000,True,nonmetro,0,27.496612,0,27.496612,0,27.496612
24031,Montgomery,MD,1277148686,Maryland,MD,Montgomery,433.000000,391.000000,1.000000,1062061.000000,28457.000000,True,metro,2,5.212836,1,5.868920,4,4.674722
24033,Prince George's,MD,1250057213,Maryland,MD,Prince George's,486.000000,481.000000,1.000000,967201.000000,23547.000000,True,metro,5,6.283911,5,6.283911,11,4.727672
24035,Queen Anne's,MD,962673214,Maryland,MD,Queen Anne's,21.000000,22.000000,1.000000,49874.000000,29439.000000,True,metro,0,31.865881,0,31.865881,0,31.663348
24037,St. Mary's,MD,928809939,Maryland,MD,St. Mary's,45.000000,45.000000,3.000000,113777.000000,64562.000000,True,metro,0,36.795605,0,36.795605,0,36.456233
24039,Somerset,MD,828145301,Maryland,MD,Somerset,22.000000,20.000000,3.000000,24620.000000,14705.000000,True,metro,0,80.169511,0,80.169511,0,17.692549
24041,Talbot,MD,695561637,Maryland,MD,Talbot,21.000000,20.000000,6.000000,37526.000000,19493.000000,True,nonmetro,0,45.311024,0,45.311024,0,37.670990
24043,Washington,MD,1185592677,Maryland,MD,Washington,75.000000,79.000000,2.000000,154705.000000,49857.000000,True,metro,0,38.168152,0,38.168152,0,22.625821
24045,Wicomico,MD,969767208,Maryland,MD,Wicomico,92.000000,100.000000,3.000000,103588.000000,27834.000000,True,metro,0,80.436019,0,80.436019,1,3.914107
24047,Worcester,MD,1213156434,Maryland,MD,Worcester,61.000000,63.000000,4.000000,52460.000000,21487.000000,True,nonmetro,0,82.872242,0,82.872242,0,22.923430
24510,Baltimore,MD,209649327,Maryland,MD,Baltimore City,384.000000,384.000000,1.000000,585708.000000,0.000000,True,metro,32,3.366054,32,3.366054,48,3.366054
25001,Barnstable,MA,1021028238,Massachusetts,MA,Barnstable,135.000000,143.000000,3.000000,228996.000000,6397.000000,True,metro,0,55.789713,0,55.789713,0,42.672214
25003,Berkshire,MA,2400599906,Massachusetts,MA,Berkshire,69.000000,68.000000,3.000000,129026.000000,44755.000000,True,metro,0,28.812352,0,28.812352,0,28.711247
25005,Bristol,MA,1432553462,Massachusetts,MA,Bristol,220.000000,216.000000,1.000000,579200.000000,60491.000000,True,metro,0,18.527306,0,18.527306,4,8.240760
25007,Dukes,MA,267292993,Massachusetts,MA,Dukes,10.000000,,7.000000,20600.000000,6536.000000,True,nonmetro,0,50.342418,0,50.342418,0,34.622775
25009,Essex,MA,1275623186,Massachusetts,MA,Essex,292.000000,270.000000,1.000000,809829.000000,41743.000000,True,metro,0,15.013444,0,15.013444,1,9.619201
25011,Franklin,MA,1810941373,Massachusetts,MA,Franklin,27.000000,25.000000,4.000000,71029.000000,38962.000000,True,nonmetro,0,18.363113,0,18.363113,0,18.363113
25013,Hampden,MA,1598027523,Massachusetts,MA,Hampden,195.000000,196.000000,2.000000,465825.000000,44381.000000,True,metro,3,5.612429,2,5.612429,4,5.612429
25015,Hampshire,MA,1365527344,Massachusetts,MA,Hampshire,54.000000,55.000000,3.000000,162308.000000,46334.000000,True,metro,1,8.914976,1,8.914976,1,8.914976
25017,Middlesex,MA,2118236393,Massachusetts,MA,Middlesex,433.000000,421.000000,1.000000,1632002.000000,57736.000000,True,metro,5,8.026813,5,8.026813,7,6.250046
25019,Nantucket,MA,119637319,Massachusetts,MA,Nantucket,,,7.000000,14255.000000,2244.000000,False,nonmetro,0,78.520089,0,78.520089,0,62.805988
25021,Norfolk,MA,1025912543,Massachusetts,MA,Norfolk,265.000000,262.000000,1.000000,725981.000000,14681.000000,True,metro,0,12.086651,0,12.086651,3,5.632042
25023,Plymouth,MA,1705512311,Massachusetts,MA,Plymouth,200.000000,186.000000,1.000000,530819.000000,66167.000000,True,metro,0,24.550667,0,24.550667,0,16.186466
25025,Suffolk,MA,150876727,Massachusetts,MA,Suffolk,201.000000,201.000000,1.000000,797936.000000,36.000000,True,metro,51,3.290409,48,3.290409,77,3.132540
25027,Worcester,MA,3912627580,Massachusetts,MA,Worcester,250.000000,256.000000,2.000000,862111.000000,182559.000000,True,metro,5,11.501124,4,11.501124,13,11.106105
26001,Alcona,MI,1747349242,Michigan,MI,Alcona,11.000000,10.000000,9.000000,10167.000000,9446.000000,True,nonmetro,0,85.763150,0,105.532848,0,81.037366
26003,Alger,MI,2369927690,Michigan,MI,Alger,,,9.000000,8842.000000,8842.000000,False,nonmetro,0,109.840243,0,124.060683,0,109.840243
26005,Allegan,MI,2137395679,Michigan,MI,Allegan,56.000000,50.000000,4.000000,120502.000000,81433.000000,True,nonmetro,0,20.169212,0,20.169212,0,20.007705
26007,Alpena,MI,1481205162,Michigan,MI,Alpena,22.000000,24.000000,7.000000,28907.000000,13482.000000,True,nonmetro,0,74.261923,0,105.583764,0,74.261923
26009,Antrim,MI,1232002675,Michigan,MI,Antrim,20.000000,25.000000,8.000000,23431.000000,23431.000000,True,nonmetro,0,23.766293,0,26.138304,0,23.766293
26011,Arenac,MI,940627660,Michigan,MI,Arenac,10.000000,10.000000,8.000000,15002.000000,13133.000000,True,nonmetro,0,43.807258,0,72.305256,0,35.156324
26013,Baraga,MI,2326914269,Michigan,MI,Baraga,,,9.000000,8158.000000,8158.000000,False,nonmetro,0,157.252337,0,157.252337,0,137.192700
26015,Barry,MI,1432533250,Michigan,MI,Barry,37.000000,34.000000,1.000000,62423.000000,54382.000000,True,metro,0,22.620530,0,22.620530,0,22.620530
26017,Bay,MI,1145830342,Michigan,MI,Bay,55.000000,54.000000,3.000000,103856.000000,30055.000000,True,metro,0,15.197023,0,44.498584,0,13.095458
26019,Benzie,MI,828014457,Michigan,MI,Benzie,12.000000,12.000000,3.000000,17970.000000,15367.000000,True,metro,0,20.860279,0,20.860279,0,20.860279
26021,Berrien,MI,1470545747,Michigan,MI,Berrien,142.000000,146.000000,3.000000,154316.000000,46444.000000,True,metro,0,46.039201,0,46.039201,1,10.774923
26023,Branch,MI,1311597696,Michigan,MI,Branch,26.000000,24.000000,6.000000,44862.000000,31141.000000,True,nonmetro,0,38.237592,0,38.237592,0,38.237592
26025,Calhoun,MI,1829210172,Michigan,MI,Calhoun,85.000000,89.000000,3.000000,134310.000000,43439.000000,True,metro,0,24.155791,0,24.155791,0,24.155791
26027,Cass,MI,1269375088,Michigan,MI,Cass,36.000000,38.000000,2.000000,51589.000000,38229.000000,True,metro,0,36.615004,0,36.615004,0,15.392942
26029,Charlevoix,MI,1078288793,Michigan,MI,Charlevoix,22.000000,26.000000,7.000000,26054.000000,18186.000000,True,nonmetro,0,14.131700,0,42.255923,0,14.131700
26031,Cheboygan,MI,1852564001,Michigan,MI,Cheboygan,21.000000,17.000000,7.000000,25579.000000,20169.000000,True,nonmetro,0,24.513866,0,74.714525,0,24.513866
26033,Chippewa,MI,4036515583,Michigan,MI,Chippewa,16.000000,18.000000,7.000000,36785.000000,18808.000000,True,nonmetro,0,74.388003,0,126.007280,0,74.388003
26035,Clare,MI,1461703751,Michigan,MI,Clare,30.000000,33.000000,8.000000,30856.000000,27060.000000,True,nonmetro,0,56.601600,0,68.682150,0,37.230018
26037,Clinton,MI,1466836593,Michigan,MI,Clinton,38.000000,34.000000,2.000000,79128.000000,40608.000000,True,metro,0,12.029186,0,12.029186,0,10.564345
26039,Crawford,MI,1441077823,Michigan,MI,Crawford,10.000000,,9.000000,12988.000000,12967.000000,True,nonmetro,0,46.950927,0,47.510465,0,46.950927
26041,Delta,MI,3033137846,Michigan,MI,Delta,20.000000,23.000000,5.000000,36903.000000,15744.000000,True,nonmetro,0,99.909414,0,99.990423,0,98.212324
26043,Dickinson,MI,1970845133,Michigan,MI,Dickinson,20.000000,19.000000,7.000000,25947.000000,9146.000000,True,nonmetro,0,92.626974,0,92.626974,0,90.845319
26045,Eaton,MI,1489783175,Michigan,MI,Eaton,70.000000,74.000000,2.000000,109175.000000,41470.000000,True,metro,0,12.331891,0,12.331891,0,12.331891
26047,Emmet,MI,1210909558,Michigan,MI,Emmet,26.000000,25.000000,7.000000,34112.000000,21535.000000,True,nonmetro,1,6.597539,0,57.892281,2,6.597539
26049,Genesee,MI,1649671695,Michigan,MI,Genesee,264.000000,268.000000,2.000000,406211.000000,73927.000000,True,metro,4,7.181894,4,7.181894,7,7.181894
26051,Gladwin,MI,1299620414,Michigan,MI,Gladwin,21.000000,20.000000,8.000000,25386.000000,25386.000000,True,nonmetro,0,45.321641,0,73.443224,0,26.559565
26053,Gogebic,MI,2854517939,Michigan,MI,Gogebic,,,7.000000,14380.000000,9215.000000,False,nonmetro,0,102.993387,0,160.808742,0,97.208412
26055,Grand Traverse,MI,1202625102,Michigan,MI,Grand Traverse,94.000000,88.000000,3.000000,95238.000000,41117.000000,True,metro,2,6.176095,2,6.176095,3,6.176095
26057,Gratiot,MI,1472098896,Michigan,MI,Gratiot,22.000000,22.000000,6.000000,41761.000000,24344.000000,True,nonmetro,0,34.048428,0,42.678203,0,25.694449
26059,Hillsdale,MI,1549207166,Michigan,MI,Hillsdale,25.000000,27.000000,6.000000,45746.000000,35104.000000,True,nonmetro,0,48.262748,0,48.845528,0,48.262748
26061,Houghton,MI,2613558396,Michigan,MI,Houghton,21.000000,20.000000,5.000000,37361.000000,16891.000000,True,nonmetro,0,169.857065,0,182.496281,0,158.657291
26063,Huron,MI,2165272594,Michigan,MI,Huron,15.000000,18.000000,9.000000,31407.000000,31407.000000,True,nonmetro,0,53.271912,0,65.491672,0,53.271912
26065,Ingham,MI,1440236312,Michigan,MI,Ingham,143.000000,137.000000,2.000000,284900.000000,41503.000000,True,metro,2,6.237168,2,6.237168,7,4.899495
26067,Ionia,MI,1479710873,Michigan,MI,Ionia,34.000000,32.000000,1.000000,66804.000000,40762.000000,True,metro,0,25.901017,0,25.901017,0,25.901017
26069,Iosco,MI,1422173769,Michigan,MI,Iosco,24.000000,22.000000,7.000000,25237.000000,12556.000000,True,nonmetro,0,68.433884,0,93.282783,0,62.649121
26071,Iron,MI,3019919276,Michigan,MI,Iron,13.000000,16.000000,9.000000,11631.000000,11631.000000,True,nonmetro,0,112.152025,0,112.152025,0,95.062954
26073,Isabella,MI,1483282659,Michigan,MI,Isabella,34.000000,33.000000,4.000000,64394.000000,33656.000000,True,nonmetro,0,44.832635,0,60.367831,0,28.115702
26075,Jackson,MI,1817904856,Michigan,MI,Jackson,93.000000,90.000000,3.000000,160366.000000,75828.000000,True,metro,0,31.847057,0,31.847057,0,31.737669
26077,Kalamazoo,MI,1455456980,Michigan,MI,Kalamazoo,113.000000,104.000000,2.000000,261670.000000,56622.000000,True,metro,3,5.256952,2,5.256952,4,5.256952
26079,Kalkaska,MI,1449729130,Michigan,MI,Kalkaska,12.000000,10.000000,3.000000,17939.000000,17939.000000,True,metro,0,23.375208,0,23.375208,0,23.375208
26081,Kent,MI,2198720084,Michigan,MI,Kent,296.000000,268.000000,1.000000,657974.000000,106517.000000,True,metro,5,6.224401,5,6.224401,11,6.224401
26083,Keweenaw,MI,1398883242,Michigan,MI,Keweenaw,,,9.000000,2046.000000,2046.000000,False,nonmetro,0,183.671840,0,196.121000,0,176.323030
26085,Lake,MI,1470054605,Michigan,MI,Lake,,10.000000,9.000000,12096.000000,12096.000000,False,nonmetro,0,56.627053,0,56.627053,0,56.627053
26087,Lapeer,MI,1675677869,Michigan,MI,Lapeer,61.000000,63.000000,1.000000,88619.000000,76168.000000,True,metro,0,22.476141,0,22.476141,0,20.883324
26089,Leelanau,MI,899241892,Michigan,MI,Leelanau,23.000000,21.000000,3.000000,22301.000000,19532.000000,True,metro,0,12.716138,0,12.716138,0,12.716138
26091,Lenawee,MI,1941526154,Michigan,MI,Lenawee,54.000000,51.000000,4.000000,99423.000000,56533.000000,True,nonmetro,0,27.395710,0,27.395710,0,27.395710
26093,Livingston,MI,1464077278,Michigan,MI,Livingston,104.000000,98.000000,1.000000,193866.000000,76602.000000,True,metro,0,19.973140,0,19.973140,0,19.600262
26095,Luce,MI,2328593560,Michigan,MI,Luce,,,9.000000,5339.000000,5339.000000,False,nonmetro,0,72.678267,0,108.742161,0,72.678267
26097,Mackinac,MI,2646654800,Michigan,MI,Mackinac,,,9.000000,10834.000000,8090.000000,False,nonmetro,0,46.992495,0,94.714368,0,46.992495
26099,Macomb,MI,1241494597,Michigan,MI,Macomb,498.000000,503.000000,1.000000,881217.000000,28287.000000,True,metro,1,6.874751,1,6.874751,3,6.189653
26101,Manistee,MI,1404616374,Michigan,MI,Manistee,23.000000,21.000000,6.000000,25032.000000,16939.000000,True,nonmetro,0,42.300021,0,42.300021,0,42.300021
26103,Marquette,MI,4685420988,Michigan,MI,Marquette,29.000000,32.000000,5.000000,66017.000000,30037.000000,True,nonmetro,0,139.591236,0,141.584453,0,137.910521
26105,Mason,MI,1281963206,Michigan,MI,Mason,19.000000,19.000000,7.000000,29052.000000,17169.000000,True,nonmetro,0,65.391556,0,65.391556,0,65.391556
26107,Mecosta,MI,1437843578,Michigan,MI,Mecosta,27.000000,30.000000,6.000000,39714.000000,29578.000000,True,nonmetro,0,50.010871,0,50.010871,0,48.753085
26109,Menominee,MI,2704053652,Michigan,MI,Menominee,11.000000,10.000000,7.000000,23502.000000,14846.000000,True,nonmetro,0,65.546913,0,65.546913,0,60.925214
26111,Midland,MI,1340188403,Michigan,MI,Midland,48.000000,50.000000,3.000000,83494.000000,36083.000000,True,metro,0,23.561878,0,53.440892,1,5.606611
26113,Missaukee,MI,1462793670,Michigan,MI,Missaukee,14.000000,13.000000,8.000000,15052.000000,15052.000000,True,nonmetro,0,38.474609,0,38.474609,0,38.474609
26115,Monroe,MI,1422818204,Michigan,MI,Monroe,87.000000,87.000000,3.000000,154809.000000,58396.000000,True,metro,0,15.790997,0,15.790997,0,15.716208
26117,Montcalm,MI,1826793476,Michigan,MI,Montcalm,38.000000,36.000000,1.000000,66614.000000,56349.000000,True,metro,0,33.707145,0,33.707145,0,32.923242
26119,Montmorency,MI,1415881030,Michigan,MI,Montmorency,,,9.000000,9153.000000,9153.000000,False,nonmetro,0,48.660112,0,75.063000,0,48.660112
26121,Muskegon,MI,1305130154,Michigan,MI,Muskegon,103.000000,101.000000,3.000000,175824.000000,45738.000000,True,metro,0,34.005903,0,34.005903,0,34.005903
26123,Newaygo,MI,2172706359,Michigan,MI,Newaygo,30.000000,30.000000,6.000000,49978.000000,44813.000000,True,nonmetro,0,35.941140,0,35.941140,0,35.941140
26125,Oakland,MI,2246231043,Michigan,MI,Oakland,727.000000,780.000000,1.000000,1274395.000000,70630.000000,True,metro,6,6.918059,6,6.918059,18,4.924694
26127,Oceana,MI,1393686390,Michigan,MI,Oceana,14.000000,16.000000,8.000000,26659.000000,26659.000000,True,nonmetro,0,56.513825,0,56.513825,0,56.513825
26129,Ogemaw,MI,1459466627,Michigan,MI,Ogemaw,13.000000,13.000000,9.000000,20770.000000,20770.000000,True,nonmetro,0,60.765481,0,79.892928,0,47.017789
26131,Ontonagon,MI,3395416183,Michigan,MI,Ontonagon,,,9.000000,5816.000000,5816.000000,False,nonmetro,0,133.705336,0,162.567702,0,122.907303
26133,Osceola,MI,1466674406,Michigan,MI,Osceola,17.000000,20.000000,9.000000,22891.000000,22891.000000,True,nonmetro,0,56.940566,0,56.940566,0,54.498424
26135,Oscoda,MI,1465088063,Michigan,MI,Oscoda,,,9.000000,8219.000000,8219.000000,False,nonmetro,0,60.991301,0,72.525375,0,60.991301
26137,Otsego,MI,1333860412,Michigan,MI,Otsego,22.000000,21.000000,7.000000,25091.000000,16615.000000,True,nonmetro,0,29.136045,0,49.765194,0,29.136045
26139,Ottawa,MI,1459508868,Michigan,MI,Ottawa,119.000000,120.000000,1.000000,296200.000000,62791.000000,True,metro,0,17.017653,0,17.017653,0,17.017653
26141,Presque Isle,MI,1706069655,Michigan,MI,Presque Isle,,,9.000000,12982.000000,12982.000000,False,nonmetro,0,52.976758,0,95.161801,0,52.976758
26143,Roscommon,MI,1346526239,Michigan,MI,Roscommon,18.000000,20.000000,7.000000,23459.000000,10292.000000,True,nonmetro,0,55.430967,0,55.430967,0,51.886258
26145,Saginaw,MI,2074053636,Michigan,MI,Saginaw,125.000000,117.000000,3.000000,190124.000000,62009.000000,True,metro,1,6.806315,0,31.518528,2,6.308787
26147,St. Clair,MI,1868709820,Michigan,MI,St. Clair,89.000000,90.000000,1.000000,160383.000000,63361.000000,True,metro,0,28.369488,0,28.369488,0,28.281393
26149,St. Joseph,MI,1296536371,Michigan,MI,St. Joseph,54.000000,48.000000,4.000000,60939.000000,38830.000000,True,nonmetro,0,28.752071,0,28.752071,0,25.032946
26151,Sanilac,MI,2493048510,Michigan,MI,Sanilac,24.000000,23.000000,8.000000,40611.000000,38030.000000,True,nonmetro,0,49.110354,0,49.359595,0,49.086948
26153,Schoolcraft,MI,3035145671,Michigan,MI,Schoolcraft,,,9.000000,8047.000000,8047.000000,False,nonmetro,0,75.549840,0,90.981775,0,75.549840
26155,Shiawassee,MI,1375198270,Michigan,MI,Shiawassee,45.000000,49.000000,4.000000,68094.000000,40709.000000,True,nonmetro,0,20.734291,0,20.734291,1,6.763535
26157,Tuscola,MI,2084554697,Michigan,MI,Tuscola,26.000000,29.000000,6.000000,53323.000000,47940.000000,True,nonmetro,0,26.221981,0,32.084007,0,26.221981
26159,Van Buren,MI,1574177246,Michigan,MI,Van Buren,47.000000,47.000000,6.000000,75587.000000,58997.000000,True,nonmetro,0,22.271415,0,22.271415,0,18.044432
26161,Washtenaw,MI,1828539717,Michigan,MI,Washtenaw,153.000000,159.000000,2.000000,372258.000000,64009.000000,True,metro,12,4.570757,12,4.570757,18,4.570757
26163,Wayne,MI,1584653155,Michigan,MI,Wayne,1024.000000,1019.000000,1.000000,1793561.000000,16085.000000,True,metro,8,8.558120,7,8.558120,20,6.528084
26165,Wexford,MI,1463148677,Michigan,MI,Wexford,33.000000,36.000000,6.000000,33673.000000,21465.000000,True,nonmetro,0,32.500657,0,32.500657,0,32.500657
27001,Aitkin,MN,4718370819,Minnesota,MN,Aitkin,12.000000,10.000000,8.000000,15697.000000,15697.000000,True,nonmetro,0,64.389192,0,76.619981,0,64.389192
27003,Anoka,MN,1092881453,Minnesota,MN,Anoka,124.000000,129.000000,1.000000,363887.000000,57867.000000,True,metro,0,15.435015,0,15.435015,2,7.669346
27005,Becker,MN,3405986095,Minnesota,MN,Becker,15.000000,15.000000,6.000000,35183.000000,24949.000000,True,nonmetro,0,118.199138,0,118.199138,0,48.021951
27007,Beltrami,MN,6487154458,Minnesota,MN,Beltrami,16.000000,19.000000,7.000000,46228.000000,31379.000000,True,nonmetro,0,139.869005,0,143.872574,0,100.479565
27009,Benton,MN,1057483361,Minnesota,MN,Benton,19.000000,22.000000,3.000000,41379.000000,18635.000000,True,metro,0,6.907769,0,6.907769,0,6.907769
27011,Big Stone,MN,1292831731,Minnesota,MN,Big Stone,,,9.000000,5166.000000,5166.000000,False,nonmetro,0,111.376280,0,111.376280,0,103.751419
27013,Blue Earth,MN,1936920254,Minnesota,MN,Blue Earth,36.000000,30.000000,3.000000,69112.000000,23203.000000,True,metro,0,56.395285,0,56.395285,0,56.395285
27015,Brown,MN,1582765944,Minnesota,MN,Brown,14.000000,15.000000,6.000000,25912.000000,12477.000000,True,nonmetro,0,72.876311,0,72.876311,0,72.876311
27017,Carlton,MN,2230477103,Minnesota,MN,Carlton,21.000000,20.000000,2.000000,36207.000000,22994.000000,True,metro,0,22.680707,0,108.257076,0,22.680707
27019,Carver,MN,916911877,Minnesota,MN,Carver,36.000000,33.000000,1.000000,106922.000000,26357.000000,True,metro,0,16.837502,0,16.854603,0,16.837502
27021,Cass,MN,5235592066,Minnesota,MN,Cass,15.000000,11.000000,9.000000,30066.000000,30066.000000,True,nonmetro,0,86.615679,0,88.116378,0,84.860236
27023,Chippewa,MN,1505378148,Minnesota,MN,Chippewa,10.000000,13.000000,7.000000,12598.000000,7207.000000,True,nonmetro,0,82.206001,0,82.206001,0,82.206001
27025,Chisago,MN,1074584696,Minnesota,MN,Chisago,21.000000,19.000000,1.000000,56621.000000,37175.000000,True,metro,0,34.869977,0,34.869977,0,29.675113
27027,Clay,MN,2706993098,Minnesota,MN,Clay,20.000000,21.000000,3.000000,65318.000000,16847.000000,True,metro,0,149.792294,0,149.792294,0,6.634426
27029,Clearwater,MN,2586947405,Minnesota,MN,Clearwater,,,8.000000,8524.000000,8524.000000,False,nonmetro,0,149.925061,0,149.925061,0,77.916311
27031,Cook,MN,3762130687,Minnesota,MN,Cook,,,9.000000,5600.000000,5600.000000,False,nonmetro,0,108.229883,0,233.439690,0,108.229883
27033,Cottonwood,MN,1657522317,Minnesota,MN,Cottonwood,,,9.000000,11517.000000,11517.000000,False,nonmetro,0,84.966847,0,84.966847,0,84.966847
27035,Crow Wing,MN,2585732032,Minnesota,MN,Crow Wing,32.000000,31.000000,4.000000,66123.000000,45436.000000,True,nonmetro,0,60.406984,0,60.406984,0,60.406984
27037,Dakota,MN,1456967786,Minnesota,MN,Dakota,159.000000,142.000000,1.000000,439882.000000,21911.000000,True,metro,2,6.722803,2,6.722803,4,6.371991
27039,Dodge,MN,1137734301,Minnesota,MN,Dodge,,,3.000000,20867.000000,13218.000000,False,metro,0,17.219251,0,17.219251,0,17.219251
27041,Douglas,MN,1649659329,Minnesota,MN,Douglas,23.000000,22.000000,6.000000,39006.000000,20049.000000,True,nonmetro,0,63.949559,0,63.949559,0,63.949559
27043,Faribault,MN,1845313211,Minnesota,MN,Faribault,,,8.000000,13921.000000,13921.000000,False,nonmetro,0,77.186691,0,77.186691,0,77.186691
27045,Fillmore,MN,2230843183,Minnesota,MN,Fillmore,,,3.000000,21228.000000,21228.000000,False,metro,0,30.945515,0,30.945515,0,28.450361
27047,Freeborn,MN,1831756443,Minnesota,MN,Freeborn,19.000000,17.000000,7.000000,30895.000000,12903.000000,True,nonmetro,0,51.010123,0,51.010123,0,51.010123
27049,Goodhue,MN,1959853272,Minnesota,MN,Goodhue,20.000000,22.000000,6.000000,47582.000000,31838.000000,True,nonmetro,0,29.347137,0,29.347137,0,29.347137
27051,Grant,MN,1418795389,Minnesota,MN,Grant,,,9.000000,6074.000000,6074.000000,False,nonmetro,0,89.568961,0,89.568961,0,76.151632
27053,Hennepin,MN,1434949241,Minnesota,MN,Hennepin,466.000000,477.000000,1.000000,1281565.000000,30605.000000,True,metro,18,5.724466,15,6.200783,32,4.531960
27055,Houston,MN,1429786046,Minnesota,MN,Houston,,,3.000000,18843.000000,13382.000000,False,metro,0,55.983840,0,55.983840,0,12.363836
27057,Hubbard,MN,2398345766,Minnesota,MN,Hubbard,,,9.000000,21344.000000,21344.000000,False,nonmetro,0,110.113358,0,110.113358,0,89.149538
27059,Isanti,MN,1128608895,Minnesota,MN,Isanti,21.000000,21.000000,1.000000,41135.000000,24386.000000,True,metro,0,38.174607,0,38.174607,0,29.572239
27061,Itasca,MN,6909414900,Minnesota,MN,Itasca,32.000000,31.000000,6.000000,45014.000000,34666.000000,True,nonmetro,0,76.583222,0,125.376091,0,76.583222
27063,Jackson,MN,1820689892,Minnesota,MN,Jackson,,,9.000000,9989.000000,9989.000000,False,nonmetro,0,81.470776,0,81.470776,0,81.470776
27065,Kanabec,MN,1350962864,Minnesota,MN,Kanabec,,,8.000000,16032.000000,16032.000000,False,nonmetro,0,47.505759,0,47.505759,0,47.505759
27067,Kandiyohi,MN,2065187146,Minnesota,MN,Kandiyohi,15.000000,23.000000,4.000000,43732.000000,18788.000000,True,nonmetro,0,50.331755,0,50.331755,0,50.331755
27069,Kittson,MN,2846395545,Minnesota,MN,Kittson,,,9.000000,4207.000000,4207.000000,False,nonmetro,0,251.052605,0,251.052605,0,57.291109
27071,Koochiching,MN,8040895433,Minnesota,MN,Koochiching,,10.000000,7.000000,12062.000000,5487.000000,False,nonmetro,0,136.123299,0,206.452335,0,136.123299
27073,Lac qui Parle,MN,1981395022,Minnesota,MN,Lac qui Parle,,,9.000000,6719.000000,6719.000000,False,nonmetro,0,102.065021,0,102.065021,0,102.065021
27075,Lake,MN,5462555544,Minnesota,MN,Lake,,,8.000000,10905.000000,10905.000000,False,nonmetro,0,38.363360,0,167.328766,0,38.363360
27077,Lake of the Woods,MN,3361396303,Minnesota,MN,Lake of the Woods,,,9.000000,3763.000000,3763.000000,False,nonmetro,0,183.952709,0,223.443532,0,120.461565
27079,Le Sueur,MN,1162060231,Minnesota,MN,Le Sueur,,,1.000000,28674.000000,24595.000000,False,metro,0,33.994838,0,33.994838,0,33.994838
27081,Lincoln,MN,1390265112,Minnesota,MN,Lincoln,,,9.000000,5640.000000,5640.000000,False,nonmetro,0,62.222516,0,62.222516,0,62.222516
27083,Lyon,MN,1850315110,Minnesota,MN,Lyon,12.000000,,7.000000,25269.000000,11761.000000,True,nonmetro,0,76.901544,0,76.901544,0,76.901544
27085,McLeod,MN,1273004836,Minnesota,MN,McLeod,22.000000,21.000000,4.000000,36771.000000,16363.000000,True,nonmetro,0,43.652041,0,43.661883,0,43.652041
27087,Mahnomen,MN,1444868084,Minnesota,MN,Mahnomen,,,8.000000,5411.000000,5411.000000,False,nonmetro,0,144.326378,0,144.326378,0,53.611343
27089,Marshall,MN,4597391841,Minnesota,MN,Marshall,,,8.000000,9040.000000,9040.000000,False,nonmetro,0,220.708582,0,220.708582,0,36.841784
27091,Martin,MN,1844928076,Minnesota,MN,Martin,13.000000,12.000000,6.000000,20025.000000,11638.000000,True,nonmetro,0,97.643381,0,97.643381,0,97.643381
27093,Meeker,MN,1574633146,Minnesota,MN,Meeker,13.000000,15.000000,6.000000,23400.000000,16831.000000,True,nonmetro,0,33.571437,0,33.571437,0,33.571437
27095,Mille Lacs,MN,1482264579,Minnesota,MN,Mille Lacs,13.000000,15.000000,1.000000,26459.000000,21656.000000,True,metro,0,32.662898,0,32.662898,0,32.662898
27097,Morrison,MN,2913980727,Minnesota,MN,Morrison,17.000000,17.000000,6.000000,34010.000000,24599.000000,True,nonmetro,0,31.512014,0,31.512014,0,31.512014
27099,Mower,MN,1842187917,Minnesota,MN,Mower,17.000000,20.000000,4.000000,40029.000000,14550.000000,True,nonmetro,0,33.276498,0,33.276498,0,33.276498
27101,Murray,MN,1825079943,Minnesota,MN,Murray,,,9.000000,8179.000000,8179.000000,False,nonmetro,0,58.008499,0,58.008499,0,58.008499
27103,Nicollet,MN,1161848160,Minnesota,MN,Nicollet,21.000000,19.000000,3.000000,34454.000000,8686.000000,True,metro,0,52.130069,0,52.130069,0,52.130069
27105,Nobles,MN,1852143783,Minnesota,MN,Nobles,,,7.000000,22290.000000,8490.000000,False,nonmetro,0,53.750631,0,53.750631,0,53.750631
27107,Norman,MN,2260512788,Minnesota,MN,Norman,,,8.000000,6441.000000,6441.000000,False,nonmetro,0,163.864730,0,163.864730,0,34.389513
27109,Olmsted,MN,1692589218,Minnesota,MN,Olmsted,51.000000,52.000000,3.000000,162847.000000,28284.000000,True,metro,7,4.293463,7,4.293463,13,4.293463
27111,Otter Tail,MN,5106508612,Minnesota,MN,Otter Tail,35.000000,35.000000,6.000000,60081.000000,46815.000000,True,nonmetro,0,98.453387,0,98.453387,0,58.298708
27113,Pennington,MN,1596931945,Minnesota,MN,Pennington,,,6.000000,13992.000000,5100.000000,False,nonmetro,0,199.160376,0,199.160376,0,42.738394
27115,Pine,MN,3655344652,Minnesota,MN,Pine,13.000000,14.000000,8.000000,28876.000000,28876.000000,True,nonmetro,0,56.780834,0,69.294875,0,53.324557
27117,Pipestone,MN,1204481399,Minnesota,MN,Pipestone,,,8.000000,9424.000000,9424.000000,False,nonmetro,0,38.205363,0,38.205363,0,38.205363
27119,Polk,MN,5104864821,Minnesota,MN,Polk,14.000000,16.000000,3.000000,31192.000000,14515.000000,True,metro,0,191.571951,0,191.571951,0,24.556743
27121,Pope,MN,1734089839,Minnesota,MN,Pope,,,8.000000,11308.000000,7106.000000,False,nonmetro,0,61.965375,0,61.965375,0,61.965375
27123,Ramsey,MN,394320493,Minnesota,MN,Ramsey,257.000000,258.000000,1.000000,552352.000000,111.000000,True,metro,3,5.572338,2,5.572338,8,4.008624
27125,Red Lake,MN,1119929346,Minnesota,MN,Red Lake,,,8.000000,3935.000000,3935.000000,False,nonmetro,0,185.233715,0,185.233715,0,41.868474
27127,Redwood,MN,2275493325,Minnesota,MN,Redwood,,,9.000000,15425.000000,10817.000000,False,nonmetro,0,86.449631,0,86.449631,0,86.449631
27129,Renville,MN,2545711095,Minnesota,MN,Renville,11.000000,10.000000,9.000000,14723.000000,14723.000000,True,nonmetro,0,69.603086,0,69.603086,0,69.603086
27131,Rice,MN,1284218947,Minnesota,MN,Rice,28.000000,27.000000,4.000000,67097.000000,21597.000000,True,nonmetro,0,27.680328,0,27.680328,0,27.680328
27133,Rock,MN,1249562287,Minnesota,MN,Rock,,,2.000000,9704.000000,4896.000000,False,metro,0,25.803897,0,25.803897,0,25.803897
27135,Roseau,MN,4329730563,Minnesota,MN,Roseau,,11.000000,9.000000,15331.000000,15331.000000,False,nonmetro,0,216.770877,0,236.397713,0,89.224499
27137,St. Louis,MN,16181141791,Minnesota,MN,St. Louis,120.000000,119.000000,2.000000,200231.000000,78666.000000,True,metro,1,25.352356,0,139.309013,5,25.352356
27139,Scott,MN,922742777,Minnesota,MN,Scott,45.000000,40.000000,1.000000,150928.000000,27321.000000,True,metro,0,10.693287,0,10.693287,0,10.693287
27141,Sherburne,MN,1121230367,Minnesota,MN,Sherburne,29.000000,31.000000,1.000000,97183.000000,49494.000000,True,metro,0,22.946420,0,22.969305,0,20.337364
27143,Sibley,MN,1525073958,Minnesota,MN,Sibley,,,8.000000,14836.000000,14836.000000,False,nonmetro,0,45.268904,0,45.268904,0,45.268904
27145,Stearns,MN,3477910040,Minnesota,MN,Stearns,53.000000,55.000000,3.000000,158292.000000,60133.000000,True,metro,1,11.110816,1,11.110816,6,11.110816
27147,Steele,MN,1112775703,Minnesota,MN,Steele,12.000000,13.000000,5.000000,37406.000000,11128.000000,True,nonmetro,0,37.445944,0,37.445944,0,37.445944
27149,Stevens,MN,1459664592,Minnesota,MN,Stevens,,,7.000000,9671.000000,4641.000000,False,nonmetro,0,85.125747,0,85.125747,0,85.125747
27151,Swift,MN,1921733671,Minnesota,MN,Swift,,,9.000000,9838.000000,9838.000000,False,nonmetro,0,74.343808,0,74.343808,0,74.343808
27153,Todd,MN,2447791802,Minnesota,MN,Todd,11.000000,,8.000000,25262.000000,25116.000000,True,nonmetro,0,50.245931,0,50.245931,0,50.245931
27155,Traverse,MN,1486320974,Minnesota,MN,Traverse,,,9.000000,3360.000000,3360.000000,False,nonmetro,0,116.122392,0,116.122392,0,78.755970
27157,Wabasha,MN,1354362715,Minnesota,MN,Wabasha,11.000000,,3.000000,21387.000000,17362.000000,True,metro,0,23.967948,0,23.967948,0,23.967948
27159,Wadena,MN,1389132776,Minnesota,MN,Wadena,11.000000,11.000000,9.000000,14065.000000,10105.000000,True,nonmetro,0,79.258639,0,79.258639,0,76.984759
27161,Waseca,MN,1096505122,Minnesota,MN,Waseca,,,6.000000,18968.000000,9757.000000,False,nonmetro,0,49.839861,0,49.839861,0,49.839861
27163,Washington,MN,996403606,Minnesota,MN,Washington,113.000000,107.000000,1.000000,267568.000000,35764.000000,True,metro,0,8.637738,0,8.637738,0,8.362671
27165,Watonwan,MN,1126508687,Minnesota,MN,Watonwan,,,8.000000,11253.000000,11253.000000,False,nonmetro,0,83.820902,0,83.820902,0,83.820902
27167,Wilkin,MN,1945179856,Minnesota,MN,Wilkin,,,8.000000,6506.000000,3120.000000,False,nonmetro,0,125.048353,0,125.048353,0,40.912019
27169,Winona,MN,1621791140,Minnesota,MN,Winona,26.000000,22.000000,4.000000,49671.000000,20038.000000,True,nonmetro,0,37.495049,0,37.495049,0,25.743711
27171,Wright,MN,1712395099,Minnesota,MN,Wright,46.000000,40.000000,1.000000,141337.000000,55359.000000,True,metro,0,25.482763,0,26.181919,0,23.419562
27173,Yellow Medicine,MN,1966062964,Minnesota,MN,Yellow Medicine,,,9.000000,9528.000000,9528.000000,False,nonmetro,0,88.158152,0,88.158152,0,88.158152
28001,Adams,MS,1197464268,Mississippi,MS,Adams,25.000000,23.000000,7.000000,29538.000000,10775.000000,True,nonmetro,0,63.155949,0,79.544995,0,36.092626
28003,Alcorn,MS,1036110409,Mississippi,MS,Alcorn,26.000000,30.000000,7.000000,34740.000000,22276.000000,True,nonmetro,0,51.479883,0,51.479883,0,45.992891
28005,Amite,MS,1890950868,Mississippi,MS,Amite,,,8.000000,12720.000000,12720.000000,False,nonmetro,0,43.232571,0,65.018552,0,43.232571
28007,Attala,MS,1903529295,Mississippi,MS,Attala,16.000000,15.000000,6.000000,17889.000000,11173.000000,True,nonmetro,0,52.893084,0,52.893084,0,52.893084
28009,Benton,MS,1053131418,Mississippi,MS,Benton,,,1.000000,7646.000000,7646.000000,False,metro,0,39.622378,0,39.622378,0,37.667853
28011,Bolivar,MS,2270141682,Mississippi,MS,Bolivar,28.000000,26.000000,7.000000,30985.000000,16639.000000,True,nonmetro,0,43.908753,0,43.908753,0,43.908753
28013,Calhoun,MS,1519218292,Mississippi,MS,Calhoun,12.000000,11.000000,9.000000,13266.000000,13266.000000,True,nonmetro,0,80.941512,0,80.941512,0,41.764792
28015,Carroll,MS,1627517127,Mississippi,MS,Carroll,,,8.000000,9998.000000,9998.000000,False,nonmetro,0,38.657569,0,38.657569,0,38.657569
28017,Chickasaw,MS,1299608408,Mississippi,MS,Chickasaw,15.000000,12.000000,9.000000,17106.000000,17106.000000,True,nonmetro,0,93.801856,0,93.801856,0,26.850066
28019,Choctaw,MS,1083124493,Mississippi,MS,Choctaw,,,9.000000,8246.000000,8246.000000,False,nonmetro,0,73.452923,0,73.452923,0,68.608334
28021,Claiborne,MS,1262400025,Mississippi,MS,Claiborne,,,8.000000,9135.000000,9135.000000,False,nonmetro,0,51.531220,0,51.531220,1,4.860244
28023,Clarke,MS,1791173034,Mississippi,MS,Clarke,17.000000,16.000000,9.000000,15615.000000,15615.000000,True,nonmetro,0,86.639011,0,86.639011,0,86.088621
28025,Clay,MS,1062082196,Mississippi,MS,Clay,17.000000,13.000000,7.000000,18636.000000,10502.000000,True,nonmetro,0,104.326421,0,104.326421,0,44.163481
28027,Coahoma,MS,1432509882,Mississippi,MS,Coahoma,20.000000,20.000000,6.000000,21390.000000,6982.000000,True,nonmetro,0,61.905019,0,61.905019,0,61.905019
28029,Copiah,MS,2013158772,Mississippi,MS,Copiah,19.000000,17.000000,2.000000,28368.000000,23311.000000,True,metro,0,30.511951,0,30.511951,0,29.375435
28031,Covington,MS,1071784952,Mississippi,MS,Covington,14.000000,15.000000,8.000000,18340.000000,18340.000000,True,nonmetro,0,59.294778,0,59.294778,0,59.294778
28033,DeSoto,MS,1233730200,Mississippi,MS,DeSoto,84.000000,88.000000,1.000000,185314.000000,40586.000000,True,metro,1,7.151296,1,7.151296,1,7.151296
28035,Forrest,MS,1207042883,Mississippi,MS,Forrest,42.000000,46.000000,3.000000,78158.000000,27040.000000,True,metro,0,75.091915,0,75.091915,0,74.375007
28037,Franklin,MS,1460658822,Mississippi,MS,Franklin,,,9.000000,7675.000000,7675.000000,False,nonmetro,0,59.867933,0,70.083458,0,35.197125
28039,George,MS,1239816906,Mississippi,MS,George,18.000000,16.000000,8.000000,24350.000000,24350.000000,True,nonmetro,0,34.923984,0,34.923984,0,31.325580
28041,Greene,MS,1845983898,Mississippi,MS,Greene,,,8.000000,13530.000000,13530.000000,False,nonmetro,0,49.189815,0,49.189815,0,42.233137
28043,Grenada,MS,1093291103,Mississippi,MS,Grenada,17.000000,17.000000,7.000000,21629.000000,11353.000000,True,nonmetro,0,56.546927,0,56.546927,0,56.546927
28045,Hancock,MS,1227561217,Mississippi,MS,Hancock,32.000000,33.000000,2.000000,46053.000000,17620.000000,True,metro,0,24.501992,0,24.501992,0,24.501992
28047,Harrison,MS,1485724358,Mississippi,MS,Harrison,109.000000,123.000000,2.000000,208621.000000,40000.000000,True,metro,0,44.322957,0,44.322957,0,44.322957
28049,Hinds,MS,2252888818,Mississippi,MS,Hinds,169.000000,170.000000,2.000000,227742.000000,40037.000000,True,metro,1,7.110056,1,7.110056,9,7.058117
28051,Holmes,MS,1959776830,Mississippi,MS,Holmes,15.000000,16.000000,2.000000,17000.000000,17000.000000,True,metro,0,27.899975,0,27.899975,0,27.899975
28053,Humphreys,MS,1083947284,Mississippi,MS,Humphreys,,,8.000000,7785.000000,7785.000000,False,nonmetro,1,3.371838,1,3.371838,1,3.371838
28055,Issaquena,MS,1069614257,Mississippi,MS,Issaquena,,,9.000000,1338.000000,1338.000000,False,nonmetro,0,36.815833,0,36.815833,0,36.815833
28057,Itawamba,MS,1379932997,Mississippi,MS,Itawamba,16.000000,15.000000,9.000000,23863.000000,23863.000000,True,nonmetro,0,94.041692,0,94.041692,0,18.000376
28059,Jackson,MS,1872109197,Mississippi,MS,Jackson,91.000000,91.000000,2.000000,143252.000000,43464.000000,True,metro,0,41.522019,0,41.522019,0,41.517610
28061,Jasper,MS,1751636189,Mississippi,MS,Jasper,15.000000,18.000000,8.000000,16367.000000,16367.000000,True,nonmetro,0,65.484650,0,65.484650,0,65.484650
28063,Jefferson,MS,1346620554,Mississippi,MS,Jefferson,,,9.000000,7260.000000,7260.000000,False,nonmetro,0,65.208199,0,65.208199,0,18.009434
28065,Jefferson Davis,MS,1057871277,Mississippi,MS,Jefferson Davis,13.000000,13.000000,8.000000,11321.000000,11321.000000,True,nonmetro,0,54.546529,0,54.546529,0,54.546529
28067,Jones,MS,1799639020,Mississippi,MS,Jones,62.000000,61.000000,4.000000,67246.000000,42045.000000,True,nonmetro,0,74.167338,0,74.167338,0,73.917841
28069,Kemper,MS,1984403150,Mississippi,MS,Kemper,,,9.000000,8988.000000,8988.000000,False,nonmetro,0,93.779584,0,93.779584,0,93.779584
28071,Lafayette,MS,1636088509,Mississippi,MS,Lafayette,28.000000,30.000000,4.000000,55813.000000,22295.000000,True,nonmetro,0,51.570118,0,51.570118,0,46.573334
28073,Lamar,MS,1286109795,Mississippi,MS,Lamar,20.000000,23.000000,3.000000,64222.000000,34519.000000,True,metro,0,67.840330,0,67.840330,0,67.840330
28075,Lauderdale,MS,1822508248,Mississippi,MS,Lauderdale,55.000000,57.000000,5.000000,72984.000000,39175.000000,True,nonmetro,0,87.491127,0,87.491127,0,87.491127
28077,Lawrence,MS,1115254005,Mississippi,MS,Lawrence,,10.000000,8.000000,12016.000000,12016.000000,False,nonmetro,0,51.829265,0,51.829265,0,51.829265
28079,Leake,MS,1509697192,Mississippi,MS,Leake,16.000000,17.000000,8.000000,21275.000000,21275.000000,True,nonmetro,0,49.726931,0,49.726931,0,49.726931
28081,Lee,MS,1165404273,Mississippi,MS,Lee,60.000000,59.000000,5.000000,83343.000000,43110.000000,True,nonmetro,0,84.256220,0,84.256220,6,5.966469
28083,Leflore,MS,1538645698,Mississippi,MS,Leflore,26.000000,32.000000,6.000000,28339.000000,8864.000000,True,nonmetro,0,28.311407,0,28.311407,0,28.311407
28085,Lincoln,MS,1518269755,Mississippi,MS,Lincoln,25.000000,23.000000,6.000000,34907.000000,24755.000000,True,nonmetro,0,54.390107,0,54.390107,0,42.244445
28087,Lowndes,MS,1309092529,Mississippi,MS,Lowndes,40.000000,42.000000,5.000000,58879.000000,31984.000000,True,nonmetro,0,91.552431,0,91.552431,0,54.249766
28089,Madison,MS,1850178949,Mississippi,MS,Madison,63.000000,61.000000,2.000000,109145.000000,28113.000000,True,metro,0,15.798571,0,15.798571,0,15.798571
28091,Marion,MS,1404769598,Mississippi,MS,Marion,17.000000,19.000000,6.000000,24441.000000,18205.000000,True,nonmetro,0,55.700731,0,55.700731,0,55.700731
28093,Marshall,MS,1829011199,Mississippi,MS,Marshall,17.000000,20.000000,1.000000,33752.000000,28193.000000,True,metro,0,24.415656,0,24.415656,0,24.415656
28095,Monroe,MS,1981578016,Mississippi,MS,Monroe,26.000000,28.000000,7.000000,34180.000000,28203.000000,True,nonmetro,0,100.058186,0,100.058186,0,26.327334
28097,Montgomery,MS,1054074828,Mississippi,MS,Montgomery,12.000000,12.000000,9.000000,9822.000000,9822.000000,True,nonmetro,0,51.516465,0,51.516465,0,51.516465
28099,Neshoba,MS,1476641121,Mississippi,MS,Neshoba,24.000000,21.000000,7.000000,29087.000000,21973.000000,True,nonmetro,0,69.750942,0,69.750942,0,69.750942
28101,Newton,MS,1496417775,Mississippi,MS,Newton,13.000000,15.000000,8.000000,21291.000000,21291.000000,True,nonmetro,0,62.410405,0,62.410405,0,62.410405
28103,Noxubee,MS,1800451921,Mississippi,MS,Noxubee,,,9.000000,10285.000000,10285.000000,False,nonmetro,0,104.035803,0,104.035803,0,78.326727
28105,Oktibbeha,MS,1186834318,Mississippi,MS,Oktibbeha,24.000000,28.000000,5.000000,51788.000000,18976.000000,True,nonmetro,0,97.816304,0,97.816304,0,56.488781
28107,Panola,MS,1774595233,Mississippi,MS,Panola,21.000000,19.000000,6.000000,33208.000000,26935.000000,True,nonmetro,0,44.952571,0,44.952571,0,44.952571
28109,Pearl River,MS,2101307249,Mississippi,MS,Pearl River,34.000000,36.000000,6.000000,56145.000000,39844.000000,True,nonmetro,0,26.659184,0,26.659184,0,26.659184
28111,Perry,MS,1676452290,Mississippi,MS,Perry,,,3.000000,11511.000000,11511.000000,False,metro,0,68.895001,0,68.895001,0,62.914262
28113,Pike,MS,1059783761,Mississippi,MS,Pike,29.000000,28.000000,6.000000,40324.000000,24997.000000,True,nonmetro,0,54.958453,0,55.145602,0,54.050703
28115,Pontotoc,MS,1289330916,Mississippi,MS,Pontotoc,21.000000,18.000000,9.000000,31184.000000,31184.000000,True,nonmetro,0,73.324603,0,73.324603,0,18.284235
28117,Prentiss,MS,1074806610,Mississippi,MS,Prentiss,16.000000,15.000000,7.000000,25008.000000,18570.000000,True,nonmetro,0,69.541252,0,69.541252,0,27.507403
28119,Quitman,MS,1048975539,Mississippi,MS,Quitman,,,8.000000,6176.000000,6176.000000,False,nonmetro,0,51.848097,0,51.848097,0,51.848097
28121,Rankin,MS,2008521126,Mississippi,MS,Rankin,78.000000,79.000000,2.000000,157031.000000,51818.000000,True,metro,0,10.947872,0,10.947872,0,10.947872
28123,Scott,MS,1577902083,Mississippi,MS,Scott,12.000000,14.000000,2.000000,27990.000000,27990.000000,True,metro,0,39.218730,0,39.218730,0,39.218730
28125,Sharkey,MS,1118149684,Mississippi,MS,Sharkey,,,8.000000,3800.000000,3800.000000,False,nonmetro,0,28.226913,0,28.226913,0,28.226913
28127,Simpson,MS,1525930873,Mississippi,MS,Simpson,13.000000,16.000000,2.000000,25949.000000,25949.000000,True,metro,0,33.196942,0,33.196942,0,33.196942
28129,Smith,MS,1647926077,Mississippi,MS,Smith,12.000000,10.000000,8.000000,14209.000000,14209.000000,True,nonmetro,0,46.361638,0,46.361638,0,46.361638
28131,Stone,MS,1153800120,Mississippi,MS,Stone,,,2.000000,18333.000000,18333.000000,False,metro,0,53.269270,0,53.269270,0,53.269270
28133,Sunflower,MS,1807187011,Mississippi,MS,Sunflower,23.000000,22.000000,7.000000,25971.000000,16630.000000,True,nonmetro,0,29.282640,0,29.282640,0,29.282640
28135,Tallahatchie,MS,1671120105,Mississippi,MS,Tallahatchie,,,9.000000,12715.000000,12715.000000,False,nonmetro,0,58.687133,0,58.687133,0,58.687133
28137,Tate,MS,1048332526,Mississippi,MS,Tate,13.000000,11.000000,1.000000,28064.000000,21247.000000,True,metro,0,24.878321,0,24.878321,0,24.878321
28139,Tippah,MS,1185754676,Mississippi,MS,Tippah,14.000000,14.000000,8.000000,21815.000000,21815.000000,True,nonmetro,0,54.349259,0,54.349259,0,37.454270
28141,Tishomingo,MS,1098925142,Mississippi,MS,Tishomingo,16.000000,16.000000,8.000000,18850.000000,18850.000000,True,nonmetro,0,69.585675,0,69.585675,0,43.054633
28143,Tunica,MS,1176191638,Mississippi,MS,Tunica,,,1.000000,9782.000000,9782.000000,False,metro,0,26.429266,0,26.429266,0,26.429266
28145,Union,MS,1076417818,Mississippi,MS,Union,18.000000,16.000000,7.000000,27777.000000,21014.000000,True,nonmetro,0,61.756709,0,61.756709,0,23.696908
28147,Walthall,MS,1046169275,Mississippi,MS,Walthall,10.000000,10.000000,9.000000,13884.000000,13884.000000,True,nonmetro,0,46.899903,0,46.899903,0,46.899903
28149,Warren,MS,1524286572,Mississippi,MS,Warren,34.000000,29.000000,4.000000,44722.000000,19005.000000,True,nonmetro,0,38.752147,0,38.752147,0,26.480540
28151,Washington,MS,1875077589,Mississippi,MS,Washington,33.000000,37.000000,5.000000,44922.000000,15655.000000,True,nonmetro,0,32.997878,0,32.997878,0,32.997878
28153,Wayne,MS,2099745602,Mississippi,MS,Wayne,16.000000,15.000000,9.000000,19779.000000,19779.000000,True,nonmetro,0,75.684130,0,75.684130,0,67.319602
28155,Webster,MS,1090793744,Mississippi,MS,Webster,,,9.000000,9926.000000,9926.000000,False,nonmetro,0,78.205369,0,78.205369,0,55.387234
28157,Wilkinson,MS,1756287539,Mississippi,MS,Wilkinson,,,8.000000,8587.000000,8587.000000,False,nonmetro,0,33.802582,0,64.292996,0,33.802582
28159,Winston,MS,1572773194,Mississippi,MS,Winston,11.000000,14.000000,9.000000,17714.000000,17714.000000,True,nonmetro,0,83.294991,0,83.294991,0,80.682689
28161,Yalobusha,MS,1209914676,Mississippi,MS,Yalobusha,,,9.000000,12481.000000,12481.000000,False,nonmetro,0,65.345210,0,65.345210,0,58.053825
28163,Yazoo,MS,2388847327,Mississippi,MS,Yazoo,20.000000,20.000000,2.000000,26743.000000,11683.000000,True,metro,0,25.293888,0,25.293888,0,25.293888
29001,Adair,MO,1469362059,Missouri,MO,Adair,,11.000000,7.000000,25314.000000,8468.000000,False,nonmetro,0,86.970730,0,86.970730,0,64.514932
29003,Andrew,MO,1120510438,Missouri,MO,Andrew,,,3.000000,18135.000000,10956.000000,False,metro,0,56.633480,0,56.633480,0,56.296134
29005,Atchison,MO,1417462629,Missouri,MO,Atchison,,,9.000000,5305.000000,5305.000000,False,nonmetro,0,63.550955,0,63.550955,0,62.313082
29007,Audrain,MO,1792918159,Missouri,MO,Audrain,12.000000,14.000000,6.000000,24962.000000,13611.000000,True,nonmetro,0,32.687196,0,32.687196,0,31.391659
29009,Barry,MO,2015326677,Missouri,MO,Barry,15.000000,16.000000,6.000000,34534.000000,28496.000000,True,nonmetro,0,46.336135,0,46.336135,0,42.125998
29011,Barton,MO,1533351028,Missouri,MO,Barton,,11.000000,8.000000,11637.000000,11637.000000,False,nonmetro,0,58.620264,0,58.620264,0,58.620264
29013,Bates,MO,2167033438,Missouri,MO,Bates,11.000000,11.000000,1.000000,16042.000000,16042.000000,True,metro,0,51.490643,0,51.490643,0,51.490643
29015,Benton,MO,1823437752,Missouri,MO,Benton,19.000000,17.000000,9.000000,19394.000000,19394.000000,True,nonmetro,0,67.461086,0,67.461086,0,67.461086
29017,Bollinger,MO,1600364576,Missouri,MO,Bollinger,,,3.000000,10567.000000,10567.000000,False,metro,0,89.114084,0,89.114084,0,50.965053
29019,Boone,MO,1775575888,Missouri,MO,Boone,60.000000,59.000000,3.000000,183610.000000,41779.000000,True,metro,3,4.917164,3,4.917164,5,4.917164
29021,Buchanan,MO,1057361277,Missouri,MO,Buchanan,49.000000,53.000000,3.000000,84793.000000,11659.000000,True,metro,0,45.235160,0,45.235160,0,45.079986
29023,Butler,MO,1799408335,Missouri,MO,Butler,25.000000,24.000000,5.000000,42130.000000,21681.000000,True,nonmetro,0,65.314531,0,65.314531,0,65.314531
29025,Caldwell,MO,1104350514,Missouri,MO,Caldwell,,,1.000000,8815.000000,8815.000000,False,metro,0,50.031078,0,50.031078,0,47.858720
29027,Callaway,MO,2161518051,Missouri,MO,Callaway,21.000000,20.000000,3.000000,44283.000000,26620.000000,True,metro,0,22.739853,0,22.739853,0,22.739853
29029,Camden,MO,1699124111,Missouri,MO,Camden,28.000000,24.000000,7.000000,42745.000000,24045.000000,True,nonmetro,0,60.845725,0,60.845725,0,60.845725
29031,Cape Girardeau,MO,1498351217,Missouri,MO,Cape Girardeau,36.000000,40.000000,3.000000,81710.000000,26311.000000,True,metro,0,93.642085,0,93.642085,0,33.798128
29033,Carroll,MO,1799061890,Missouri,MO,Carroll,,,8.000000,8495.000000,8495.000000,False,nonmetro,0,60.647034,0,60.647034,0,59.530517
29035,Carter,MO,1314052440,Missouri,MO,Carter,,,9.000000,5202.000000,5202.000000,False,nonmetro,0,77.255166,0,77.255166,0,77.255166
29037,Cass,MO,1804223313,Missouri,MO,Cass,54.000000,58.000000,1.000000,107824.000000,31982.000000,True,metro,0,21.194410,0,21.194410,0,21.171147
29039,Cedar,MO,1228870903,Missouri,MO,Cedar,13.000000,12.000000,8.000000,14188.000000,14188.000000,True,nonmetro,0,50.272721,0,50.272721,0,50.272721
29041,Chariton,MO,1945541996,Missouri,MO,Chariton,,,8.000000,7408.000000,7408.000000,False,nonmetro,0,49.059662,0,49.059662,0,49.059662
29043,Christian,MO,1457099562,Missouri,MO,Christian,40.000000,34.000000,2.000000,88842.000000,37535.000000,True,metro,0,14.236814,0,14.236814,0,14.236814
29045,Clark,MO,1306924727,Missouri,MO,Clark,,,9.000000,6634.000000,6634.000000,False,nonmetro,0,86.922285,0,86.922285,0,36.664324
29047,Clay,MO,1029941235,Missouri,MO,Clay,102.000000,99.000000,1.000000,253335.000000,20500.000000,True,metro,0,11.767668,0,11.767668,1,9.805811
29049,Clinton,MO,1085049760,Missouri,MO,Clinton,13.000000,10.000000,1.000000,21184.000000,16052.000000,True,metro,0,36.763634,0,36.763634,0,34.762651
29051,Cole,MO,1014104090,Missouri,MO,Cole,29.000000,25.000000,3.000000,77279.000000,26504.000000,True,metro,0,28.556981,0,28.556981,0,28.556981
29053,Cooper,MO,1462695259,Missouri,MO,Cooper,,,3.000000,17103.000000,9069.000000,False,metro,0,24.078320,0,24.078320,0,24.078320
29055,Crawford,MO,1923005890,Missouri,MO,Crawford,16.000000,16.000000,8.000000,23056.000000,21489.000000,True,nonmetro,0,63.553605,0,63.553605,0,63.553605
29057,Dade,MO,1269120978,Missouri,MO,Dade,,,8.000000,7569.000000,7569.000000,False,nonmetro,0,32.151341,0,32.151341,0,32.151341
29059,Dallas,MO,1401057564,Missouri,MO,Dallas,,12.000000,2.000000,17071.000000,17071.000000,False,metro,0,32.379666,0,32.379666,0,32.379666
29061,Daviess,MO,1458893649,Missouri,MO,Daviess,,,8.000000,8430.000000,8430.000000,False,nonmetro,0,66.209730,0,66.209730,0,63.956932
29063,DeKalb,MO,1091312448,Missouri,MO,DeKalb,,,3.000000,11029.000000,7711.000000,False,metro,0,51.651065,0,51.651065,0,49.755630
29065,Dent,MO,1949641173,Missouri,MO,Dent,,11.000000,9.000000,14421.000000,9737.000000,False,nonmetro,0,94.511210,0,94.511210,0,94.511210
29067,Douglas,MO,2107274104,Missouri,MO,Douglas,10.000000,11.000000,8.000000,11578.000000,11578.000000,True,nonmetro,0,42.891081,0,42.891081,0,42.891081
29069,Dunklin,MO,1403538813,Missouri,MO,Dunklin,27.000000,30.000000,7.000000,28283.000000,17723.000000,True,nonmetro,0,49.625311,0,49.625311,0,49.625311
29071,Franklin,MO,2389650757,Missouri,MO,Franklin,51.000000,52.000000,1.000000,104682.000000,57564.000000,True,metro,0,32.986204,0,32.986204,0,32.986204
29073,Gasconade,MO,1344216322,Missouri,MO,Gasconade,13.000000,12.000000,8.000000,14794.000000,14794.000000,True,nonmetro,0,53.466770,0,53.466770,0,53.466770
29075,Gentry,MO,1272776755,Missouri,MO,Gentry,,,8.000000,6162.000000,6162.000000,False,nonmetro,0,76.166742,0,76.166742,0,74.693364
29077,Greene,MO,1749093980,Missouri,MO,Greene,129.000000,130.000000,2.000000,298915.000000,42271.000000,True,metro,2,5.392012,2,5.392012,5,5.392012
29079,Grundy,MO,1127403258,Missouri,MO,Grundy,,,7.000000,9808.000000,4382.000000,False,nonmetro,0,86.340330,0,86.340330,0,84.143485
29081,Harrison,MO,1871309888,Missouri,MO,Harrison,,,9.000000,8157.000000,8157.000000,False,nonmetro,0,85.751200,0,85.751200,0,84.417677
29083,Henry,MO,1805054746,Missouri,MO,Henry,14.000000,15.000000,6.000000,21946.000000,13080.000000,True,nonmetro,0,64.988278,0,64.988278,0,64.933170
29085,Hickory,MO,1032908447,Missouri,MO,Hickory,10.000000,,8.000000,8279.000000,8279.000000,True,nonmetro,0,48.251202,0,48.251202,0,48.251202
29087,Holt,MO,1198369593,Missouri,MO,Holt,,,8.000000,4223.000000,4223.000000,False,nonmetro,0,73.342845,0,73.342845,0,73.342845
29089,Howard,MO,1201239501,Missouri,MO,Howard,,,3.000000,10151.000000,10151.000000,False,metro,0,24.100823,0,24.100823,0,24.100823
29091,Howell,MO,2401376397,Missouri,MO,Howell,32.000000,33.000000,7.000000,39750.000000,27898.000000,True,nonmetro,0,83.461844,0,83.461844,0,83.461844
29093,Iron,MO,1425174278,Missouri,MO,Iron,,,9.000000,9537.000000,9537.000000,False,nonmetro,0,78.159005,0,78.159005,0,76.696483
29095,Jackson,MO,1565698756,Missouri,MO,Jackson,325.000000,329.000000,1.000000,717204.000000,30617.000000,True,metro,4,10.127085,4,10.127085,11,9.708742
29097,Jasper,MO,1653723325,Missouri,MO,Jasper,61.000000,61.000000,3.000000,122761.000000,28808.000000,True,metro,0,63.462765,0,63.462765,0,63.462765
29099,Jefferson,MO,1700185594,Missouri,MO,Jefferson,96.000000,95.000000,1.000000,226739.000000,78841.000000,True,metro,0,25.365834,0,25.365834,0,25.365834
29101,Johnson,MO,2147776085,Missouri,MO,Johnson,19.000000,19.000000,4.000000,54013.000000,28502.000000,True,nonmetro,0,49.604350,0,49.604350,0,49.504913
29103,Knox,MO,1305376625,Missouri,MO,Knox,,,9.000000,3744.000000,3744.000000,False,nonmetro,0,83.768534,0,83.768534,0,42.200728
29105,Laclede,MO,1980383070,Missouri,MO,Laclede,31.000000,33.000000,6.000000,36039.000000,21329.000000,True,nonmetro,0,47.442087,0,47.442087,0,47.442087
29107,Lafayette,MO,1627237794,Missouri,MO,Lafayette,16.000000,16.000000,1.000000,32984.000000,22863.000000,True,metro,0,39.983889,0,39.983889,0,39.350880
29109,Lawrence,MO,1584393361,Missouri,MO,Lawrence,18.000000,21.000000,6.000000,38001.000000,27182.000000,True,nonmetro,0,30.882798,0,30.882798,0,30.882798
29111,Lewis,MO,1307988620,Missouri,MO,Lewis,,,9.000000,10032.000000,10032.000000,False,nonmetro,0,87.039961,0,87.039961,0,17.057071
29113,Lincoln,MO,1622812388,Missouri,MO,Lincoln,30.000000,26.000000,1.000000,59574.000000,42905.000000,True,metro,0,21.832390,0,21.832390,0,21.832390
29115,Linn,MO,1594366554,Missouri,MO,Linn,,,9.000000,11874.000000,8005.000000,False,nonmetro,0,70.401920,0,70.401920,0,70.401920
29117,Livingston,MO,1378657549,Missouri,MO,Livingston,,,7.000000,14557.000000,5435.000000,False,nonmetro,0,72.952012,0,72.952012,0,70.911233
29119,McDonald,MO,1397155452,Missouri,MO,McDonald,14.000000,15.000000,8.000000,23303.000000,23278.000000,True,nonmetro,0,73.810993,0,73.810993,0,41.056567
29121,Macon,MO,2075118027,Missouri,MO,Macon,10.000000,11.000000,7.000000,15209.000000,9850.000000,True,nonmetro,0,59.206795,0,59.206795,0,56.975239
29123,Madison,MO,1280454067,Missouri,MO,Madison,,,9.000000,12626.000000,7640.000000,False,nonmetro,0,75.387109,0,75.387109,0,60.727880
29125,Maries,MO,1364873607,Missouri,MO,Maries,,,8.000000,8432.000000,8432.000000,False,nonmetro,0,59.734154,0,59.734154,0,59.734154
29127,Marion,MO,1131623305,Missouri,MO,Marion,20.000000,17.000000,7.000000,28525.000000,11111.000000,True,nonmetro,0,72.173110,0,72.173110,0,14.879648
29129,Mercer,MO,1175427717,Missouri,MO,Mercer,,,9.000000,3538.000000,3538.000000,False,nonmetro,0,80.628373,0,80.628373,0,80.628373
29131,Miller,MO,1534753300,Missouri,MO,Miller,13.000000,14.000000,6.000000,24722.000000,18903.000000,True,nonmetro,0,50.108769,0,50.108769,0,50.108769
29133,Mississippi,MO,1066029407,Missouri,MO,Mississippi,11.000000,12.000000,8.000000,12577.000000,12577.000000,True,nonmetro,0,91.204113,0,91.204113,0,60.773045
29135,Moniteau,MO,1074923593,Missouri,MO,Moniteau,11.000000,11.000000,3.000000,15473.000000,15473.000000,True,metro,0,27.264383,0,27.264383,0,27.264383
29137,Monroe,MO,1677352687,Missouri,MO,Monroe,,,9.000000,8666.000000,8666.000000,False,nonmetro,0,44.843765,0,44.843765,0,35.344835
29139,Montgomery,MO,1385765319,Missouri,MO,Montgomery,,,8.000000,11322.000000,11322.000000,False,nonmetro,0,43.684883,0,43.684883,0,43.684883
29141,Morgan,MO,1547866669,Missouri,MO,Morgan,11.000000,12.000000,8.000000,21006.000000,21006.000000,True,nonmetro,0,48.420317,0,48.420317,0,48.420317
29143,New Madrid,MO,1747940899,Missouri,MO,New Madrid,16.000000,16.000000,9.000000,16434.000000,14368.000000,True,nonmetro,0,78.653224,0,78.653224,0,70.823358
29145,Newton,MO,1618106506,Missouri,MO,Newton,37.000000,33.000000,3.000000,58648.000000,37082.000000,True,metro,0,65.086995,0,65.086995,0,59.990414
29147,Nodaway,MO,2271326613,Missouri,MO,Nodaway,,,6.000000,21241.000000,10029.000000,False,nonmetro,0,82.765429,0,82.765429,0,80.788632
29149,Oregon,MO,2045687598,Missouri,MO,Oregon,,,9.000000,8635.000000,8635.000000,False,nonmetro,0,68.774946,0,68.774946,0,68.774946
29151,Osage,MO,1571034361,Missouri,MO,Osage,,,3.000000,13274.000000,13274.000000,False,metro,0,42.345428,0,42.345428,0,42.345428
29153,Ozark,MO,1929554312,Missouri,MO,Ozark,,,9.000000,8553.000000,8553.000000,False,nonmetro,0,63.667926,0,63.667926,0,63.667926
29155,Pemiscot,MO,1275841039,Missouri,MO,Pemiscot,,,7.000000,15661.000000,10342.000000,False,nonmetro,0,58.231490,0,58.231490,0,58.231490
29157,Perry,MO,1228574128,Missouri,MO,Perry,12.000000,,6.000000,18956.000000,10894.000000,True,nonmetro,0,65.809581,0,65.809581,0,35.189952
29159,Pettis,MO,1766966004,Missouri,MO,Pettis,21.000000,26.000000,5.000000,42980.000000,16937.000000,True,nonmetro,0,52.216970,0,52.216970,0,52.216970
29161,Phelps,MO,1739919007,Missouri,MO,Phelps,21.000000,23.000000,5.000000,44638.000000,24028.000000,True,nonmetro,0,76.693946,0,76.693946,0,76.693946
29163,Pike,MO,1736428525,Missouri,MO,Pike,11.000000,10.000000,8.000000,17587.000000,17587.000000,True,nonmetro,0,48.570420,0,48.570420,0,40.653523
29165,Platte,MO,1087283057,Missouri,MO,Platte,41.000000,38.000000,1.000000,106718.000000,14558.000000,True,metro,0,10.819182,0,10.819182,0,10.720243
29167,Polk,MO,1646006168,Missouri,MO,Polk,22.000000,22.000000,2.000000,31519.000000,21195.000000,True,metro,0,27.684411,0,27.684411,0,27.684411
29169,Pulaski,MO,1417014581,Missouri,MO,Pulaski,17.000000,18.000000,5.000000,53955.000000,22283.000000,True,nonmetro,0,73.172729,0,73.172729,0,73.172729
29171,Putnam,MO,1339844722,Missouri,MO,Putnam,,,9.000000,4681.000000,4681.000000,False,nonmetro,0,84.569634,0,84.569634,0,83.801505
29173,Ralls,MO,1216743023,Missouri,MO,Ralls,,,9.000000,10355.000000,10097.000000,False,nonmetro,0,62.836020,0,62.836020,0,25.342231
29175,Randolph,MO,1250217879,Missouri,MO,Randolph,11.000000,12.000000,6.000000,24716.000000,12553.000000,True,nonmetro,0,32.600837,0,32.600837,0,32.600837
29177,Ray,MO,1473619864,Missouri,MO,Ray,16.000000,15.000000,1.000000,23158.000000,17153.000000,True,metro,0,32.631848,0,32.631848,0,30.854229
29179,Reynolds,MO,2093946390,Missouri,MO,Reynolds,,,9.000000,6096.000000,6096.000000,False,nonmetro,0,94.393458,0,94.393458,0,94.393458
29181,Ripley,MO,1630438188,Missouri,MO,Ripley,,,9.000000,10679.000000,10679.000000,False,nonmetro,0,54.648996,0,54.648996,0,54.648996
29183,St. Charles,MO,1451692101,Missouri,MO,St. Charles,172.000000,163.000000,1.000000,405262.000000,22932.000000,True,metro,1,6.377839,1,6.377839,3,6.377839
29185,St. Clair,MO,1748193269,Missouri,MO,St. Clair,,,8.000000,9284.000000,9284.000000,False,nonmetro,0,63.645494,0,63.645494,0,63.645494
29186,Ste. Genevieve,MO,1292800352,Missouri,MO,Ste. Genevieve,,10.000000,8.000000,18479.000000,13491.000000,False,nonmetro,0,47.819161,0,47.819161,0,46.750967
29187,St. Francois,MO,1170380017,Missouri,MO,St. Francois,29.000000,35.000000,4.000000,66922.000000,27422.000000,True,nonmetro,0,57.176993,0,57.176993,0,57.176993
29189,St. Louis,MO,1315391134,Missouri,MO,St. Louis,585.000000,605.000000,1.000000,1004125.000000,13602.000000,True,metro,1,9.321882,1,9.321882,2,9.321882
29195,Saline,MO,1956761965,Missouri,MO,Saline,11.000000,10.000000,7.000000,23333.000000,9862.000000,True,nonmetro,0,48.144152,0,48.144152,0,48.144152
29197,Schuyler,MO,795916404,Missouri,MO,Schuyler,,,9.000000,4032.000000,4032.000000,False,nonmetro,0,96.530572,0,96.530572,0,69.080957
29199,Scotland,MO,1130548365,Missouri,MO,Scotland,,,9.000000,4716.000000,4716.000000,False,nonmetro,0,89.859799,0,89.859799,0,52.792593
29201,Scott,MO,1087808789,Missouri,MO,Scott,26.000000,26.000000,4.000000,38059.000000,17506.000000,True,nonmetro,0,100.343703,0,100.343703,0,53.192905
29203,Shannon,MO,2599881424,Missouri,MO,Shannon,,,9.000000,7031.000000,7031.000000,False,nonmetro,0,93.979760,0,93.979760,0,93.979760
29205,Shelby,MO,1297230222,Missouri,MO,Shelby,,,9.000000,6103.000000,6103.000000,False,nonmetro,0,57.871797,0,57.871797,0,37.667800
29207,Stoddard,MO,2131929144,Missouri,MO,Stoddard,25.000000,22.000000,6.000000,28672.000000,19037.000000,True,nonmetro,0,80.728089,0,80.728089,0,71.873488
29209,Stone,MO,1201303092,Missouri,MO,Stone,21.000000,19.000000,6.000000,31076.000000,25771.000000,True,nonmetro,0,35.190108,0,35.190108,0,35.190108
29211,Sullivan,MO,1678265913,Missouri,MO,Sullivan,,,9.000000,5999.000000,5999.000000,False,nonmetro,0,96.553517,0,96.553517,0,91.422793
29213,Taney,MO,1637731194,Missouri,MO,Taney,23.000000,23.000000,4.000000,56066.000000,20841.000000,True,nonmetro,0,39.250178,0,39.250178,0,39.250178
29215,Texas,MO,3049106824,Missouri,MO,Texas,24.000000,23.000000,9.000000,24487.000000,24336.000000,True,nonmetro,0,74.351534,0,74.351534,0,74.351534
29217,Vernon,MO,2140343861,Missouri,MO,Vernon,13.000000,16.000000,6.000000,19707.000000,11178.000000,True,nonmetro,0,70.837300,0,70.837300,0,70.837300
29219,Warren,MO,1110098263,Missouri,MO,Warren,14.000000,13.000000,1.000000,35532.000000,26134.000000,True,metro,0,25.854411,0,25.854411,0,25.854411
29221,Washington,MO,1968043965,Missouri,MO,Washington,13.000000,11.000000,8.000000,23514.000000,23514.000000,True,nonmetro,0,56.369812,0,56.369812,0,56.369812
29223,Wayne,MO,1966281377,Missouri,MO,Wayne,12.000000,10.000000,9.000000,10974.000000,10974.000000,True,nonmetro,0,88.524284,0,88.524284,0,82.312954
29225,Webster,MO,1534731572,Missouri,MO,Webster,20.000000,22.000000,2.000000,39085.000000,31548.000000,True,metro,0,22.943919,0,22.943919,0,22.943919
29227,Worth,MO,690564983,Missouri,MO,Worth,,,9.000000,1973.000000,1973.000000,False,nonmetro,0,84.621186,0,84.621186,0,84.621186
29229,Wright,MO,1765788195,Missouri,MO,Wright,11.000000,12.000000,8.000000,18188.000000,14120.000000,True,nonmetro,0,48.007513,0,48.007513,0,48.007513
29510,St. Louis,MO,159895650,Missouri,MO,St. Louis City,146.000000,158.000000,1.000000,301578.000000,0.000000,True,metro,20,4.035806,20,4.035806,33,4.035806
30001,Beaverhead,MT,14355492120,Montana,MT,Beaverhead,,,9.000000,9371.000000,4942.000000,False,nonmetro,0,205.896959,0,205.896959,0,54.596956
30003,Big Horn,MT,12944280256,Montana,MT,Big Horn,,,8.000000,13124.000000,13124.000000,False,nonmetro,0,233.385829,0,233.385829,0,52.307127
30005,Blaine,MT,10949218328,Montana,MT,Blaine,,,9.000000,7044.000000,7044.000000,False,nonmetro,0,368.865732,0,368.865732,0,184.224689
30007,Broadwater,MT,3088195855,Montana,MT,Broadwater,,,3.000000,6774.000000,6774.000000,False,metro,0,264.989555,0,264.989555,0,51.210929
30009,Carbon,MT,5303728455,Montana,MT,Carbon,,,3.000000,10473.000000,10473.000000,False,metro,0,300.087236,0,300.087236,0,42.794616
30011,Carter,MT,8651796246,Montana,MT,Carter,,,9.000000,1415.000000,1415.000000,False,nonmetro,0,127.825640,0,127.825640,0,127.825640
30013,Cascade,MT,6988324592,Montana,MT,Cascade,25.000000,26.000000,3.000000,84414.000000,17317.000000,True,metro,0,255.401093,0,255.401093,0,118.214915
30015,Chouteau,MT,10288778621,Montana,MT,Chouteau,,,8.000000,5895.000000,5895.000000,False,nonmetro,0,297.280887,0,297.280887,0,166.110720
30017,Custer,MT,9798723734,Montana,MT,Custer,,,7.000000,11867.000000,2640.000000,False,nonmetro,0,203.743405,0,203.743405,0,135.612010
30019,Daniels,MT,3694021963,Montana,MT,Daniels,,,9.000000,1661.000000,1661.000000,False,nonmetro,0,341.394183,0,341.394183,0,252.274357
30021,Dawson,MT,6143260044,Montana,MT,Dawson,,,7.000000,8940.000000,2265.000000,False,nonmetro,0,223.568267,0,223.568267,0,201.642572
30023,Deer Lodge,MT,1907998860,Montana,MT,Deer Lodge,,,7.000000,9421.000000,2724.000000,False,nonmetro,0,209.600164,0,209.600164,0,22.151204
30025,Fallon,MT,4197320396,Montana,MT,Fallon,,,9.000000,3049.000000,3049.000000,False,nonmetro,0,166.141702,0,166.141702,0,166.141702
30027,Fergus,MT,11238811035,Montana,MT,Fergus,,,7.000000,11446.000000,5422.000000,False,nonmetro,0,346.824731,0,346.824731,0,100.365302
30029,Flathead,MT,13175844498,Montana,MT,Flathead,40.000000,46.000000,5.000000,104357.000000,53739.000000,True,nonmetro,0,122.371879,0,122.371879,0,95.176878
30031,Gallatin,MT,6747831014,Montana,MT,Gallatin,29.000000,24.000000,3.000000,118960.000000,41346.000000,True,metro,0,287.396779,0,287.396779,0,71.548742
30033,Garfield,MT,12112233250,Montana,MT,Garfield,,,9.000000,1173.000000,1173.000000,False,nonmetro,0,286.185290,0,286.185290,0,128.757993
30035,Glacier,MT,7757268509,Montana,MT,Glacier,,,9.000000,13778.000000,13778.000000,False,nonmetro,0,194.162626,0,194.162626,0,132.144135
30037,Golden Valley,MT,3041740576,Montana,MT,Golden Valley,,,8.000000,823.000000,823.000000,False,nonmetro,0,325.035907,0,325.035907,0,46.352904
30039,Granite,MT,4473328972,Montana,MT,Granite,,,8.000000,3309.000000,3309.000000,False,nonmetro,0,184.053536,0,184.053536,0,40.954799
30041,Hill,MT,7509415030,Montana,MT,Hill,,,7.000000,16309.000000,6483.000000,False,nonmetro,0,328.691213,0,328.691213,0,197.117200
30043,Jefferson,MT,4291603025,Montana,MT,Jefferson,,,3.000000,12085.000000,12085.000000,False,metro,0,244.122681,0,244.122681,0,33.702656
30045,Judith Basin,MT,4842466559,Montana,MT,Judith Basin,,,8.000000,2023.000000,2023.000000,False,nonmetro,0,311.700511,0,311.700511,0,120.530529
30047,Lake,MT,3860292622,Montana,MT,Lake,11.000000,13.000000,6.000000,31134.000000,25570.000000,True,nonmetro,0,124.561807,0,124.561807,0,51.309559
30049,Lewis and Clark,MT,8957164727,Montana,MT,Lewis and Clark,32.000000,30.000000,3.000000,70973.000000,18593.000000,True,metro,0,234.763006,0,234.763006,0,50.913894
30051,Liberty,MT,3703651373,Montana,MT,Liberty,,,9.000000,1959.000000,1959.000000,False,nonmetro,0,273.824796,0,273.824796,0,181.138364
30053,Lincoln,MT,9356484224,Montana,MT,Lincoln,13.000000,11.000000,9.000000,19677.000000,15336.000000,True,nonmetro,0,87.333946,0,87.333946,0,56.226955
30055,McCone,MT,6843332035,Montana,MT,McCone,,,9.000000,1729.000000,1729.000000,False,nonmetro,0,267.472604,0,267.472604,0,183.390672
30057,Madison,MT,9293281837,Montana,MT,Madison,,,8.000000,8623.000000,8623.000000,False,nonmetro,0,245.326229,0,245.326229,0,50.386096
30059,Meagher,MT,6194909925,Montana,MT,Meagher,,,8.000000,1927.000000,1927.000000,False,nonmetro,0,288.458173,0,288.458173,0,86.924907
30061,Mineral,MT,3158799812,Montana,MT,Mineral,,,3.000000,4535.000000,4535.000000,False,metro,0,94.594303,0,94.594303,0,47.570851
30063,Missoula,MT,6715861233,Montana,MT,Missoula,39.000000,42.000000,3.000000,117922.000000,29813.000000,True,metro,0,140.802469,0,140.802469,2,5.243062
30065,Musselshell,MT,4840577746,Montana,MT,Musselshell,,,8.000000,4730.000000,4730.000000,False,nonmetro,0,302.222545,0,302.222545,0,44.079448
30067,Park,MT,7258388273,Montana,MT,Park,,,6.000000,17191.000000,7841.000000,False,nonmetro,0,307.533974,0,307.533974,0,98.128350
30069,Petroleum,MT,4288047861,Montana,MT,Petroleum,,,9.000000,496.000000,496.000000,False,nonmetro,0,318.654897,0,318.654897,0,85.352106
30071,Phillips,MT,13313630162,Montana,MT,Phillips,,,9.000000,4217.000000,4217.000000,False,nonmetro,0,369.747847,0,369.747847,0,181.008940
30073,Pondera,MT,4207608375,Montana,MT,Pondera,,,9.000000,5898.000000,5898.000000,False,nonmetro,0,217.140530,0,217.140530,0,126.636413
30075,Powder River,MT,8542288822,Montana,MT,Powder River,,,9.000000,1694.000000,1694.000000,False,nonmetro,0,147.254833,0,147.254833,0,144.839178
30077,Powell,MT,6024421103,Montana,MT,Powell,,,8.000000,6946.000000,6946.000000,False,nonmetro,0,207.541616,0,207.541616,0,32.732923
30079,Prairie,MT,4497780202,Montana,MT,Prairie,,,9.000000,1088.000000,1088.000000,False,nonmetro,0,213.023383,0,213.023383,0,169.464903
30081,Ravalli,MT,6192656569,Montana,MT,Ravalli,25.000000,22.000000,6.000000,44174.000000,37304.000000,True,nonmetro,0,155.660663,0,155.660663,0,35.979062
30083,Richland,MT,5398974515,Montana,MT,Richland,,,7.000000,11491.000000,4969.000000,False,nonmetro,0,255.866471,0,255.866471,0,243.464845
30085,Roosevelt,MT,6098391680,Montana,MT,Roosevelt,,,9.000000,10794.000000,10794.000000,False,nonmetro,0,296.443457,0,296.443457,0,224.934266
30087,Rosebud,MT,12971010184,Montana,MT,Rosebud,,,8.000000,8329.000000,8329.000000,False,nonmetro,0,208.126735,0,208.126735,0,93.180712
30089,Sanders,MT,7149405332,Montana,MT,Sanders,,,8.000000,12400.000000,12400.000000,False,nonmetro,0,75.953393,0,75.953393,0,56.737772
30091,Sheridan,MT,4343256743,Montana,MT,Sheridan,,,9.000000,3539.000000,3539.000000,False,nonmetro,0,327.131062,0,327.131062,0,277.291669
30093,Silver Bow,MT,1859568271,Montana,MT,Silver Bow,16.000000,13.000000,5.000000,35133.000000,4875.000000,True,nonmetro,0,232.528692,0,232.528692,2,1.952032
30095,Stillwater,MT,4653550993,Montana,MT,Stillwater,,,3.000000,8963.000000,8963.000000,False,metro,0,312.782675,0,312.782675,0,37.469504
30097,Sweet Grass,MT,4805816391,Montana,MT,Sweet Grass,,,8.000000,3678.000000,3678.000000,False,nonmetro,0,341.196640,0,341.196640,0,68.265063
30099,Teton,MT,5883457566,Montana,MT,Teton,,,8.000000,6226.000000,6226.000000,False,nonmetro,0,220.524085,0,220.524085,0,110.575125
30101,Toole,MT,4959475392,Montana,MT,Toole,,,9.000000,4971.000000,4971.000000,False,nonmetro,0,235.910065,0,235.910065,0,154.516909
30103,Treasure,MT,2532492072,Montana,MT,Treasure,,,8.000000,762.000000,762.000000,False,nonmetro,0,246.294838,0,246.294838,0,68.153048
30105,Valley,MT,12758577238,Montana,MT,Valley,,,9.000000,7578.000000,7578.000000,False,nonmetro,0,327.906530,0,327.906530,0,193.029289
30107,Wheatland,MT,3684208396,Montana,MT,Wheatland,,,9.000000,2069.000000,2069.000000,False,nonmetro,0,337.017411,0,337.017411,0,79.365067
30109,Wibaux,MT,2303979500,Montana,MT,Wibaux,,,9.000000,937.000000,937.000000,False,nonmetro,0,204.974554,0,204.974554,0,204.974554
30111,Yellowstone,MT,6820650783,Montana,MT,Yellowstone,60.000000,68.000000,3.000000,164731.000000,27155.000000,True,metro,0,285.513581,0,285.513581,1,5.479879
31001,Adams,NE,1458872837,Nebraska,NE,Adams,12.000000,10.000000,4.000000,31205.000000,6398.000000,True,nonmetro,0,137.274992,0,137.274992,0,92.804135
31003,Antelope,NE,2220025613,Nebraska,NE,Antelope,,,9.000000,6295.000000,6295.000000,False,nonmetro,0,116.960408,0,116.960408,0,112.319273
31005,Arthur,NE,1852234549,Nebraska,NE,Arthur,,,9.000000,434.000000,434.000000,False,nonmetro,0,190.491645,0,190.491645,0,190.491645
31007,Banner,NE,1932231568,Nebraska,NE,Banner,,,8.000000,674.000000,674.000000,False,nonmetro,0,106.856664,0,106.856664,0,106.856664
31009,Blaine,NE,1840681023,Nebraska,NE,Blaine,,,9.000000,431.000000,431.000000,False,nonmetro,0,201.493968,0,201.493968,0,189.625901
31011,Boone,NE,1778138686,Nebraska,NE,Boone,,,9.000000,5379.000000,5379.000000,False,nonmetro,0,111.228857,0,111.228857,0,92.588425
31013,Box Butte,NE,2785180098,Nebraska,NE,Box Butte,,,7.000000,10842.000000,2723.000000,False,nonmetro,0,135.344256,0,135.344256,0,135.344256
31015,Boyd,NE,1398424238,Nebraska,NE,Boyd,,,9.000000,1810.000000,1810.000000,False,nonmetro,0,111.039357,0,111.039357,0,111.039357
31017,Brown,NE,3163296263,Nebraska,NE,Brown,,,9.000000,2903.000000,2903.000000,False,nonmetro,0,172.111279,0,172.111279,0,172.111279
31019,Buffalo,NE,2507679097,Nebraska,NE,Buffalo,19.000000,19.000000,4.000000,50084.000000,15558.000000,True,nonmetro,0,167.290512,0,167.290512,0,126.065217
31021,Burt,NE,1273201338,Nebraska,NE,Burt,,,8.000000,6722.000000,6722.000000,False,nonmetro,0,45.997052,0,45.997052,0,45.997052
31023,Butler,NE,1514867108,Nebraska,NE,Butler,,,8.000000,8369.000000,8369.000000,False,nonmetro,0,62.608663,0,62.608663,0,39.660528
31025,Cass,NE,1443520764,Nebraska,NE,Cass,13.000000,15.000000,2.000000,26598.000000,19943.000000,True,metro,0,23.642973,0,23.642973,0,19.662843
31027,Cedar,NE,1917222689,Nebraska,NE,Cedar,,,9.000000,8380.000000,8380.000000,False,nonmetro,0,71.989415,0,71.989415,0,71.989415
31029,Chase,NE,2316533441,Nebraska,NE,Chase,,,9.000000,3893.000000,3893.000000,False,nonmetro,0,177.613597,0,177.613597,0,177.613597
31031,Cherry,NE,15436903515,Nebraska,NE,Cherry,,,9.000000,5455.000000,5455.000000,False,nonmetro,0,153.750815,0,153.750815,0,153.750815
31033,Cheyenne,NE,3097646971,Nebraska,NE,Cheyenne,,,7.000000,9468.000000,3236.000000,False,nonmetro,0,121.650285,0,121.650285,0,121.650285
31035,Clay,NE,1482222881,Nebraska,NE,Clay,,,9.000000,6104.000000,6104.000000,False,nonmetro,0,119.573593,0,119.573593,0,73.580974
31037,Colfax,NE,1066160691,Nebraska,NE,Colfax,,,7.000000,10582.000000,4060.000000,False,nonmetro,0,61.892920,0,61.892920,0,53.867925
31039,Cuming,NE,1477645345,Nebraska,NE,Cuming,,,9.000000,9013.000000,9013.000000,False,nonmetro,0,61.302809,0,61.302809,0,61.302809
31041,Custer,NE,6670757181,Nebraska,NE,Custer,,,9.000000,10545.000000,10545.000000,False,nonmetro,0,194.076215,0,194.076215,0,162.139722
31043,Dakota,NE,684472104,Nebraska,NE,Dakota,,10.000000,3.000000,21582.000000,4447.000000,False,metro,0,77.243429,0,77.243429,0,77.243429
31045,Dawes,NE,3616636214,Nebraska,NE,Dawes,,,9.000000,8199.000000,3269.000000,False,nonmetro,0,89.943646,0,89.943646,0,89.943646
31047,Dawson,NE,2623809793,Nebraska,NE,Dawson,,,7.000000,24111.000000,13673.000000,False,nonmetro,0,206.272612,0,206.272612,0,166.850386
31049,Deuel,NE,1139208344,Nebraska,NE,Deuel,,,9.000000,1838.000000,1838.000000,False,nonmetro,0,151.131519,0,151.131519,0,151.131519
31051,Dixon,NE,1233120004,Nebraska,NE,Dixon,,,8.000000,5606.000000,5606.000000,False,nonmetro,0,76.645167,0,76.645167,0,76.645167
31053,Dodge,NE,1370277209,Nebraska,NE,Dodge,19.000000,19.000000,4.000000,37167.000000,8875.000000,True,nonmetro,0,34.067429,0,34.067429,0,34.067429
31055,Douglas,NE,845391130,Nebraska,NE,Douglas,216.000000,222.000000,2.000000,584526.000000,14240.000000,True,metro,4,7.566865,3,7.566865,17,7.566865
31057,Dundy,NE,2381956204,Nebraska,NE,Dundy,,,9.000000,1654.000000,1654.000000,False,nonmetro,0,173.113035,0,173.113035,0,173.113035
31059,Fillmore,NE,1490202741,Nebraska,NE,Fillmore,,,8.000000,5551.000000,5551.000000,False,nonmetro,0,98.855826,0,98.855826,0,51.083962
31061,Franklin,NE,1491355860,Nebraska,NE,Franklin,,,9.000000,2889.000000,2889.000000,False,nonmetro,0,174.390869,0,174.390869,0,127.622508
31063,Frontier,NE,2524283363,Nebraska,NE,Frontier,,,9.000000,2519.000000,2519.000000,False,nonmetro,0,236.937318,0,236.937318,0,195.893792
31065,Furnas,NE,1862542306,Nebraska,NE,Furnas,,,9.000000,4636.000000,4636.000000,False,nonmetro,0,220.245734,0,220.245734,0,175.722151
31067,Gage,NE,2205273758,Nebraska,NE,Gage,12.000000,13.000000,6.000000,21704.000000,9562.000000,True,nonmetro,0,78.687970,0,78.687970,0,36.158697
31069,Garden,NE,4416875795,Nebraska,NE,Garden,,,9.000000,1874.000000,1874.000000,False,nonmetro,0,160.351153,0,160.351153,0,160.351153
31071,Garfield,NE,1474558344,Nebraska,NE,Garfield,,,9.000000,1813.000000,1813.000000,False,nonmetro,0,167.941823,0,167.941823,0,144.255230
31073,Gosper,NE,1186616217,Nebraska,NE,Gosper,,,9.000000,1893.000000,1893.000000,False,nonmetro,0,207.957663,0,207.957663,0,166.127247
31075,Grant,NE,2012381803,Nebraska,NE,Grant,,,9.000000,611.000000,611.000000,False,nonmetro,0,164.267228,0,164.267228,0,164.267228
31077,Greeley,NE,1475804204,Nebraska,NE,Greeley,,,8.000000,2188.000000,2188.000000,False,nonmetro,0,134.209642,0,134.209642,0,108.646856
31079,Hall,NE,1415143418,Nebraska,NE,Hall,25.000000,27.000000,3.000000,62895.000000,7796.000000,True,metro,0,129.102650,0,129.102650,0,89.799162
31081,Hamilton,NE,1404057517,Nebraska,NE,Hamilton,,,8.000000,9429.000000,9429.000000,False,nonmetro,0,111.567490,0,111.567490,0,71.124557
31083,Harlan,NE,1433471221,Nebraska,NE,Harlan,,,9.000000,3073.000000,3073.000000,False,nonmetro,0,197.089077,0,197.089077,0,150.912583
31085,Hayes,NE,1846821531,Nebraska,NE,Hayes,,,9.000000,856.000000,856.000000,False,nonmetro,0,206.813083,0,206.813083,0,206.813083
31087,Hitchcock,NE,1838742669,Nebraska,NE,Hitchcock,,,9.000000,2616.000000,2616.000000,False,nonmetro,0,205.354809,0,205.354809,0,205.354809
31089,Holt,NE,6248078964,Nebraska,NE,Holt,,,9.000000,10127.000000,10127.000000,False,nonmetro,0,126.746677,0,126.746677,0,126.746677
31091,Hooker,NE,1867796117,Nebraska,NE,Hooker,,,9.000000,711.000000,711.000000,False,nonmetro,0,180.471427,0,180.471427,0,180.471427
31093,Howard,NE,1474578451,Nebraska,NE,Howard,,,3.000000,6475.000000,6475.000000,False,metro,0,132.561318,0,132.561318,0,98.780287
31095,Jefferson,NE,1476754309,Nebraska,NE,Jefferson,,,9.000000,7240.000000,3229.000000,False,nonmetro,0,98.240489,0,98.240489,0,50.529149
31097,Johnson,NE,974029895,Nebraska,NE,Johnson,,,8.000000,5290.000000,5290.000000,False,nonmetro,0,61.072152,0,61.072152,0,35.934530
31099,Kearney,NE,1337063561,Nebraska,NE,Kearney,,,9.000000,6688.000000,6688.000000,False,nonmetro,0,167.604052,0,167.604052,0,123.552636
31101,Keith,NE,2749903240,Nebraska,NE,Keith,,,9.000000,8335.000000,3614.000000,False,nonmetro,0,183.930110,0,183.930110,0,183.930110
31103,Keya Paha,NE,2002257565,Nebraska,NE,Keya Paha,,,9.000000,769.000000,769.000000,False,nonmetro,0,157.596278,0,157.596278,0,157.596278
31105,Kimball,NE,2465517096,Nebraska,NE,Kimball,,,8.000000,3434.000000,3434.000000,False,nonmetro,0,93.696276,0,93.696276,0,93.696276
31107,Knox,NE,2870854403,Nebraska,NE,Knox,,,9.000000,8391.000000,8391.000000,False,nonmetro,0,83.084684,0,83.084684,0,83.084684
31109,Lancaster,NE,2169272970,Nebraska,NE,Lancaster,133.000000,129.000000,2.000000,322608.000000,31391.000000,True,metro,0,49.625254,0,49.625254,3,3.992634
31111,Lincoln,NE,6641092845,Nebraska,NE,Lincoln,22.000000,25.000000,5.000000,34676.000000,11094.000000,True,nonmetro,0,229.665457,0,229.665457,0,215.099155
31113,Logan,NE,1478101945,Nebraska,NE,Logan,,,9.000000,716.000000,716.000000,False,nonmetro,0,225.532631,0,225.532631,0,205.556816
31115,Loup,NE,1459513675,Nebraska,NE,Loup,,,9.000000,607.000000,607.000000,False,nonmetro,0,180.589060,0,180.589060,0,159.513235
31117,McPherson,NE,2225460624,Nebraska,NE,McPherson,,,9.000000,399.000000,399.000000,False,nonmetro,0,207.458525,0,207.458525,0,207.458525
31119,Madison,NE,1483084608,Nebraska,NE,Madison,17.000000,16.000000,5.000000,35585.000000,9736.000000,True,nonmetro,0,94.260502,0,94.260502,0,92.790184
31121,Merrick,NE,1261996225,Nebraska,NE,Merrick,,,3.000000,7668.000000,7668.000000,False,metro,0,109.427500,0,109.427500,0,75.311008
31123,Morrill,NE,3688187959,Nebraska,NE,Morrill,,,9.000000,4555.000000,4555.000000,False,nonmetro,0,134.633037,0,134.633037,0,134.633037
31125,Nance,NE,1143733233,Nebraska,NE,Nance,,,8.000000,3380.000000,3380.000000,False,nonmetro,0,101.987762,0,101.987762,0,76.426794
31127,Nemaha,NE,1055100613,Nebraska,NE,Nemaha,,,9.000000,7074.000000,7074.000000,False,nonmetro,0,59.263136,0,59.263136,0,51.409970
31129,Nuckolls,NE,1489645188,Nebraska,NE,Nuckolls,,,9.000000,4095.000000,4095.000000,False,nonmetro,0,136.365663,0,136.365663,0,87.425629
31131,Otoe,NE,1594561690,Nebraska,NE,Otoe,10.000000,12.000000,6.000000,15912.000000,8892.000000,True,nonmetro,0,42.067051,0,42.067051,0,33.008024
31133,Pawnee,NE,1116478173,Nebraska,NE,Pawnee,,,9.000000,2544.000000,2544.000000,False,nonmetro,0,78.581965,0,78.581965,0,52.772217
31135,Perkins,NE,2287768800,Nebraska,NE,Perkins,,,9.000000,2858.000000,2858.000000,False,nonmetro,0,180.928781,0,180.928781,0,180.928781
31137,Phelps,NE,1398048636,Nebraska,NE,Phelps,,,7.000000,8968.000000,3514.000000,False,nonmetro,0,189.070988,0,189.070988,0,145.399915
31139,Pierce,NE,1484707270,Nebraska,NE,Pierce,,,9.000000,7317.000000,7317.000000,False,nonmetro,0,99.117639,0,99.117639,0,99.117639
31141,Platte,NE,1745780718,Nebraska,NE,Platte,21.000000,17.000000,5.000000,34296.000000,9458.000000,True,nonmetro,0,76.454158,0,76.454158,0,59.369092
31143,Polk,NE,1136152511,Nebraska,NE,Polk,,,8.000000,5214.000000,5214.000000,False,nonmetro,0,84.269722,0,84.269722,0,53.209484
31145,Red Willow,NE,1857036304,Nebraska,NE,Red Willow,,,7.000000,10702.000000,3307.000000,False,nonmetro,0,226.900243,0,226.900243,0,205.763804
31147,Richardson,NE,1429261300,Nebraska,NE,Richardson,,,9.000000,7871.000000,3738.000000,False,nonmetro,0,72.939494,0,72.939494,0,68.374459
31149,Rock,NE,2611466193,Nebraska,NE,Rock,,,9.000000,1262.000000,1262.000000,False,nonmetro,0,156.302779,0,156.302779,0,156.302779
31151,Saline,NE,1486812316,Nebraska,NE,Saline,,,6.000000,14292.000000,7333.000000,False,nonmetro,0,73.306969,0,73.306969,0,24.360040
31153,Sarpy,NE,616679952,Nebraska,NE,Sarpy,59.000000,59.000000,2.000000,190604.000000,9829.000000,True,metro,0,10.014506,0,10.014506,0,10.014506
31155,Saunders,NE,1939715798,Nebraska,NE,Saunders,11.000000,16.000000,2.000000,22278.000000,17496.000000,True,metro,0,33.245855,0,33.245855,0,27.104139
31157,Scotts Bluff,NE,1915576081,Nebraska,NE,Scotts Bluff,17.000000,18.000000,5.000000,36084.000000,10980.000000,True,nonmetro,0,124.772249,0,124.772249,0,124.772249
31159,Seward,NE,1479995692,Nebraska,NE,Seward,10.000000,,2.000000,17609.000000,10136.000000,True,metro,0,66.159994,0,66.159994,0,23.781947
31161,Sheridan,NE,6321862270,Nebraska,NE,Sheridan,,,9.000000,5127.000000,5127.000000,False,nonmetro,0,104.196642,0,104.196642,0,104.196642
31163,Sherman,NE,1465552766,Nebraska,NE,Sherman,,,8.000000,2959.000000,2959.000000,False,nonmetro,0,157.328388,0,157.328388,0,123.592347
31165,Sioux,NE,5352785007,Nebraska,NE,Sioux,,,9.000000,1135.000000,1135.000000,False,nonmetro,0,119.417571,0,119.417571,0,119.417571
31167,Stanton,NE,1107500711,Nebraska,NE,Stanton,,,9.000000,5842.000000,4284.000000,False,nonmetro,0,84.538984,0,84.538984,0,84.538984
31169,Thayer,NE,1486153254,Nebraska,NE,Thayer,,,9.000000,5034.000000,5034.000000,False,nonmetro,0,115.637210,0,115.637210,0,66.410441
31171,Thomas,NE,1845564903,Nebraska,NE,Thomas,,,9.000000,669.000000,669.000000,False,nonmetro,0,198.595852,0,198.595852,0,198.595852
31173,Thurston,NE,1019377275,Nebraska,NE,Thurston,,,8.000000,6773.000000,6773.000000,False,nonmetro,0,69.424404,0,69.424404,0,69.424404
31175,Valley,NE,1471402764,Nebraska,NE,Valley,,,9.000000,4059.000000,4059.000000,False,nonmetro,0,157.431985,0,157.431985,0,130.158950
31177,Washington,NE,1009985085,Nebraska,NE,Washington,,,2.000000,20865.000000,12864.000000,False,metro,0,20.774278,0,20.774278,0,20.774278
31179,Wayne,NE,1147147000,Nebraska,NE,Wayne,,,7.000000,9697.000000,3717.000000,False,nonmetro,0,88.232142,0,88.232142,0,88.232142
31181,Webster,NE,1489017942,Nebraska,NE,Webster,,,9.000000,3395.000000,3395.000000,False,nonmetro,0,152.246406,0,152.246406,0,104.527829
31183,Wheeler,NE,1489717908,Nebraska,NE,Wheeler,,,9.000000,774.000000,774.000000,False,nonmetro,0,141.489526,0,141.489526,0,122.948513
31185,York,NE,1482794081,Nebraska,NE,York,,12.000000,6.000000,14125.000000,6157.000000,False,nonmetro,0,90.910923,0,90.910923,0,49.373902
32001,Churchill,NV,12820847811,Nevada,NV,Churchill,15.000000,13.000000,6.000000,25516.000000,8763.000000,True,nonmetro,0,148.240867,0,148.240867,0,148.240867
32003,Clark,NV,20439281712,Nevada,NV,Clark,934.000000,950.000000,1.000000,2265461.000000,28747.000000,True,metro,1,9.356417,1,9.356417,10,8.043894
32005,Douglas,NV,1840147662,Nevada,NV,Douglas,38.000000,39.000000,4.000000,49488.000000,14713.000000,True,nonmetro,0,88.085642,0,88.085642,0,88.085642
32007,Elko,NV,44479019310,Nevada,NV,Elko,14.000000,12.000000,5.000000,53702.000000,27817.000000,True,nonmetro,0,179.231835,0,179.231835,0,179.231835
32009,Esmeralda,NV,9277050177,Nevada,NV,Esmeralda,,,9.000000,729.000000,729.000000,False,nonmetro,0,133.183648,0,133.183648,0,133.183648
32011,Eureka,NV,10814982421,Nevada,NV,Eureka,,,9.000000,1855.000000,1855.000000,False,nonmetro,0,229.667384,0,229.667384,0,229.667384
32013,Humboldt,NV,24969535443,Nevada,NV,Humboldt,,,7.000000,17285.000000,6739.000000,False,nonmetro,0,195.953598,0,195.953598,0,195.953598
32015,Lander,NV,14294783161,Nevada,NV,Lander,,,9.000000,5734.000000,5734.000000,False,nonmetro,0,218.604213,0,218.604213,0,218.604213
32017,Lincoln,NV,27540342252,Nevada,NV,Lincoln,,,8.000000,4499.000000,4499.000000,False,nonmetro,0,110.144617,0,110.144617,0,110.144617
32019,Lyon,NV,5187939862,Nevada,NV,Lyon,28.000000,30.000000,2.000000,59235.000000,26434.000000,True,metro,0,119.803957,0,119.803957,0,119.803957
32021,Mineral,NV,9715777470,Nevada,NV,Mineral,,,8.000000,4554.000000,4554.000000,False,nonmetro,0,139.309574,0,139.309574,0,139.309574
32023,Nye,NV,47090939212,Nevada,NV,Nye,35.000000,44.000000,4.000000,51591.000000,14093.000000,True,nonmetro,0,62.298275,0,62.298275,0,62.298275
32027,Pershing,NV,15634691970,Nevada,NV,Pershing,,,8.000000,6650.000000,6650.000000,False,nonmetro,0,200.643761,0,200.643761,0,200.643761
32029,Storey,NV,683182692,Nevada,NV,Storey,,,2.000000,4104.000000,3658.000000,False,metro,0,106.013276,0,106.013276,0,106.013276
32031,Washoe,NV,16358045234,Nevada,NV,Washoe,285.000000,289.000000,2.000000,486492.000000,20295.000000,True,metro,0,104.025538,0,104.025538,0,104.025538
32033,White Pine,NV,23016356483,Nevada,NV,White Pine,,,9.000000,9080.000000,4625.000000,False,nonmetro,0,180.694993,0,180.694993,0,180.694993
32510,Carson City,NV,374341372,Nevada,NV,Carson City,42.000000,46.000000,3.000000,58639.000000,3506.000000,True,metro,0,92.775634,0,92.775634,0,92.775634
33001,Belknap,NH,1040779615,New Hampshire,NH,Belknap,28.000000,28.000000,4.000000,63705.000000,34690.000000,True,nonmetro,0,40.904354,0,40.904354,0,34.997030
33003,Carroll,NH,2413515434,New Hampshire,NH,Carroll,29.000000,27.000000,6.000000,50107.000000,44835.000000,True,nonmetro,0,45.163751,0,45.163751,0,45.052425
33005,Cheshire,NH,1830367250,New Hampshire,NH,Cheshire,40.000000,41.000000,4.000000,76458.000000,52847.000000,True,nonmetro,0,41.189685,0,41.189685,0,38.308587
33007,Coos,NH,4647923092,New Hampshire,NH,Coos,17.000000,19.000000,7.000000,31268.000000,21610.000000,True,nonmetro,0,73.580600,0,73.580600,0,73.580600
33009,Grafton,NH,4425249894,New Hampshire,NH,Grafton,51.000000,49.000000,5.000000,91118.000000,59842.000000,True,nonmetro,3,22.648380,3,22.648380,5,22.648380
33011,Hillsborough,NH,2270191096,New Hampshire,NH,Hillsborough,154.000000,149.000000,2.000000,422937.000000,103354.000000,True,metro,0,31.088186,0,31.088186,1,11.243930
33013,Merrimack,NH,2416197730,New Hampshire,NH,Merrimack,77.000000,75.000000,4.000000,153808.000000,84056.000000,True,nonmetro,0,41.164231,0,41.164231,0,18.114614
33015,Rockingham,NH,1801055120,New Hampshire,NH,Rockingham,123.000000,118.000000,1.000000,314176.000000,91143.000000,True,metro,0,31.460874,0,31.460874,0,13.355337
33017,Strafford,NH,951743430,New Hampshire,NH,Strafford,46.000000,44.000000,1.000000,130889.000000,48084.000000,True,metro,0,39.677016,0,39.677016,0,30.427724
33019,Sullivan,NH,1393091317,New Hampshire,NH,Sullivan,24.000000,19.000000,7.000000,43063.000000,33648.000000,True,nonmetro,0,19.629955,0,19.629955,0,19.629955
34001,Atlantic,NJ,1438774368,New Jersey,NJ,Atlantic,104.000000,109.000000,2.000000,274534.000000,41002.000000,True,metro,1,10.521031,1,10.521031,1,9.487363
34003,Bergen,NJ,602918754,New Jersey,NJ,Bergen,348.000000,358.000000,1.000000,955732.000000,1157.000000,True,metro,7,3.651612,7,3.651612,14,3.303093
34005,Burlington,NJ,2070157273,New Jersey,NJ,Burlington,232.000000,245.000000,1.000000,461860.000000,45122.000000,True,metro,0,13.592913,0,15.436428,1,8.373609
34007,Camden,NJ,573315345,New Jersey,NJ,Camden,228.000000,243.000000,1.000000,523485.000000,6846.000000,True,metro,3,7.377026,3,7.377026,6,4.921664
34009,Cape May,NJ,651437935,New Jersey,NJ,Cape May,63.000000,69.000000,2.000000,95263.000000,17715.000000,True,metro,0,27.829668,0,27.829668,0,27.829668
34011,Cumberland,NJ,1251898249,New Jersey,NJ,Cumberland,77.000000,79.000000,3.000000,154152.000000,37753.000000,True,metro,0,30.177519,0,30.177519,0,13.359705
34013,Essex,NJ,326557433,New Jersey,NJ,Essex,290.000000,296.000000,1.000000,863728.000000,119.000000,True,metro,9,2.535561,9,2.535561,14,2.535561
34015,Gloucester,NJ,833976887,New Jersey,NJ,Gloucester,153.000000,144.000000,1.000000,302294.000000,34210.000000,True,metro,0,12.741471,0,12.741471,1,5.649133
34017,Hudson,NJ,119640822,New Jersey,NJ,Hudson,153.000000,161.000000,1.000000,724854.000000,0.000000,True,metro,0,3.840638,0,3.840638,0,3.840606
34019,Hunterdon,NJ,1108086284,New Jersey,NJ,Hunterdon,41.000000,41.000000,1.000000,128947.000000,75237.000000,True,metro,1,7.942597,1,7.971353,1,7.620378
34021,Mercer,NJ,581297767,New Jersey,NJ,Mercer,141.000000,147.000000,2.000000,387340.000000,19669.000000,True,metro,0,8.429416,0,19.032086,1,4.897356
34023,Middlesex,NJ,800881307,New Jersey,NJ,Middlesex,277.000000,271.000000,1.000000,863162.000000,8429.000000,True,metro,7,6.068695,7,6.074040,8,5.688045
34025,Monmouth,NJ,1212585330,New Jersey,NJ,Monmouth,309.000000,324.000000,1.000000,643615.000000,33010.000000,True,metro,2,9.340923,2,9.453907,5,9.204357
34027,Morris,NJ,1193911893,New Jersey,NJ,Morris,197.000000,206.000000,1.000000,509285.000000,43569.000000,True,metro,1,9.498885,1,9.498885,1,9.204880
34029,Ocean,NJ,1627252596,New Jersey,NJ,Ocean,338.000000,328.000000,1.000000,637229.000000,23534.000000,True,metro,0,17.030162,0,17.087842,0,16.949851
34031,Passaic,NJ,481772300,New Jersey,NJ,Passaic,178.000000,177.000000,1.000000,524118.000000,14839.000000,True,metro,0,6.195272,0,6.195272,0,6.195272
34033,Salem,NJ,859519174,New Jersey,NJ,Salem,37.000000,43.000000,1.000000,64837.000000,34466.000000,True,metro,0,12.939486,0,12.939486,1,7.285922
34035,Somerset,NJ,781829190,New Jersey,NJ,Somerset,139.000000,135.000000,1.000000,345361.000000,26011.000000,True,metro,0,9.397314,0,9.397314,2,6.009503
34037,Sussex,NJ,1343325260,New Jersey,NJ,Sussex,48.000000,58.000000,1.000000,144221.000000,70144.000000,True,metro,0,24.779620,0,24.779620,0,24.779620
34039,Union,NJ,266163567,New Jersey,NJ,Union,220.000000,230.000000,1.000000,575345.000000,0.000000,True,metro,2,5.334758,2,5.334758,3,3.594235
34041,Warren,NJ,923435921,New Jersey,NJ,Warren,48.000000,46.000000,2.000000,109632.000000,47383.000000,True,metro,0,19.402697,0,19.402697,0,18.606901
35001,Bernalillo,NM,3007611393,New Mexico,NM,Bernalillo,358.000000,347.000000,2.000000,676444.000000,26932.000000,True,metro,7,6.317849,6,6.317849,11,6.317849
35003,Catron,NM,17933561654,New Mexico,NM,Catron,,,9.000000,3579.000000,3579.000000,False,nonmetro,0,132.522084,0,132.522084,0,132.522084
35005,Chaves,NM,15713914833,New Mexico,NM,Chaves,19.000000,20.000000,5.000000,65157.000000,16326.000000,True,nonmetro,0,153.909892,0,153.909892,0,153.909892
35006,Cibola,NM,11758505167,New Mexico,NM,Cibola,12.000000,12.000000,6.000000,27172.000000,17200.000000,True,nonmetro,0,66.189842,0,66.189842,0,66.189842
35007,Colfax,NM,9733113274,New Mexico,NM,Colfax,,,7.000000,12387.000000,6758.000000,False,nonmetro,0,134.645309,0,134.645309,0,134.645309
35009,Curry,NM,3640295680,New Mexico,NM,Curry,18.000000,16.000000,5.000000,48430.000000,9116.000000,True,nonmetro,0,95.757868,0,95.757868,0,95.757868
35011,De Baca,NM,6016818946,New Mexico,NM,DeBaca,,,9.000000,1698.000000,1698.000000,False,nonmetro,0,143.033525,0,143.033525,0,143.033525
35013,Doña Ana,NM,9863163868,New Mexico,NM,Dona Ana,123.000000,117.000000,3.000000,219561.000000,49371.000000,True,metro,0,37.057970,0,37.057970,0,37.057970
35015,Eddy,NM,10816688007,New Mexico,NM,Eddy,18.000000,20.000000,5.000000,62314.000000,13723.000000,True,nonmetro,0,122.567107,0,122.567107,0,122.567107
35017,Grant,NM,10259478771,New Mexico,NM,Grant,20.000000,18.000000,7.000000,28185.000000,11393.000000,True,nonmetro,0,124.627058,0,124.627058,0,124.627058
35019,Guadalupe,NM,7847072132,New Mexico,NM,Guadalupe,,,9.000000,4452.000000,4452.000000,False,nonmetro,0,107.284425,0,107.284425,0,107.284425
35021,Harding,NM,5504963122,New Mexico,NM,Harding,,,9.000000,657.000000,657.000000,False,nonmetro,0,128.355188,0,128.355188,0,128.355188
35023,Hidalgo,NM,8905761778,New Mexico,NM,Hidalgo,,,9.000000,4178.000000,4178.000000,False,nonmetro,0,126.087562,0,126.087562,0,126.087562
35025,Lea,NM,11374066527,New Mexico,NM,Lea,27.000000,22.000000,5.000000,74455.000000,18533.000000,True,nonmetro,0,78.812487,0,78.812487,0,78.812487
35027,Lincoln,NM,12512530053,New Mexico,NM,Lincoln,12.000000,15.000000,7.000000,20269.000000,9227.000000,True,nonmetro,0,120.396710,0,120.396710,0,120.396710
35028,Los Alamos,NM,282626748,New Mexico,NM,Los Alamos,,,6.000000,19419.000000,967.000000,False,nonmetro,0,58.350377,0,58.350377,0,58.350377
35029,Luna,NM,7679776933,New Mexico,NM,Luna,10.000000,14.000000,6.000000,25427.000000,10514.000000,True,nonmetro,0,80.337592,0,80.337592,0,80.337592
35031,McKinley,NM,14118189396,New Mexico,NM,McKinley,30.000000,33.000000,5.000000,72902.000000,48454.000000,True,nonmetro,0,116.725761,0,116.725761,0,116.725761
35033,Mora,NM,4988962636,New Mexico,NM,Mora,,,8.000000,4189.000000,4189.000000,False,nonmetro,0,101.859876,0,101.859876,0,101.859876
35035,Otero,NM,17126455954,New Mexico,NM,Otero,31.000000,30.000000,4.000000,67839.000000,37038.000000,True,nonmetro,0,76.095217,0,76.095217,0,76.095217
35037,Quay,NM,7443508559,New Mexico,NM,Quay,,,7.000000,8746.000000,3529.000000,False,nonmetro,0,103.425287,0,103.425287,0,103.425287
35039,Rio Arriba,NM,15179593238,New Mexico,NM,Rio Arriba,24.000000,20.000000,6.000000,40363.000000,22767.000000,True,nonmetro,0,83.819435,0,83.819435,0,83.819435
35041,Roosevelt,NM,6335242832,New Mexico,NM,Roosevelt,,,7.000000,19191.000000,6989.000000,False,nonmetro,0,94.851118,0,94.851118,0,94.851118
35043,Sandoval,NM,9609358325,New Mexico,NM,Sandoval,80.000000,75.000000,2.000000,148834.000000,28509.000000,True,metro,0,17.081535,0,17.081535,0,17.081535
35045,San Juan,NM,14289563220,New Mexico,NM,San Juan,54.000000,50.000000,3.000000,121661.000000,42829.000000,True,metro,0,143.973744,0,143.973744,0,143.323171
35047,San Miguel,NM,12228666259,New Mexico,NM,San Miguel,11.000000,,6.000000,27201.000000,12671.000000,True,nonmetro,0,83.268552,0,83.268552,0,83.268552
35049,Santa Fe,NM,4947861287,New Mexico,NM,Santa Fe,57.000000,52.000000,3.000000,154823.000000,54247.000000,True,metro,0,53.327800,0,53.327800,0,53.327800
35051,Sierra,NM,10829279105,New Mexico,NM,Sierra,12.000000,,6.000000,11576.000000,3863.000000,True,nonmetro,0,104.194510,0,104.194510,0,104.194510
35053,Socorro,NM,17214061665,New Mexico,NM,Socorro,,,6.000000,16595.000000,8473.000000,False,nonmetro,0,67.691994,0,67.691994,0,67.691994
35055,Taos,NM,5704119616,New Mexico,NM,Taos,13.000000,13.000000,7.000000,34489.000000,18824.000000,True,nonmetro,0,110.234964,0,110.234964,0,110.234964
35057,Torrance,NM,8664061384,New Mexico,NM,Torrance,10.000000,,2.000000,15045.000000,15045.000000,True,metro,0,35.686735,0,35.686735,0,35.686735
35059,Union,NM,9906834380,New Mexico,NM,Union,,,9.000000,4079.000000,4079.000000,False,nonmetro,0,117.765630,0,117.765630,0,117.765630
35061,Valencia,NM,2762854193,New Mexico,NM,Valencia,36.000000,36.000000,2.000000,76205.000000,22840.000000,True,metro,0,23.326684,0,23.326684,0,23.326684
36001,Albany,NY,1354273421,New York,NY,Albany,103.000000,104.000000,2.000000,314848.000000,30125.000000,True,metro,4,5.762130,3,5.762130,8,5.762130
36003,Allegany,NY,2666225086,New York,NY,Allegany,14.000000,12.000000,7.000000,46456.000000,41117.000000,True,nonmetro,0,61.709401,0,61.709401,0,61.230334
36005,Bronx,NY,109224611,New York,NY,Bronx,441.000000,438.000000,1.000000,1472654.000000,1.000000,True,metro,5,2.263121,5,2.263121,11,2.248548
36007,Broome,NY,1827594819,New York,NY,Broome,101.000000,96.000000,3.000000,198683.000000,49566.000000,True,metro,0,65.187681,0,65.187681,1,5.328854
36009,Cattaraugus,NY,3388125876,New York,NY,Cattaraugus,35.000000,31.000000,4.000000,77042.000000,47619.000000,True,nonmetro,0,48.949418,0,48.949418,0,46.296866
36011,Cayuga,NY,1791190744,New York,NY,Cayuga,32.000000,34.000000,4.000000,76248.000000,44815.000000,True,nonmetro,0,24.508488,0,24.508488,0,24.508488
36013,Chautauqua,NY,2746454150,New York,NY,Chautauqua,55.000000,59.000000,4.000000,127657.000000,56257.000000,True,nonmetro,0,50.226203,0,50.226203,1,18.709046
36015,Chemung,NY,1054988422,New York,NY,Chemung,47.000000,45.000000,3.000000,84148.000000,21800.000000,True,metro,0,72.585443,0,72.585443,0,18.508888
36017,Chenango,NY,2314393901,New York,NY,Chenango,25.000000,24.000000,6.000000,47220.000000,39362.000000,True,nonmetro,0,49.683613,0,49.683613,0,31.960612
36019,Clinton,NY,2687763026,New York,NY,Clinton,34.000000,35.000000,4.000000,79843.000000,50885.000000,True,nonmetro,0,24.856172,0,24.856172,0,24.856172
36021,Columbia,NY,1643770717,New York,NY,Columbia,29.000000,27.000000,6.000000,61570.000000,50960.000000,True,nonmetro,0,27.159921,0,27.159921,0,21.712992
36023,Cortland,NY,1291817953,New York,NY,Cortland,15.000000,16.000000,4.000000,46809.000000,21943.000000,True,nonmetro,0,31.506587,0,31.506587,0,29.062127
36025,Delaware,NY,3736306657,New York,NY,Delaware,25.000000,27.000000,8.000000,44308.000000,40120.000000,True,nonmetro,0,65.861740,0,65.861740,0,43.779488
36027,Dutchess,NY,2060721458,New York,NY,Dutchess,92.000000,91.000000,2.000000,295911.000000,93921.000000,True,metro,0,28.920181,0,38.677391,3,7.393716
36029,Erie,NY,2700660508,New York,NY,Erie,456.000000,466.000000,1.000000,954236.000000,98368.000000,True,metro,8,8.479712,7,8.479712,16,8.479712
36031,Essex,NY,4646753187,New York,NY,Essex,20.000000,20.000000,6.000000,37381.000000,32335.000000,True,nonmetro,0,34.476311,0,34.476311,0,34.433146
36033,Franklin,NY,4219857155,New York,NY,Franklin,19.000000,18.000000,7.000000,47555.000000,33384.000000,True,nonmetro,0,61.010194,0,61.010194,0,61.010194
36035,Fulton,NY,1283234687,New York,NY,Fulton,25.000000,23.000000,4.000000,53324.000000,27038.000000,True,nonmetro,0,40.681108,0,40.681108,0,27.792037
36037,Genesee,NY,1276705561,New York,NY,Genesee,24.000000,25.000000,4.000000,58388.000000,36271.000000,True,nonmetro,0,27.686427,0,27.686427,0,27.686427
36039,Greene,NY,1676140499,New York,NY,Greene,19.000000,19.000000,6.000000,47931.000000,35090.000000,True,nonmetro,0,27.801490,0,27.801490,0,22.894933
36041,Hamilton,NY,4447989312,New York,NY,Hamilton,,,8.000000,5107.000000,5107.000000,False,nonmetro,0,67.473308,0,67.473308,0,48.241753
36043,Herkimer,NY,3655871582,New York,NY,Herkimer,29.000000,28.000000,2.000000,60139.000000,31634.000000,True,metro,0,57.767431,0,57.767431,0,55.941143
36045,Jefferson,NY,3285929042,New York,NY,Jefferson,39.000000,41.000000,3.000000,116721.000000,57637.000000,True,metro,0,68.678143,0,68.678143,0,68.678143
36047,Kings,NY,179684485,New York,NY,Kings,602.000000,603.000000,1.000000,2736074.000000,0.000000,True,metro,5,2.661757,5,2.661757,10,2.661757
36049,Lewis,NY,3301307189,New York,NY,Lewis,12.000000,11.000000,8.000000,26582.000000,26582.000000,True,nonmetro,0,62.444696,0,62.444696,0,62.444696
36051,Livingston,NY,1636254771,New York,NY,Livingston,21.000000,18.000000,1.000000,61834.000000,44136.000000,True,metro,0,28.155468,0,28.155468,0,28.155468
36053,Madison,NY,1696054036,New York,NY,Madison,26.000000,23.000000,2.000000,68016.000000,47040.000000,True,metro,0,23.167645,0,23.167645,0,23.167645
36055,Monroe,NY,1701475181,New York,NY,Monroe,289.000000,302.000000,1.000000,759443.000000,61668.000000,True,metro,3,6.346802,3,6.346802,11,6.346802
36057,Montgomery,NY,1044051408,New York,NY,Montgomery,27.000000,24.000000,4.000000,49532.000000,22501.000000,True,nonmetro,0,35.976701,0,35.976701,0,30.317793
36059,Nassau,NY,736959587,New York,NY,Nassau,523.000000,508.000000,1.000000,1395774.000000,5989.000000,True,metro,8,8.386474,8,8.386474,17,6.030842
36061,New York,NY,58679457,New York,NY,New York,438.000000,448.000000,1.000000,1694251.000000,0.000000,True,metro,46,3.565464,46,3.565464,69,3.555003
36063,Niagara,NY,1352887560,New York,NY,Niagara,109.000000,104.000000,1.000000,212666.000000,63741.000000,True,metro,0,18.617245,0,18.617245,0,18.617245
36065,Oneida,NY,3139921908,New York,NY,Oneida,123.000000,121.000000,2.000000,232125.000000,79753.000000,True,metro,0,41.291153,0,41.291153,0,41.291153
36067,Onondaga,NY,2016027798,New York,NY,Onondaga,196.000000,204.000000,2.000000,476516.000000,69759.000000,True,metro,4,6.006313,4,6.006313,6,6.006313
36069,Ontario,NY,1668147120,New York,NY,Ontario,45.000000,46.000000,1.000000,112458.000000,50444.000000,True,metro,0,25.650553,0,25.650553,0,25.650553
36071,Orange,NY,2103893102,New York,NY,Orange,106.000000,110.000000,2.000000,401310.000000,110690.000000,True,metro,0,30.969716,0,31.334430,1,13.660461
36073,Orleans,NY,1013366838,New York,NY,Orleans,17.000000,19.000000,1.000000,40343.000000,26848.000000,True,metro,0,30.129714,0,30.129714,0,30.129714
36075,Oswego,NY,2464751380,New York,NY,Oswego,48.000000,45.000000,2.000000,117525.000000,73719.000000,True,metro,0,26.878516,0,26.878516,0,26.878516
36077,Otsego,NY,2594487152,New York,NY,Otsego,23.000000,27.000000,7.000000,58524.000000,42555.000000,True,nonmetro,0,61.324644,0,61.324644,0,51.675783
36079,Putnam,NY,596224258,New York,NY,Putnam,30.000000,28.000000,1.000000,97668.000000,34205.000000,True,metro,0,13.960993,0,23.212148,0,11.226337
36081,Queens,NY,281594050,New York,NY,Queens,638.000000,642.000000,1.000000,2405464.000000,74.000000,True,metro,2,2.813294,2,2.813294,4,2.037492
36083,Rensselaer,NY,1689859763,New York,NY,Rensselaer,56.000000,56.000000,2.000000,161130.000000,53385.000000,True,metro,0,9.167841,0,9.167841,0,9.040931
36085,Richmond,NY,148982680,New York,NY,Richmond,122.000000,117.000000,1.000000,495747.000000,0.000000,True,metro,3,3.577896,3,3.577896,6,3.554817
36087,Rockland,NY,449217749,New York,NY,Rockland,89.000000,99.000000,1.000000,338329.000000,1319.000000,True,metro,0,10.826299,0,10.826299,0,9.032397
36089,St. Lawrence,NY,6939914687,New York,NY,St. Lawrence,46.000000,39.000000,4.000000,108505.000000,72628.000000,True,nonmetro,0,94.952282,0,94.952282,0,94.952282
36091,Saratoga,NY,2097880439,New York,NY,Saratoga,91.000000,89.000000,2.000000,235509.000000,67084.000000,True,metro,0,24.994077,0,24.994077,1,9.442522
36093,Schenectady,NY,529862599,New York,NY,Schenectady,65.000000,65.000000,2.000000,158061.000000,13986.000000,True,metro,0,14.664806,0,14.664806,0,14.455130
36095,Schoharie,NY,1610503552,New York,NY,Schoharie,11.000000,10.000000,2.000000,29714.000000,24674.000000,True,metro,0,35.063615,0,35.063615,0,35.063615
36097,Schuyler,NY,850405404,New York,NY,Schuyler,,,8.000000,17898.000000,17898.000000,False,nonmetro,0,57.809842,0,57.809842,0,33.959569
36099,Seneca,NY,838372770,New York,NY,Seneca,12.000000,10.000000,6.000000,33814.000000,19584.000000,True,nonmetro,0,38.408954,0,38.408954,0,38.408954
36101,Steuben,NY,3601398422,New York,NY,Steuben,48.000000,45.000000,4.000000,93584.000000,55942.000000,True,nonmetro,0,64.136457,0,64.136457,0,43.049768
36103,Suffolk,NY,2359930478,New York,NY,Suffolk,502.000000,502.000000,1.000000,1525920.000000,29972.000000,True,metro,8,8.068294,8,8.068294,16,7.532526
36105,Sullivan,NY,2507484145,New York,NY,Sullivan,22.000000,22.000000,6.000000,78624.000000,59012.000000,True,nonmetro,0,58.536138,0,58.536138,0,36.860447
36107,Tioga,NY,1343600014,New York,NY,Tioga,24.000000,25.000000,3.000000,48455.000000,32178.000000,True,metro,0,64.842028,0,64.842028,0,11.914475
36109,Tompkins,NY,1229316849,New York,NY,Tompkins,26.000000,27.000000,3.000000,105740.000000,46638.000000,True,metro,0,44.193542,0,44.193542,0,32.379304
36111,Ulster,NY,2911757764,New York,NY,Ulster,65.000000,68.000000,3.000000,181851.000000,102061.000000,True,metro,0,44.162457,0,48.717087,1,9.132833
36113,Warren,NY,2246082354,New York,NY,Warren,33.000000,35.000000,3.000000,65737.000000,21138.000000,True,metro,0,50.441899,0,50.441899,0,22.205722
36115,Washington,NY,2152713650,New York,NY,Washington,31.000000,30.000000,3.000000,61302.000000,46282.000000,True,metro,0,45.514684,0,45.514684,0,23.615352
36117,Wayne,NY,1563912969,New York,NY,Wayne,39.000000,39.000000,1.000000,91283.000000,68261.000000,True,metro,0,24.356248,0,24.356248,0,24.356248
36119,Westchester,NY,1115568257,New York,NY,Westchester,300.000000,318.000000,1.000000,1004457.000000,45533.000000,True,metro,7,6.586347,7,6.727946,10,6.088934
36121,Wyoming,NY,1535219438,New York,NY,Wyoming,15.000000,15.000000,8.000000,40531.000000,36465.000000,True,nonmetro,0,33.949045,0,33.949045,0,33.949045
36123,Yates,NY,875777224,New York,NY,Yates,12.000000,13.000000,6.000000,24774.000000,16984.000000,True,nonmetro,0,45.202610,0,45.202610,0,43.507826
37001,Alamance,NC,1096735775,North Carolina,NC,Alamance,97.000000,92.000000,3.000000,171415.000000,45330.000000,True,metro,0,18.803552,0,18.803552,0,18.803552
37003,Alexander,NC,673358184,North Carolina,NC,Alexander,27.000000,21.000000,2.000000,36444.000000,32466.000000,True,metro,0,47.819734,0,47.819734,0,16.101988
37005,Alleghany,NC,608220280,North Carolina,NC,Alleghany,,,9.000000,10888.000000,10888.000000,False,nonmetro,0,55.346647,0,55.346647,0,27.707698
37007,Anson,NC,1376478143,North Carolina,NC,Anson,27.000000,22.000000,1.000000,22055.000000,17152.000000,True,metro,0,40.241776,0,40.241776,0,40.241776
37009,Ashe,NC,1104018852,North Carolina,NC,Ashe,21.000000,22.000000,9.000000,26577.000000,26577.000000,True,nonmetro,0,72.339417,0,72.339417,0,34.893634
37011,Avery,NC,640602137,North Carolina,NC,Avery,,12.000000,9.000000,17806.000000,17806.000000,False,nonmetro,0,47.659471,0,47.659471,0,25.570324
37013,Beaufort,NC,2156776424,North Carolina,NC,Beaufort,38.000000,39.000000,6.000000,44652.000000,28143.000000,True,nonmetro,0,23.986559,0,23.986559,0,23.986559
37015,Bertie,NC,1810858588,North Carolina,NC,Bertie,13.000000,14.000000,9.000000,17934.000000,17934.000000,True,nonmetro,0,40.133835,0,40.133835,0,38.917587
37017,Bladen,NC,2266321541,North Carolina,NC,Bladen,23.000000,20.000000,8.000000,29606.000000,29606.000000,True,nonmetro,0,47.759123,0,47.759123,0,32.221721
37019,Brunswick,NC,2201703879,North Carolina,NC,Brunswick,106.000000,99.000000,2.000000,136693.000000,49731.000000,True,metro,0,21.670354,0,21.670354,0,12.494617
37021,Buncombe,NC,1700318978,North Carolina,NC,Buncombe,152.000000,147.000000,2.000000,269452.000000,60097.000000,True,metro,2,6.688729,2,6.688729,4,6.688729
37023,Burke,NC,1311146879,North Carolina,NC,Burke,71.000000,65.000000,2.000000,87570.000000,40215.000000,True,metro,0,48.969932,0,48.969932,0,15.335101
37025,Cabarrus,NC,935587407,North Carolina,NC,Cabarrus,101.000000,96.000000,1.000000,225804.000000,39001.000000,True,metro,2,5.890750,2,5.890750,3,5.890750
37027,Caldwell,NC,1222184251,North Carolina,NC,Caldwell,57.000000,47.000000,2.000000,80652.000000,34536.000000,True,metro,0,56.800458,0,56.800458,2,5.873989
37029,Camden,NC,622452109,North Carolina,NC,Camden,,,1.000000,10355.000000,9812.000000,False,metro,0,33.591126,0,33.591126,0,32.504521
37031,Carteret,NC,1314689449,North Carolina,NC,Carteret,57.000000,49.000000,4.000000,67686.000000,20710.000000,True,nonmetro,0,67.023673,0,67.023673,1,9.477149
37033,Caswell,NC,1101694783,North Carolina,NC,Caswell,14.000000,13.000000,8.000000,22736.000000,22697.000000,True,nonmetro,0,31.990278,0,31.990278,0,31.990278
37035,Catawba,NC,1039553245,North Carolina,NC,Catawba,115.000000,106.000000,2.000000,160610.000000,56466.000000,True,metro,0,39.695932,0,39.695932,0,18.050225
37037,Chatham,NC,1765540358,North Carolina,NC,Chatham,50.000000,53.000000,2.000000,76285.000000,48850.000000,True,metro,0,15.599976,0,15.599976,0,15.495010
37039,Cherokee,NC,1179845613,North Carolina,NC,Cherokee,24.000000,21.000000,9.000000,28774.000000,28774.000000,True,nonmetro,0,50.002655,0,50.002655,0,48.821428
37041,Chowan,NC,447179939,North Carolina,NC,Chowan,,,8.000000,13708.000000,9379.000000,False,nonmetro,0,51.391626,0,51.391626,0,42.371506
37043,Clay,NC,556804503,North Carolina,NC,Clay,,,9.000000,11089.000000,11089.000000,False,nonmetro,0,40.427625,0,40.427625,0,40.427625
37045,Cleveland,NC,1202400603,North Carolina,NC,Cleveland,63.000000,59.000000,4.000000,99519.000000,61902.000000,True,nonmetro,0,38.481195,0,38.481195,0,35.855356
37047,Columbus,NC,2429722353,North Carolina,NC,Columbus,46.000000,47.000000,6.000000,50623.000000,45407.000000,True,nonmetro,0,43.056912,0,43.056912,0,28.652995
37049,Craven,NC,1830014545,North Carolina,NC,Craven,60.000000,60.000000,4.000000,100720.000000,35631.000000,True,nonmetro,0,41.932933,0,41.932933,0,27.006840
37051,Cumberland,NC,1690112815,North Carolina,NC,Cumberland,134.000000,124.000000,2.000000,334728.000000,46332.000000,True,metro,0,52.555961,0,52.555961,1,6.960383
37053,Currituck,NC,678341928,North Carolina,NC,Currituck,16.000000,15.000000,1.000000,28100.000000,26943.000000,True,metro,0,34.310369,0,34.310369,0,34.310369
37055,Dare,NC,992558307,North Carolina,NC,Dare,20.000000,19.000000,4.000000,36915.000000,8151.000000,True,nonmetro,0,71.510473,0,71.510473,0,68.518605
37057,Davidson,NC,1432724907,North Carolina,NC,Davidson,118.000000,106.000000,2.000000,168930.000000,80604.000000,True,metro,0,17.665884,0,17.665884,0,17.665884
37059,Davie,NC,682977540,North Carolina,NC,Davie,34.000000,37.000000,2.000000,42712.000000,30087.000000,True,metro,0,19.633059,0,19.633059,0,17.505879
37061,Duplin,NC,2110115795,North Carolina,NC,Duplin,37.000000,39.000000,8.000000,48715.000000,48715.000000,True,nonmetro,0,45.326063,0,45.326063,0,43.836009
37063,Durham,NC,742095312,North Carolina,NC,Durham,120.000000,113.000000,2.000000,324833.000000,16609.000000,True,metro,12,4.383997,12,4.383997,15,4.361094
37065,Edgecombe,NC,1309074148,North Carolina,NC,Edgecombe,56.000000,71.000000,3.000000,48900.000000,21905.000000,True,metro,0,26.265869,0,26.265869,0,26.265869
37067,Forsyth,NC,1056328480,North Carolina,NC,Forsyth,220.000000,206.000000,2.000000,382590.000000,29006.000000,True,metro,7,5.899181,7,5.899181,15,5.899181
37069,Franklin,NC,1273761673,North Carolina,NC,Franklin,41.000000,38.000000,1.000000,68573.000000,54099.000000,True,metro,0,25.369728,0,25.369728,0,25.369728
37071,Gaston,NC,921392674,North Carolina,NC,Gaston,151.000000,129.000000,1.000000,227943.000000,42993.000000,True,metro,0,18.089654,0,18.089654,0,18.089654
37073,Gates,NC,882181709,North Carolina,NC,Gates,,,1.000000,10478.000000,10478.000000,False,metro,0,35.547279,0,35.547279,0,20.047627
37075,Graham,NC,756189029,North Carolina,NC,Graham,,,9.000000,8030.000000,8030.000000,False,nonmetro,0,34.547079,0,34.547079,0,34.547079
37077,Granville,NC,1377850210,North Carolina,NC,Granville,34.000000,35.000000,6.000000,60992.000000,43569.000000,True,nonmetro,0,21.449157,0,21.449157,0,21.449157
37079,Greene,NC,690838977,North Carolina,NC,Greene,18.000000,17.000000,8.000000,20451.000000,20451.000000,True,nonmetro,0,19.934987,0,19.934987,0,19.934987
37081,Guilford,NC,1672930669,North Carolina,NC,Guilford,276.000000,269.000000,2.000000,541299.000000,76630.000000,True,metro,4,7.321310,4,7.321310,12,7.321310
37083,Halifax,NC,1874472930,North Carolina,NC,Halifax,43.000000,43.000000,4.000000,48622.000000,27257.000000,True,nonmetro,0,54.881203,0,54.881203,0,54.881203
37085,Harnett,NC,1540870386,North Carolina,NC,Harnett,61.000000,64.000000,4.000000,133568.000000,85692.000000,True,nonmetro,0,32.519918,0,32.519918,0,20.628627
37087,Haywood,NC,1433713844,North Carolina,NC,Haywood,41.000000,41.000000,4.000000,62089.000000,29110.000000,True,nonmetro,0,17.511028,0,17.511028,0,17.511028
37089,Henderson,NC,965934305,North Carolina,NC,Henderson,88.000000,76.000000,2.000000,116281.000000,39860.000000,True,metro,0,18.837313,0,18.837313,0,18.728678
37091,Hertford,NC,914689325,North Carolina,NC,Hertford,13.000000,15.000000,8.000000,21552.000000,16691.000000,True,nonmetro,0,50.879417,0,50.879417,0,35.587334
37093,Hoke,NC,1010491623,North Carolina,NC,Hoke,18.000000,20.000000,2.000000,52082.000000,22192.000000,True,metro,0,59.917251,0,59.917251,0,17.236920
37095,Hyde,NC,1585966933,North Carolina,NC,Hyde,,,9.000000,4589.000000,4589.000000,False,nonmetro,0,66.550014,0,66.550014,0,57.683196
37097,Iredell,NC,1487711608,North Carolina,NC,Iredell,107.000000,107.000000,1.000000,186693.000000,59478.000000,True,metro,0,25.599328,0,25.599328,1,9.834015
37099,Jackson,NC,1271961081,North Carolina,NC,Jackson,15.000000,16.000000,7.000000,43109.000000,28739.000000,True,nonmetro,1,6.005082,1,6.005082,1,6.005082
37101,Johnston,NC,2051313884,North Carolina,NC,Johnston,114.000000,104.000000,1.000000,215999.000000,114488.000000,True,metro,0,19.896811,0,19.896811,0,19.819200
37103,Jones,NC,1220836958,North Carolina,NC,Jones,11.000000,,8.000000,9172.000000,9172.000000,True,nonmetro,0,40.901375,0,40.901375,0,35.710762
37105,Lee,NC,660607451,North Carolina,NC,Lee,38.000000,39.000000,4.000000,63285.000000,26644.000000,True,nonmetro,0,32.545765,0,32.545765,0,29.719513
37107,Lenoir,NC,1033630013,North Carolina,NC,Lenoir,52.000000,53.000000,4.000000,55122.000000,34072.000000,True,nonmetro,0,28.880028,0,28.880028,0,28.880028
37109,Lincoln,NC,766239897,North Carolina,NC,Lincoln,59.000000,55.000000,1.000000,86810.000000,64013.000000,True,metro,0,25.989622,0,25.989622,0,24.073441
37111,McDowell,NC,1139476689,North Carolina,NC,McDowell,35.000000,35.000000,6.000000,44578.000000,32547.000000,True,nonmetro,0,30.558540,0,30.558540,0,27.637012
37113,Macon,NC,1335344502,North Carolina,NC,Macon,29.000000,31.000000,7.000000,37014.000000,27656.000000,True,nonmetro,0,16.451095,0,16.451095,0,16.451095
37115,Madison,NC,1164498325,North Carolina,NC,Madison,17.000000,18.000000,2.000000,21193.000000,21193.000000,True,metro,0,17.959867,0,17.959867,0,17.959867
37117,Martin,NC,1182102539,North Carolina,NC,Martin,21.000000,23.000000,6.000000,22031.000000,16509.000000,True,nonmetro,0,22.063498,0,22.063498,0,22.063498
37119,Mecklenburg,NC,1356130079,North Carolina,NC,Mecklenburg,415.000000,411.000000,1.000000,1115482.000000,9419.000000,True,metro,8,8.094717,8,8.094717,18,8.094717
37121,Mitchell,NC,573036225,North Carolina,NC,Mitchell,10.000000,13.000000,8.000000,14903.000000,14903.000000,True,nonmetro,0,35.388442,0,35.388442,0,32.264680
37123,Montgomery,NC,1273075626,North Carolina,NC,Montgomery,20.000000,19.000000,8.000000,25751.000000,25751.000000,True,nonmetro,0,39.408900,0,39.408900,0,39.408900
37125,Moore,NC,1806983006,North Carolina,NC,Moore,92.000000,85.000000,3.000000,99727.000000,49408.000000,True,metro,0,51.713936,0,51.713936,0,34.015886
37127,Nash,NC,1399742831,North Carolina,NC,Nash,75.000000,85.000000,3.000000,94970.000000,47173.000000,True,metro,0,35.606659,0,35.606659,0,35.606659
37129,New Hanover,NC,497937486,North Carolina,NC,New Hanover,139.000000,152.000000,2.000000,225702.000000,3861.000000,True,metro,1,6.118429,1,6.118429,3,6.118429
37131,Northampton,NC,1390032558,North Carolina,NC,Northampton,12.000000,12.000000,9.000000,17471.000000,15436.000000,True,nonmetro,0,58.148336,0,58.148336,0,51.011966
37133,Onslow,NC,1973765096,North Carolina,NC,Onslow,68.000000,70.000000,3.000000,204576.000000,74193.000000,True,metro,0,46.677485,0,46.677485,0,37.545256
37135,Orange,NC,1029673918,North Carolina,NC,Orange,51.000000,47.000000,2.000000,148696.000000,43188.000000,True,metro,5,5.826135,5,5.826135,7,5.826135
37137,Pamlico,NC,871570771,North Carolina,NC,Pamlico,10.000000,10.000000,9.000000,12276.000000,12276.000000,True,nonmetro,0,48.460683,0,48.460683,0,26.841481
37139,Pasquotank,NC,587622471,North Carolina,NC,Pasquotank,23.000000,25.000000,4.000000,40568.000000,18277.000000,True,nonmetro,0,38.347922,0,38.347922,0,35.418438
37141,Pender,NC,2256645359,North Carolina,NC,Pender,42.000000,48.000000,2.000000,60203.000000,36729.000000,True,metro,0,19.769104,0,19.769104,0,19.769104
37143,Perquimans,NC,640173980,North Carolina,NC,Perquimans,12.000000,12.000000,8.000000,13005.000000,13005.000000,True,nonmetro,0,46.815572,0,46.815572,0,39.048151
37145,Person,NC,1016154887,North Carolina,NC,Person,23.000000,21.000000,2.000000,39097.000000,29597.000000,True,metro,0,26.635439,0,26.635439,0,26.635439
37147,Pitt,NC,1689621009,North Carolina,NC,Pitt,91.000000,96.000000,3.000000,170243.000000,45713.000000,True,metro,3,5.446414,3,5.446414,5,5.446414
37149,Polk,NC,615606322,North Carolina,NC,Polk,16.000000,18.000000,8.000000,19328.000000,17669.000000,True,nonmetro,0,29.131351,0,29.131351,0,22.732118
37151,Randolph,NC,2026242785,North Carolina,NC,Randolph,84.000000,87.000000,2.000000,144171.000000,86768.000000,True,metro,0,22.496556,0,22.496556,0,22.496556
37153,Richmond,NC,1226849523,North Carolina,NC,Richmond,57.000000,50.000000,4.000000,42946.000000,19113.000000,True,nonmetro,0,50.614281,0,50.614281,0,48.494021
37155,Robeson,NC,2453481924,North Carolina,NC,Robeson,75.000000,75.000000,4.000000,116530.000000,88580.000000,True,nonmetro,0,51.171739,0,51.171739,0,29.157179
37157,Rockingham,NC,1465005024,North Carolina,NC,Rockingham,65.000000,67.000000,2.000000,91096.000000,55493.000000,True,metro,0,23.744092,0,23.744092,0,23.744092
37159,Rowan,NC,1325058763,North Carolina,NC,Rowan,91.000000,86.000000,1.000000,146875.000000,61992.000000,True,metro,0,15.960326,0,15.960326,0,15.240733
37161,Rutherford,NC,1464476090,North Carolina,NC,Rutherford,66.000000,72.000000,4.000000,64444.000000,43684.000000,True,nonmetro,0,39.931237,0,39.931237,0,32.951313
37163,Sampson,NC,2449946536,North Carolina,NC,Sampson,39.000000,36.000000,6.000000,59036.000000,49721.000000,True,nonmetro,0,49.061268,0,49.061268,0,28.287668
37165,Scotland,NC,826569986,North Carolina,NC,Scotland,29.000000,25.000000,6.000000,34174.000000,17949.000000,True,nonmetro,0,44.069996,0,44.069996,0,37.958788
37167,Stanly,NC,1023250040,North Carolina,NC,Stanly,45.000000,47.000000,6.000000,62504.000000,45516.000000,True,nonmetro,0,20.548247,0,20.548247,0,20.548247
37169,Stokes,NC,1163797562,North Carolina,NC,Stokes,31.000000,25.000000,2.000000,44520.000000,35849.000000,True,metro,0,18.471421,0,18.471421,0,16.562172
37171,Surry,NC,1379543658,North Carolina,NC,Surry,59.000000,58.000000,6.000000,71359.000000,54005.000000,True,nonmetro,0,33.183049,0,33.183049,1,8.260828
37173,Swain,NC,1366810476,North Carolina,NC,Swain,14.000000,13.000000,9.000000,14117.000000,14117.000000,True,nonmetro,0,16.483186,0,16.483186,0,16.483186
37175,Transylvania,NC,979943597,North Carolina,NC,Transylvania,26.000000,23.000000,6.000000,32986.000000,19927.000000,True,nonmetro,0,24.401906,0,24.401906,0,24.401906
37177,Tyrrell,NC,1012106669,North Carolina,NC,Tyrrell,,,9.000000,3245.000000,3245.000000,False,nonmetro,0,65.785825,0,65.785825,0,60.633994
37179,Union,NC,1638778990,North Carolina,NC,Union,99.000000,93.000000,1.000000,238267.000000,65840.000000,True,metro,0,19.849326,0,19.849326,0,19.849326
37181,Vance,NC,653701481,North Carolina,NC,Vance,29.000000,30.000000,6.000000,42578.000000,22684.000000,True,nonmetro,0,36.382486,0,36.382486,0,36.382486
37183,Wake,NC,2161570492,North Carolina,NC,Wake,590.000000,557.000000,1.000000,1129410.000000,58248.000000,True,metro,3,9.158312,3,9.158312,10,7.379643
37185,Warren,NC,1112117461,North Carolina,NC,Warren,15.000000,14.000000,8.000000,18642.000000,18642.000000,True,nonmetro,0,51.263752,0,51.263752,0,51.263752
37187,Washington,NC,897456201,North Carolina,NC,Washington,,,9.000000,11003.000000,11003.000000,False,nonmetro,0,43.695175,0,43.695175,0,43.695175
37189,Watauga,NC,809210954,North Carolina,NC,Watauga,14.000000,16.000000,5.000000,54086.000000,26450.000000,True,nonmetro,0,64.734496,0,64.734496,0,22.837544
37191,Wayne,NC,1434651139,North Carolina,NC,Wayne,86.000000,97.000000,3.000000,117333.000000,62877.000000,True,metro,0,38.411201,0,38.411201,0,38.304758
37193,Wilkes,NC,1952020337,North Carolina,NC,Wilkes,46.000000,37.000000,6.000000,65969.000000,46079.000000,True,nonmetro,0,50.291685,0,50.291685,0,26.335658
37195,Wilson,NC,952013027,North Carolina,NC,Wilson,59.000000,66.000000,4.000000,78784.000000,29894.000000,True,nonmetro,0,32.104873,0,32.104873,0,32.104873
37197,Yadkin,NC,867496112,North Carolina,NC,Yadkin,35.000000,29.000000,2.000000,37214.000000,37214.000000,True,metro,0,24.656353,0,24.656353,0,20.897869
37199,Yancey,NC,809610024,North Carolina,NC,Yancey,,12.000000,8.000000,18470.000000,18470.000000,False,nonmetro,0,26.287865,0,26.287865,0,26.287865
38001,Adams,ND,2557733900,North Dakota,ND,Adams,,,9.000000,2200.000000,2200.000000,False,nonmetro,0,138.332657,0,138.332657,0,138.332657
38003,Barnes,ND,3863118053,North Dakota,ND,Barnes,,,6.000000,10853.000000,4306.000000,False,nonmetro,0,207.503215,0,207.503215,0,58.673096
38005,Benson,ND,3596341058,North Dakota,ND,Benson,,,9.000000,5964.000000,5964.000000,False,nonmetro,0,290.733596,0,290.733596,0,98.210440
38007,Billings,ND,2974571272,North Dakota,ND,Billings,,,9.000000,945.000000,945.000000,False,nonmetro,0,201.983941,0,201.983941,0,201.983941
38009,Bottineau,ND,4322321796,North Dakota,ND,Bottineau,,,8.000000,6379.000000,6379.000000,False,nonmetro,0,350.150297,0,350.150297,0,176.594930
38011,Bowman,ND,3009070657,North Dakota,ND,Bowman,,,9.000000,2993.000000,2993.000000,False,nonmetro,0,144.645904,0,144.645904,0,144.645904
38013,Burke,ND,2858360401,North Dakota,ND,Burke,,,8.000000,2201.000000,2201.000000,False,nonmetro,0,325.027136,0,325.027136,0,259.316952
38015,Burleigh,ND,4228659158,North Dakota,ND,Burleigh,38.000000,38.000000,3.000000,98458.000000,23933.000000,True,metro,0,224.129379,0,224.129379,0,187.648472
38017,Cass,ND,4571159457,North Dakota,ND,Cass,58.000000,60.000000,3.000000,184525.000000,16782.000000,True,metro,0,157.151230,0,157.151230,2,5.160144
38019,Cavalier,ND,3856816536,North Dakota,ND,Cavalier,,,9.000000,3704.000000,3704.000000,False,nonmetro,0,297.475747,0,297.475747,0,85.390911
38021,Dickey,ND,2930554406,North Dakota,ND,Dickey,,,9.000000,4999.000000,4999.000000,False,nonmetro,0,192.702260,0,192.702260,0,90.822330
38023,Divide,ND,3266310803,North Dakota,ND,Divide,,,9.000000,2195.000000,2195.000000,False,nonmetro,0,331.179983,0,331.179983,0,296.582521
38025,Dunn,ND,5201969430,North Dakota,ND,Dunn,,,9.000000,4095.000000,4095.000000,False,nonmetro,0,226.824586,0,226.824586,0,226.824586
38027,Eddy,ND,1632310789,North Dakota,ND,Eddy,,,9.000000,2347.000000,2347.000000,False,nonmetro,0,275.395108,0,275.395108,0,95.125373
38029,Emmons,ND,3910888908,North Dakota,ND,Emmons,,,8.000000,3301.000000,3301.000000,False,nonmetro,0,210.467187,0,210.467187,0,168.346540
38031,Foster,ND,1642258774,North Dakota,ND,Foster,,,9.000000,3397.000000,3397.000000,False,nonmetro,0,266.109550,0,266.109550,0,98.372814
38033,Golden Valley,ND,2592280440,North Dakota,ND,Golden Valley,,,9.000000,1736.000000,1736.000000,False,nonmetro,0,197.362678,0,197.362678,0,197.362678
38035,Grand Forks,ND,3719806628,North Dakota,ND,Grand Forks,24.000000,25.000000,3.000000,73170.000000,14069.000000,True,metro,0,213.928886,0,213.928886,1,5.103509
38037,Grant,ND,4297393836,North Dakota,ND,Grant,,,8.000000,2301.000000,2301.000000,False,nonmetro,0,176.110927,0,176.110927,0,176.110927
38039,Griggs,ND,1835486224,North Dakota,ND,Griggs,,,9.000000,2306.000000,2306.000000,False,nonmetro,0,231.570442,0,231.570442,0,62.768015
38041,Hettinger,ND,2932485810,North Dakota,ND,Hettinger,,,9.000000,2489.000000,2489.000000,False,nonmetro,0,167.507433,0,167.507433,0,167.507433
38043,Kidder,ND,3499233947,North Dakota,ND,Kidder,,,8.000000,2394.000000,2394.000000,False,nonmetro,0,256.619576,0,256.619576,0,142.287981
38045,LaMoure,ND,2968139583,North Dakota,ND,LaMoure,,,9.000000,4093.000000,4093.000000,False,nonmetro,0,214.535857,0,214.535857,0,88.906994
38047,Logan,ND,2570819037,North Dakota,ND,Logan,,,9.000000,1876.000000,1876.000000,False,nonmetro,0,244.554243,0,244.554243,0,133.599507
38049,McHenry,ND,4853487954,North Dakota,ND,McHenry,,,3.000000,5345.000000,5345.000000,False,metro,0,308.028409,0,308.028409,0,170.749862
38051,McIntosh,ND,2524106808,North Dakota,ND,McIntosh,,,9.000000,2530.000000,2530.000000,False,nonmetro,0,225.086933,0,225.086933,0,138.097971
38053,McKenzie,ND,7148712746,North Dakota,ND,McKenzie,,,7.000000,14704.000000,8017.000000,False,nonmetro,0,258.406784,0,258.406784,0,258.110898
38055,McLean,ND,5465546324,North Dakota,ND,McLean,,,8.000000,9771.000000,9771.000000,False,nonmetro,0,257.179543,0,257.179543,0,197.263363
38057,Mercer,ND,2700790007,North Dakota,ND,Mercer,,,8.000000,8350.000000,8350.000000,False,nonmetro,0,234.278730,0,234.278730,0,222.144760
38059,Morton,ND,4988026151,North Dakota,ND,Morton,13.000000,11.000000,3.000000,33291.000000,9618.000000,True,metro,0,218.604764,0,218.604764,0,195.508922
38061,Mountrail,ND,4727150568,North Dakota,ND,Mountrail,,,8.000000,9809.000000,9809.000000,False,nonmetro,0,283.086604,0,283.086604,0,247.920795
38063,Nelson,ND,2542889235,North Dakota,ND,Nelson,,,8.000000,3015.000000,3015.000000,False,nonmetro,0,251.333544,0,251.333544,0,54.581394
38065,Oliver,ND,1871017444,North Dakota,ND,Oliver,,,3.000000,1877.000000,1877.000000,False,metro,0,229.683471,0,229.683471,0,207.005898
38067,Pembina,ND,2896993132,North Dakota,ND,Pembina,,,9.000000,6844.000000,6844.000000,False,nonmetro,0,274.778092,0,274.778092,0,65.139873
38069,Pierce,ND,2637345167,North Dakota,ND,Pierce,,,9.000000,3990.000000,3990.000000,False,nonmetro,0,331.540308,0,331.540308,0,139.033876
38071,Ramsey,ND,3070086477,North Dakota,ND,Ramsey,,13.000000,7.000000,11605.000000,4112.000000,False,nonmetro,0,283.237825,0,283.237825,0,84.503174
38073,Ransom,ND,2233792873,North Dakota,ND,Ransom,,,8.000000,5703.000000,5703.000000,False,nonmetro,0,179.031477,0,179.031477,0,49.586863
38075,Renville,ND,2272050275,North Dakota,ND,Renville,,,3.000000,2282.000000,2282.000000,False,metro,0,330.300115,0,330.300115,0,212.871218
38077,Richland,ND,3718378999,North Dakota,ND,Richland,,,6.000000,16529.000000,8625.000000,False,nonmetro,0,134.538960,0,134.538960,0,43.034339
38079,Rolette,ND,2338867291,North Dakota,ND,Rolette,,,9.000000,12187.000000,12187.000000,False,nonmetro,0,348.701247,0,348.701247,0,142.455386
38081,Sargent,ND,2223461624,North Dakota,ND,Sargent,,,9.000000,3862.000000,3862.000000,False,nonmetro,0,170.028788,0,170.028788,0,62.259426
38083,Sheridan,ND,2518053323,North Dakota,ND,Sheridan,,,8.000000,1265.000000,1265.000000,False,nonmetro,0,279.196054,0,279.196054,0,155.144676
38085,Sioux,ND,2833580511,North Dakota,ND,Sioux,,,9.000000,3898.000000,3898.000000,False,nonmetro,0,188.980031,0,188.980031,0,188.980031
38087,Slope,ND,3147520227,North Dakota,ND,Slope,,,9.000000,706.000000,706.000000,False,nonmetro,0,161.781309,0,161.781309,0,161.781309
38089,Stark,ND,3457408932,North Dakota,ND,Stark,,11.000000,5.000000,33646.000000,7972.000000,False,nonmetro,0,194.959504,0,194.959504,0,194.959504
38091,Steele,ND,1844441513,North Dakota,ND,Steele,,,8.000000,1798.000000,1798.000000,False,nonmetro,0,215.196569,0,215.196569,0,46.345540
38093,Stutsman,ND,5754703480,North Dakota,ND,Stutsman,10.000000,,7.000000,21593.000000,6386.000000,True,nonmetro,0,237.966785,0,237.966785,0,92.207689
38095,Towner,ND,2655029704,North Dakota,ND,Towner,,,9.000000,2162.000000,2162.000000,False,nonmetro,0,316.627904,0,316.627904,0,110.743015
38097,Traill,ND,2232235426,North Dakota,ND,Traill,,,8.000000,7997.000000,7997.000000,False,nonmetro,0,197.251254,0,197.251254,0,31.849207
38099,Walsh,ND,3319346397,North Dakota,ND,Walsh,,,8.000000,10563.000000,10563.000000,False,nonmetro,0,252.782717,0,252.782717,0,40.929462
38101,Ward,ND,5213719156,North Dakota,ND,Ward,20.000000,22.000000,3.000000,69919.000000,18994.000000,True,metro,0,302.303826,0,302.303826,0,199.380761
38103,Wells,ND,3290664846,North Dakota,ND,Wells,,,9.000000,3982.000000,3982.000000,False,nonmetro,0,298.247350,0,298.247350,0,128.661251
38105,Williams,ND,5380959456,North Dakota,ND,Williams,10.000000,11.000000,5.000000,40950.000000,11440.000000,True,nonmetro,0,285.138892,0,285.138892,0,281.885911
39001,Adams,OH,1512221266,Ohio,OH,Adams,20.000000,23.000000,8.000000,27477.000000,27477.000000,True,nonmetro,0,57.137972,0,57.137972,0,56.868275
39003,Allen,OH,1042587389,Ohio,OH,Allen,53.000000,52.000000,3.000000,102206.000000,31659.000000,True,metro,0,51.655251,0,53.363607,1,4.919781
39005,Ashland,OH,1095530837,Ohio,OH,Ashland,35.000000,37.000000,6.000000,52447.000000,33241.000000,True,nonmetro,0,19.732426,0,19.732426,0,19.732426
39007,Ashtabula,OH,1818345034,Ohio,OH,Ashtabula,81.000000,74.000000,1.000000,97574.000000,50726.000000,True,metro,0,52.500492,0,52.500492,0,39.996438
39009,Athens,OH,1304431980,Ohio,OH,Athens,26.000000,22.000000,4.000000,62431.000000,30402.000000,True,nonmetro,0,62.773223,0,62.773223,0,41.860953
39011,Auglaize,OH,1039590216,Ohio,OH,Auglaize,24.000000,22.000000,4.000000,46422.000000,17968.000000,True,nonmetro,0,52.750962,0,53.116773,0,17.104412
39013,Belmont,OH,1378201570,Ohio,OH,Belmont,34.000000,36.000000,3.000000,66497.000000,40902.000000,True,metro,0,51.642911,0,51.642911,0,50.039007
39015,Brown,OH,1267911780,Ohio,OH,Brown,32.000000,33.000000,1.000000,43676.000000,41840.000000,True,metro,0,36.362924,0,36.362924,0,35.858610
39017,Butler,OH,1208290720,Ohio,OH,Butler,246.000000,248.000000,1.000000,390357.000000,37516.000000,True,metro,0,18.898063,0,18.898063,1,9.177044
39019,Carroll,OH,1022040910,Ohio,OH,Carroll,17.000000,17.000000,2.000000,26721.000000,26721.000000,True,metro,0,19.598326,0,19.598326,0,19.598326
39021,Champaign,OH,1111077538,Ohio,OH,Champaign,38.000000,37.000000,6.000000,38714.000000,27339.000000,True,nonmetro,0,32.519428,0,32.519428,0,15.394473
39023,Clark,OH,1027907500,Ohio,OH,Clark,156.000000,161.000000,3.000000,136001.000000,34524.000000,True,metro,0,22.598981,0,22.598981,1,4.901980
39025,Clermont,OH,1172125417,Ohio,OH,Clermont,146.000000,141.000000,1.000000,208601.000000,54798.000000,True,metro,0,17.345754,0,17.345754,0,16.065448
39027,Clinton,OH,1058609496,Ohio,OH,Clinton,31.000000,32.000000,6.000000,42018.000000,29472.000000,True,nonmetro,0,30.459836,0,30.459836,0,25.620771
39029,Columbiana,OH,1377658471,Ohio,OH,Columbiana,58.000000,60.000000,4.000000,101877.000000,56539.000000,True,nonmetro,0,32.202681,0,32.202681,0,21.335291
39031,Coshocton,OH,1460721942,Ohio,OH,Coshocton,28.000000,34.000000,7.000000,36612.000000,24278.000000,True,nonmetro,0,36.140709,0,36.140709,0,26.107889
39033,Crawford,OH,1040619652,Ohio,OH,Crawford,25.000000,27.000000,4.000000,42025.000000,14324.000000,True,nonmetro,0,20.361168,0,20.361168,0,20.361168
39035,Cuyahoga,OH,1184169986,Ohio,OH,Cuyahoga,731.000000,744.000000,1.000000,1264817.000000,7153.000000,True,metro,19,8.599666,19,8.599666,36,8.599666
39037,Darke,OH,1549077535,Ohio,OH,Darke,29.000000,29.000000,6.000000,51881.000000,37214.000000,True,nonmetro,0,25.430789,0,25.430789,0,25.430789
39039,Defiance,OH,1065649888,Ohio,OH,Defiance,19.000000,20.000000,6.000000,38286.000000,20511.000000,True,nonmetro,0,36.623019,0,45.382877,0,35.328558
39041,Delaware,OH,1147744276,Ohio,OH,Delaware,85.000000,86.000000,1.000000,214124.000000,43530.000000,True,metro,0,16.881572,0,16.881572,0,16.881572
39043,Erie,OH,650833148,Ohio,OH,Erie,60.000000,65.000000,3.000000,75622.000000,21317.000000,True,metro,0,45.086081,0,45.086081,0,45.086081
39045,Fairfield,OH,1306299961,Ohio,OH,Fairfield,79.000000,78.000000,1.000000,158921.000000,56559.000000,True,metro,0,21.144876,0,21.144876,0,20.862564
39047,Fayette,OH,1052469885,Ohio,OH,Fayette,25.000000,22.000000,6.000000,28951.000000,13922.000000,True,nonmetro,0,36.760544,0,36.760544,0,32.450322
39049,Franklin,OH,1378954535,Ohio,OH,Franklin,544.000000,526.000000,1.000000,1323807.000000,18171.000000,True,metro,17,7.443959,14,7.443959,34,7.443959
39051,Fulton,OH,1050103237,Ohio,OH,Fulton,26.000000,23.000000,2.000000,42713.000000,35090.000000,True,metro,0,23.054549,0,23.054549,0,23.054549
39053,Gallia,OH,1208305870,Ohio,OH,Gallia,23.000000,21.000000,6.000000,29220.000000,23483.000000,True,nonmetro,0,48.352765,0,48.352765,0,48.352765
39055,Geauga,OH,1036773963,Ohio,OH,Geauga,56.000000,60.000000,1.000000,95397.000000,74938.000000,True,metro,0,24.943487,0,24.943487,0,24.943487
39057,Greene,OH,1071111594,Ohio,OH,Greene,152.000000,146.000000,2.000000,167966.000000,37666.000000,True,metro,0,11.381542,0,11.381542,0,9.342518
39059,Guernsey,OH,1352631217,Ohio,OH,Guernsey,17.000000,19.000000,6.000000,38438.000000,24011.000000,True,nonmetro,0,54.861165,0,54.861165,0,25.789257
39061,Hamilton,OH,1049999679,Ohio,OH,Hamilton,516.000000,520.000000,1.000000,830639.000000,19786.000000,True,metro,15,7.213984,14,7.213984,31,6.329778
39063,Hancock,OH,1376124980,Ohio,OH,Hancock,37.000000,39.000000,4.000000,74920.000000,23831.000000,True,nonmetro,0,35.182833,0,35.182833,0,31.052587
39065,Hardin,OH,1218033114,Ohio,OH,Hardin,14.000000,14.000000,6.000000,30696.000000,17320.000000,True,nonmetro,0,29.706441,0,29.706441,0,20.943766
39067,Harrison,OH,1042032641,Ohio,OH,Harrison,,,8.000000,14483.000000,14483.000000,False,nonmetro,0,38.361565,0,38.361565,0,38.361565
39069,Henry,OH,1077461417,Ohio,OH,Henry,12.000000,14.000000,6.000000,27662.000000,18794.000000,True,nonmetro,0,26.624507,0,26.624507,0,26.624507
39071,Highland,OH,1432479980,Ohio,OH,Highland,35.000000,36.000000,6.000000,43317.000000,31933.000000,True,nonmetro,0,47.356575,0,47.356575,0,43.416242
39073,Hocking,OH,1091289821,Ohio,OH,Hocking,18.000000,17.000000,1.000000,28050.000000,19806.000000,True,metro,0,42.293879,0,42.293879,0,35.738934
39075,Holmes,OH,1094559493,Ohio,OH,Holmes,19.000000,20.000000,9.000000,44223.000000,44223.000000,True,nonmetro,0,18.054824,0,18.054824,0,18.054824
39077,Huron,OH,1274903645,Ohio,OH,Huron,30.000000,34.000000,4.000000,58565.000000,30118.000000,True,nonmetro,0,42.274146,0,42.274146,0,42.274146
39079,Jackson,OH,1088598926,Ohio,OH,Jackson,20.000000,21.000000,7.000000,32653.000000,20976.000000,True,nonmetro,0,64.599343,0,64.599343,0,64.592435
39081,Jefferson,OH,1057037100,Ohio,OH,Jefferson,45.000000,44.000000,3.000000,65249.000000,25626.000000,True,metro,0,36.800857,0,36.800857,0,30.876571
39083,Knox,OH,1361036418,Ohio,OH,Knox,38.000000,34.000000,6.000000,62721.000000,43728.000000,True,nonmetro,0,34.637448,0,34.637448,0,33.557441
39085,Lake,OH,593807529,Ohio,OH,Lake,156.000000,159.000000,1.000000,232603.000000,17469.000000,True,metro,0,23.339896,0,23.339896,0,23.339896
39087,Lawrence,OH,1174282178,Ohio,OH,Lawrence,54.000000,47.000000,2.000000,58240.000000,26370.000000,True,metro,0,50.312173,0,50.312173,0,50.312173
39089,Licking,OH,1767478856,Ohio,OH,Licking,97.000000,101.000000,1.000000,178519.000000,60305.000000,True,metro,0,26.412186,0,26.412186,0,21.242657
39091,Logan,OH,1187523861,Ohio,OH,Logan,28.000000,26.000000,4.000000,46150.000000,25675.000000,True,nonmetro,0,37.170025,0,37.170025,0,27.074207
39093,Lorain,OH,1270483156,Ohio,OH,Lorain,182.000000,194.000000,1.000000,312964.000000,44640.000000,True,metro,0,23.003696,0,23.003696,0,23.003696
39095,Lucas,OH,879723724,Ohio,OH,Lucas,274.000000,271.000000,2.000000,431279.000000,21500.000000,True,metro,10,4.439853,10,4.439853,16,4.439853
39097,Madison,OH,1206451441,Ohio,OH,Madison,29.000000,30.000000,1.000000,43824.000000,28994.000000,True,metro,0,21.413806,0,21.413806,0,18.595137
39099,Mahoning,OH,1065748187,Ohio,OH,Mahoning,137.000000,130.000000,2.000000,228614.000000,35763.000000,True,metro,0,39.671748,0,39.671748,0,30.888419
39101,Marion,OH,1045853061,Ohio,OH,Marion,42.000000,36.000000,4.000000,65359.000000,22671.000000,True,nonmetro,4,3.258265,4,3.258265,5,3.258265
39103,Medina,OH,1091571154,Ohio,OH,Medina,84.000000,85.000000,1.000000,182470.000000,62148.000000,True,metro,0,16.929911,0,16.929911,0,16.929911
39105,Meigs,OH,1113957873,Ohio,OH,Meigs,20.000000,21.000000,8.000000,22210.000000,19551.000000,True,nonmetro,0,53.569565,0,53.569565,0,53.492203
39107,Mercer,OH,1197732211,Ohio,OH,Mercer,18.000000,20.000000,7.000000,42528.000000,30448.000000,True,nonmetro,0,46.109430,0,49.861603,0,30.992836
39109,Miami,OH,1052883435,Ohio,OH,Miami,126.000000,119.000000,2.000000,108774.000000,33266.000000,True,metro,0,19.946470,0,19.946470,0,19.726819
39111,Monroe,OH,1180317743,Ohio,OH,Monroe,,,8.000000,13385.000000,13206.000000,False,nonmetro,0,59.733080,0,59.733080,0,49.858919
39113,Montgomery,OH,1194894576,Ohio,OH,Montgomery,554.000000,541.000000,2.000000,537309.000000,29679.000000,True,metro,1,6.360744,1,6.360744,4,4.989374
39115,Morgan,OH,1078538282,Ohio,OH,Morgan,11.000000,10.000000,8.000000,13802.000000,13802.000000,True,nonmetro,0,64.781702,0,64.781702,0,24.116919
39117,Morrow,OH,1051881045,Ohio,OH,Morrow,17.000000,16.000000,1.000000,34950.000000,34946.000000,True,metro,0,19.236176,0,19.236176,0,19.236176
39119,Muskingum,OH,1721165826,Ohio,OH,Muskingum,48.000000,49.000000,4.000000,86410.000000,44109.000000,True,nonmetro,0,52.184221,0,52.184221,1,5.640231
39121,Noble,OH,1030846430,Ohio,OH,Noble,,,9.000000,14115.000000,14115.000000,False,nonmetro,0,71.175977,0,71.175977,0,30.531241
39123,Ottawa,OH,659680522,Ohio,OH,Ottawa,28.000000,24.000000,3.000000,40364.000000,25214.000000,True,metro,0,26.491235,0,26.491235,0,26.491235
39125,Paulding,OH,1078561237,Ohio,OH,Paulding,11.000000,,8.000000,18806.000000,18806.000000,True,nonmetro,0,28.386631,0,57.078418,0,26.911876
39127,Perry,OH,1056544080,Ohio,OH,Perry,14.000000,14.000000,1.000000,35408.000000,28489.000000,True,metro,0,42.996263,0,42.996263,0,18.708663
39129,Pickaway,OH,1298175095,Ohio,OH,Pickaway,28.000000,25.000000,1.000000,58539.000000,35390.000000,True,metro,0,20.836005,0,20.836005,0,20.836005
39131,Pike,OH,1140325072,Ohio,OH,Pike,16.000000,16.000000,9.000000,27088.000000,22119.000000,True,nonmetro,0,60.911432,0,60.911432,0,60.911432
39133,Portage,OH,1262372713,Ohio,OH,Portage,75.000000,74.000000,2.000000,161791.000000,61474.000000,True,metro,0,15.500783,0,15.500783,0,15.500783
39135,Preble,OH,1098741137,Ohio,OH,Preble,38.000000,40.000000,6.000000,40999.000000,31265.000000,True,nonmetro,0,15.759448,0,15.759448,0,15.687771
39137,Putnam,OH,1249783612,Ohio,OH,Putnam,15.000000,14.000000,6.000000,34451.000000,29018.000000,True,nonmetro,0,43.957859,0,45.476666,0,19.457023
39139,Richland,OH,1282631596,Ohio,OH,Richland,70.000000,81.000000,3.000000,124936.000000,42046.000000,True,metro,0,30.341595,0,30.341595,0,30.341595
39141,Ross,OH,1784931094,Ohio,OH,Ross,52.000000,50.000000,4.000000,77093.000000,45366.000000,True,nonmetro,0,43.216322,0,43.216322,0,43.216322
39143,Sandusky,OH,1057351022,Ohio,OH,Sandusky,35.000000,33.000000,4.000000,58896.000000,25471.000000,True,nonmetro,0,32.331240,0,32.331240,0,32.331240
39145,Scioto,OH,1580267231,Ohio,OH,Scioto,35.000000,40.000000,4.000000,74008.000000,40955.000000,True,nonmetro,0,74.752536,0,74.752536,0,74.752536
39147,Seneca,OH,1427151728,Ohio,OH,Seneca,25.000000,24.000000,4.000000,55069.000000,25111.000000,True,nonmetro,0,34.763245,0,34.763245,0,34.763245
39149,Shelby,OH,1055922239,Ohio,OH,Shelby,28.000000,29.000000,4.000000,48230.000000,27496.000000,True,nonmetro,0,38.977796,0,38.977796,0,29.058390
39151,Stark,OH,1489930012,Ohio,OH,Stark,222.000000,218.000000,2.000000,374853.000000,55322.000000,True,metro,2,6.968995,2,6.968995,4,6.968995
39153,Summit,OH,1069129523,Ohio,OH,Summit,301.000000,304.000000,2.000000,540428.000000,20439.000000,True,metro,3,6.724483,3,6.724483,6,6.724483
39155,Trumbull,OH,1600873954,Ohio,OH,Trumbull,149.000000,153.000000,2.000000,201977.000000,54893.000000,True,metro,0,41.315419,0,41.315419,0,38.905314
39157,Tuscarawas,OH,1469530293,Ohio,OH,Tuscarawas,60.000000,55.000000,4.000000,93263.000000,46487.000000,True,nonmetro,0,22.918449,0,22.918449,0,22.605571
39159,Union,OH,1118250640,Ohio,OH,Union,21.000000,21.000000,1.000000,62784.000000,28257.000000,True,metro,0,22.833463,0,22.833463,0,22.833463
39161,Van Wert,OH,1059692855,Ohio,OH,Van Wert,18.000000,18.000000,6.000000,28931.000000,14588.000000,True,nonmetro,0,35.159716,0,66.830198,0,24.603015
39163,Vinton,OH,1068008168,Ohio,OH,Vinton,,,8.000000,12800.000000,12073.000000,False,nonmetro,0,56.331446,0,56.331446,0,53.990637
39165,Warren,OH,1039691291,Ohio,OH,Warren,177.000000,164.000000,1.000000,242337.000000,42451.000000,True,metro,0,18.915298,0,18.915298,0,9.777333
39167,Washington,OH,1636805226,Ohio,OH,Washington,35.000000,38.000000,4.000000,59771.000000,34869.000000,True,nonmetro,0,72.661246,0,72.661246,0,45.777309
39169,Wayne,OH,1436897054,Ohio,OH,Wayne,62.000000,64.000000,4.000000,116894.000000,65274.000000,True,nonmetro,1,7.674740,1,7.674740,1,7.674740
39171,Williams,OH,1089503875,Ohio,OH,Williams,21.000000,18.000000,7.000000,37102.000000,27864.000000,True,nonmetro,0,39.592536,0,47.764544,0,39.592536
39173,Wood,OH,1598441996,Ohio,OH,Wood,57.000000,58.000000,2.000000,132248.000000,39768.000000,True,metro,0,10.008424,0,10.008424,0,10.008424
39175,Wyandot,OH,1053812244,Ohio,OH,Wyandot,16.000000,13.000000,7.000000,21900.000000,15272.000000,True,nonmetro,0,21.518867,0,21.518867,0,21.518867
40001,Adair,OK,1486337779,Oklahoma,OK,Adair,12.000000,13.000000,8.000000,19495.000000,19495.000000,True,nonmetro,0,78.437643,0,78.437643,0,30.299398
40003,Alfalfa,OK,2244392662,Oklahoma,OK,Alfalfa,,,8.000000,5699.000000,5699.000000,False,nonmetro,0,85.111833,0,85.111833,0,85.111833
40005,Atoka,OK,2526392908,Oklahoma,OK,Atoka,,,9.000000,14143.000000,14143.000000,False,nonmetro,0,83.936367,0,83.936367,0,47.370404
40007,Beaver,OK,4700407073,Oklahoma,OK,Beaver,,,9.000000,5049.000000,5049.000000,False,nonmetro,0,129.826975,0,129.826975,0,129.826975
40009,Beckham,OK,2335328724,Oklahoma,OK,Beckham,,,7.000000,22410.000000,11286.000000,False,nonmetro,0,110.900750,0,110.900750,0,110.900750
40011,Blaine,OK,2404772749,Oklahoma,OK,Blaine,,,8.000000,8735.000000,8735.000000,False,nonmetro,0,59.671409,0,59.671409,0,59.671409
40013,Bryan,OK,2342004162,Oklahoma,OK,Bryan,26.000000,27.000000,6.000000,46067.000000,26743.000000,True,nonmetro,0,55.963242,0,55.963242,0,18.433997
40015,Caddo,OK,3309366441,Oklahoma,OK,Caddo,13.000000,14.000000,6.000000,26945.000000,21940.000000,True,nonmetro,0,52.460060,0,52.460060,0,50.597192
40017,Canadian,OK,2322112746,Oklahoma,OK,Canadian,51.000000,51.000000,1.000000,154405.000000,30141.000000,True,metro,0,15.037510,0,15.037510,0,15.037510
40019,Carter,OK,2129498353,Oklahoma,OK,Carter,25.000000,25.000000,5.000000,48003.000000,26600.000000,True,nonmetro,0,75.686277,0,75.686277,0,48.142598
40021,Cherokee,OK,1940228933,Oklahoma,OK,Cherokee,23.000000,24.000000,6.000000,47078.000000,29103.000000,True,nonmetro,0,58.611529,0,58.611529,0,47.313104
40023,Choctaw,OK,1995267309,Oklahoma,OK,Choctaw,,,9.000000,14204.000000,9212.000000,False,nonmetro,0,84.688827,0,84.688827,0,60.709862
40025,Cimarron,OK,4752131817,Oklahoma,OK,Cimarron,,,9.000000,2296.000000,2296.000000,False,nonmetro,0,110.915301,0,110.915301,0,110.915301
40027,Cleveland,OK,1395746346,Oklahoma,OK,Cleveland,97.000000,102.000000,1.000000,295528.000000,46442.000000,True,metro,0,14.833296,0,14.833296,1,6.297201
40029,Coal,OK,1338430448,Oklahoma,OK,Coal,,,9.000000,5266.000000,5266.000000,False,nonmetro,0,92.902393,0,92.902393,0,56.944942
40031,Comanche,OK,2769531008,Oklahoma,OK,Comanche,39.000000,45.000000,3.000000,121125.000000,33661.000000,True,metro,0,77.115566,0,77.115566,0,68.945224
40033,Cotton,OK,1638527162,Oklahoma,OK,Cotton,,,3.000000,5527.000000,5527.000000,False,metro,0,92.217368,0,92.217368,0,80.751110
40035,Craig,OK,1971642557,Oklahoma,OK,Craig,,,6.000000,14107.000000,9039.000000,False,nonmetro,0,59.275524,0,59.275524,0,59.275524
40037,Creek,OK,2460339013,Oklahoma,OK,Creek,45.000000,46.000000,1.000000,71754.000000,44828.000000,True,metro,0,19.173384,0,19.173384,0,19.173384
40039,Custer,OK,2560924936,Oklahoma,OK,Custer,13.000000,14.000000,5.000000,28513.000000,8415.000000,True,nonmetro,0,74.103043,0,74.103043,0,74.103043
40041,Delaware,OK,1910896810,Oklahoma,OK,Delaware,29.000000,29.000000,6.000000,40397.000000,32192.000000,True,nonmetro,0,71.046838,0,71.046838,0,45.997196
40043,Dewey,OK,2589024038,Oklahoma,OK,Dewey,,,9.000000,4484.000000,4484.000000,False,nonmetro,0,96.625934,0,96.625934,0,96.625934
40045,Ellis,OK,3189509979,Oklahoma,OK,Ellis,,,9.000000,3749.000000,3749.000000,False,nonmetro,0,135.407913,0,135.407913,0,135.407913
40047,Garfield,OK,2741521323,Oklahoma,OK,Garfield,28.000000,30.000000,3.000000,62846.000000,12652.000000,True,metro,0,67.600187,0,67.600187,0,67.600187
40049,Garvin,OK,2077537531,Oklahoma,OK,Garvin,16.000000,18.000000,6.000000,25656.000000,20048.000000,True,nonmetro,0,53.045479,0,53.045479,0,36.108302
40051,Grady,OK,2850386659,Oklahoma,OK,Grady,20.000000,22.000000,1.000000,54795.000000,39542.000000,True,metro,0,31.300988,0,31.300988,0,25.717003
40053,Grant,OK,2591904426,Oklahoma,OK,Grant,,,8.000000,4169.000000,4169.000000,False,nonmetro,0,68.806667,0,68.806667,0,68.806667
40055,Greer,OK,1655740225,Oklahoma,OK,Greer,,,9.000000,5491.000000,5491.000000,False,nonmetro,0,116.507455,0,116.507455,0,116.340958
40057,Harmon,OK,1391491971,Oklahoma,OK,Harmon,,,9.000000,2488.000000,2488.000000,False,nonmetro,0,115.413368,0,115.413368,0,115.413368
40059,Harper,OK,2689919591,Oklahoma,OK,Harper,,,9.000000,3272.000000,3272.000000,False,nonmetro,0,144.799538,0,144.799538,0,134.469900
40061,Haskell,OK,1493711222,Oklahoma,OK,Haskell,,,8.000000,11561.000000,11561.000000,False,nonmetro,0,80.098951,0,80.098951,0,75.462848
40063,Hughes,OK,2083569822,Oklahoma,OK,Hughes,,,9.000000,13367.000000,9103.000000,False,nonmetro,0,70.408989,0,70.408989,0,62.896102
40065,Jackson,OK,2078860507,Oklahoma,OK,Jackson,11.000000,11.000000,7.000000,24785.000000,5915.000000,True,nonmetro,0,116.934648,0,116.934648,0,114.071665
40067,Jefferson,OK,1965685986,Oklahoma,OK,Jefferson,,,8.000000,5337.000000,5337.000000,False,nonmetro,0,91.932383,0,91.932383,0,76.413532
40069,Johnston,OK,1665488606,Oklahoma,OK,Johnston,,,9.000000,10272.000000,10272.000000,False,nonmetro,0,73.923994,0,73.923994,0,36.277866
40071,Kay,OK,2381745586,Oklahoma,OK,Kay,19.000000,24.000000,4.000000,43700.000000,13584.000000,True,nonmetro,0,66.776647,0,66.776647,0,66.776647
40073,Kingfisher,OK,2326010568,Oklahoma,OK,Kingfisher,,,8.000000,15184.000000,15184.000000,False,nonmetro,0,38.249635,0,38.249635,0,38.249635
40075,Kiowa,OK,2629039886,Oklahoma,OK,Kiowa,,,8.000000,8509.000000,8509.000000,False,nonmetro,0,92.688535,0,92.688535,0,91.610981
40077,Latimer,OK,1870243094,Oklahoma,OK,Latimer,,,9.000000,9444.000000,9444.000000,False,nonmetro,0,97.348136,0,97.348136,0,95.862426
40079,Le Flore,OK,4116554962,Oklahoma,OK,Le Flore,31.000000,29.000000,6.000000,48129.000000,38492.000000,True,nonmetro,0,107.557903,0,107.557903,0,74.168529
40081,Lincoln,OK,2466633022,Oklahoma,OK,Lincoln,18.000000,19.000000,1.000000,33458.000000,33458.000000,True,metro,0,38.035086,0,38.035086,0,38.035086
40083,Logan,OK,1926268079,Oklahoma,OK,Logan,23.000000,23.000000,1.000000,49555.000000,30703.000000,True,metro,0,25.256299,0,25.256299,0,25.256299
40085,Love,OK,1331030675,Oklahoma,OK,Love,,,9.000000,10146.000000,10146.000000,False,nonmetro,0,59.583125,0,59.583125,0,38.168600
40087,McClain,OK,1478150668,Oklahoma,OK,McClain,21.000000,20.000000,1.000000,41662.000000,36255.000000,True,metro,0,25.850648,0,25.850648,0,13.211203
40089,McCurtain,OK,4793464447,Oklahoma,OK,McCurtain,19.000000,25.000000,7.000000,30814.000000,25291.000000,True,nonmetro,0,103.425860,0,103.425860,0,98.181212
40091,McIntosh,OK,1601354473,Oklahoma,OK,McIntosh,14.000000,18.000000,8.000000,18941.000000,18941.000000,True,nonmetro,0,58.183296,0,58.183296,0,58.183296
40093,Major,OK,2473438554,Oklahoma,OK,Major,,,8.000000,7782.000000,7782.000000,False,nonmetro,0,77.444293,0,77.444293,0,77.444293
40095,Marshall,OK,962153982,Oklahoma,OK,Marshall,,,9.000000,15312.000000,15312.000000,False,nonmetro,0,57.274890,0,57.274890,0,22.081099
40097,Mayes,OK,1697465421,Oklahoma,OK,Mayes,25.000000,25.000000,6.000000,39046.000000,29610.000000,True,nonmetro,0,43.279267,0,43.279267,0,43.279267
40099,Murray,OK,1078405801,Oklahoma,OK,Murray,,,9.000000,13904.000000,9057.000000,False,nonmetro,0,71.985362,0,71.985362,0,54.782744
40101,Muskogee,OK,2099505291,Oklahoma,OK,Muskogee,44.000000,46.000000,4.000000,66339.000000,30541.000000,True,nonmetro,0,46.766519,0,46.766519,0,46.766519
40103,Noble,OK,1895123227,Oklahoma,OK,Noble,,,8.000000,10924.000000,6479.000000,False,nonmetro,0,59.860927,0,59.860927,0,59.860927
40105,Nowata,OK,1465460408,Oklahoma,OK,Nowata,,,8.000000,9320.000000,8645.000000,False,nonmetro,0,47.410481,0,47.410481,0,47.410481
40107,Okfuskee,OK,1601799648,Oklahoma,OK,Okfuskee,11.000000,,8.000000,11310.000000,11310.000000,True,nonmetro,0,52.916075,0,52.916075,0,52.916075
40109,Oklahoma,OK,1836035445,Oklahoma,OK,Oklahoma,334.000000,347.000000,1.000000,796292.000000,60449.000000,True,metro,9,8.325577,9,8.325577,17,8.325577
40111,Okmulgee,OK,1806369917,Oklahoma,OK,Okmulgee,20.000000,21.000000,1.000000,36706.000000,19483.000000,True,metro,0,37.241617,0,37.241617,0,37.241617
40113,Osage,OK,5818687717,Oklahoma,OK,Osage,18.000000,16.000000,1.000000,45818.000000,33476.000000,True,metro,0,23.786931,0,23.786931,0,23.786931
40115,Ottawa,OK,1219410534,Oklahoma,OK,Ottawa,23.000000,24.000000,6.000000,30285.000000,14937.000000,True,nonmetro,0,79.847165,0,79.847165,0,66.696813
40117,Pawnee,OK,1472027960,Oklahoma,OK,Pawnee,11.000000,12.000000,1.000000,15553.000000,15553.000000,True,metro,0,31.620449,0,31.620449,0,31.620449
40119,Payne,OK,1773885850,Oklahoma,OK,Payne,30.000000,30.000000,4.000000,81646.000000,26814.000000,True,nonmetro,0,49.913692,0,49.913692,0,49.913692
40121,Pittsburg,OK,3381286065,Oklahoma,OK,Pittsburg,26.000000,28.000000,7.000000,43773.000000,24231.000000,True,nonmetro,0,84.469771,0,84.469771,0,83.331155
40123,Pontotoc,OK,1865856327,Oklahoma,OK,Pontotoc,19.000000,18.000000,7.000000,38065.000000,20801.000000,True,nonmetro,0,67.699276,0,67.699276,0,53.447432
40125,Pottawatomie,OK,2040375639,Oklahoma,OK,Pottawatomie,42.000000,46.000000,4.000000,72454.000000,38209.000000,True,nonmetro,0,33.786956,0,33.786956,0,28.981093
40127,Pushmataha,OK,3614424074,Oklahoma,OK,Pushmataha,,,9.000000,10812.000000,10812.000000,False,nonmetro,0,100.105915,0,100.105915,0,72.388620
40129,Roger Mills,OK,2955524813,Oklahoma,OK,Roger Mills,,,9.000000,3442.000000,3442.000000,False,nonmetro,0,120.979847,0,120.979847,0,120.979847
40131,Rogers,OK,1750176503,Oklahoma,OK,Rogers,45.000000,37.000000,1.000000,95240.000000,52227.000000,True,metro,0,22.789972,0,22.789972,0,22.789972
40133,Seminole,OK,1639028938,Oklahoma,OK,Seminole,13.000000,16.000000,7.000000,23556.000000,17273.000000,True,nonmetro,0,54.007693,0,54.007693,0,46.265046
40135,Sequoyah,OK,1744515638,Oklahoma,OK,Sequoyah,25.000000,26.000000,3.000000,39281.000000,31768.000000,True,metro,0,85.338141,0,85.338141,0,52.991950
40137,Stephens,OK,2253830200,Oklahoma,OK,Stephens,27.000000,29.000000,4.000000,42848.000000,22495.000000,True,nonmetro,0,70.066972,0,70.066972,0,56.676811
40139,Texas,OK,5286873570,Oklahoma,OK,Texas,,,7.000000,21384.000000,8868.000000,False,nonmetro,0,105.423216,0,105.423216,0,105.423216
40141,Tillman,OK,2256226948,Oklahoma,OK,Tillman,,,8.000000,6968.000000,6968.000000,False,nonmetro,0,111.770580,0,111.770580,0,104.851007
40143,Tulsa,OK,1476854490,Oklahoma,OK,Tulsa,334.000000,324.000000,1.000000,669279.000000,34354.000000,True,metro,8,8.781807,7,8.781807,14,8.781807
40145,Wagoner,OK,1455356144,Oklahoma,OK,Wagoner,33.000000,35.000000,1.000000,80981.000000,29473.000000,True,metro,0,22.813906,0,22.813906,0,22.813906
40147,Washington,OK,1076201527,Oklahoma,OK,Washington,26.000000,24.000000,4.000000,52455.000000,13056.000000,True,nonmetro,0,39.845948,0,39.845948,0,39.845948
40149,Washita,OK,2597989577,Oklahoma,OK,Washita,,,9.000000,10924.000000,10924.000000,False,nonmetro,0,87.332391,0,87.332391,0,87.332391
40151,Woods,OK,3331971784,Oklahoma,OK,Woods,,,7.000000,8624.000000,3479.000000,False,nonmetro,0,98.026487,0,98.026487,0,97.714237
40153,Woodward,OK,3218801191,Oklahoma,OK,Woodward,,,7.000000,20470.000000,9012.000000,False,nonmetro,0,123.606214,0,123.606214,0,123.606214
41001,Baker,OR,7945996788,Oregon,OR,Baker,16.000000,13.000000,7.000000,16668.000000,6900.000000,True,nonmetro,0,112.070654,0,112.070654,0,112.070654
41003,Benton,OR,1748712468,Oregon,OR,Benton,47.000000,46.000000,3.000000,95184.000000,18471.000000,True,metro,0,38.735209,0,38.735209,0,38.735209
41005,Clackamas,OR,4845019827,Oregon,OR,Clackamas,258.000000,265.000000,1.000000,421401.000000,72100.000000,True,metro,0,13.535499,0,13.535499,1,7.476926
41007,Clatsop,OR,2144846710,Oregon,OR,Clatsop,26.000000,26.000000,4.000000,41072.000000,16064.000000,True,nonmetro,0,69.087583,0,69.087583,0,65.388298
41009,Columbia,OR,1705984341,Oregon,OR,Columbia,32.000000,28.000000,1.000000,52589.000000,21679.000000,True,metro,0,28.440585,0,28.440585,0,22.060526
41011,Coos,OR,4133788140,Oregon,OR,Coos,52.000000,48.000000,5.000000,64929.000000,24764.000000,True,nonmetro,0,79.605129,0,79.605129,0,79.605129
41013,Crook,OR,7715390857,Oregon,OR,Crook,15.000000,18.000000,3.000000,24738.000000,12331.000000,True,metro,0,109.285245,0,109.285245,0,109.285245
41015,Curry,OR,4217489863,Oregon,OR,Curry,22.000000,23.000000,7.000000,23446.000000,12152.000000,True,nonmetro,0,134.960861,0,134.960861,0,134.960861
41017,Deschutes,OR,7815593157,Oregon,OR,Deschutes,108.000000,102.000000,3.000000,198253.000000,57972.000000,True,metro,0,85.890691,0,85.890691,0,85.890691
41019,Douglas,OR,13042430333,Oregon,OR,Douglas,94.000000,91.000000,4.000000,111201.000000,44902.000000,True,nonmetro,0,60.008330,0,60.008330,0,60.008330
41021,Gilliam,OR,3120213943,Oregon,OR,Gilliam,,,9.000000,1995.000000,1995.000000,False,nonmetro,0,120.194976,0,120.194976,0,115.115012
41023,Grant,OR,11726925905,Oregon,OR,Grant,,,9.000000,7233.000000,7233.000000,False,nonmetro,0,150.818894,0,150.818894,0,150.818894
41025,Harney,OR,26248072905,Oregon,OR,Harney,,,9.000000,7495.000000,3326.000000,False,nonmetro,0,139.660425,0,139.660425,0,139.660425
41027,Hood River,OR,1352200146,Oregon,OR,Hood River,12.000000,11.000000,6.000000,23977.000000,12419.000000,True,nonmetro,0,54.584174,0,54.584174,0,51.693177
41029,Jackson,OR,7208590231,Oregon,OR,Jackson,144.000000,142.000000,3.000000,223259.000000,45981.000000,True,metro,0,115.158273,0,115.158273,0,115.158273
41031,Jefferson,OR,4614583047,Oregon,OR,Jefferson,14.000000,15.000000,3.000000,24502.000000,16415.000000,True,metro,0,94.387065,0,94.387065,0,87.761163
41033,Josephine,OR,4244080762,Oregon,OR,Josephine,71.000000,67.000000,3.000000,88090.000000,38004.000000,True,metro,0,113.967856,0,113.967856,0,113.967856
41035,Klamath,OR,15410368803,Oregon,OR,Klamath,51.000000,48.000000,5.000000,69413.000000,26205.000000,True,nonmetro,0,115.426280,0,115.426280,0,115.426280
41037,Lake,OR,21078901111,Oregon,OR,Lake,,,9.000000,8160.000000,8160.000000,False,nonmetro,0,146.637420,0,146.637420,0,146.637420
41039,Lane,OR,11795042046,Oregon,OR,Lane,231.000000,231.000000,2.000000,382971.000000,69053.000000,True,metro,1,9.407078,1,9.407078,1,9.407078
41041,Lincoln,OR,2540730649,Oregon,OR,Lincoln,58.000000,50.000000,5.000000,50395.000000,19150.000000,True,nonmetro,0,66.080497,0,66.080497,0,66.080497
41043,Linn,OR,5929198839,Oregon,OR,Linn,110.000000,112.000000,3.000000,128610.000000,44043.000000,True,metro,0,36.315648,0,36.315648,0,35.931886
41045,Malheur,OR,25609051307,Oregon,OR,Malheur,17.000000,19.000000,6.000000,31571.000000,18586.000000,True,nonmetro,0,49.841836,0,49.841836,0,49.841836
41047,Marion,OR,3059028016,Oregon,OR,Marion,192.000000,182.000000,2.000000,345920.000000,53110.000000,True,metro,0,41.298585,0,41.298585,0,36.409621
41049,Morrow,OR,5259046087,Oregon,OR,Morrow,,,8.000000,12186.000000,12186.000000,False,nonmetro,0,149.169848,0,149.169848,0,120.995595
41051,Multnomah,OR,1116697857,Oregon,OR,Multnomah,379.000000,377.000000,1.000000,815428.000000,10451.000000,True,metro,10,5.818501,9,5.818501,22,5.205287
41053,Polk,OR,1918983379,Oregon,OR,Polk,54.000000,44.000000,2.000000,87433.000000,17841.000000,True,metro,0,49.219984,0,49.219984,0,46.015042
41055,Sherman,OR,2133151635,Oregon,OR,Sherman,,,9.000000,1870.000000,1870.000000,False,nonmetro,0,94.628213,0,94.628213,0,89.922373
41057,Tillamook,OR,2855123461,Oregon,OR,Tillamook,25.000000,27.000000,7.000000,27390.000000,16614.000000,True,nonmetro,0,58.259222,0,58.259222,0,58.176288
41059,Umatilla,OR,8327972955,Oregon,OR,Umatilla,33.000000,37.000000,4.000000,80075.000000,25414.000000,True,nonmetro,0,162.628685,0,162.628685,0,128.110905
41061,Union,OR,5275651490,Oregon,OR,Union,21.000000,20.000000,7.000000,26196.000000,11242.000000,True,nonmetro,0,148.823826,0,148.823826,0,147.649043
41063,Wallowa,OR,8147835333,Oregon,OR,Wallowa,,,9.000000,7391.000000,7391.000000,False,nonmetro,0,137.586094,0,137.586094,0,136.297178
41065,Wasco,OR,6167113903,Oregon,OR,Wasco,18.000000,16.000000,7.000000,26670.000000,9272.000000,True,nonmetro,0,71.945792,0,71.945792,0,67.588588
41067,Washington,OR,1875855599,Oregon,OR,Washington,235.000000,244.000000,1.000000,600372.000000,32991.000000,True,metro,0,10.763435,0,10.763435,0,10.671305
41069,Wheeler,OR,4444475029,Oregon,OR,Wheeler,,,9.000000,1451.000000,1451.000000,False,nonmetro,0,134.631238,0,134.631238,0,127.233050
41071,Yamhill,OR,1854279942,Oregon,OR,Yamhill,74.000000,62.000000,1.000000,107722.000000,28534.000000,True,metro,0,29.879751,0,29.879751,0,29.677357
42001,Adams,PA,1343400759,Pennsylvania,PA,Adams,45.000000,49.000000,3.000000,103852.000000,65694.000000,True,metro,0,24.628548,0,24.628548,0,20.666816
42003,Allegheny,PA,1890571829,Pennsylvania,PA,Allegheny,629.000000,643.000000,1.000000,1250578.000000,30197.000000,True,metro,26,7.597311,24,7.597311,39,7.517848
42005,Armstrong,PA,1692093647,Pennsylvania,PA,Armstrong,37.000000,38.000000,1.000000,65558.000000,42576.000000,True,metro,0,34.688118,0,34.688118,0,34.570192
42007,Beaver,PA,1125854819,Pennsylvania,PA,Beaver,105.000000,102.000000,1.000000,168215.000000,48650.000000,True,metro,0,23.656898,0,23.656898,1,5.862696
42009,Bedford,PA,2621693106,Pennsylvania,PA,Bedford,28.000000,26.000000,8.000000,47577.000000,43130.000000,True,nonmetro,0,62.816324,0,62.816324,0,32.728426
42011,Berks,PA,2218072312,Pennsylvania,PA,Berks,253.000000,259.000000,2.000000,428849.000000,113880.000000,True,metro,1,7.145428,1,7.145428,2,6.672147
42013,Blair,PA,1360458062,Pennsylvania,PA,Blair,63.000000,65.000000,3.000000,122822.000000,31613.000000,True,metro,0,83.952010,0,83.952010,1,5.829361
42015,Bradford,PA,2971943389,Pennsylvania,PA,Bradford,30.000000,28.000000,6.000000,59967.000000,43763.000000,True,nonmetro,0,84.721810,0,84.721810,1,13.373298
42017,Bucks,PA,1565303838,Pennsylvania,PA,Bucks,321.000000,327.000000,1.000000,646538.000000,66573.000000,True,metro,1,9.020229,0,12.224861,1,7.836362
42019,Butler,PA,2044759924,Pennsylvania,PA,Butler,101.000000,108.000000,1.000000,193763.000000,83916.000000,True,metro,0,27.190175,0,27.190175,0,20.434500
42021,Cambria,PA,1780643391,Pennsylvania,PA,Cambria,66.000000,78.000000,3.000000,133472.000000,61509.000000,True,metro,0,63.505375,0,63.505375,0,23.962173
42023,Cameron,PA,1026239931,Pennsylvania,PA,Cameron,,,9.000000,4547.000000,4547.000000,False,nonmetro,0,101.080270,0,101.080270,0,68.449988
42025,Carbon,PA,987623689,Pennsylvania,PA,Carbon,38.000000,36.000000,2.000000,64749.000000,38150.000000,True,metro,0,22.231597,0,22.231597,0,22.231597
42027,Centre,PA,2871539708,Pennsylvania,PA,Centre,62.000000,66.000000,3.000000,158172.000000,54805.000000,True,metro,0,73.355634,0,73.355634,0,35.499372
42029,Chester,PA,1943905797,Pennsylvania,PA,Chester,284.000000,275.000000,1.000000,534413.000000,103207.000000,True,metro,0,17.405229,0,17.405229,0,14.589362
42031,Clarion,PA,1556156259,Pennsylvania,PA,Clarion,22.000000,21.000000,6.000000,37241.000000,31579.000000,True,nonmetro,0,59.427203,0,59.427203,0,56.488045
42033,Clearfield,PA,2966379119,Pennsylvania,PA,Clearfield,37.000000,36.000000,4.000000,80562.000000,49392.000000,True,nonmetro,0,86.834021,0,86.834021,0,34.457520
42035,Clinton,PA,2299868386,Pennsylvania,PA,Clinton,13.000000,14.000000,6.000000,37450.000000,17940.000000,True,nonmetro,0,72.437533,0,72.437533,0,45.188442
42037,Columbia,PA,1251512004,Pennsylvania,PA,Columbia,30.000000,32.000000,4.000000,64727.000000,28950.000000,True,nonmetro,0,52.075268,0,52.075268,0,13.646632
42039,Crawford,PA,2621988043,Pennsylvania,PA,Crawford,55.000000,61.000000,4.000000,83938.000000,55221.000000,True,nonmetro,0,79.361930,0,79.361930,0,33.887581
42041,Cumberland,PA,1412785599,Pennsylvania,PA,Cumberland,121.000000,123.000000,2.000000,259469.000000,54194.000000,True,metro,0,23.297982,0,23.297982,2,8.437064
42043,Dauphin,PA,1359407363,Pennsylvania,PA,Dauphin,126.000000,121.000000,2.000000,286401.000000,42463.000000,True,metro,3,9.562601,3,9.562601,9,5.127647
42045,Delaware,PA,476078155,Pennsylvania,PA,Delaware,315.000000,322.000000,1.000000,576830.000000,4527.000000,True,metro,0,9.137347,0,9.137347,1,4.258604
42047,Elk,PA,2141664734,Pennsylvania,PA,Elk,15.000000,14.000000,7.000000,30990.000000,17329.000000,True,nonmetro,0,97.706683,0,97.706683,0,63.198114
42049,Erie,PA,2069174742,Pennsylvania,PA,Erie,136.000000,130.000000,2.000000,270876.000000,64963.000000,True,metro,0,80.707299,0,80.707299,2,7.563312
42051,Fayette,PA,2048054606,Pennsylvania,PA,Fayette,81.000000,66.000000,1.000000,128804.000000,70978.000000,True,metro,0,25.275712,0,25.275712,1,13.171994
42053,Forest,PA,1106595595,Pennsylvania,PA,Forest,,,9.000000,6973.000000,6973.000000,False,nonmetro,0,83.111573,0,83.111573,0,60.291848
42055,Franklin,PA,2000245527,Pennsylvania,PA,Franklin,64.000000,66.000000,3.000000,155932.000000,69361.000000,True,metro,0,47.642545,0,47.642545,1,8.292292
42057,Fulton,PA,1133252795,Pennsylvania,PA,Fulton,,10.000000,8.000000,14556.000000,14556.000000,False,nonmetro,0,50.935896,0,50.935896,0,23.275222
42059,Greene,PA,1491658046,Pennsylvania,PA,Greene,23.000000,24.000000,6.000000,35954.000000,27200.000000,True,nonmetro,0,20.014034,0,20.014034,0,16.894537
42061,Huntingdon,PA,2265337347,Pennsylvania,PA,Huntingdon,24.000000,29.000000,6.000000,44092.000000,32781.000000,True,nonmetro,0,71.808973,0,71.808973,0,21.775394
42063,Indiana,PA,2142965919,Pennsylvania,PA,Indiana,49.000000,45.000000,4.000000,83246.000000,49816.000000,True,nonmetro,0,47.539655,0,47.539655,0,38.385414
42065,Jefferson,PA,1689799787,Pennsylvania,PA,Jefferson,24.000000,27.000000,7.000000,44492.000000,32688.000000,True,nonmetro,0,70.286913,0,70.286913,0,49.671628
42067,Juniata,PA,1013697487,Pennsylvania,PA,Juniata,11.000000,13.000000,8.000000,23509.000000,23509.000000,True,nonmetro,0,41.438290,0,41.438290,0,14.490626
42069,Lackawanna,PA,1188837920,Pennsylvania,PA,Lackawanna,94.000000,96.000000,2.000000,215896.000000,37896.000000,True,metro,0,58.004546,0,58.004546,0,48.892531
42071,Lancaster,PA,2444751632,Pennsylvania,PA,Lancaster,360.000000,381.000000,2.000000,552984.000000,154147.000000,True,metro,1,7.777250,1,7.777250,4,7.777250
42073,Lawrence,PA,925571230,Pennsylvania,PA,Lawrence,54.000000,49.000000,1.000000,86070.000000,36511.000000,True,metro,0,41.865543,0,41.865543,0,20.491064
42075,Lebanon,PA,937148912,Pennsylvania,PA,Lebanon,96.000000,98.000000,3.000000,143257.000000,36367.000000,True,metro,0,11.452789,0,11.452789,0,11.452789
42077,Lehigh,PA,894405982,Pennsylvania,PA,Lehigh,154.000000,155.000000,2.000000,374557.000000,36961.000000,True,metro,1,4.274562,1,4.274562,2,4.274562
42079,Luzerne,PA,2304216457,Pennsylvania,PA,Luzerne,140.000000,153.000000,2.000000,325594.000000,72355.000000,True,metro,0,47.220853,0,47.220853,0,39.675554
42081,Lycoming,PA,3182886778,Pennsylvania,PA,Lycoming,54.000000,45.000000,3.000000,114188.000000,46176.000000,True,metro,0,69.203466,0,69.203466,0,28.260658
42083,McKean,PA,2537395850,Pennsylvania,PA,McKean,21.000000,22.000000,7.000000,40432.000000,29269.000000,True,nonmetro,0,72.623964,0,72.623964,0,60.580950
42085,Mercer,PA,1741819732,Pennsylvania,PA,Mercer,70.000000,70.000000,4.000000,110652.000000,53051.000000,True,nonmetro,0,56.936924,0,56.936924,0,40.022164
42087,Mifflin,PA,1064602254,Pennsylvania,PA,Mifflin,32.000000,29.000000,4.000000,46143.000000,25144.000000,True,nonmetro,0,55.695359,0,55.695359,0,27.156691
42089,Monroe,PA,1575636945,Pennsylvania,PA,Monroe,67.000000,66.000000,4.000000,168327.000000,95543.000000,True,nonmetro,0,29.428717,0,29.428717,0,29.428717
42091,Montgomery,PA,1250887844,Pennsylvania,PA,Montgomery,530.000000,548.000000,1.000000,856553.000000,28579.000000,True,metro,4,10.893081,4,10.893081,8,8.748680
42093,Montour,PA,337322557,Pennsylvania,PA,Montour,10.000000,,6.000000,18136.000000,9845.000000,True,nonmetro,0,49.158011,0,49.158011,3,2.896468
42095,Northampton,PA,957745652,Pennsylvania,PA,Northampton,129.000000,127.000000,2.000000,312951.000000,52757.000000,True,metro,1,7.369012,1,7.369012,3,7.369012
42097,Northumberland,PA,1185344304,Pennsylvania,PA,Northumberland,42.000000,50.000000,4.000000,91647.000000,32314.000000,True,nonmetro,0,41.382208,0,41.382208,0,12.437806
42099,Perry,PA,1428247558,Pennsylvania,PA,Perry,21.000000,21.000000,2.000000,45842.000000,42870.000000,True,metro,0,28.373776,0,28.373776,1,7.797446
42101,Philadelphia,PA,347981634,Pennsylvania,PA,Philadelphia,700.000000,749.000000,1.000000,1603797.000000,0.000000,True,metro,24,3.456476,24,3.456476,45,3.291197
42103,Pike,PA,1411272636,Pennsylvania,PA,Pike,24.000000,23.000000,6.000000,58535.000000,51062.000000,True,nonmetro,0,45.604864,0,45.604864,0,44.640406
42105,Potter,PA,2800422768,Pennsylvania,PA,Potter,11.000000,13.000000,9.000000,16396.000000,16396.000000,True,nonmetro,0,87.369647,0,87.369647,0,72.579722
42107,Schuylkill,PA,2016509909,Pennsylvania,PA,Schuylkill,77.000000,79.000000,4.000000,143049.000000,67326.000000,True,nonmetro,0,28.529231,0,28.529231,0,24.843974
42109,Snyder,PA,851547199,Pennsylvania,PA,Snyder,12.000000,14.000000,7.000000,39736.000000,27953.000000,True,nonmetro,0,39.341927,0,39.341927,0,18.730567
42111,Somerset,PA,2784357763,Pennsylvania,PA,Somerset,46.000000,49.000000,6.000000,74129.000000,57522.000000,True,nonmetro,0,54.766923,0,54.766923,0,38.744841
42113,Sullivan,PA,1165337409,Pennsylvania,PA,Sullivan,,,8.000000,5840.000000,5840.000000,False,nonmetro,0,78.588671,0,78.588671,0,32.159484
42115,Susquehanna,PA,2132849539,Pennsylvania,PA,Susquehanna,22.000000,24.000000,8.000000,38434.000000,38434.000000,True,nonmetro,0,79.941554,0,79.941554,0,23.926121
42117,Tioga,PA,2936540901,Pennsylvania,PA,Tioga,20.000000,18.000000,8.000000,41045.000000,41045.000000,True,nonmetro,0,93.606962,0,93.606962,0,38.400550
42119,Union,PA,818313044,Pennsylvania,PA,Union,15.000000,15.000000,6.000000,42681.000000,26975.000000,True,nonmetro,0,50.221167,0,50.221167,0,18.474406
42121,Venango,PA,1746337768,Pennsylvania,PA,Venango,34.000000,34.000000,4.000000,50454.000000,28288.000000,True,nonmetro,0,67.819246,0,67.819246,0,50.316696
42123,Warren,PA,2290280119,Pennsylvania,PA,Warren,24.000000,23.000000,6.000000,38587.000000,23919.000000,True,nonmetro,0,74.011079,0,74.011079,0,37.475852
42125,Washington,PA,2219644652,Pennsylvania,PA,Washington,115.000000,125.000000,1.000000,209349.000000,67690.000000,True,metro,0,19.788570,0,19.788570,0,19.034210
42127,Wayne,PA,1879734030,Pennsylvania,PA,Wayne,29.000000,29.000000,6.000000,51155.000000,44104.000000,True,nonmetro,0,63.158123,0,63.158123,0,50.355795
42129,Westmoreland,PA,2661762744,Pennsylvania,PA,Westmoreland,233.000000,224.000000,1.000000,354663.000000,93924.000000,True,metro,0,24.173497,0,24.173497,0,23.704786
42131,Wyoming,PA,1029198657,Pennsylvania,PA,Wyoming,11.000000,11.000000,2.000000,26069.000000,24850.000000,True,metro,0,68.557303,0,68.557303,0,39.610006
42133,York,PA,2342295972,Pennsylvania,PA,York,239.000000,246.000000,2.000000,456438.000000,129887.000000,True,metro,1,8.731455,1,8.731455,3,8.022670
44001,Bristol,RI,62500772,Rhode Island,RI,Bristol,21.000000,20.000000,1.000000,50793.000000,574.000000,True,metro,0,10.186532,0,10.186532,0,6.050404
44003,Kent,RI,436584631,Rhode Island,RI,Kent,75.000000,74.000000,1.000000,170363.000000,12350.000000,True,metro,0,10.081875,0,10.081875,2,4.941386
44005,Newport,RI,265293780,Rhode Island,RI,Newport,41.000000,38.000000,1.000000,85643.000000,7282.000000,True,metro,0,20.903227,0,20.903227,0,11.487532
44007,Providence,RI,1060552463,Rhode Island,RI,Providence,237.000000,240.000000,1.000000,660741.000000,34315.000000,True,metro,8,5.295065,8,5.295065,11,5.240753
44009,Washington,RI,852827573,Rhode Island,RI,Washington,52.000000,53.000000,1.000000,129839.000000,43667.000000,True,metro,0,26.803412,0,26.803412,0,18.988402
45001,Abbeville,SC,1272184102,South Carolina,SC,Abbeville,15.000000,18.000000,6.000000,24295.000000,19188.000000,True,nonmetro,0,23.337771,0,23.337771,0,23.337771
45003,Aiken,SC,2773070087,South Carolina,SC,Aiken,88.000000,89.000000,2.000000,168808.000000,62492.000000,True,metro,0,13.229439,0,13.229439,0,13.159650
45005,Allendale,SC,1056960693,South Carolina,SC,Allendale,,,8.000000,8039.000000,8039.000000,False,nonmetro,0,51.313697,0,51.313697,0,51.313697
45007,Anderson,SC,1848872592,South Carolina,SC,Anderson,121.000000,116.000000,2.000000,203718.000000,84862.000000,True,metro,1,7.531507,1,7.531507,1,7.506655
45009,Bamberg,SC,1018815104,South Carolina,SC,Bamberg,,,9.000000,13311.000000,13311.000000,False,nonmetro,0,50.262241,0,50.262241,0,48.947278
45011,Barnwell,SC,1420294945,South Carolina,SC,Barnwell,16.000000,15.000000,8.000000,20589.000000,20589.000000,True,nonmetro,0,38.013021,0,38.013021,0,38.013021
45013,Beaufort,SC,1491928837,South Carolina,SC,Beaufort,115.000000,112.000000,3.000000,187117.000000,34806.000000,True,metro,0,59.240577,0,59.240577,0,25.016769
45015,Berkeley,SC,2858362692,South Carolina,SC,Berkeley,109.000000,104.000000,2.000000,229861.000000,50730.000000,True,metro,0,20.991377,0,20.991377,0,9.106873
45017,Calhoun,SC,987179024,South Carolina,SC,Calhoun,11.000000,11.000000,2.000000,14119.000000,14119.000000,True,metro,0,25.785176,0,25.785176,0,25.785176
45019,Charleston,SC,2377554566,South Carolina,SC,Charleston,188.000000,188.000000,2.000000,408235.000000,36986.000000,True,metro,22,8.558029,22,8.558029,32,7.069350
45021,Cherokee,SC,1017770812,South Carolina,SC,Cherokee,35.000000,28.000000,6.000000,56216.000000,37174.000000,True,nonmetro,0,42.141597,0,42.141597,0,33.526494
45023,Chester,SC,1503905790,South Carolina,SC,Chester,24.000000,27.000000,1.000000,32294.000000,23683.000000,True,metro,0,39.611917,0,39.611917,0,39.611917
45025,Chesterfield,SC,2069364013,South Carolina,SC,Chesterfield,38.000000,38.000000,6.000000,43273.000000,35989.000000,True,nonmetro,0,38.317800,0,38.317800,0,38.317800
45027,Clarendon,SC,1572656992,South Carolina,SC,Clarendon,28.000000,30.000000,8.000000,31144.000000,26622.000000,True,nonmetro,0,42.214825,0,42.214825,0,39.689163
45029,Colleton,SC,2736331638,South Carolina,SC,Colleton,33.000000,35.000000,6.000000,38604.000000,29375.000000,True,nonmetro,0,43.076232,0,43.076232,0,32.476264
45031,Darlington,SC,1451917179,South Carolina,SC,Darlington,87.000000,91.000000,3.000000,62905.000000,35928.000000,True,metro,0,16.328015,0,16.328015,0,16.328015
45033,Dillon,SC,1049117525,South Carolina,SC,Dillon,27.000000,26.000000,6.000000,28292.000000,19808.000000,True,nonmetro,0,27.006832,0,27.006832,0,27.006832
45035,Dorchester,SC,1472652734,South Carolina,SC,Dorchester,71.000000,72.000000,2.000000,161540.000000,23776.000000,True,metro,0,22.304457,0,22.304457,0,7.389228
45037,Edgefield,SC,1296833562,South Carolina,SC,Edgefield,14.000000,15.000000,2.000000,25657.000000,22574.000000,True,metro,0,17.439299,0,17.439299,0,17.439299
45039,Fairfield,SC,1777521260,South Carolina,SC,Fairfield,16.000000,15.000000,2.000000,20948.000000,16189.000000,True,metro,0,25.873264,0,25.873264,0,25.783920
45041,Florence,SC,2073299557,South Carolina,SC,Florence,129.000000,128.000000,3.000000,137059.000000,53739.000000,True,metro,1,8.544729,1,8.544729,1,8.544729
45043,Georgetown,SC,2107246447,South Carolina,SC,Georgetown,50.000000,53.000000,4.000000,63404.000000,26748.000000,True,nonmetro,0,56.251511,0,56.251511,0,44.131241
45045,Greenville,SC,2035557951,South Carolina,SC,Greenville,250.000000,247.000000,2.000000,525534.000000,62518.000000,True,metro,5,7.727800,5,7.727800,12,4.775765
45047,Greenwood,SC,1180009081,South Carolina,SC,Greenwood,47.000000,51.000000,4.000000,69351.000000,27520.000000,True,nonmetro,0,35.328315,0,35.328315,0,35.328315
45049,Hampton,SC,1450327687,South Carolina,SC,Hampton,13.000000,13.000000,8.000000,18561.000000,18561.000000,True,nonmetro,0,64.700443,0,64.700443,0,50.034328
45051,Horry,SC,2935248129,South Carolina,SC,Horry,286.000000,273.000000,2.000000,351029.000000,85735.000000,True,metro,0,53.356163,0,53.356163,2,21.127215
45053,Jasper,SC,1696857613,South Carolina,SC,Jasper,19.000000,15.000000,3.000000,28791.000000,25667.000000,True,metro,0,67.669093,0,67.669093,0,23.317912
45055,Kershaw,SC,1881916535,South Carolina,SC,Kershaw,37.000000,36.000000,2.000000,65403.000000,34541.000000,True,metro,0,28.060599,0,28.060599,0,28.060599
45057,Lancaster,SC,1422080346,South Carolina,SC,Lancaster,59.000000,59.000000,1.000000,96016.000000,36425.000000,True,metro,0,29.559209,0,29.559209,0,29.559209
45059,Laurens,SC,1846324508,South Carolina,SC,Laurens,47.000000,47.000000,2.000000,67539.000000,43239.000000,True,metro,0,31.017688,0,31.017688,0,24.926159
45061,Lee,SC,1062372306,South Carolina,SC,Lee,15.000000,14.000000,8.000000,16531.000000,16531.000000,True,nonmetro,0,29.219347,0,29.219347,0,29.219347
45063,Lexington,SC,1810397035,South Carolina,SC,Lexington,143.000000,147.000000,2.000000,293991.000000,73952.000000,True,metro,0,12.505992,0,12.505992,2,10.632310
45065,McCormick,SC,929457509,South Carolina,SC,McCormick,,,8.000000,9526.000000,9526.000000,False,nonmetro,0,33.859582,0,33.859582,0,33.859582
45067,Marion,SC,1267466476,South Carolina,SC,Marion,25.000000,27.000000,6.000000,29183.000000,17250.000000,True,nonmetro,0,24.814825,0,24.814825,0,24.814825
45069,Marlboro,SC,1242867261,South Carolina,SC,Marlboro,29.000000,24.000000,6.000000,26667.000000,17396.000000,True,nonmetro,0,31.326087,0,31.326087,0,31.326087
45071,Newberry,SC,1632452022,South Carolina,SC,Newberry,19.000000,27.000000,6.000000,37719.000000,25377.000000,True,nonmetro,0,36.114108,0,36.114108,0,34.340448
45073,Oconee,SC,1622773470,South Carolina,SC,Oconee,65.000000,62.000000,4.000000,78607.000000,50110.000000,True,nonmetro,0,24.906605,0,24.906605,0,24.906605
45075,Orangeburg,SC,2865498667,South Carolina,SC,Orangeburg,71.000000,71.000000,4.000000,84223.000000,55151.000000,True,nonmetro,0,39.139878,0,39.139878,0,35.723159
45077,Pickens,SC,1287069061,South Carolina,SC,Pickens,70.000000,69.000000,2.000000,131404.000000,49354.000000,True,metro,0,15.058708,0,15.058708,0,15.058708
45079,Richland,SC,1961343401,South Carolina,SC,Richland,163.000000,162.000000,2.000000,416147.000000,35615.000000,True,metro,7,8.416726,7,8.416726,14,8.211170
45081,Saluda,SC,1172525912,South Carolina,SC,Saluda,15.000000,15.000000,2.000000,18862.000000,18592.000000,True,metro,0,35.530116,0,35.530116,0,34.633242
45083,Spartanburg,SC,2093676309,South Carolina,SC,Spartanburg,191.000000,179.000000,2.000000,327997.000000,96809.000000,True,metro,0,24.140817,0,24.140817,0,14.198396
45085,Sumter,SC,1722544862,South Carolina,SC,Sumter,69.000000,71.000000,3.000000,105556.000000,36731.000000,True,metro,0,35.839509,0,35.839509,0,35.839509
45087,Union,SC,1330180037,South Carolina,SC,Union,24.000000,21.000000,2.000000,27244.000000,17515.000000,True,metro,0,44.166810,0,44.166810,0,37.046930
45089,Williamsburg,SC,2419477521,South Carolina,SC,Williamsburg,31.000000,30.000000,6.000000,31026.000000,25776.000000,True,nonmetro,0,38.671046,0,38.671046,0,37.597464
45091,York,SC,1763868718,South Carolina,SC,York,124.000000,127.000000,1.000000,282090.000000,63938.000000,True,metro,0,20.563202,0,20.563202,0,20.563202
46003,Aurora,SD,1834902863,South Dakota,SD,Aurora,,,9.000000,2747.000000,2747.000000,False,nonmetro,0,90.715740,0,90.715740,0,90.715740
46005,Beadle,SD,3260011987,South Dakota,SD,Beadle,,,7.000000,19149.000000,4855.000000,False,nonmetro,0,93.854024,0,93.854024,0,93.854024
46007,Bennett,SD,3068208306,South Dakota,SD,Bennett,,,9.000000,3381.000000,3381.000000,False,nonmetro,0,93.984041,0,93.984041,0,93.984041
46009,Bon Homme,SD,1459586268,South Dakota,SD,Bon Homme,,,9.000000,7003.000000,7003.000000,False,nonmetro,0,69.545811,0,69.545811,0,69.545811
46011,Brookings,SD,2051833299,South Dakota,SD,Brookings,14.000000,14.000000,5.000000,34375.000000,10701.000000,True,nonmetro,0,53.242073,0,53.242073,0,53.242073
46013,Brown,SD,4436728205,South Dakota,SD,Brown,17.000000,18.000000,5.000000,38301.000000,10319.000000,True,nonmetro,0,158.225292,0,158.225292,0,125.364163
46015,Brule,SD,2116594503,South Dakota,SD,Brule,,,9.000000,5247.000000,5247.000000,False,nonmetro,0,124.089733,0,124.089733,0,124.089733
46017,Buffalo,SD,1220933806,South Dakota,SD,Buffalo,,,9.000000,1948.000000,1948.000000,False,nonmetro,0,136.521647,0,136.521647,0,136.521647
46019,Butte,SD,5827498555,South Dakota,SD,Butte,,,7.000000,10243.000000,5154.000000,False,nonmetro,0,49.052495,0,49.052495,0,49.052495
46021,Campbell,SD,1900214169,South Dakota,SD,Campbell,,,9.000000,1377.000000,1377.000000,False,nonmetro,0,193.816896,0,193.816896,0,174.529089
46023,Charles Mix,SD,2842481168,South Dakota,SD,Charles Mix,,,9.000000,9373.000000,9373.000000,False,nonmetro,0,94.661389,0,94.661389,0,94.661389
46025,Clark,SD,2479944305,South Dakota,SD,Clark,,,9.000000,3837.000000,3837.000000,False,nonmetro,0,101.036383,0,101.036383,0,101.036383
46027,Clay,SD,1067154436,South Dakota,SD,Clay,,,6.000000,14967.000000,3308.000000,False,nonmetro,0,51.886530,0,51.886530,0,51.886530
46029,Codington,SD,1780837048,South Dakota,SD,Codington,13.000000,13.000000,5.000000,28325.000000,7682.000000,True,nonmetro,0,96.801400,0,96.801400,0,96.801400
46031,Corson,SD,6396478609,South Dakota,SD,Corson,,,9.000000,3902.000000,3902.000000,False,nonmetro,0,162.310904,0,162.310904,0,162.310904
46033,Custer,SD,4032463966,South Dakota,SD,Custer,,,3.000000,8318.000000,8318.000000,False,metro,0,27.567979,0,27.567979,0,27.567979
46035,Davison,SD,1128284975,South Dakota,SD,Davison,14.000000,14.000000,7.000000,19956.000000,4266.000000,True,nonmetro,0,66.624024,0,66.624024,0,66.624024
46037,Day,SD,2663773676,South Dakota,SD,Day,,,9.000000,5449.000000,5449.000000,False,nonmetro,0,132.196090,0,132.196090,0,110.133790
46039,Deuel,SD,1612885711,South Dakota,SD,Deuel,,,9.000000,4295.000000,4295.000000,False,nonmetro,0,82.637469,0,82.637469,0,82.637469
46041,Dewey,SD,5963127468,South Dakota,SD,Dewey,,,9.000000,5239.000000,5239.000000,False,nonmetro,0,126.567125,0,126.567125,0,126.567125
46043,Douglas,SD,1118358780,South Dakota,SD,Douglas,,,9.000000,2835.000000,2835.000000,False,nonmetro,0,83.131146,0,83.131146,0,83.131146
46045,Edmunds,SD,2916275923,South Dakota,SD,Edmunds,,,9.000000,3986.000000,3986.000000,False,nonmetro,0,178.126819,0,178.126819,0,149.968146
46047,Fall River,SD,4506292103,South Dakota,SD,Fall River,,,9.000000,6973.000000,6973.000000,False,nonmetro,0,49.930219,0,49.930219,0,49.930219
46049,Faulk,SD,2542625555,South Dakota,SD,Faulk,,,9.000000,2125.000000,2125.000000,False,nonmetro,0,157.278610,0,157.278610,0,157.278610
46051,Grant,SD,1764937243,South Dakota,SD,Grant,,,9.000000,7556.000000,7556.000000,False,nonmetro,0,114.996897,0,114.996897,0,112.790546
46053,Gregory,SD,2628707453,South Dakota,SD,Gregory,,,9.000000,3994.000000,3994.000000,False,nonmetro,0,130.687876,0,130.687876,0,130.687876
46055,Haakon,SD,4689279882,South Dakota,SD,Haakon,,,9.000000,1872.000000,1872.000000,False,nonmetro,0,82.351711,0,82.351711,0,82.351711
46057,Hamlin,SD,1313172143,South Dakota,SD,Hamlin,,,9.000000,6164.000000,6164.000000,False,nonmetro,0,79.303950,0,79.303950,0,79.303950
46059,Hand,SD,3720862490,South Dakota,SD,Hand,,,9.000000,3145.000000,3145.000000,False,nonmetro,0,131.310679,0,131.310679,0,131.310679
46061,Hanson,SD,1125562873,South Dakota,SD,Hanson,,,8.000000,3461.000000,3461.000000,False,nonmetro,0,52.798308,0,52.798308,0,52.798308
46063,Harding,SD,6919333290,South Dakota,SD,Harding,,,9.000000,1311.000000,1311.000000,False,nonmetro,0,106.338295,0,106.338295,0,106.338295
46065,Hughes,SD,1920546194,South Dakota,SD,Hughes,,,7.000000,17765.000000,5095.000000,False,nonmetro,0,146.341419,0,146.341419,0,146.341419
46067,Hutchinson,SD,2105694670,South Dakota,SD,Hutchinson,,,8.000000,7427.000000,7427.000000,False,nonmetro,0,53.278183,0,53.278183,0,53.278183
46069,Hyde,SD,2229019814,South Dakota,SD,Hyde,,,9.000000,1262.000000,1262.000000,False,nonmetro,0,151.323455,0,151.323455,0,151.323455
46071,Jackson,SD,4827433521,South Dakota,SD,Jackson,,,9.000000,2806.000000,2806.000000,False,nonmetro,0,84.105403,0,84.105403,0,84.105403
46073,Jerauld,SD,1362677265,South Dakota,SD,Jerauld,,,9.000000,1663.000000,1663.000000,False,nonmetro,0,97.836972,0,97.836972,0,97.836972
46075,Jones,SD,2511438719,South Dakota,SD,Jones,,,9.000000,917.000000,917.000000,False,nonmetro,0,126.704765,0,126.704765,0,126.704765
46077,Kingsbury,SD,2155483577,South Dakota,SD,Kingsbury,,,9.000000,5187.000000,5187.000000,False,nonmetro,0,67.173954,0,67.173954,0,67.173954
46079,Lake,SD,1457879899,South Dakota,SD,Lake,10.000000,11.000000,6.000000,11059.000000,4890.000000,True,nonmetro,0,36.567589,0,36.567589,0,36.567589
46081,Lawrence,SD,2072127354,South Dakota,SD,Lawrence,15.000000,13.000000,6.000000,25768.000000,8440.000000,True,nonmetro,0,38.480467,0,38.480467,0,38.480467
46083,Lincoln,SD,1495182125,South Dakota,SD,Lincoln,15.000000,12.000000,2.000000,65161.000000,16600.000000,True,metro,0,7.852295,0,7.852295,0,7.852295
46085,Lyman,SD,4253498542,South Dakota,SD,Lyman,,,9.000000,3718.000000,3718.000000,False,nonmetro,0,152.057392,0,152.057392,0,152.057392
46087,McCook,SD,1487184881,South Dakota,SD,McCook,,,2.000000,5682.000000,5682.000000,False,metro,0,32.475515,0,32.475515,0,32.475515
46089,McPherson,SD,2943956443,South Dakota,SD,McPherson,,,9.000000,2411.000000,2411.000000,False,nonmetro,0,197.110083,0,197.110083,0,139.976170
46091,Marshall,SD,2170620943,South Dakota,SD,Marshall,,,9.000000,4306.000000,4306.000000,False,nonmetro,0,159.263767,0,159.263767,0,87.086586
46093,Meade,SD,8989677128,South Dakota,SD,Meade,12.000000,,3.000000,29852.000000,9927.000000,True,metro,0,17.352477,0,17.352477,0,17.352477
46095,Mellette,SD,3385957220,South Dakota,SD,Mellette,,,9.000000,1918.000000,1918.000000,False,nonmetro,0,126.190947,0,126.190947,0,126.190947
46097,Miner,SD,1476734132,South Dakota,SD,Miner,,,8.000000,2298.000000,2298.000000,False,nonmetro,0,52.267873,0,52.267873,0,52.267873
46099,Minnehaha,SD,2089701439,South Dakota,SD,Minnehaha,82.000000,83.000000,2.000000,197214.000000,28275.000000,True,metro,1,4.618536,1,4.618536,6,4.618536
46101,Moody,SD,1345185721,South Dakota,SD,Moody,,,8.000000,6336.000000,6336.000000,False,nonmetro,0,33.084564,0,33.084564,0,33.084564
46102,Oglala Lakota,SD,5422402204,South Dakota,SD,Oglala Lakota,,,9.000000,13672.000000,13672.000000,False,nonmetro,0,73.078325,0,73.078325,0,73.078325
46103,Pennington,SD,7191788472,South Dakota,SD,Pennington,38.000000,40.000000,3.000000,109222.000000,19681.000000,True,metro,4,4.746205,3,4.746205,6,4.746205
46105,Perkins,SD,7434457143,South Dakota,SD,Perkins,,,9.000000,2835.000000,2835.000000,False,nonmetro,0,120.868918,0,120.868918,0,120.868918
46107,Potter,SD,2230336533,South Dakota,SD,Potter,,,9.000000,2472.000000,2472.000000,False,nonmetro,0,175.262402,0,175.262402,0,175.262402
46109,Roberts,SD,2851720399,South Dakota,SD,Roberts,,,9.000000,10280.000000,10280.000000,False,nonmetro,0,135.169932,0,135.169932,0,88.008222
46111,Sanborn,SD,1474329184,South Dakota,SD,Sanborn,,,9.000000,2330.000000,2330.000000,False,nonmetro,0,77.571188,0,77.571188,0,77.571188
46115,Spink,SD,3894043705,South Dakota,SD,Spink,,,9.000000,6361.000000,6361.000000,False,nonmetro,0,125.865241,0,125.865241,0,125.865241
46117,Stanley,SD,3741060758,South Dakota,SD,Stanley,,,9.000000,2980.000000,895.000000,False,nonmetro,0,139.245412,0,139.245412,0,139.245412
46119,Sully,SD,2607411018,South Dakota,SD,Sully,,,9.000000,1446.000000,1446.000000,False,nonmetro,0,158.742154,0,158.742154,0,158.742154
46121,Todd,SD,3596445673,South Dakota,SD,Todd,,,9.000000,9319.000000,9319.000000,False,nonmetro,0,135.360321,0,135.360321,0,135.360321
46123,Tripp,SD,4176247413,South Dakota,SD,Tripp,,,9.000000,5624.000000,5624.000000,False,nonmetro,0,157.028600,0,157.028600,0,157.028600
46125,Turner,SD,1598188442,South Dakota,SD,Turner,,,2.000000,8673.000000,8673.000000,False,metro,0,26.368772,0,26.368772,0,26.368772
46127,Union,SD,1193354523,South Dakota,SD,Union,,,3.000000,16811.000000,9735.000000,False,metro,0,60.091036,0,60.091036,0,60.091036
46129,Walworth,SD,1835374267,South Dakota,SD,Walworth,,,9.000000,5315.000000,5315.000000,False,nonmetro,0,174.339444,0,174.339444,0,174.339444
46135,Yankton,SD,1349873576,South Dakota,SD,Yankton,11.000000,,7.000000,23310.000000,7288.000000,True,nonmetro,0,55.735599,0,55.735599,0,55.735599
46137,Ziebach,SD,5079608331,South Dakota,SD,Ziebach,,,9.000000,2413.000000,2413.000000,False,nonmetro,0,102.308188,0,102.308188,0,102.308188
47001,Anderson,TN,873352611,Tennessee,TN,Anderson,47.000000,50.000000,2.000000,77123.000000,28166.000000,True,metro,0,10.758373,0,10.758373,1,6.041540
47003,Bedford,TN,1226719748,Tennessee,TN,Bedford,22.000000,18.000000,4.000000,50237.000000,27685.000000,True,nonmetro,0,18.080763,0,18.080763,0,18.080763
47005,Benton,TN,1021248372,Tennessee,TN,Benton,12.000000,15.000000,9.000000,15864.000000,15864.000000,True,nonmetro,0,51.597228,0,51.597228,0,51.597228
47007,Bledsoe,TN,1052973468,Tennessee,TN,Bledsoe,,,8.000000,14913.000000,14913.000000,False,nonmetro,0,40.426361,0,40.426361,0,40.426361
47009,Blount,TN,1447336316,Tennessee,TN,Blount,81.000000,76.000000,2.000000,135280.000000,50325.000000,True,metro,0,15.315056,0,15.315056,0,15.315056
47011,Bradley,TN,851489196,Tennessee,TN,Bradley,69.000000,67.000000,3.000000,108620.000000,34702.000000,True,metro,0,27.043028,0,27.043028,0,27.043028
47013,Campbell,TN,1243685301,Tennessee,TN,Campbell,28.000000,26.000000,2.000000,39272.000000,19158.000000,True,metro,0,25.093961,0,25.093961,0,25.032222
47015,Cannon,TN,687992379,Tennessee,TN,Cannon,12.000000,,1.000000,14506.000000,14506.000000,True,metro,0,31.352263,0,31.352263,0,31.352263
47017,Carroll,TN,1547925981,Tennessee,TN,Carroll,21.000000,21.000000,6.000000,28440.000000,23350.000000,True,nonmetro,0,34.624508,0,34.624508,0,34.624508
47019,Carter,TN,883854986,Tennessee,TN,Carter,33.000000,37.000000,3.000000,56356.000000,22958.000000,True,metro,0,53.530954,0,53.530954,0,25.532856
47021,Cheatham,TN,783480108,Tennessee,TN,Cheatham,25.000000,23.000000,1.000000,41072.000000,41072.000000,True,metro,0,18.663092,0,18.663092,0,11.820509
47023,Chester,TN,740053474,Tennessee,TN,Chester,10.000000,12.000000,3.000000,17341.000000,11435.000000,True,metro,0,16.762108,0,16.762108,0,16.762108
47025,Claiborne,TN,1125619421,Tennessee,TN,Claiborne,20.000000,20.000000,6.000000,32043.000000,22856.000000,True,nonmetro,0,26.974859,0,26.974859,0,26.974859
47027,Clay,TN,612626871,Tennessee,TN,Clay,,,8.000000,7581.000000,7581.000000,False,nonmetro,0,73.099378,0,73.099378,0,57.410128
47029,Cocke,TN,1129584563,Tennessee,TN,Cocke,30.000000,32.000000,6.000000,35999.000000,24441.000000,True,nonmetro,0,21.980266,0,21.980266,0,21.980266
47031,Coffee,TN,1111010401,Tennessee,TN,Coffee,33.000000,33.000000,4.000000,57889.000000,26673.000000,True,nonmetro,2,8.866000,2,8.866000,3,8.866000
47033,Crockett,TN,687714870,Tennessee,TN,Crockett,,11.000000,3.000000,13911.000000,13911.000000,False,metro,0,21.084377,0,21.084377,0,21.084377
47035,Cumberland,TN,1764574105,Tennessee,TN,Cumberland,44.000000,40.000000,4.000000,61145.000000,32984.000000,True,nonmetro,0,55.250582,0,55.250582,0,42.269666
47037,Davidson,TN,1304564434,Tennessee,TN,Davidson,315.000000,312.000000,1.000000,715884.000000,22497.000000,True,metro,8,7.141546,8,7.141546,23,6.998169
47039,Decatur,TN,864739796,Tennessee,TN,Decatur,10.000000,12.000000,9.000000,11435.000000,11435.000000,True,nonmetro,0,39.262521,0,39.262521,0,39.262521
47041,DeKalb,TN,788430955,Tennessee,TN,DeKalb,18.000000,11.000000,8.000000,20080.000000,15255.000000,True,nonmetro,0,46.885856,0,46.885856,0,46.885856
47043,Dickson,TN,1268830618,Tennessee,TN,Dickson,26.000000,28.000000,1.000000,54315.000000,37772.000000,True,metro,0,31.930558,0,31.930558,0,29.136803
47045,Dyer,TN,1326982067,Tennessee,TN,Dyer,19.000000,19.000000,6.000000,36801.000000,20011.000000,True,nonmetro,0,43.482674,0,43.482674,0,43.482674
47047,Fayette,TN,1825359640,Tennessee,TN,Fayette,24.000000,25.000000,1.000000,41990.000000,31361.000000,True,metro,0,21.153838,0,21.153838,0,21.153838
47049,Fentress,TN,1291385622,Tennessee,TN,Fentress,14.000000,10.000000,8.000000,18489.000000,18489.000000,True,nonmetro,0,56.017211,0,56.017211,0,44.971833
47051,Franklin,TN,1436141673,Tennessee,TN,Franklin,28.000000,23.000000,7.000000,42774.000000,29045.000000,True,nonmetro,0,12.680174,0,12.680174,0,12.680174
47053,Gibson,TN,1561102696,Tennessee,TN,Gibson,30.000000,35.000000,3.000000,50429.000000,35691.000000,True,metro,0,22.681168,0,22.681168,0,22.681168
47055,Giles,TN,1582304899,Tennessee,TN,Giles,18.000000,18.000000,6.000000,30346.000000,22188.000000,True,nonmetro,0,40.443793,0,40.443793,0,40.443793
47057,Grainger,TN,726715759,Tennessee,TN,Grainger,16.000000,17.000000,2.000000,23527.000000,19864.000000,True,metro,0,12.413174,0,12.413174,0,12.413174
47059,Greene,TN,1611409727,Tennessee,TN,Greene,41.000000,39.000000,4.000000,70152.000000,47233.000000,True,nonmetro,0,36.582380,0,36.582380,0,28.472008
47061,Grundy,TN,933545812,Tennessee,TN,Grundy,12.000000,10.000000,8.000000,13529.000000,13529.000000,True,nonmetro,0,26.590304,0,26.590304,0,26.590304
47063,Hamblen,TN,417475125,Tennessee,TN,Hamblen,32.000000,41.000000,3.000000,64499.000000,14616.000000,True,metro,0,12.717911,0,12.717911,0,12.717911
47065,Hamilton,TN,1404197532,Tennessee,TN,Hamilton,201.000000,207.000000,2.000000,366207.000000,45798.000000,True,metro,4,8.862923,4,8.862923,8,8.862923
47067,Hancock,TN,575816010,Tennessee,TN,Hancock,,,8.000000,6662.000000,6662.000000,False,nonmetro,0,31.021268,0,31.021268,0,31.021268
47069,Hardeman,TN,1729509842,Tennessee,TN,Hardeman,18.000000,16.000000,6.000000,25462.000000,20181.000000,True,nonmetro,0,29.726840,0,29.726840,0,29.726840
47071,Hardin,TN,1495676918,Tennessee,TN,Hardin,19.000000,22.000000,6.000000,26831.000000,18003.000000,True,nonmetro,0,44.085242,0,44.085242,0,44.085242
47073,Hawkins,TN,1261468092,Tennessee,TN,Hawkins,34.000000,32.000000,2.000000,56721.000000,35210.000000,True,metro,0,41.814782,0,41.814782,0,17.159841
47075,Haywood,TN,1380741528,Tennessee,TN,Haywood,11.000000,11.000000,6.000000,17864.000000,8243.000000,True,nonmetro,0,25.859759,0,25.859759,0,25.859759
47077,Henderson,TN,1346816753,Tennessee,TN,Henderson,15.000000,16.000000,6.000000,27842.000000,21485.000000,True,nonmetro,0,23.640059,0,23.640059,0,23.640059
47079,Henry,TN,1455320362,Tennessee,TN,Henry,26.000000,27.000000,7.000000,32199.000000,21822.000000,True,nonmetro,0,56.972197,0,56.972197,0,56.947323
47081,Hickman,TN,1586324712,Tennessee,TN,Hickman,15.000000,16.000000,1.000000,24925.000000,24925.000000,True,metro,0,40.991438,0,40.991438,0,40.930263
47083,Houston,TN,518758193,Tennessee,TN,Houston,,,8.000000,8283.000000,8283.000000,False,nonmetro,0,52.146220,0,52.146220,0,45.441406
47085,Humphreys,TN,1374668727,Tennessee,TN,Humphreys,14.000000,11.000000,8.000000,18990.000000,18990.000000,True,nonmetro,0,54.078279,0,54.078279,0,50.778562
47087,Jackson,TN,799782676,Tennessee,TN,Jackson,,,8.000000,11617.000000,11617.000000,False,nonmetro,0,65.415695,0,65.415695,0,63.696851
47089,Jefferson,TN,712435044,Tennessee,TN,Jefferson,40.000000,36.000000,3.000000,54683.000000,41459.000000,True,metro,1,6.914349,1,6.914349,1,6.914349
47091,Johnson,TN,772956196,Tennessee,TN,Johnson,10.000000,12.000000,8.000000,17948.000000,17948.000000,True,nonmetro,0,70.841374,0,70.841374,0,39.167006
47093,Knox,TN,1316574580,Tennessee,TN,Knox,243.000000,230.000000,2.000000,478971.000000,44033.000000,True,metro,2,6.411642,2,6.411642,11,6.066033
47095,Lake,TN,429381241,Tennessee,TN,Lake,,,9.000000,7005.000000,7005.000000,False,nonmetro,0,63.007171,0,63.007171,0,63.007171
47097,Lauderdale,TN,1222203226,Tennessee,TN,Lauderdale,13.000000,10.000000,6.000000,25143.000000,18221.000000,True,nonmetro,0,40.925391,0,40.925391,0,40.925391
47099,Lawrence,TN,1598359119,Tennessee,TN,Lawrence,32.000000,31.000000,6.000000,44159.000000,32480.000000,True,nonmetro,0,55.880804,0,55.880804,0,55.880804
47101,Lewis,TN,730614739,Tennessee,TN,Lewis,,10.000000,8.000000,12582.000000,12582.000000,False,nonmetro,0,60.217095,0,60.217095,0,60.217095
47103,Lincoln,TN,1477179214,Tennessee,TN,Lincoln,23.000000,24.000000,6.000000,35319.000000,25199.000000,True,nonmetro,0,24.019978,0,24.019978,0,24.019978
47105,Loudon,TN,593811372,Tennessee,TN,Loudon,38.000000,41.000000,2.000000,54886.000000,19570.000000,True,metro,0,23.662047,0,23.662047,0,17.563250
47107,McMinn,TN,1113997311,Tennessee,TN,McMinn,36.000000,39.000000,4.000000,53276.000000,32851.000000,True,nonmetro,0,46.426101,0,46.426101,0,42.530906
47109,McNairy,TN,1457753351,Tennessee,TN,McNairy,20.000000,20.000000,8.000000,25866.000000,25866.000000,True,nonmetro,0,34.398839,0,34.398839,0,34.398839
47111,Macon,TN,795498346,Tennessee,TN,Macon,16.000000,15.000000,1.000000,25216.000000,19042.000000,True,metro,0,49.464767,0,49.464767,0,39.245925
47113,Madison,TN,1443073934,Tennessee,TN,Madison,62.000000,69.000000,3.000000,98823.000000,26014.000000,True,metro,1,5.158112,1,5.158112,3,5.158112
47115,Marion,TN,1290472798,Tennessee,TN,Marion,19.000000,18.000000,2.000000,28837.000000,26341.000000,True,metro,0,18.340606,0,18.340606,0,18.340606
47117,Marshall,TN,972442319,Tennessee,TN,Marshall,15.000000,16.000000,6.000000,34318.000000,22384.000000,True,nonmetro,0,33.632002,0,33.632002,0,33.632002
47119,Maury,TN,1588022045,Tennessee,TN,Maury,52.000000,49.000000,1.000000,100974.000000,37847.000000,True,metro,0,39.188708,0,39.188708,0,39.188708
47121,Meigs,TN,505397668,Tennessee,TN,Meigs,,,8.000000,12758.000000,12758.000000,False,nonmetro,0,40.294615,0,40.294615,0,37.278155
47123,Monroe,TN,1646647004,Tennessee,TN,Monroe,36.000000,37.000000,6.000000,46250.000000,33900.000000,True,nonmetro,0,39.292494,0,39.292494,0,34.658105
47125,Montgomery,TN,1396441787,Tennessee,TN,Montgomery,88.000000,89.000000,2.000000,220069.000000,39024.000000,True,metro,0,41.507678,0,41.507678,0,31.404740
47127,Moore,TN,334684850,Tennessee,TN,Moore,,,9.000000,6461.000000,6454.000000,False,nonmetro,0,8.965524,0,8.965524,0,8.965524
47129,Morgan,TN,1352439677,Tennessee,TN,Morgan,14.000000,14.000000,2.000000,21035.000000,21035.000000,True,metro,0,32.240318,0,32.240318,0,19.461923
47131,Obion,TN,1411148373,Tennessee,TN,Obion,14.000000,17.000000,7.000000,30787.000000,18259.000000,True,nonmetro,0,56.530997,0,56.530997,0,56.530997
47133,Overton,TN,1122721524,Tennessee,TN,Overton,17.000000,14.000000,9.000000,22511.000000,22511.000000,True,nonmetro,0,74.897134,0,74.897134,0,63.382498
47135,Perry,TN,1074228439,Tennessee,TN,Perry,,,9.000000,8366.000000,8366.000000,False,nonmetro,0,53.998957,0,53.998957,0,53.998957
47137,Pickett,TN,422113138,Tennessee,TN,Pickett,,,9.000000,5001.000000,5001.000000,False,nonmetro,0,72.165940,0,72.165940,0,61.909210
47139,Polk,TN,1125622665,Tennessee,TN,Polk,12.000000,12.000000,3.000000,17544.000000,17544.000000,True,metro,0,42.599205,0,42.599205,0,42.599205
47141,Putnam,TN,1038860592,Tennessee,TN,Putnam,49.000000,55.000000,4.000000,79854.000000,30765.000000,True,nonmetro,0,67.645346,0,67.645346,0,65.789848
47143,Rhea,TN,817071273,Tennessee,TN,Rhea,25.000000,21.000000,6.000000,32870.000000,23182.000000,True,nonmetro,0,39.716749,0,39.716749,0,36.720431
47145,Roane,TN,934370822,Tennessee,TN,Roane,37.000000,37.000000,2.000000,53404.000000,27831.000000,True,metro,0,29.802550,0,29.802550,0,17.116551
47147,Robertson,TN,1233703847,Tennessee,TN,Robertson,45.000000,45.000000,1.000000,72803.000000,38586.000000,True,metro,0,22.889469,0,22.889469,0,14.493440
47149,Rutherford,TN,1603892832,Tennessee,TN,Rutherford,128.000000,132.000000,1.000000,341486.000000,54515.000000,True,metro,0,26.238639,0,26.238639,0,26.238639
47151,Scott,TN,1378652173,Tennessee,TN,Scott,13.000000,15.000000,8.000000,21850.000000,21850.000000,True,nonmetro,0,39.815784,0,39.815784,0,33.648349
47153,Sequatchie,TN,688550848,Tennessee,TN,Sequatchie,10.000000,,2.000000,15826.000000,15826.000000,True,metro,0,21.977052,0,21.977052,0,21.977052
47155,Sevier,TN,1534538403,Tennessee,TN,Sevier,58.000000,53.000000,4.000000,98380.000000,52501.000000,True,nonmetro,0,17.110088,0,17.110088,0,17.110088
47157,Shelby,TN,1969826793,Tennessee,TN,Shelby,495.000000,501.000000,1.000000,929744.000000,31637.000000,True,metro,9,5.958539,7,5.958539,14,5.958539
47159,Smith,TN,814020543,Tennessee,TN,Smith,17.000000,16.000000,1.000000,19904.000000,19904.000000,True,metro,0,46.031184,0,46.031184,0,46.031184
47161,Stewart,TN,1190814528,Tennessee,TN,Stewart,11.000000,11.000000,2.000000,13657.000000,13657.000000,True,metro,0,61.035823,0,61.035823,0,52.656227
47163,Sullivan,TN,1070810025,Tennessee,TN,Sullivan,101.000000,104.000000,2.000000,158163.000000,41970.000000,True,metro,0,63.389534,0,63.389534,2,10.440018
47165,Sumner,TN,1371292904,Tennessee,TN,Sumner,122.000000,111.000000,1.000000,196281.000000,49579.000000,True,metro,0,21.521876,0,21.521876,0,19.974874
47167,Tipton,TN,1180026939,Tennessee,TN,Tipton,29.000000,30.000000,1.000000,60970.000000,40644.000000,True,metro,0,27.010589,0,27.010589,0,27.010589
47169,Trousdale,TN,296143586,Tennessee,TN,Trousdale,,,1.000000,11615.000000,11615.000000,False,metro,0,38.308580,0,38.308580,0,38.308580
47171,Unicoi,TN,481902934,Tennessee,TN,Unicoi,13.000000,15.000000,3.000000,17928.000000,9223.000000,True,metro,0,39.139191,0,39.139191,0,28.807611
47173,Union,TN,579077905,Tennessee,TN,Union,11.000000,12.000000,2.000000,19802.000000,19802.000000,True,metro,0,17.680952,0,17.680952,0,17.680952
47175,Van Buren,TN,708142395,Tennessee,TN,Van Buren,,,9.000000,6168.000000,6168.000000,False,nonmetro,0,46.291777,0,46.291777,0,46.291777
47177,Warren,TN,1120619165,Tennessee,TN,Warren,41.000000,35.000000,6.000000,40953.000000,25242.000000,True,nonmetro,0,32.941696,0,32.941696,0,32.941696
47179,Washington,TN,845605993,Tennessee,TN,Washington,67.000000,71.000000,3.000000,133001.000000,34261.000000,True,metro,0,50.653928,0,50.653928,0,17.498015
47181,Wayne,TN,1901333937,Tennessee,TN,Wayne,,,8.000000,16232.000000,16232.000000,False,nonmetro,0,62.994926,0,62.994926,0,62.994926
47183,Weakley,TN,1503107797,Tennessee,TN,Weakley,16.000000,17.000000,6.000000,32902.000000,22188.000000,True,nonmetro,0,47.231085,0,47.231085,0,47.231085
47185,White,TN,975592109,Tennessee,TN,White,22.000000,22.000000,7.000000,27351.000000,21660.000000,True,nonmetro,0,56.915883,0,56.915883,0,56.915883
47187,Williamson,TN,1509607199,Tennessee,TN,Williamson,84.000000,85.000000,1.000000,247726.000000,46181.000000,True,metro,0,18.743862,0,18.743862,0,18.743862
47189,Wilson,TN,1478548412,Tennessee,TN,Wilson,75.000000,70.000000,1.000000,147737.000000,52060.000000,True,metro,0,21.411750,0,21.411750,0,21.411750
48001,Anderson,TX,2752164828,Texas,TX,Anderson,43.000000,39.000000,7.000000,57922.000000,39307.000000,True,nonmetro,0,46.181477,0,46.181477,0,46.181477
48003,Andrews,TX,3886850259,Texas,TX,Andrews,,,6.000000,18610.000000,3409.000000,False,nonmetro,0,34.402397,0,34.402397,0,34.402397
48005,Angelina,TX,2066460812,Texas,TX,Angelina,54.000000,58.000000,5.000000,86395.000000,44844.000000,True,nonmetro,1,5.713166,1,5.713166,2,5.713166
48007,Aransas,TX,652856780,Texas,TX,Aransas,18.000000,19.000000,2.000000,23830.000000,5618.000000,True,metro,0,128.601580,0,128.601580,0,25.420131
48009,Archer,TX,2339508165,Texas,TX,Archer,,,3.000000,8560.000000,7478.000000,False,metro,0,119.999021,0,119.999021,0,101.035378
48011,Armstrong,TX,2354617585,Texas,TX,Armstrong,,,2.000000,1848.000000,1848.000000,False,metro,0,26.380569,0,26.380569,0,26.380569
48013,Atascosa,TX,3158596616,Texas,TX,Atascosa,30.000000,30.000000,1.000000,48981.000000,34998.000000,True,metro,0,27.944776,0,27.944776,0,27.944776
48015,Austin,TX,1674415880,Texas,TX,Austin,17.000000,15.000000,1.000000,30167.000000,23782.000000,True,metro,0,39.907125,0,39.907125,0,33.486081
48017,Bailey,TX,2141847187,Texas,TX,Bailey,,,6.000000,6904.000000,1745.000000,False,nonmetro,0,67.530639,0,67.530639,0,67.530639
48019,Bandera,TX,2048663887,Texas,TX,Bandera,16.000000,17.000000,1.000000,20851.000000,20851.000000,True,metro,0,37.784642,0,37.784642,0,30.120139
48021,Bastrop,TX,2300500049,Texas,TX,Bastrop,39.000000,36.000000,1.000000,97216.000000,70000.000000,True,metro,0,25.470138,0,25.470138,0,25.406542
48023,Baylor,TX,2246764583,Texas,TX,Baylor,,,9.000000,3465.000000,3465.000000,False,nonmetro,0,149.114483,0,149.114483,0,112.973754
48025,Bee,TX,2279809487,Texas,TX,Bee,15.000000,17.000000,6.000000,31047.000000,16817.000000,True,nonmetro,0,84.649437,0,84.649437,0,46.000991
48027,Bell,TX,2729409784,Texas,TX,Bell,150.000000,137.000000,2.000000,370647.000000,50744.000000,True,metro,1,15.743869,1,15.743869,1,15.743869
48029,Bexar,TX,3212413223,Texas,TX,Bexar,902.000000,912.000000,1.000000,2009324.000000,94592.000000,True,metro,5,9.985848,4,9.985848,15,7.631764
48031,Blanco,TX,1836953736,Texas,TX,Blanco,,,8.000000,11374.000000,11374.000000,False,nonmetro,0,40.076292,0,40.076292,0,34.044197
48033,Borden,TX,2324366072,Texas,TX,Borden,,,9.000000,631.000000,631.000000,False,nonmetro,0,61.628020,0,61.628020,0,61.628020
48035,Bosque,TX,2545908129,Texas,TX,Bosque,13.000000,15.000000,2.000000,18235.000000,18235.000000,True,metro,0,54.636800,0,54.636800,0,42.724357
48037,Bowie,TX,2291969119,Texas,TX,Bowie,70.000000,68.000000,3.000000,92893.000000,35247.000000,True,metro,0,63.120358,0,63.120358,0,63.120358
48039,Brazoria,TX,3530999266,Texas,TX,Brazoria,137.000000,142.000000,1.000000,372031.000000,84062.000000,True,metro,0,22.675994,0,22.675994,0,22.675994
48041,Brazos,TX,1518090937,Texas,TX,Brazos,51.000000,48.000000,2.000000,233849.000000,27712.000000,True,metro,0,55.871937,0,55.871937,0,55.871937
48043,Brewster,TX,16015871248,Texas,TX,Brewster,,,7.000000,9546.000000,3263.000000,False,nonmetro,0,134.842685,0,134.842685,0,134.842685
48045,Briscoe,TX,2330991073,Texas,TX,Briscoe,,,8.000000,1435.000000,1435.000000,False,nonmetro,0,63.559579,0,63.559579,0,63.559579
48047,Brooks,TX,2443277014,Texas,TX,Brooks,,,9.000000,7076.000000,2579.000000,False,nonmetro,0,75.600780,0,75.600780,0,60.766821
48049,Brown,TX,2446120246,Texas,TX,Brown,24.000000,24.000000,5.000000,38095.000000,16533.000000,True,nonmetro,0,106.591497,0,106.591497,0,57.370144
48051,Burleson,TX,1707015709,Texas,TX,Burleson,11.000000,10.000000,2.000000,17642.000000,17642.000000,True,metro,0,56.559924,0,56.559924,0,56.271056
48053,Burnet,TX,2576525865,Texas,TX,Burnet,40.000000,36.000000,6.000000,49130.000000,33076.000000,True,nonmetro,0,41.730302,0,41.730302,0,41.730302
48055,Caldwell,TX,1410354031,Texas,TX,Caldwell,25.000000,26.000000,1.000000,45883.000000,25049.000000,True,metro,0,28.455598,0,28.455598,0,16.017223
48057,Calhoun,TX,1312960774,Texas,TX,Calhoun,11.000000,12.000000,6.000000,20106.000000,8051.000000,True,nonmetro,0,96.889989,0,96.889989,0,72.004937
48059,Callahan,TX,2329363242,Texas,TX,Callahan,,,3.000000,13708.000000,13708.000000,False,metro,0,151.270757,0,151.270757,0,73.665182
48061,Cameron,TX,2309519001,Texas,TX,Cameron,171.000000,155.000000,2.000000,421017.000000,74021.000000,True,metro,4,5.413274,4,5.413274,5,5.411749
48063,Camp,TX,507242364,Texas,TX,Camp,,,8.000000,12464.000000,12464.000000,False,nonmetro,0,46.330011,0,46.330011,0,46.330011
48065,Carson,TX,2383397227,Texas,TX,Carson,,,2.000000,5807.000000,5807.000000,False,metro,0,30.537807,0,30.537807,0,30.537807
48067,Cass,TX,2426683493,Texas,TX,Cass,27.000000,30.000000,6.000000,28454.000000,22923.000000,True,nonmetro,0,38.676047,0,38.676047,0,38.676047
48069,Castro,TX,2316600393,Texas,TX,Castro,,,9.000000,7371.000000,7371.000000,False,nonmetro,0,54.477273,0,54.477273,0,54.477273
48071,Chambers,TX,1546425540,Texas,TX,Chambers,18.000000,17.000000,1.000000,46571.000000,25198.000000,True,metro,0,32.544555,0,32.544555,0,29.090816
48073,Cherokee,TX,2727141726,Texas,TX,Cherokee,29.000000,31.000000,6.000000,50412.000000,36531.000000,True,nonmetro,0,28.222999,0,28.222999,0,28.222999
48075,Childress,TX,1803954626,Texas,TX,Childress,,,9.000000,6664.000000,2148.000000,False,nonmetro,0,106.394992,0,106.394992,0,106.394992
48077,Clay,TX,2819871858,Texas,TX,Clay,,10.000000,3.000000,10218.000000,10218.000000,False,metro,0,103.645841,0,103.645841,0,90.172043
48079,Cochran,TX,2007453830,Texas,TX,Cochran,,,2.000000,2547.000000,2547.000000,False,metro,0,51.540410,0,51.540410,0,51.540410
48081,Coke,TX,2361153198,Texas,TX,Coke,,,8.000000,3285.000000,3285.000000,False,nonmetro,0,114.543848,0,114.543848,0,114.543848
48083,Coleman,TX,3270933224,Texas,TX,Coleman,,,8.000000,7684.000000,4085.000000,False,nonmetro,0,132.250932,0,132.250932,0,77.292808
48085,Collin,TX,2178839147,Texas,TX,Collin,328.000000,322.000000,1.000000,1064465.000000,65460.000000,True,metro,5,6.450938,5,6.450938,13,5.835664
48087,Collingsworth,TX,2378749928,Texas,TX,Collingsworth,,,9.000000,2652.000000,2652.000000,False,nonmetro,0,94.389110,0,94.389110,0,94.389110
48089,Colorado,TX,2487142713,Texas,TX,Colorado,17.000000,14.000000,8.000000,20557.000000,20557.000000,True,nonmetro,0,60.158105,0,60.158105,0,55.115614
48091,Comal,TX,1449171061,Texas,TX,Comal,62.000000,64.000000,1.000000,161501.000000,75278.000000,True,metro,0,29.802736,0,29.802736,0,21.618745
48093,Comanche,TX,2428768926,Texas,TX,Comanche,,,9.000000,13594.000000,13594.000000,False,nonmetro,0,93.848414,0,93.848414,0,27.743353
48095,Concho,TX,2547914005,Texas,TX,Concho,,,8.000000,3303.000000,3303.000000,False,nonmetro,0,144.058022,0,144.058022,0,116.514701
48097,Cooke,TX,2265789885,Texas,TX,Cooke,31.000000,34.000000,6.000000,41668.000000,25124.000000,True,nonmetro,0,41.458846,0,41.458846,0,34.724225
48099,Coryell,TX,2725308519,Texas,TX,Coryell,25.000000,29.000000,2.000000,83093.000000,16227.000000,True,metro,0,32.491888,0,32.491888,0,32.491888
48101,Cottle,TX,2332448732,Texas,TX,Cottle,,,9.000000,1380.000000,1380.000000,False,nonmetro,0,94.311694,0,94.311694,0,94.311694
48103,Crane,TX,2033319687,Texas,TX,Crane,,,8.000000,4675.000000,4675.000000,False,nonmetro,0,30.647586,0,30.647586,0,30.647586
48105,Crockett,TX,7270935061,Texas,TX,Crockett,,,8.000000,3098.000000,3098.000000,False,nonmetro,0,104.086886,0,104.086886,0,104.086886
48107,Crosby,TX,2331503429,Texas,TX,Crosby,,,2.000000,5133.000000,5133.000000,False,metro,0,29.270315,0,29.270315,0,29.270315
48109,Culberson,TX,9873439554,Texas,TX,Culberson,,,9.000000,2188.000000,2188.000000,False,nonmetro,0,109.406641,0,109.406641,0,109.406641
48111,Dallam,TX,3893095084,Texas,TX,Dallam,,,7.000000,7115.000000,1658.000000,False,nonmetro,0,73.744260,0,73.744260,0,73.744260
48113,Dallas,TX,2261201323,Texas,TX,Dallas,973.000000,995.000000,1.000000,2613539.000000,15113.000000,True,metro,17,8.868907,17,8.868907,36,6.606405
48115,Dawson,TX,2331781561,Texas,TX,Dawson,,,6.000000,12456.000000,3725.000000,False,nonmetro,0,58.518822,0,58.518822,0,58.518822
48117,Deaf Smith,TX,3876750568,Texas,TX,Deaf Smith,,,6.000000,18583.000000,3063.000000,False,nonmetro,0,41.946968,0,41.946968,0,41.946968
48119,Delta,TX,665192108,Texas,TX,Delta,,,8.000000,5230.000000,5230.000000,False,nonmetro,0,54.006075,0,54.006075,0,54.006075
48121,Denton,TX,2275318245,Texas,TX,Denton,260.000000,258.000000,1.000000,906422.000000,65296.000000,True,metro,0,20.099779,0,20.099779,1,9.513107
48123,DeWitt,TX,2354237965,Texas,TX,DeWitt,13.000000,13.000000,6.000000,19824.000000,10189.000000,True,nonmetro,0,74.466154,0,74.466154,0,69.651706
48125,Dickens,TX,2335454676,Texas,TX,Dickens,,,8.000000,1770.000000,1770.000000,False,nonmetro,0,57.570768,0,57.570768,0,57.570768
48127,Dimmit,TX,3441795903,Texas,TX,Dimmit,,,7.000000,8615.000000,3000.000000,False,nonmetro,0,101.999699,0,101.999699,0,101.999699
48129,Donley,TX,2400676098,Texas,TX,Donley,,,8.000000,3258.000000,3258.000000,False,nonmetro,0,58.071495,0,58.071495,0,58.071495
48131,Duval,TX,4645084668,Texas,TX,Duval,,,9.000000,9831.000000,9831.000000,False,nonmetro,0,109.162115,0,109.162115,0,61.513310
48133,Eastland,TX,2399644791,Texas,TX,Eastland,14.000000,13.000000,8.000000,17725.000000,17725.000000,True,nonmetro,0,120.453829,0,120.453829,0,39.412944
48135,Ector,TX,2325440847,Texas,TX,Ector,64.000000,68.000000,3.000000,165171.000000,15015.000000,True,metro,2,4.307039,2,4.307039,3,4.307039
48137,Edwards,TX,5485263220,Texas,TX,Edwards,,,9.000000,1422.000000,1422.000000,False,nonmetro,0,109.671179,0,109.671179,0,102.763777
48139,Ellis,TX,2423575726,Texas,TX,Ellis,88.000000,90.000000,1.000000,192455.000000,59073.000000,True,metro,0,25.515189,0,25.515189,1,9.718714
48141,El Paso,TX,2624264468,Texas,TX,El Paso,244.000000,245.000000,2.000000,865657.000000,34831.000000,True,metro,3,10.844507,3,10.844507,6,10.844507
48143,Erath,TX,2805419702,Texas,TX,Erath,16.000000,17.000000,5.000000,42545.000000,21693.000000,True,nonmetro,0,89.615844,0,89.615844,1,4.970028
48145,Falls,TX,1982623099,Texas,TX,Falls,,12.000000,2.000000,16968.000000,11572.000000,False,metro,0,26.299825,0,26.299825,0,26.299825
48147,Fannin,TX,2307251052,Texas,TX,Fannin,24.000000,23.000000,6.000000,35662.000000,27863.000000,True,nonmetro,0,35.624292,0,35.624292,0,24.929320
48149,Fayette,TX,2460316903,Texas,TX,Fayette,23.000000,19.000000,6.000000,24435.000000,19415.000000,True,nonmetro,0,58.337410,0,58.337410,0,56.885012
48151,Fisher,TX,2328272103,Texas,TX,Fisher,,,8.000000,3672.000000,3672.000000,False,nonmetro,0,100.347914,0,100.347914,0,100.347914
48153,Floyd,TX,2569637283,Texas,TX,Floyd,,,8.000000,5402.000000,5402.000000,False,nonmetro,0,42.539746,0,42.539746,0,42.539746
48155,Foard,TX,1824378631,Texas,TX,Foard,,,9.000000,1095.000000,1095.000000,False,nonmetro,0,126.725915,0,126.725915,0,126.725915
48157,Fort Bend,TX,2231836834,Texas,TX,Fort Bend,238.000000,242.000000,1.000000,822779.000000,39477.000000,True,metro,3,10.973675,3,10.973675,3,10.771977
48159,Franklin,TX,736569935,Texas,TX,Franklin,,,9.000000,10359.000000,10359.000000,False,nonmetro,0,53.447658,0,53.447658,0,53.447658
48161,Freestone,TX,2273311866,Texas,TX,Freestone,12.000000,15.000000,9.000000,19435.000000,19435.000000,True,nonmetro,0,69.127928,0,69.127928,0,64.815097
48163,Frio,TX,2935753502,Texas,TX,Frio,10.000000,,6.000000,18385.000000,9322.000000,True,nonmetro,0,54.944425,0,54.944425,0,54.944425
48165,Gaines,TX,3891102467,Texas,TX,Gaines,,,6.000000,21598.000000,14530.000000,False,nonmetro,0,62.695173,0,62.695173,0,62.695173
48167,Galveston,TX,982346326,Texas,TX,Galveston,160.000000,169.000000,1.000000,350682.000000,14253.000000,True,metro,3,15.887243,3,15.887243,5,15.887243
48169,Garza,TX,2313937124,Texas,TX,Garza,,,2.000000,5816.000000,5816.000000,False,metro,0,37.950992,0,37.950992,0,37.950992
48171,Gillespie,TX,2740731305,Texas,TX,Gillespie,21.000000,21.000000,7.000000,26725.000000,15084.000000,True,nonmetro,0,63.993683,0,63.993683,0,52.619875
48173,Glasscock,TX,2331552974,Texas,TX,Glasscock,,,8.000000,1116.000000,1116.000000,False,nonmetro,0,49.441866,0,49.441866,0,49.441866
48175,Goliad,TX,2206698612,Texas,TX,Goliad,,,3.000000,7012.000000,7012.000000,False,metro,0,84.372491,0,84.372491,0,63.036491
48177,Gonzales,TX,2762704862,Texas,TX,Gonzales,,10.000000,6.000000,19653.000000,12700.000000,False,nonmetro,0,52.416906,0,52.416906,0,42.679796
48179,Gray,TX,2398261679,Texas,TX,Gray,12.000000,17.000000,6.000000,21227.000000,4362.000000,True,nonmetro,0,54.650584,0,54.650584,0,54.650584
48181,Grayson,TX,2416033533,Texas,TX,Grayson,93.000000,83.000000,3.000000,135543.000000,64640.000000,True,metro,0,31.656227,0,31.656227,1,11.001075
48183,Gregg,TX,708052150,Texas,TX,Gregg,74.000000,74.000000,2.000000,124239.000000,16723.000000,True,metro,0,23.616646,0,23.616646,0,23.616646
48185,Grimes,TX,2039528342,Texas,TX,Grimes,16.000000,15.000000,6.000000,29268.000000,21810.000000,True,nonmetro,0,34.110011,0,34.110011,0,34.078144
48187,Guadalupe,TX,1842136053,Texas,TX,Guadalupe,65.000000,62.000000,1.000000,172706.000000,42869.000000,True,metro,0,26.286909,0,26.286909,0,22.951658
48189,Hale,TX,2602109423,Texas,TX,Hale,20.000000,19.000000,4.000000,32522.000000,9907.000000,True,nonmetro,0,39.784468,0,39.784468,0,39.784468
48191,Hall,TX,2288233615,Texas,TX,Hall,,,9.000000,2825.000000,2825.000000,False,nonmetro,0,80.024385,0,80.024385,0,80.024385
48193,Hamilton,TX,2165008742,Texas,TX,Hamilton,,,8.000000,8222.000000,8222.000000,False,nonmetro,0,64.315105,0,64.315105,0,32.534138
48195,Hansford,TX,2382296646,Texas,TX,Hansford,,,9.000000,5285.000000,5285.000000,False,nonmetro,0,75.615589,0,75.615589,0,75.615589
48197,Hardeman,TX,1800337387,Texas,TX,Hardeman,,,9.000000,3549.000000,3549.000000,False,nonmetro,0,132.784442,0,132.784442,0,132.784442
48199,Hardin,TX,2306612364,Texas,TX,Hardin,30.000000,24.000000,2.000000,56231.000000,28521.000000,True,metro,0,71.804972,0,71.804972,0,49.508078
48201,Harris,TX,4421015900,Texas,TX,Harris,1676.000000,1689.000000,1.000000,4731145.000000,53638.000000,True,metro,46,10.779895,46,10.779895,93,8.435782
48203,Harrison,TX,2331141022,Texas,TX,Harrison,31.000000,28.000000,2.000000,68839.000000,37796.000000,True,metro,1,9.278935,1,9.278935,1,9.278935
48205,Hartley,TX,3786435508,Texas,TX,Hartley,,,9.000000,5382.000000,2487.000000,False,nonmetro,0,65.347876,0,65.347876,0,65.347876
48207,Haskell,TX,2339103809,Texas,TX,Haskell,,,8.000000,5416.000000,5416.000000,False,nonmetro,0,123.751234,0,123.751234,0,112.237609
48209,Hays,TX,1753033395,Texas,TX,Hays,83.000000,79.000000,1.000000,241067.000000,71702.000000,True,metro,0,22.090642,0,22.090642,1,8.250577
48211,Hemphill,TX,2347270019,Texas,TX,Hemphill,,,9.000000,3382.000000,3382.000000,False,nonmetro,0,94.772505,0,94.772505,0,94.772505
48213,Henderson,TX,2263082389,Texas,TX,Henderson,60.000000,61.000000,4.000000,82150.000000,54173.000000,True,nonmetro,0,35.257642,0,35.257642,0,33.118905
48215,Hidalgo,TX,4068758841,Texas,TX,Hidalgo,253.000000,251.000000,2.000000,870781.000000,77545.000000,True,metro,0,30.799910,0,30.799910,3,5.354531
48217,Hill,TX,2483422646,Texas,TX,Hill,25.000000,26.000000,6.000000,35874.000000,27806.000000,True,nonmetro,0,56.433425,0,56.433425,0,43.012053
48219,Hockley,TX,2352723961,Texas,TX,Hockley,11.000000,,2.000000,21537.000000,8936.000000,True,metro,0,28.084332,0,28.084332,0,28.084332
48221,Hood,TX,1089582268,Texas,TX,Hood,44.000000,41.000000,4.000000,61598.000000,25307.000000,True,nonmetro,0,60.720442,0,60.720442,0,28.730475
48223,Hopkins,TX,1987636011,Texas,TX,Hopkins,25.000000,23.000000,6.000000,36787.000000,22104.000000,True,nonmetro,0,54.513622,0,54.513622,0,52.988154
48225,Houston,TX,3188278907,Texas,TX,Houston,22.000000,21.000000,7.000000,22066.000000,16131.000000,True,nonmetro,0,44.722685,0,44.722685,0,42.659061
48227,Howard,TX,2333039143,Texas,TX,Howard,16.000000,18.000000,4.000000,34860.000000,5905.000000,True,nonmetro,0,59.642349,0,59.642349,0,59.642349
48229,Hudspeth,TX,11837605339,Texas,TX,Hudspeth,,,2.000000,3202.000000,3202.000000,False,metro,0,61.612855,0,61.612855,0,61.612855
48231,Hunt,TX,2176666775,Texas,TX,Hunt,62.000000,64.000000,1.000000,99956.000000,61299.000000,True,metro,0,31.671301,0,31.671301,0,26.692886
48233,Hutchinson,TX,2298408153,Texas,TX,Hutchinson,11.000000,12.000000,6.000000,20617.000000,7769.000000,True,nonmetro,0,38.465875,0,38.465875,0,38.465875
48235,Irion,TX,2723485995,Texas,TX,Irion,,,3.000000,1513.000000,1513.000000,False,metro,0,98.616517,0,98.616517,0,98.616517
48237,Jack,TX,2359405674,Texas,TX,Jack,,,8.000000,8472.000000,8472.000000,False,nonmetro,0,84.133930,0,84.133930,0,59.210892
48239,Jackson,TX,2148246693,Texas,TX,Jackson,,,6.000000,14988.000000,9078.000000,False,nonmetro,0,78.422298,0,78.422298,0,78.422298
48241,Jasper,TX,2431105358,Texas,TX,Jasper,26.000000,30.000000,6.000000,32980.000000,25677.000000,True,nonmetro,0,61.455907,0,61.455907,0,50.588551
48243,Jeff Davis,TX,5865172239,Texas,TX,Jeff Davis,,,9.000000,1996.000000,1996.000000,False,nonmetro,0,128.717375,0,128.717375,0,128.717375
48245,Jefferson,TX,2270802077,Texas,TX,Jefferson,135.000000,133.000000,2.000000,256526.000000,25260.000000,True,metro,0,66.277294,0,66.277294,0,53.004983
48247,Jim Hogg,TX,2942674729,Texas,TX,Jim Hogg,,,8.000000,4838.000000,4838.000000,False,nonmetro,0,98.153045,0,98.153045,0,76.313784
48249,Jim Wells,TX,2240795377,Texas,TX,Jim Wells,24.000000,21.000000,6.000000,38891.000000,19478.000000,True,nonmetro,0,106.851372,0,106.851372,0,42.108018
48251,Johnson,TX,1877175836,Texas,TX,Johnson,83.000000,86.000000,1.000000,179927.000000,83617.000000,True,metro,0,38.583834,0,38.583834,0,20.245311
48253,Jones,TX,2405076785,Texas,TX,Jones,,,3.000000,19663.000000,19663.000000,False,metro,0,133.186455,0,133.186455,0,98.498874
48255,Karnes,TX,1936669678,Texas,TX,Karnes,12.000000,13.000000,8.000000,14710.000000,14710.000000,True,nonmetro,0,54.335458,0,54.335458,0,54.335458
48257,Kaufman,TX,2022222600,Texas,TX,Kaufman,56.000000,52.000000,1.000000,145310.000000,60917.000000,True,metro,0,27.842781,0,27.842781,0,16.526354
48259,Kendall,TX,1715747612,Texas,TX,Kendall,19.000000,19.000000,1.000000,44279.000000,25152.000000,True,metro,0,31.361136,0,31.361136,0,19.972069
48261,Kenedy,TX,3777657843,Texas,TX,Kenedy,,,9.000000,350.000000,350.000000,False,nonmetro,0,63.376045,0,63.376045,0,53.803469
48263,Kent,TX,2337482031,Texas,TX,Kent,,,9.000000,753.000000,753.000000,False,nonmetro,0,74.458007,0,74.458007,0,74.458007
48265,Kerr,TX,2857617603,Texas,TX,Kerr,44.000000,47.000000,4.000000,52598.000000,20754.000000,True,nonmetro,0,58.425861,0,58.425861,0,48.145220
48267,Kimble,TX,3240024039,Texas,TX,Kimble,,,9.000000,4286.000000,4286.000000,False,nonmetro,0,104.148950,0,104.148950,0,93.928951
48269,King,TX,2359150569,Texas,TX,King,,,9.000000,265.000000,265.000000,False,nonmetro,0,89.848808,0,89.848808,0,89.848808
48271,Kinney,TX,3523765247,Texas,TX,Kinney,,,9.000000,3129.000000,3129.000000,False,nonmetro,0,116.189947,0,116.189947,0,113.928101
48273,Kleberg,TX,2282572444,Texas,TX,Kleberg,17.000000,15.000000,4.000000,31040.000000,6095.000000,True,nonmetro,0,90.432408,0,90.432408,0,35.517072
48275,Knox,TX,2203098614,Texas,TX,Knox,,,9.000000,3353.000000,3353.000000,False,nonmetro,0,124.180763,0,124.180763,0,118.702133
48277,Lamar,TX,2349976646,Texas,TX,Lamar,29.000000,31.000000,5.000000,50088.000000,23796.000000,True,nonmetro,0,70.711834,0,70.711834,0,58.053259
48279,Lamb,TX,2631897589,Texas,TX,Lamb,,,6.000000,13045.000000,7419.000000,False,nonmetro,0,41.975870,0,41.975870,0,41.975870
48281,Lampasas,TX,1845440041,Texas,TX,Lampasas,16.000000,15.000000,2.000000,21627.000000,14303.000000,True,metro,0,45.711459,0,45.711459,0,45.711459
48283,La Salle,TX,3850545747,Texas,TX,La Salle,,,8.000000,6664.000000,6664.000000,False,nonmetro,0,86.894964,0,86.894964,0,86.894964
48285,Lavaca,TX,2511535248,Texas,TX,Lavaca,11.000000,14.000000,8.000000,20337.000000,16755.000000,True,nonmetro,0,73.045892,0,73.045892,0,64.555764
48287,Lee,TX,1629204766,Texas,TX,Lee,10.000000,11.000000,8.000000,17478.000000,17478.000000,True,nonmetro,0,46.658579,0,46.658579,0,46.658579
48289,Leon,TX,2779462026,Texas,TX,Leon,10.000000,11.000000,8.000000,15719.000000,15719.000000,True,nonmetro,0,71.523767,0,71.523767,0,71.034587
48291,Liberty,TX,3000121460,Texas,TX,Liberty,45.000000,40.000000,1.000000,91628.000000,70893.000000,True,metro,0,37.485828,0,37.485828,0,19.562998
48293,Limestone,TX,2345053180,Texas,TX,Limestone,13.000000,15.000000,6.000000,22146.000000,15485.000000,True,nonmetro,0,59.775978,0,59.775978,0,58.373135
48295,Lipscomb,TX,2414422644,Texas,TX,Lipscomb,,,9.000000,3059.000000,3059.000000,False,nonmetro,0,115.580747,0,115.580747,0,115.580747
48297,Live Oak,TX,2692796909,Texas,TX,Live Oak,,,8.000000,11335.000000,11335.000000,False,nonmetro,0,78.770661,0,78.770661,0,57.098339
48299,Llano,TX,2419214536,Texas,TX,Llano,18.000000,21.000000,7.000000,21243.000000,10667.000000,True,nonmetro,0,53.911674,0,53.911674,0,53.911674
48301,Loving,TX,1732230053,Texas,TX,Loving,,,9.000000,64.000000,64.000000,False,nonmetro,0,73.034455,0,73.034455,0,73.034455
48303,Lubbock,TX,2319597749,Texas,TX,Lubbock,150.000000,141.000000,2.000000,310639.000000,32681.000000,True,metro,1,5.266477,1,5.266477,3,5.266477
48305,Lynn,TX,2309924847,Texas,TX,Lynn,,,2.000000,5596.000000,5596.000000,False,metro,0,26.267531,0,26.267531,0,26.267531
48307,McCulloch,TX,2759893532,Texas,TX,McCulloch,,,9.000000,7630.000000,2743.000000,False,nonmetro,0,112.688826,0,112.688826,0,99.826374
48309,McLennan,TX,2684924491,Texas,TX,McLennan,153.000000,152.000000,2.000000,260579.000000,62596.000000,True,metro,0,32.432978,0,32.432978,0,32.432978
48311,McMullen,TX,2952066567,Texas,TX,McMullen,,,8.000000,600.000000,600.000000,False,nonmetro,0,68.108838,0,68.108838,0,68.108838
48313,Madison,TX,1207103457,Texas,TX,Madison,,,8.000000,13455.000000,13455.000000,False,nonmetro,0,62.141827,0,62.141827,0,58.318080
48315,Marion,TX,986530318,Texas,TX,Marion,10.000000,,8.000000,9725.000000,9725.000000,True,nonmetro,0,18.989592,0,18.989592,0,18.989592
48317,Martin,TX,2369724591,Texas,TX,Martin,,,3.000000,5237.000000,5237.000000,False,metro,0,39.222435,0,39.222435,0,39.222435
48319,Mason,TX,2405674102,Texas,TX,Mason,,,9.000000,3953.000000,3953.000000,False,nonmetro,0,94.157662,0,94.157662,0,90.115253
48321,Matagorda,TX,2830645444,Texas,TX,Matagorda,21.000000,23.000000,6.000000,36255.000000,16944.000000,True,nonmetro,0,56.126860,0,56.126860,0,56.126860
48323,Maverick,TX,3313818748,Texas,TX,Maverick,26.000000,28.000000,3.000000,57887.000000,3804.000000,True,metro,0,129.746541,0,129.746541,0,129.746541
48325,Medina,TX,3432666210,Texas,TX,Medina,24.000000,24.000000,1.000000,50748.000000,42761.000000,True,metro,0,30.005288,0,30.005288,0,29.414451
48327,Menard,TX,2336237980,Texas,TX,Menard,,,9.000000,1962.000000,1962.000000,False,nonmetro,0,127.625327,0,127.625327,0,116.654425
48329,Midland,TX,2331915358,Texas,TX,Midland,62.000000,61.000000,3.000000,169983.000000,23324.000000,True,metro,0,18.955092,0,18.955092,0,18.955092
48331,Milam,TX,2632349427,Texas,TX,Milam,19.000000,17.000000,6.000000,24754.000000,14139.000000,True,nonmetro,0,32.348640,0,32.348640,0,32.348640
48333,Mills,TX,1937892798,Texas,TX,Mills,,,9.000000,4456.000000,4456.000000,False,nonmetro,0,77.734336,0,77.734336,0,55.516672
48335,Mitchell,TX,2359710926,Texas,TX,Mitchell,,,7.000000,8990.000000,3151.000000,False,nonmetro,0,95.756261,0,95.756261,0,95.756261
48337,Montague,TX,2411034611,Texas,TX,Montague,20.000000,19.000000,6.000000,19965.000000,14546.000000,True,nonmetro,0,73.094075,0,73.094075,0,60.597413
48339,Montgomery,TX,2699237142,Texas,TX,Montgomery,228.000000,207.000000,1.000000,620443.000000,141934.000000,True,metro,0,15.940762,0,15.940762,2,8.459457
48341,Moore,TX,2330207191,Texas,TX,Moore,,,7.000000,21358.000000,6719.000000,False,nonmetro,0,47.639538,0,47.639538,0,47.639538
48343,Morris,TX,652649023,Texas,TX,Morris,,,8.000000,11973.000000,11973.000000,False,nonmetro,0,42.045186,0,42.045186,0,42.045186
48345,Motley,TX,2562963900,Texas,TX,Motley,,,8.000000,1063.000000,1063.000000,False,nonmetro,0,65.454804,0,65.454804,0,65.454804
48347,Nacogdoches,TX,2450966944,Texas,TX,Nacogdoches,35.000000,41.000000,5.000000,64653.000000,30921.000000,True,nonmetro,0,21.240501,0,21.240501,0,21.240501
48349,Navarro,TX,2615116305,Texas,TX,Navarro,24.000000,27.000000,4.000000,52624.000000,28244.000000,True,nonmetro,0,52.382399,0,52.382399,0,36.065822
48351,Newton,TX,2418212546,Texas,TX,Newton,,,8.000000,12217.000000,12217.000000,False,nonmetro,0,74.666103,0,74.666103,0,48.800797
48353,Nolan,TX,2362061742,Texas,TX,Nolan,,,6.000000,14738.000000,4366.000000,False,nonmetro,0,114.308006,0,114.308006,0,114.308006
48355,Nueces,TX,2173169293,Texas,TX,Nueces,197.000000,193.000000,2.000000,353178.000000,22169.000000,True,metro,0,107.810773,0,107.810773,2,8.680936
48357,Ochiltree,TX,2376792063,Texas,TX,Ochiltree,,,7.000000,10015.000000,1624.000000,False,nonmetro,0,98.428116,0,98.428116,0,98.428116
48359,Oldham,TX,3886337114,Texas,TX,Oldham,,,2.000000,1758.000000,1758.000000,False,metro,0,32.870081,0,32.870081,0,32.870081
48361,Orange,TX,864501044,Texas,TX,Orange,55.000000,50.000000,2.000000,84808.000000,30589.000000,True,metro,0,79.754064,0,79.754064,0,40.237613
48363,Palo Pinto,TX,2467090694,Texas,TX,Palo Pinto,20.000000,23.000000,6.000000,28409.000000,14312.000000,True,nonmetro,0,79.059703,0,79.059703,0,39.159352
48365,Panola,TX,2101400900,Texas,TX,Panola,17.000000,12.000000,6.000000,22491.000000,16163.000000,True,nonmetro,0,27.280974,0,27.280974,0,27.280974
48367,Parker,TX,2340624021,Texas,TX,Parker,77.000000,73.000000,1.000000,148222.000000,95378.000000,True,metro,0,53.939218,0,53.939218,0,25.123872
48369,Parmer,TX,2281312149,Texas,TX,Parmer,,,9.000000,9869.000000,9869.000000,False,nonmetro,0,73.022281,0,73.022281,0,73.022281
48371,Pecos,TX,12338274936,Texas,TX,Pecos,,,7.000000,15193.000000,6642.000000,False,nonmetro,0,71.434680,0,71.434680,0,71.434680
48373,Polk,TX,2737733240,Texas,TX,Polk,37.000000,39.000000,6.000000,50123.000000,44531.000000,True,nonmetro,0,43.881818,0,43.881818,1,8.403004
48375,Potter,TX,2352718733,Texas,TX,Potter,52.000000,56.000000,2.000000,118525.000000,13351.000000,True,metro,3,3.352445,3,3.352445,5,3.352445
48377,Presidio,TX,9985057448,Texas,TX,Presidio,,,9.000000,6131.000000,6131.000000,False,nonmetro,0,178.231129,0,178.231129,0,178.231129
48379,Rains,TX,594281632,Texas,TX,Rains,,11.000000,8.000000,12164.000000,12164.000000,False,nonmetro,0,45.271712,0,45.271712,0,41.953298
48381,Randall,TX,2363909277,Texas,TX,Randall,57.000000,51.000000,2.000000,140753.000000,23896.000000,True,metro,0,8.259479,0,8.259479,0,8.259479
48383,Reagan,TX,3044049120,Texas,TX,Reagan,,,8.000000,3385.000000,3385.000000,False,nonmetro,0,68.704677,0,68.704677,0,68.704677
48385,Real,TX,1810812879,Texas,TX,Real,,,9.000000,2758.000000,2758.000000,False,nonmetro,0,82.562028,0,82.562028,0,76.925457
48387,Red River,TX,2703677245,Texas,TX,Red River,,,8.000000,11587.000000,11587.000000,False,nonmetro,0,81.730081,0,81.730081,0,79.189896
48389,Reeves,TX,6825534318,Texas,TX,Reeves,,,7.000000,14748.000000,1667.000000,False,nonmetro,0,75.190926,0,75.190926,0,75.190926
48391,Refugio,TX,1995545557,Texas,TX,Refugio,,,8.000000,6741.000000,6741.000000,False,nonmetro,0,108.718797,0,108.718797,0,35.142200
48393,Roberts,TX,2393298442,Texas,TX,Roberts,,,9.000000,827.000000,827.000000,False,nonmetro,0,72.462167,0,72.462167,0,72.462167
48395,Robertson,TX,2214840334,Texas,TX,Robertson,12.000000,12.000000,2.000000,16757.000000,16757.000000,True,metro,0,48.809287,0,48.809287,0,48.809287
48397,Rockwall,TX,329461303,Texas,TX,Rockwall,34.000000,36.000000,1.000000,107819.000000,14810.000000,True,metro,0,17.478367,0,17.478367,0,9.559387
48399,Runnels,TX,2722259323,Texas,TX,Runnels,,,8.000000,9900.000000,9900.000000,False,nonmetro,0,139.691647,0,139.691647,0,109.198908
48401,Rusk,TX,2393663219,Texas,TX,Rusk,36.000000,34.000000,2.000000,52214.000000,33456.000000,True,metro,0,29.190716,0,29.190716,0,29.190716
48403,Sabine,TX,1273523415,Texas,TX,Sabine,12.000000,,9.000000,9894.000000,9894.000000,True,nonmetro,0,52.157305,0,52.157305,0,52.157305
48405,San Augustine,TX,1374400363,Texas,TX,San Augustine,,,9.000000,7918.000000,7918.000000,False,nonmetro,0,35.469000,0,35.469000,0,35.469000
48407,San Jacinto,TX,1474332269,Texas,TX,San Jacinto,21.000000,16.000000,1.000000,27402.000000,27402.000000,True,metro,0,42.812194,0,42.812194,0,17.778836
48409,San Patricio,TX,1795990941,Texas,TX,San Patricio,41.000000,34.000000,2.000000,68755.000000,19136.000000,True,metro,0,116.893539,0,116.893539,0,14.748846
48411,San Saba,TX,2940447163,Texas,TX,San Saba,,,9.000000,5730.000000,5730.000000,False,nonmetro,0,84.061046,0,84.061046,0,78.538669
48413,Schleicher,TX,3394546068,Texas,TX,Schleicher,,,8.000000,2451.000000,2451.000000,False,nonmetro,0,124.547834,0,124.547834,0,124.547834
48415,Scurry,TX,2345090474,Texas,TX,Scurry,,,7.000000,16932.000000,5385.000000,False,nonmetro,0,81.517790,0,81.517790,0,81.517790
48417,Shackelford,TX,2367989254,Texas,TX,Shackelford,,,8.000000,3105.000000,3105.000000,False,nonmetro,0,145.407881,0,145.407881,0,72.100273
48419,Shelby,TX,2060566466,Texas,TX,Shelby,18.000000,16.000000,7.000000,24022.000000,18899.000000,True,nonmetro,0,44.906876,0,44.906876,0,44.906876
48421,Sherman,TX,2390195607,Texas,TX,Sherman,,,9.000000,2782.000000,2782.000000,False,nonmetro,0,77.383875,0,77.383875,0,77.383875
48423,Smith,TX,2386604289,Texas,TX,Smith,148.000000,140.000000,3.000000,233479.000000,81542.000000,True,metro,2,7.228445,2,7.228445,6,7.228445
48425,Somervell,TX,482714491,Texas,TX,Somervell,,,8.000000,9205.000000,9205.000000,False,nonmetro,0,66.880617,0,66.880617,0,26.383811
48427,Starr,TX,3168019235,Texas,TX,Starr,26.000000,26.000000,4.000000,65920.000000,18850.000000,True,nonmetro,0,72.461103,0,72.461103,0,40.201282
48429,Stephens,TX,2322497231,Texas,TX,Stephens,,,7.000000,9101.000000,3646.000000,False,nonmetro,0,121.755898,0,121.755898,0,55.073759
48431,Sterling,TX,2391722770,Texas,TX,Sterling,,,8.000000,1372.000000,1372.000000,False,nonmetro,0,80.672707,0,80.672707,0,80.672707
48433,Stonewall,TX,2373238700,Texas,TX,Stonewall,,,9.000000,1245.000000,1245.000000,False,nonmetro,0,98.311498,0,98.311498,0,98.311498
48435,Sutton,TX,3765674775,Texas,TX,Sutton,,,9.000000,3372.000000,3372.000000,False,nonmetro,0,135.731144,0,135.731144,0,135.731144
48437,Swisher,TX,2305502705,Texas,TX,Swisher,,,8.000000,6971.000000,6971.000000,False,nonmetro,0,47.151316,0,47.151316,0,47.151316
48439,Tarrant,TX,2241078404,Texas,TX,Tarrant,880.000000,890.000000,1.000000,2110640.000000,25922.000000,True,metro,0,26.796758,0,26.796758,4,7.800511
48441,Taylor,TX,2371228265,Texas,TX,Taylor,65.000000,65.000000,3.000000,143208.000000,25070.000000,True,metro,0,145.160367,0,145.160367,0,92.469563
48443,Terrell,TX,6107081791,Texas,TX,Terrell,,,9.000000,760.000000,760.000000,False,nonmetro,0,116.465523,0,116.465523,0,116.465523
48445,Terry,TX,2302083290,Texas,TX,Terry,,,6.000000,11831.000000,3567.000000,False,nonmetro,0,36.391258,0,36.391258,0,36.391258
48447,Throckmorton,TX,2363499444,Texas,TX,Throckmorton,,,9.000000,1440.000000,1440.000000,False,nonmetro,0,137.485379,0,137.485379,0,83.770561
48449,Titus,TX,1051700249,Texas,TX,Titus,21.000000,18.000000,7.000000,31247.000000,15828.000000,True,nonmetro,0,55.637781,0,55.637781,0,55.637781
48451,Tom Green,TX,3941965406,Texas,TX,Tom Green,59.000000,61.000000,3.000000,120003.000000,20021.000000,True,metro,0,115.452504,0,115.452504,0,115.452504
48453,Travis,TX,2574584400,Texas,TX,Travis,348.000000,340.000000,1.000000,1290188.000000,65937.000000,True,metro,3,8.596332,3,8.596332,12,8.591314
48455,Trinity,TX,1796920726,Texas,TX,Trinity,18.000000,17.000000,8.000000,13602.000000,13602.000000,True,nonmetro,0,38.512276,0,38.512276,0,26.467652
48457,Tyler,TX,2394158684,Texas,TX,Tyler,16.000000,13.000000,8.000000,19798.000000,19798.000000,True,nonmetro,0,46.851903,0,46.851903,0,34.317091
48459,Upshur,TX,1509910834,Texas,TX,Upshur,25.000000,24.000000,2.000000,40892.000000,32996.000000,True,metro,0,29.161251,0,29.161251,0,29.161251
48461,Upton,TX,3215010598,Texas,TX,Upton,,,8.000000,3308.000000,3308.000000,False,nonmetro,0,48.964163,0,48.964163,0,48.964163
48463,Uvalde,TX,4019455745,Texas,TX,Uvalde,17.000000,16.000000,6.000000,24564.000000,8638.000000,True,nonmetro,0,77.289952,0,77.289952,0,76.372765
48465,Val Verde,TX,8144863966,Texas,TX,Val Verde,20.000000,19.000000,5.000000,47586.000000,4906.000000,True,nonmetro,0,144.777330,0,144.777330,0,141.794671
48467,Van Zandt,TX,2182250335,Texas,TX,Van Zandt,37.000000,41.000000,8.000000,59541.000000,59541.000000,True,nonmetro,0,34.955537,0,34.955537,0,32.905213
48469,Victoria,TX,2284644884,Texas,TX,Victoria,54.000000,48.000000,3.000000,91319.000000,25333.000000,True,metro,0,98.808246,0,98.808246,0,75.048971
48471,Walker,TX,2031126325,Texas,TX,Walker,38.000000,38.000000,4.000000,76400.000000,32985.000000,True,nonmetro,0,43.822994,0,43.822994,0,35.276942
48473,Waller,TX,1329431564,Texas,TX,Waller,25.000000,26.000000,1.000000,56794.000000,43936.000000,True,metro,0,23.078887,0,23.078887,0,18.706372
48475,Ward,TX,2164201061,Texas,TX,Ward,,,6.000000,11644.000000,2482.000000,False,nonmetro,0,37.298056,0,37.298056,0,37.298056
48477,Washington,TX,1564855485,Texas,TX,Washington,27.000000,22.000000,6.000000,35805.000000,18410.000000,True,nonmetro,0,47.207939,0,47.207939,0,44.556523
48479,Webb,TX,8706187279,Texas,TX,Webb,78.000000,83.000000,2.000000,267114.000000,15652.000000,True,metro,0,141.051509,0,141.051509,0,116.897875
48481,Wharton,TX,2813095080,Texas,TX,Wharton,37.000000,37.000000,4.000000,41570.000000,19758.000000,True,nonmetro,0,45.346331,0,45.346331,0,45.346331
48483,Wheeler,TX,2368629232,Texas,TX,Wheeler,,,9.000000,4990.000000,4990.000000,False,nonmetro,0,89.272147,0,89.272147,0,89.272147
48485,Wichita,TX,1625459967,Texas,TX,Wichita,68.000000,66.000000,3.000000,129350.000000,16490.000000,True,metro,0,119.459943,0,119.459943,0,106.132797
48487,Wilbarger,TX,2514738098,Texas,TX,Wilbarger,12.000000,,6.000000,12887.000000,3363.000000,True,nonmetro,0,136.214944,0,136.214944,0,129.156242
48489,Willacy,TX,1529652214,Texas,TX,Willacy,10.000000,,6.000000,20164.000000,7178.000000,True,nonmetro,0,18.811606,0,18.811606,0,18.811606
48491,Williamson,TX,2889993451,Texas,TX,Williamson,219.000000,201.000000,1.000000,609017.000000,55741.000000,True,metro,0,21.021051,0,21.021051,0,21.021051
48493,Wilson,TX,2081662650,Texas,TX,Wilson,26.000000,28.000000,1.000000,49753.000000,43440.000000,True,metro,0,25.634234,0,25.634234,0,25.634234
48495,Winkler,TX,2178876165,Texas,TX,Winkler,,,6.000000,7791.000000,1410.000000,False,nonmetro,0,42.978477,0,42.978477,0,42.978477
48497,Wise,TX,2342369110,Texas,TX,Wise,45.000000,41.000000,1.000000,68632.000000,62117.000000,True,metro,0,54.105119,0,54.105119,0,34.586861
48499,Wood,TX,1671172155,Texas,TX,Wood,38.000000,41.000000,6.000000,44843.000000,39144.000000,True,nonmetro,0,30.951539,0,30.951539,0,30.951539
48501,Yoakum,TX,2071252479,Texas,TX,Yoakum,,,9.000000,7694.000000,7694.000000,False,nonmetro,0,68.504757,0,68.504757,0,68.504757
48503,Young,TX,2368539757,Texas,TX,Young,14.000000,16.000000,7.000000,17867.000000,9282.000000,True,nonmetro,0,108.762021,0,108.762021,0,69.696514
48505,Zapata,TX,2585876042,Texas,TX,Zapata,,,6.000000,13889.000000,2947.000000,False,nonmetro,0,108.823265,0,108.823265,0,79.813791
48507,Zavala,TX,3360268878,Texas,TX,Zavala,,,7.000000,9670.000000,2961.000000,False,nonmetro,0,92.359690,0,92.359690,0,92.359690
49001,Beaver,UT,6689681850,Utah,UT,Beaver,,,9.000000,7072.000000,7072.000000,False,nonmetro,0,165.887808,0,165.887808,0,165.494005
49003,Box Elder,UT,14881028167,Utah,UT,Box Elder,18.000000,21.000000,4.000000,57666.000000,18302.000000,True,nonmetro,0,31.727882,0,31.727882,0,31.727882
49005,Cache,UT,3016627502,Utah,UT,Cache,30.000000,28.000000,3.000000,133154.000000,19227.000000,True,metro,0,43.311262,0,43.311262,0,43.311262
49007,Carbon,UT,3831067716,Utah,UT,Carbon,,,7.000000,20412.000000,7066.000000,False,nonmetro,0,92.809749,0,92.809749,0,89.968190
49009,Daggett,UT,1805185844,Utah,UT,Daggett,,,9.000000,935.000000,935.000000,False,nonmetro,0,116.723029,0,116.723029,0,116.723029
49011,Davis,UT,774579558,Utah,UT,Davis,97.000000,99.000000,2.000000,362679.000000,3034.000000,True,metro,2,4.439839,2,4.439839,4,2.635813
49013,Duchesne,UT,8379502802,Utah,UT,Duchesne,,,7.000000,19596.000000,13335.000000,False,nonmetro,0,94.529434,0,94.529434,0,93.051810
49015,Emery,UT,11557242835,Utah,UT,Emery,,,9.000000,9825.000000,9825.000000,False,nonmetro,0,110.134018,0,110.134018,0,107.647065
49017,Garfield,UT,13403572593,Utah,UT,Garfield,,,9.000000,5083.000000,5083.000000,False,nonmetro,0,193.151389,0,193.151389,0,179.933893
49019,Grand,UT,9512361692,Utah,UT,Grand,,,7.000000,9669.000000,1736.000000,False,nonmetro,0,190.644906,0,190.644906,0,62.803813
49021,Iron,UT,8537474385,Utah,UT,Iron,17.000000,19.000000,4.000000,57289.000000,16390.000000,True,nonmetro,0,155.542401,0,155.542401,0,155.542401
49023,Juab,UT,8784407522,Utah,UT,Juab,,,2.000000,11786.000000,5456.000000,False,metro,0,59.652363,0,59.652363,0,58.328142
49025,Kane,UT,10333912585,Utah,UT,Kane,,,8.000000,7667.000000,7667.000000,False,nonmetro,0,162.354040,0,162.354040,0,139.813967
49027,Millard,UT,17574363572,Utah,UT,Millard,,,9.000000,12975.000000,12975.000000,False,nonmetro,0,101.514130,0,101.514130,0,101.204764
49029,Morgan,UT,1577739411,Utah,UT,Morgan,,,2.000000,12295.000000,12295.000000,False,metro,0,14.915167,0,14.915167,0,13.059657
49031,Piute,UT,1964345826,Utah,UT,Piute,,,9.000000,1438.000000,1438.000000,False,nonmetro,0,161.828299,0,161.828299,0,160.880792
49033,Rich,UT,2664700959,Utah,UT,Rich,,,8.000000,2510.000000,2510.000000,False,nonmetro,0,59.195022,0,59.195022,0,59.195022
49035,Salt Lake,UT,1921953041,Utah,UT,Salt Lake,327.000000,322.000000,1.000000,1185238.000000,8195.000000,True,metro,19,4.385276,19,4.385276,32,3.969835
49037,San Juan,UT,20253174602,Utah,UT,San Juan,,,9.000000,14518.000000,14518.000000,False,nonmetro,0,227.631145,0,227.631145,0,117.348129
49039,Sanpete,UT,4117901457,Utah,UT,Sanpete,10.000000,,6.000000,28437.000000,23388.000000,True,nonmetro,0,86.909615,0,86.909615,0,85.113511
49041,Sevier,UT,4948000056,Utah,UT,Sevier,,,7.000000,21522.000000,13129.000000,False,nonmetro,0,127.205431,0,127.205431,0,126.117594
49043,Summit,UT,4844776271,Utah,UT,Summit,,,4.000000,42357.000000,18909.000000,False,nonmetro,0,21.956896,0,21.956896,0,21.934080
49045,Tooele,UT,17979556898,Utah,UT,Tooele,18.000000,18.000000,1.000000,72698.000000,14356.000000,True,metro,0,22.742918,0,22.742918,0,22.742918
49047,Uintah,UT,11609319393,Utah,UT,Uintah,,11.000000,7.000000,35620.000000,15945.000000,False,nonmetro,0,121.840756,0,121.840756,0,108.525633
49049,Utah,UT,5190543916,Utah,UT,Utah,137.000000,135.000000,2.000000,659399.000000,27887.000000,True,metro,0,25.404075,0,25.404075,0,23.305100
49051,Wasatch,UT,3048452823,Utah,UT,Wasatch,10.000000,,4.000000,34788.000000,9692.000000,True,nonmetro,0,27.307365,0,27.307365,0,25.521117
49053,Washington,UT,6287037039,Utah,UT,Washington,70.000000,85.000000,3.000000,180279.000000,26800.000000,True,metro,0,111.265801,0,111.265801,0,110.616582
49055,Wayne,UT,6374011495,Utah,UT,Wayne,,,9.000000,2486.000000,2486.000000,False,nonmetro,0,157.287025,0,157.287025,0,155.616223
49057,Weber,UT,1492536928,Utah,UT,Weber,83.000000,86.000000,2.000000,262223.000000,14662.000000,True,metro,0,7.436359,0,7.436359,0,7.436359
50001,Addison,VT,1984209520,Vermont,VT,Addison,12.000000,13.000000,6.000000,37363.000000,31209.000000,True,nonmetro,0,29.187363,0,29.187363,0,29.187363
50003,Bennington,VT,1747741036,Vermont,VT,Bennington,22.000000,21.000000,6.000000,37347.000000,23588.000000,True,nonmetro,0,37.711807,0,37.711807,0,33.418090
50005,Caledonia,VT,1680273211,Vermont,VT,Caledonia,13.000000,15.000000,9.000000,30233.000000,25350.000000,True,nonmetro,0,53.599456,0,53.599456,0,53.599456
50007,Chittenden,VT,1391556759,Vermont,VT,Chittenden,52.000000,56.000000,3.000000,168323.000000,43874.000000,True,metro,2,5.500930,2,5.500930,4,5.500930
50009,Essex,VT,1715969342,Vermont,VT,Essex,,,9.000000,5920.000000,5920.000000,False,nonmetro,0,70.190797,0,70.190797,0,70.190797
50011,Franklin,VT,1633443915,Vermont,VT,Franklin,17.000000,18.000000,3.000000,49946.000000,38578.000000,True,metro,0,27.605304,0,27.605304,0,27.605304
50013,Grand Isle,VT,211781772,Vermont,VT,Grand Isle,,,3.000000,7293.000000,7293.000000,False,metro,0,22.638080,0,22.638080,0,22.638080
50015,Lamoille,VT,1197230858,Vermont,VT,Lamoille,,,8.000000,25945.000000,25945.000000,False,nonmetro,0,28.942312,0,28.942312,0,28.942312
50017,Orange,VT,1779816925,Vermont,VT,Orange,12.000000,13.000000,9.000000,29277.000000,29277.000000,True,nonmetro,0,27.098933,0,27.098933,0,27.098933
50019,Orleans,VT,1798784030,Vermont,VT,Orleans,11.000000,11.000000,9.000000,27393.000000,27393.000000,True,nonmetro,0,55.698478,0,55.698478,0,55.698478
50021,Rutland,VT,2407970501,Vermont,VT,Rutland,23.000000,27.000000,7.000000,60572.000000,41022.000000,True,nonmetro,0,40.168017,0,40.168017,0,38.841340
50023,Washington,VT,1778229393,Vermont,VT,Washington,22.000000,21.000000,4.000000,59807.000000,39793.000000,True,nonmetro,0,35.070815,0,35.070815,0,35.070815
50025,Windham,VT,2034346401,Vermont,VT,Windham,25.000000,21.000000,7.000000,45905.000000,32566.000000,True,nonmetro,0,37.715652,0,37.715652,0,37.690999
50027,Windsor,VT,2511727722,Vermont,VT,Windsor,39.000000,37.000000,7.000000,57753.000000,45419.000000,True,nonmetro,0,17.589419,0,17.589419,0,17.589419
51001,Accomack,VA,1163725929,Virginia,VA,Accomack,28.000000,29.000000,9.000000,33413.000000,30190.000000,True,nonmetro,0,74.485231,0,74.485231,0,40.283479
51003,Albemarle,VA,1866014147,Virginia,VA,Albemarle,53.000000,55.000000,3.000000,112395.000000,45379.000000,True,metro,0,6.518511,0,6.518511,0,6.518511
51005,Alleghany,VA,1156616591,Virginia,VA,Alleghany,11.000000,11.000000,6.000000,15223.000000,8089.000000,True,nonmetro,0,47.900672,0,47.900672,0,37.320028
51007,Amelia,VA,920379345,Virginia,VA,Amelia,10.000000,11.000000,1.000000,13265.000000,13265.000000,True,metro,0,32.030506,0,32.030506,0,21.544195
51009,Amherst,VA,1227554631,Virginia,VA,Amherst,25.000000,25.000000,2.000000,31307.000000,19525.000000,True,metro,0,49.288671,0,49.288671,0,46.298060
51011,Appomattox,VA,865635017,Virginia,VA,Appomattox,,11.000000,2.000000,16119.000000,16119.000000,False,metro,0,50.392272,0,50.392272,0,50.392272
51013,Arlington,VA,67332990,Virginia,VA,Arlington,54.000000,54.000000,1.000000,238643.000000,0.000000,True,metro,0,3.071035,0,3.071035,0,3.071035
51015,Augusta,VA,2504708861,Virginia,VA,Augusta,40.000000,37.000000,3.000000,77487.000000,65294.000000,True,metro,0,31.615849,0,31.615849,0,31.615849
51017,Bath,VA,1370626043,Virginia,VA,Bath,,,9.000000,4209.000000,4209.000000,False,nonmetro,0,62.997368,0,62.997368,0,52.818438
51019,Bedford,VA,1968660755,Virginia,VA,Bedford,53.000000,55.000000,2.000000,79462.000000,56207.000000,True,metro,0,51.290914,0,51.290914,0,25.953334
51021,Bland,VA,926311267,Virginia,VA,Bland,,,8.000000,6270.000000,6270.000000,False,nonmetro,0,37.469613,0,37.469613,0,37.469613
51023,Botetourt,VA,1401898974,Virginia,VA,Botetourt,26.000000,23.000000,2.000000,33596.000000,19969.000000,True,metro,0,34.606951,0,34.606951,0,13.433962
51025,Brunswick,VA,1466538251,Virginia,VA,Brunswick,11.000000,13.000000,8.000000,15849.000000,15849.000000,True,nonmetro,0,59.355571,0,59.355571,0,49.495646
51027,Buchanan,VA,1302386895,Virginia,VA,Buchanan,12.000000,14.000000,9.000000,20355.000000,20355.000000,True,nonmetro,0,78.683367,0,78.683367,0,29.764285
51029,Buckingham,VA,1501215440,Virginia,VA,Buckingham,,11.000000,8.000000,16824.000000,16824.000000,False,nonmetro,0,31.389632,0,31.389632,0,31.389632
51031,Campbell,VA,1303300984,Virginia,VA,Campbell,37.000000,38.000000,2.000000,55696.000000,31666.000000,True,metro,0,63.280803,0,63.280803,0,42.844841
51033,Caroline,VA,1365863858,Virginia,VA,Caroline,14.000000,16.000000,8.000000,30887.000000,30887.000000,True,nonmetro,0,31.901605,0,31.901605,0,31.901605
51035,Carroll,VA,1229582400,Virginia,VA,Carroll,23.000000,21.000000,6.000000,29155.000000,28463.000000,True,nonmetro,0,40.367037,0,40.367037,0,17.851874
51036,Charles City,VA,473711548,Virginia,VA,Charles City,,,1.000000,6773.000000,6773.000000,False,metro,0,22.950741,0,22.950741,0,12.061936
51037,Charlotte,VA,1231010116,Virginia,VA,Charlotte,14.000000,14.000000,8.000000,11529.000000,11529.000000,True,nonmetro,0,65.804297,0,65.804297,0,62.515199
51041,Chesterfield,VA,1096874571,Virginia,VA,Chesterfield,154.000000,146.000000,1.000000,364548.000000,29277.000000,True,metro,0,12.388897,0,12.388897,1,6.810123
51043,Clarke,VA,455664146,Virginia,VA,Clarke,16.000000,14.000000,1.000000,14783.000000,14783.000000,True,metro,0,10.600995,0,10.600995,0,10.600995
51045,Craig,VA,849770438,Virginia,VA,Craig,,,2.000000,4892.000000,4892.000000,False,metro,0,21.507373,0,21.507373,0,19.033652
51047,Culpeper,VA,982089165,Virginia,VA,Culpeper,28.000000,27.000000,1.000000,52552.000000,29989.000000,True,metro,0,33.033234,0,33.033234,0,33.033234
51049,Cumberland,VA,770454314,Virginia,VA,Cumberland,,,8.000000,9675.000000,9027.000000,False,nonmetro,0,40.152428,0,40.152428,0,34.084938
51051,Dickenson,VA,855863023,Virginia,VA,Dickenson,11.000000,10.000000,9.000000,14124.000000,14124.000000,True,nonmetro,0,90.244972,0,90.244972,0,24.758867
51053,Dinwiddie,VA,1305057845,Virginia,VA,Dinwiddie,13.000000,12.000000,1.000000,27947.000000,20028.000000,True,metro,0,29.755749,0,29.755749,0,19.223766
51057,Essex,VA,666494453,Virginia,VA,Essex,,,8.000000,10599.000000,10599.000000,False,nonmetro,0,39.544580,0,39.544580,0,39.544580
51059,Fairfax,VA,1012739503,Virginia,VA,Fairfax,346.000000,331.000000,1.000000,1150309.000000,17735.000000,True,metro,2,5.713849,2,5.716386,3,4.628539
51061,Fauquier,VA,1678296041,Virginia,VA,Fauquier,52.000000,37.000000,1.000000,72972.000000,41927.000000,True,metro,0,17.980885,0,17.980885,0,17.980885
51063,Floyd,VA,986585628,Virginia,VA,Floyd,11.000000,13.000000,3.000000,15476.000000,15476.000000,True,metro,0,21.158526,0,21.158526,0,20.620138
51065,Fluvanna,VA,743630407,Virginia,VA,Fluvanna,12.000000,12.000000,3.000000,27249.000000,17424.000000,True,metro,0,14.011479,0,14.011479,0,14.011479
51067,Franklin,VA,1788671765,Virginia,VA,Franklin,40.000000,42.000000,2.000000,54477.000000,49066.000000,True,metro,0,34.531124,0,34.531124,0,19.114476
51069,Frederick,VA,1070013828,Virginia,VA,Frederick,63.000000,51.000000,3.000000,91419.000000,36028.000000,True,metro,0,5.920027,0,5.920027,0,5.920027
51071,Giles,VA,925207102,Virginia,VA,Giles,16.000000,15.000000,3.000000,16787.000000,16787.000000,True,metro,0,17.907124,0,17.907124,0,17.907124
51073,Gloucester,VA,564124714,Virginia,VA,Gloucester,26.000000,23.000000,1.000000,38711.000000,28093.000000,True,metro,0,38.905255,0,38.905255,0,37.510165
51075,Goochland,VA,730451418,Virginia,VA,Goochland,11.000000,11.000000,1.000000,24727.000000,22929.000000,True,metro,0,21.674236,0,21.674236,0,17.137898
51077,Grayson,VA,1144218746,Virginia,VA,Grayson,14.000000,12.000000,9.000000,15333.000000,15316.000000,True,nonmetro,0,56.254502,0,56.254502,0,30.135800
51079,Greene,VA,403900921,Virginia,VA,Greene,12.000000,12.000000,3.000000,20552.000000,20552.000000,True,metro,0,15.799006,0,15.799006,0,15.799006
51081,Greensville,VA,764634552,Virginia,VA,Greensville,11.000000,,6.000000,11391.000000,9999.000000,True,nonmetro,0,57.523115,0,57.523115,0,42.413706
51083,Halifax,VA,2117913134,Virginia,VA,Halifax,33.000000,38.000000,6.000000,34022.000000,26609.000000,True,nonmetro,0,52.385729,0,52.385729,0,51.304527
51085,Hanover,VA,1211145331,Virginia,VA,Hanover,48.000000,54.000000,1.000000,109979.000000,40700.000000,True,metro,0,11.719332,0,11.719332,0,11.658558
51087,Henrico,VA,605215393,Virginia,VA,Henrico,166.000000,179.000000,1.000000,334389.000000,12353.000000,True,metro,0,7.608274,0,7.608274,0,7.329099
51089,Henry,VA,990284625,Virginia,VA,Henry,56.000000,52.000000,4.000000,50948.000000,33149.000000,True,nonmetro,0,41.116979,0,41.116979,0,37.277741
51091,Highland,VA,1075266904,Virginia,VA,Highland,,,8.000000,2232.000000,2232.000000,False,nonmetro,0,64.310825,0,64.310825,0,64.310825
51093,Isle of Wight,VA,817620587,Virginia,VA,Isle of Wight,28.000000,28.000000,1.000000,38606.000000,22567.000000,True,metro,0,21.393261,0,21.393261,0,15.642861
51095,James City,VA,368550683,Virginia,VA,James City,61.000000,52.000000,1.000000,78254.000000,11082.000000,True,metro,0,38.456795,0,38.456795,0,28.924679
51097,King and Queen,VA,816232787,Virginia,VA,King and Queen,,,1.000000,6608.000000,6608.000000,False,metro,0,34.418802,0,34.418802,0,32.249185
51099,King George,VA,465234037,Virginia,VA,King George,,,8.000000,26723.000000,26723.000000,False,nonmetro,0,30.084767,0,30.084767,0,30.084767
51101,King William,VA,709424849,Virginia,VA,King William,,,1.000000,17810.000000,17810.000000,False,metro,0,25.605624,0,25.605624,0,24.736892
51103,Lancaster,VA,345261477,Virginia,VA,Lancaster,12.000000,18.000000,9.000000,10919.000000,10919.000000,True,nonmetro,0,56.242825,0,56.242825,0,54.326027
51105,Lee,VA,1127622846,Virginia,VA,Lee,11.000000,13.000000,8.000000,22173.000000,22173.000000,True,nonmetro,0,46.934502,0,46.934502,0,30.531498
51107,Loudoun,VA,1335755878,Virginia,VA,Loudoun,86.000000,81.000000,1.000000,420959.000000,50290.000000,True,metro,0,15.896206,0,15.896206,0,15.896206
51109,Louisa,VA,1282164640,Virginia,VA,Louisa,19.000000,18.000000,8.000000,37596.000000,37596.000000,True,nonmetro,0,25.837092,0,25.837092,0,25.310969
51111,Lunenburg,VA,1118097708,Virginia,VA,Lunenburg,,,9.000000,11936.000000,11936.000000,False,nonmetro,0,58.122186,0,58.122186,0,48.662448
51113,Madison,VA,830449706,Virginia,VA,Madison,,11.000000,8.000000,13837.000000,13837.000000,False,nonmetro,0,27.523679,0,27.523679,0,27.523679
51115,Mathews,VA,222508058,Virginia,VA,Mathews,,,1.000000,8533.000000,8533.000000,False,metro,0,41.498597,0,41.498597,0,41.498597
51117,Mecklenburg,VA,1619544367,Virginia,VA,Mecklenburg,33.000000,34.000000,7.000000,30319.000000,25243.000000,True,nonmetro,0,58.652588,0,58.652588,0,56.743475
51119,Middlesex,VA,337554148,Virginia,VA,Middlesex,,11.000000,8.000000,10625.000000,10625.000000,False,nonmetro,0,49.054299,0,49.054299,0,46.826629
51121,Montgomery,VA,1001929082,Virginia,VA,Montgomery,38.000000,42.000000,3.000000,99721.000000,26012.000000,True,metro,1,4.308032,1,4.308032,2,4.308032
51125,Nelson,VA,1219224542,Virginia,VA,Nelson,11.000000,11.000000,3.000000,14775.000000,14775.000000,True,metro,0,26.978516,0,26.978516,0,26.978516
51127,New Kent,VA,543988863,Virginia,VA,New Kent,13.000000,10.000000,1.000000,22945.000000,22945.000000,True,metro,0,23.349061,0,23.349061,0,19.614695
51131,Northampton,VA,548331037,Virginia,VA,Northampton,,10.000000,8.000000,12282.000000,12282.000000,False,nonmetro,0,42.534999,0,42.534999,0,42.534999
51133,Northumberland,VA,495805446,Virginia,VA,Northumberland,13.000000,11.000000,9.000000,11839.000000,11839.000000,True,nonmetro,0,61.985708,0,61.985708,0,54.930148
51135,Nottoway,VA,814265583,Virginia,VA,Nottoway,11.000000,14.000000,8.000000,15642.000000,15642.000000,True,nonmetro,0,44.383037,0,44.383037,0,34.631287
51137,Orange,VA,883388069,Virginia,VA,Orange,22.000000,18.000000,6.000000,36254.000000,20550.000000,True,nonmetro,0,28.756249,0,28.756249,0,28.756249
51139,Page,VA,802949683,Virginia,VA,Page,18.000000,14.000000,8.000000,23709.000000,18967.000000,True,nonmetro,0,37.130937,0,37.130937,0,37.130937
51141,Patrick,VA,1250846155,Virginia,VA,Patrick,19.000000,16.000000,8.000000,17608.000000,17608.000000,True,nonmetro,0,36.489479,0,36.489479,0,21.386160
51143,Pittsylvania,VA,2509705676,Virginia,VA,Pittsylvania,45.000000,50.000000,4.000000,60501.000000,53883.000000,True,nonmetro,0,50.877043,0,50.877043,0,42.682016
51145,Powhatan,VA,673921283,Virginia,VA,Powhatan,12.000000,,1.000000,30333.000000,29754.000000,True,metro,0,22.953198,0,22.953198,0,13.024153
51147,Prince Edward,VA,906356801,Virginia,VA,Prince Edward,15.000000,13.000000,6.000000,21849.000000,14581.000000,True,nonmetro,0,52.610700,0,52.610700,0,45.924065
51149,Prince George,VA,687232241,Virginia,VA,Prince George,15.000000,15.000000,1.000000,43010.000000,21099.000000,True,metro,0,24.924461,0,24.924461,0,6.821487
51153,Prince William,VA,868309976,Virginia,VA,Prince William,125.000000,123.000000,1.000000,482204.000000,22157.000000,True,metro,0,9.404339,0,9.404339,0,8.761066
51155,Pulaski,VA,828378951,Virginia,VA,Pulaski,26.000000,24.000000,3.000000,33800.000000,14396.000000,True,metro,0,19.069394,0,19.069394,0,19.069394
51157,Rappahannock,VA,689900922,Virginia,VA,Rappahannock,,,1.000000,7348.000000,7348.000000,False,metro,0,32.489515,0,32.489515,0,32.489515
51159,Richmond,VA,495925426,Virginia,VA,Richmond,,,9.000000,8923.000000,8923.000000,False,nonmetro,0,48.940661,0,48.940661,0,48.940661
51161,Roanoke,VA,648915079,Virginia,VA,Roanoke,84.000000,78.000000,2.000000,96929.000000,18814.000000,True,metro,0,23.744925,0,23.744925,0,5.782354
51163,Rockbridge,VA,1545040113,Virginia,VA,Rockbridge,13.000000,12.000000,6.000000,22650.000000,20403.000000,True,nonmetro,0,53.818707,0,53.818707,0,43.907144
51165,Rockingham,VA,2200944584,Virginia,VA,Rockingham,47.000000,51.000000,3.000000,83757.000000,49652.000000,True,metro,0,35.778872,0,35.778872,0,35.778872
51167,Russell,VA,1226421378,Virginia,VA,Russell,15.000000,15.000000,8.000000,25781.000000,25623.000000,True,nonmetro,0,87.911543,0,87.911543,0,36.521099
51169,Scott,VA,1387786258,Virginia,VA,Scott,,10.000000,2.000000,21576.000000,21211.000000,False,metro,0,63.322395,0,63.322395,0,11.378618
51171,Shenandoah,VA,1315919346,Virginia,VA,Shenandoah,35.000000,31.000000,6.000000,44186.000000,30762.000000,True,nonmetro,0,29.268650,0,29.268650,0,29.268650
51173,Smyth,VA,1169223435,Virginia,VA,Smyth,17.000000,18.000000,7.000000,29800.000000,22519.000000,True,nonmetro,0,69.860428,0,69.860428,0,54.061376
51175,Southampton,VA,1551909772,Virginia,VA,Southampton,16.000000,15.000000,6.000000,17996.000000,17680.000000,True,nonmetro,0,44.517678,0,44.517678,0,27.401029
51177,Spotsylvania,VA,1039652446,Virginia,VA,Spotsylvania,57.000000,51.000000,1.000000,140032.000000,44867.000000,True,metro,0,35.241623,0,35.241623,0,35.241623
51179,Stafford,VA,697237751,Virginia,VA,Stafford,45.000000,45.000000,1.000000,156927.000000,29262.000000,True,metro,0,23.459271,0,23.459271,0,23.459271
51181,Surry,VA,722475752,Virginia,VA,Surry,,,1.000000,6561.000000,6561.000000,False,metro,0,37.338056,0,37.338056,0,26.668694
51183,Sussex,VA,1269679003,Virginia,VA,Sussex,,,1.000000,10829.000000,10829.000000,False,metro,0,42.117461,0,42.117461,0,24.700805
51185,Tazewell,VA,1343663017,Virginia,VA,Tazewell,32.000000,32.000000,7.000000,40429.000000,21142.000000,True,nonmetro,0,63.745176,0,63.745176,0,52.171083
51187,Warren,VA,555804005,Virginia,VA,Warren,27.000000,23.000000,1.000000,40727.000000,24534.000000,True,metro,0,18.162344,0,18.162344,0,18.162344
51191,Washington,VA,1453483684,Virginia,VA,Washington,36.000000,41.000000,2.000000,53935.000000,37309.000000,True,metro,0,81.420663,0,81.420663,0,34.506135
51193,Westmoreland,VA,593951804,Virginia,VA,Westmoreland,14.000000,13.000000,8.000000,18477.000000,14502.000000,True,nonmetro,0,39.348637,0,39.348637,0,39.348637
51195,Wise,VA,1044905568,Virginia,VA,Wise,21.000000,22.000000,7.000000,36130.000000,23624.000000,True,nonmetro,0,75.412372,0,75.412372,0,27.366487
51197,Wythe,VA,1196450502,Virginia,VA,Wythe,15.000000,15.000000,6.000000,28290.000000,21136.000000,True,nonmetro,0,42.166420,0,42.166420,0,38.646530
51199,York,VA,271190280,Virginia,VA,York,36.000000,35.000000,1.000000,70045.000000,4948.000000,True,metro,0,25.570815,0,25.570815,0,24.744411
51510,Alexandria,VA,38682337,Virginia,VA,Alexandria City,48.000000,49.000000,1.000000,159467.000000,0.000000,True,metro,0,5.271438,0,5.271438,0,5.271438
51520,Bristol,VA,33336230,Virginia,VA,Bristol City,13.000000,12.000000,2.000000,17219.000000,176.000000,True,metro,0,72.997215,0,72.997215,0,22.208302
51530,Buena Vista,VA,16674752,Virginia,VA,Buena Vista City,,,6.000000,6641.000000,145.000000,False,nonmetro,0,51.949836,0,51.949836,0,45.441439
51540,Charlottesville,VA,26534611,Virginia,VA,Charlottesville City,16.000000,18.000000,3.000000,46553.000000,0.000000,True,metro,7,1.290804,7,1.290804,9,1.290804
51550,Chesapeake,VA,876598055,Virginia,VA,Chesapeake City,127.000000,133.000000,1.000000,249422.000000,19286.000000,True,metro,0,7.748548,0,7.748548,0,7.748548
51570,Colonial Heights,VA,19475360,Virginia,VA,Colonial Heights City,12.000000,12.000000,1.000000,18170.000000,0.000000,True,metro,0,20.283705,0,20.283705,0,6.917382
51580,Covington,VA,14163842,Virginia,VA,Covington City,,,6.000000,5737.000000,37.000000,False,nonmetro,0,44.654448,0,44.654448,0,35.349296
51590,Danville,VA,110844523,Virginia,VA,Danville City,32.000000,33.000000,4.000000,42590.000000,1374.000000,True,nonmetro,0,41.726544,0,41.726544,0,41.726544
51595,Emporia,VA,17881071,Virginia,VA,Emporia City,,,6.000000,5766.000000,287.000000,False,nonmetro,0,59.697312,0,59.697312,0,44.560280
51600,Fairfax,VA,16162728,Virginia,VA,Fairfax City,13.000000,13.000000,1.000000,24146.000000,0.000000,True,metro,0,4.016157,0,4.016157,0,3.765266
51610,Falls Church,VA,5300262,Virginia,VA,Falls Church City,,,1.000000,14658.000000,0.000000,False,metro,4,0.615973,3,0.615973,10,0.615973
51620,Franklin,VA,21438217,Virginia,VA,Franklin City,11.000000,13.000000,6.000000,8180.000000,323.000000,True,nonmetro,0,37.903940,0,37.903940,0,19.812637
51630,Fredericksburg,VA,27066499,Virginia,VA,Fredericksburg City,,,1.000000,27982.000000,0.000000,False,metro,0,31.233388,0,31.233388,0,31.233388
51640,Galax,VA,21332077,Virginia,VA,Galax City,,,6.000000,6720.000000,662.000000,False,nonmetro,0,47.880762,0,47.880762,0,20.782848
51650,Hampton,VA,133282615,Virginia,VA,Hampton City,83.000000,80.000000,1.000000,137148.000000,433.000000,True,metro,0,14.500309,0,14.500309,0,14.500309
51660,Harrisonburg,VA,44908386,Virginia,VA,Harrisonburg City,21.000000,17.000000,3.000000,51814.000000,322.000000,True,metro,0,35.507678,0,35.507678,0,35.507678
51670,Hopewell,VA,26817673,Virginia,VA,Hopewell City,19.000000,18.000000,1.000000,23033.000000,8.000000,True,metro,0,20.157682,0,20.157682,1,1.612077
51678,Lexington,VA,6473000,Virginia,VA,Lexington City,,,6.000000,7320.000000,0.000000,False,nonmetro,0,55.368333,0,55.368333,0,44.745590
51680,Lynchburg,VA,126848431,Virginia,VA,Lynchburg City,53.000000,56.000000,2.000000,79009.000000,1277.000000,True,metro,0,58.815943,0,58.815943,0,42.153020
51683,Manassas,VA,25493247,Virginia,VA,Manassas City,15.000000,14.000000,1.000000,42772.000000,0.000000,True,metro,2,1.029575,2,1.029575,5,1.029575
51685,Manassas Park,VA,7857548,Virginia,VA,Manassas Park City,,,1.000000,17219.000000,0.000000,False,metro,0,2.261732,0,2.261732,0,2.261732
51690,Martinsville,VA,28374648,Virginia,VA,Martinsville City,17.000000,17.000000,4.000000,13485.000000,11.000000,True,nonmetro,0,42.354037,0,42.354037,0,40.552373
51700,Newport News,VA,178679454,Virginia,VA,Newport News City,96.000000,99.000000,1.000000,186247.000000,696.000000,True,metro,0,20.498473,0,20.498473,0,20.498473
51710,Norfolk,VA,137981431,Virginia,VA,Norfolk City,120.000000,117.000000,1.000000,238005.000000,0.000000,True,metro,1,4.263663,1,4.263663,7,4.263663
51720,Norton,VA,19366113,Virginia,VA,Norton City,,,7.000000,3687.000000,365.000000,False,nonmetro,0,74.192556,0,74.192556,0,27.129505
51730,Petersburg,VA,58845730,Virginia,VA,Petersburg City,25.000000,23.000000,1.000000,33458.000000,906.000000,True,metro,0,24.049806,0,24.049806,0,8.921177
51735,Poquoson,VA,39773690,Virginia,VA,Poquoson City,,,1.000000,12460.000000,1107.000000,False,metro,0,20.397503,0,20.397503,0,20.397503
51740,Portsmouth,VA,86248205,Virginia,VA,Portsmouth City,64.000000,58.000000,1.000000,97915.000000,0.000000,True,metro,0,4.300540,0,4.300540,0,4.300540
51750,Radford,VA,25061727,Virginia,VA,Radford City,,,3.000000,16070.000000,674.000000,False,metro,0,10.646017,0,10.646017,0,10.646017
51760,Richmond,VA,155205067,Virginia,VA,Richmond City,115.000000,110.000000,1.000000,226610.000000,0.000000,True,metro,5,2.861549,5,2.861549,12,2.825994
51770,Roanoke,VA,110129436,Virginia,VA,Roanoke City,69.000000,76.000000,2.000000,100011.000000,4.000000,True,metro,0,25.230411,0,25.230411,3,2.386006
51775,Salem,VA,37593968,Virginia,VA,Salem City,21.000000,19.000000,2.000000,25346.000000,0.000000,True,metro,0,20.082179,0,20.082179,0,6.469524
51790,Staunton,VA,51593819,Virginia,VA,Staunton City,20.000000,19.000000,3.000000,25750.000000,552.000000,True,metro,0,33.847799,0,33.847799,0,33.847799
51800,Suffolk,VA,1033819022,Virginia,VA,Suffolk City,54.000000,52.000000,1.000000,94324.000000,25520.000000,True,metro,0,15.926243,0,15.926243,1,5.822724
51810,Virginia Beach,VA,633828628,Virginia,VA,Virginia Beach City,261.000000,249.000000,1.000000,459470.000000,8338.000000,True,metro,0,10.858039,0,10.858039,0,10.858039
51820,Waynesboro,VA,38771593,Virginia,VA,Waynesboro City,13.000000,,3.000000,22196.000000,522.000000,True,metro,0,23.135490,0,23.135490,0,23.135490
51830,Williamsburg,VA,23149770,Virginia,VA,Williamsburg City,,,1.000000,15425.000000,18.000000,False,metro,0,37.765999,0,37.765999,0,31.774039
51840,Winchester,VA,23809500,Virginia,VA,Winchester City,23.000000,18.000000,3.000000,28120.000000,0.000000,True,metro,1,1.229804,1,1.229804,2,1.229804
53001,Adams,WA,4985698856,Washington,WA,Adams,,10.000000,6.000000,20613.000000,9748.000000,False,nonmetro,0,119.547567,0,119.547567,0,67.318388
53003,Asotin,WA,1647427902,Washington,WA,Asotin,14.000000,12.000000,3.000000,22285.000000,1618.000000,True,metro,0,90.104156,0,90.104156,0,89.473153
53005,Benton,WA,4403309851,Washington,WA,Benton,91.000000,88.000000,2.000000,206873.000000,25122.000000,True,metro,0,152.357555,0,152.357555,0,96.078952
53007,Chelan,WA,7565814942,Washington,WA,Chelan,33.000000,32.000000,3.000000,79074.000000,26592.000000,True,metro,0,88.137137,0,88.137137,1,10.293802
53009,Clallam,WA,4503318282,Washington,WA,Clallam,54.000000,58.000000,5.000000,77155.000000,27846.000000,True,nonmetro,0,62.080422,0,62.080422,0,57.547737
53011,Clark,WA,1627792396,Washington,WA,Clark,295.000000,274.000000,1.000000,503311.000000,67852.000000,True,metro,0,13.174043,0,13.174043,1,7.466538
53013,Columbia,WA,2249624779,Washington,WA,Columbia,,,8.000000,3952.000000,3952.000000,False,nonmetro,0,109.240716,0,109.240716,0,95.879070
53015,Cowlitz,WA,2955587569,Washington,WA,Cowlitz,96.000000,99.000000,3.000000,110730.000000,36515.000000,True,metro,0,43.791250,0,43.791250,0,36.347571
53017,Douglas,WA,4711819965,Washington,WA,Douglas,20.000000,19.000000,3.000000,42938.000000,10898.000000,True,metro,0,95.859181,0,95.859181,0,9.471397
53019,Ferry,WA,5706368585,Washington,WA,Ferry,,,8.000000,7178.000000,7178.000000,False,nonmetro,0,103.876640,0,103.876640,0,83.686248
53021,Franklin,WA,3215718486,Washington,WA,Franklin,24.000000,28.000000,2.000000,96749.000000,11073.000000,True,metro,0,145.787202,0,145.787202,0,95.820494
53023,Garfield,WA,1841054897,Washington,WA,Garfield,,,8.000000,2286.000000,2286.000000,False,nonmetro,0,91.359594,0,91.359594,0,82.353168
53025,Grant,WA,6940003417,Washington,WA,Grant,40.000000,42.000000,5.000000,99123.000000,44476.000000,True,nonmetro,0,122.149180,0,122.149180,0,46.557666
53027,Grays Harbor,WA,4924794342,Washington,WA,Grays Harbor,50.000000,46.000000,4.000000,75636.000000,29585.000000,True,nonmetro,0,65.107407,0,65.107407,0,65.107407
53029,Island,WA,539943913,Washington,WA,Island,43.000000,48.000000,4.000000,86857.000000,41501.000000,True,nonmetro,0,43.111718,0,43.111718,0,23.996398
53031,Jefferson,WA,4671633827,Washington,WA,Jefferson,24.000000,25.000000,6.000000,32977.000000,17563.000000,True,nonmetro,0,37.188407,0,37.188407,0,28.904756
53033,King,WA,5478417256,Washington,WA,King,692.000000,681.000000,1.000000,2269675.000000,74771.000000,True,metro,14,7.273511,13,7.273511,26,5.295269
53035,Kitsap,WA,1023308791,Washington,WA,Kitsap,129.000000,135.000000,2.000000,275611.000000,48428.000000,True,metro,0,15.384305,0,15.384305,0,15.348014
53037,Kittitas,WA,5949926850,Washington,WA,Kittitas,16.000000,15.000000,4.000000,44337.000000,18973.000000,True,nonmetro,0,80.177963,0,80.177963,0,31.784242
53039,Klickitat,WA,4847515940,Washington,WA,Klickitat,12.000000,12.000000,9.000000,22735.000000,18122.000000,True,nonmetro,0,76.410475,0,76.410475,0,73.680045
53041,Lewis,WA,6223175362,Washington,WA,Lewis,55.000000,57.000000,4.000000,82149.000000,49436.000000,True,nonmetro,0,49.463192,0,49.463192,0,48.169915
53043,Lincoln,WA,5984421204,Washington,WA,Lincoln,,,8.000000,10876.000000,10876.000000,False,nonmetro,0,72.770550,0,72.770550,0,43.153177
53045,Mason,WA,2485218918,Washington,WA,Mason,33.000000,32.000000,4.000000,65726.000000,45678.000000,True,nonmetro,0,28.727363,0,28.727363,0,28.727363
53047,Okanogan,WA,13639398051,Washington,WA,Okanogan,22.000000,23.000000,6.000000,42104.000000,33939.000000,True,nonmetro,0,130.323370,0,130.323370,0,79.453081
53049,Pacific,WA,2418037245,Washington,WA,Pacific,15.000000,17.000000,7.000000,23365.000000,14702.000000,True,nonmetro,0,83.010674,0,83.010674,0,80.355400
53051,Pend Oreille,WA,3626617235,Washington,WA,Pend Oreille,,,8.000000,13401.000000,13401.000000,False,nonmetro,0,46.781698,0,46.781698,0,33.145753
53053,Pierce,WA,4320003388,Washington,WA,Pierce,456.000000,432.000000,1.000000,921130.000000,62468.000000,True,metro,3,9.042905,3,9.042905,7,6.330742
53055,San Juan,WA,450432205,Washington,WA,San Juan,,,9.000000,17788.000000,14246.000000,False,nonmetro,0,73.460560,0,73.460560,0,54.764383
53057,Skagit,WA,4481316828,Washington,WA,Skagit,66.000000,76.000000,3.000000,129523.000000,44169.000000,True,metro,0,60.105220,0,60.105220,0,35.311296
53059,Skamania,WA,4294936873,Washington,WA,Skamania,,,1.000000,12036.000000,12036.000000,False,metro,0,37.700730,0,37.700730,0,35.468828
53061,Snohomish,WA,5404075989,Washington,WA,Snohomish,268.000000,279.000000,1.000000,827957.000000,97666.000000,True,metro,0,23.710093,0,23.710093,2,8.766327
53063,Spokane,WA,4569307859,Washington,WA,Spokane,237.000000,241.000000,2.000000,539339.000000,78884.000000,True,metro,0,27.961990,0,27.961990,1,7.393115
53065,Stevens,WA,6415653629,Washington,WA,Stevens,27.000000,27.000000,2.000000,46445.000000,41387.000000,True,metro,0,64.815971,0,64.815971,0,45.933284
53067,Thurston,WA,1871256793,Washington,WA,Thurston,133.000000,137.000000,2.000000,294793.000000,62903.000000,True,metro,0,26.006220,0,26.006220,0,25.898326
53069,Wahkiakum,WA,680976231,Washington,WA,Wahkiakum,,,8.000000,4422.000000,4422.000000,False,nonmetro,0,61.058981,0,61.058981,0,55.277775
53071,Walla Walla,WA,3289370358,Washington,WA,Walla Walla,37.000000,35.000000,3.000000,62584.000000,12675.000000,True,metro,0,134.393840,0,134.393840,0,117.490328
53073,Whatcom,WA,5459483486,Washington,WA,Whatcom,93.000000,97.000000,3.000000,226847.000000,64849.000000,True,metro,0,84.593975,0,84.593975,0,60.045043
53075,Whitman,WA,5592463291,Washington,WA,Whitman,12.000000,11.000000,4.000000,47973.000000,15282.000000,True,nonmetro,0,64.813268,0,64.813268,0,60.779147
53077,Yakima,WA,11122734368,Washington,WA,Yakima,85.000000,79.000000,2.000000,256728.000000,78128.000000,True,metro,0,107.599005,0,107.599005,0,63.601721
54001,Barbour,WV,883338376,West Virginia,WV,Barbour,,10.000000,9.000000,15465.000000,15465.000000,False,nonmetro,0,36.137479,0,36.137479,0,36.137479
54003,Berkeley,WV,831767529,West Virginia,WV,Berkeley,56.000000,52.000000,2.000000,122076.000000,39584.000000,True,metro,0,21.425347,0,21.425347,0,21.153511
54005,Boone,WV,1298967362,West Virginia,WV,Boone,13.000000,11.000000,3.000000,21809.000000,21809.000000,True,metro,0,21.925567,0,21.925567,0,21.925567
54007,Braxton,WV,1322796522,West Virginia,WV,Braxton,,,8.000000,12447.000000,12447.000000,False,nonmetro,0,54.614412,0,54.614412,0,54.614412
54009,Brooke,WV,231015795,West Virginia,WV,Brooke,12.000000,15.000000,3.000000,22559.000000,9391.000000,True,metro,0,32.555228,0,32.555228,0,30.315613
54011,Cabell,WV,727845449,West Virginia,WV,Cabell,75.000000,66.000000,2.000000,94350.000000,20784.000000,True,metro,0,38.387684,0,38.387684,0,38.387684
54013,Calhoun,WV,723253605,West Virginia,WV,Calhoun,,,8.000000,6229.000000,6229.000000,False,nonmetro,0,45.121442,0,45.121442,0,45.121442
54015,Clay,WV,885617417,West Virginia,WV,Clay,,,3.000000,8051.000000,8051.000000,False,metro,0,30.441918,0,30.441918,0,30.441918
54017,Doddridge,WV,828078406,West Virginia,WV,Doddridge,,,9.000000,7808.000000,7808.000000,False,nonmetro,0,47.306219,0,47.306219,0,47.306219
54019,Fayette,WV,1713569360,West Virginia,WV,Fayette,23.000000,29.000000,3.000000,40488.000000,25488.000000,True,metro,0,35.363097,0,35.363097,0,35.363097
54021,Gilmer,WV,876717629,West Virginia,WV,Gilmer,,,9.000000,7408.000000,7408.000000,False,nonmetro,0,58.844978,0,58.844978,0,58.844978
54023,Grant,WV,1236387822,West Virginia,WV,Grant,,,9.000000,10976.000000,10976.000000,False,nonmetro,0,53.146976,0,53.146976,0,53.146976
54025,Greenbrier,WV,2641303514,West Virginia,WV,Greenbrier,22.000000,22.000000,6.000000,32977.000000,25750.000000,True,nonmetro,0,43.967318,0,43.967318,0,43.925332
54027,Hampshire,WV,1658633561,West Virginia,WV,Hampshire,14.000000,13.000000,3.000000,23093.000000,23093.000000,True,metro,0,26.382066,0,26.382066,0,26.382066
54029,Hancock,WV,213957099,West Virginia,WV,Hancock,17.000000,19.000000,3.000000,29095.000000,9578.000000,True,metro,0,30.671866,0,30.671866,0,20.885186
54031,Hardy,WV,1508190150,West Virginia,WV,Hardy,,,8.000000,14299.000000,14299.000000,False,nonmetro,0,39.976182,0,39.976182,0,39.976182
54033,Harrison,WV,1077456355,West Virginia,WV,Harrison,29.000000,27.000000,5.000000,65921.000000,29187.000000,True,nonmetro,0,31.448189,0,31.448189,0,31.448189
54035,Jackson,WV,1202685109,West Virginia,WV,Jackson,21.000000,19.000000,8.000000,27791.000000,27791.000000,True,nonmetro,0,34.268838,0,34.268838,0,34.268838
54037,Jefferson,WV,542072983,West Virginia,WV,Jefferson,31.000000,28.000000,1.000000,57701.000000,35601.000000,True,metro,0,19.391587,0,19.391587,0,19.391587
54039,Kanawha,WV,2335256702,West Virginia,WV,Kanawha,118.000000,116.000000,3.000000,180745.000000,53097.000000,True,metro,1,7.268512,1,7.268512,2,7.268512
54041,Lewis,WV,1002143596,West Virginia,WV,Lewis,10.000000,,9.000000,17033.000000,12603.000000,True,nonmetro,0,49.481139,0,49.481139,0,49.481139
54043,Lincoln,WV,1132065764,West Virginia,WV,Lincoln,17.000000,14.000000,8.000000,20463.000000,20463.000000,True,nonmetro,0,26.051516,0,26.051516,0,26.051516
54045,Logan,WV,1175120719,West Virginia,WV,Logan,16.000000,14.000000,6.000000,32567.000000,23746.000000,True,nonmetro,0,39.230978,0,39.230978,0,36.794978
54047,McDowell,WV,1381648569,West Virginia,WV,McDowell,10.000000,10.000000,9.000000,19111.000000,19111.000000,True,nonmetro,0,64.152597,0,64.152597,0,47.510657
54049,Marion,WV,799667746,West Virginia,WV,Marion,24.000000,25.000000,4.000000,56205.000000,24438.000000,True,nonmetro,0,15.948900,0,15.948900,0,15.948900
54051,Marshall,WV,791063472,West Virginia,WV,Marshall,19.000000,20.000000,3.000000,30591.000000,14970.000000,True,metro,0,44.904848,0,44.904848,0,44.904848
54053,Mason,WV,1115683500,West Virginia,WV,Mason,22.000000,21.000000,6.000000,25453.000000,17491.000000,True,nonmetro,0,40.781844,0,40.781844,0,40.781844
54055,Mercer,WV,1085106057,West Virginia,WV,Mercer,35.000000,32.000000,4.000000,59664.000000,24947.000000,True,nonmetro,0,40.971523,0,40.971523,0,40.971523
54057,Mineral,WV,849209714,West Virginia,WV,Mineral,16.000000,14.000000,7.000000,26938.000000,18648.000000,True,nonmetro,0,44.532981,0,44.532981,0,44.407908
54059,Mingo,WV,1095926646,West Virginia,WV,Mingo,12.000000,14.000000,8.000000,23568.000000,23568.000000,True,nonmetro,0,53.671850,0,53.671850,0,26.721015
54061,Monongalia,WV,932632923,West Virginia,WV,Monongalia,31.000000,28.000000,3.000000,105822.000000,28202.000000,True,metro,6,3.619807,6,3.619807,13,3.619807
54063,Monroe,WV,1224426771,West Virginia,WV,Monroe,,,8.000000,12376.000000,12376.000000,False,nonmetro,0,25.468238,0,25.468238,0,25.468238
54065,Morgan,WV,593295507,West Virginia,WV,Morgan,15.000000,16.000000,2.000000,17063.000000,17063.000000,True,metro,0,27.891268,0,27.891268,0,27.891268
54067,Nicholas,WV,1675324341,West Virginia,WV,Nicholas,24.000000,26.000000,8.000000,24604.000000,24604.000000,True,nonmetro,0,47.163515,0,47.163515,0,47.163515
54069,Ohio,WV,274098976,West Virginia,WV,Ohio,29.000000,29.000000,3.000000,42425.000000,13990.000000,True,metro,0,43.610034,0,43.610034,0,43.610034
54071,Pendleton,WV,1802760298,West Virginia,WV,Pendleton,,,8.000000,6143.000000,6143.000000,False,nonmetro,0,63.230882,0,63.230882,0,63.230882
54073,Pleasants,WV,337007574,West Virginia,WV,Pleasants,,,8.000000,7653.000000,7653.000000,False,nonmetro,0,68.093759,0,68.093759,0,58.239711
54075,Pocahontas,WV,2435206742,West Virginia,WV,Pocahontas,,,9.000000,7869.000000,7869.000000,False,nonmetro,0,72.382010,0,72.382010,0,69.341513
54077,Preston,WV,1680420300,West Virginia,WV,Preston,16.000000,13.000000,3.000000,34216.000000,34216.000000,True,metro,0,19.203150,0,19.203150,0,18.115338
54079,Putnam,WV,895303696,West Virginia,WV,Putnam,32.000000,29.000000,2.000000,57440.000000,19495.000000,True,metro,0,18.726532,0,18.726532,0,18.726532
54081,Raleigh,WV,1567871999,West Virginia,WV,Raleigh,50.000000,53.000000,3.000000,74591.000000,32123.000000,True,metro,0,46.105495,0,46.105495,0,46.105495
54083,Randolph,WV,2692810850,West Virginia,WV,Randolph,19.000000,19.000000,7.000000,27932.000000,16823.000000,True,nonmetro,0,52.836554,0,52.836554,0,52.836554
54085,Ritchie,WV,1170648850,West Virginia,WV,Ritchie,,,8.000000,8444.000000,8444.000000,False,nonmetro,0,61.907047,0,61.907047,0,61.907047
54087,Roane,WV,1252422354,West Virginia,WV,Roane,11.000000,,8.000000,14028.000000,14028.000000,True,nonmetro,0,30.830782,0,30.830782,0,30.830782
54089,Summers,WV,933930185,West Virginia,WV,Summers,11.000000,10.000000,8.000000,11959.000000,11959.000000,True,nonmetro,0,38.722027,0,38.722027,0,38.722027
54091,Taylor,WV,447475053,West Virginia,WV,Taylor,,,6.000000,16705.000000,11445.000000,False,nonmetro,0,21.252876,0,21.252876,0,21.252876
54093,Tucker,WV,1085320044,West Virginia,WV,Tucker,,,9.000000,6762.000000,6762.000000,False,nonmetro,0,40.660412,0,40.660412,0,40.660412
54095,Tyler,WV,663818560,West Virginia,WV,Tyler,,,9.000000,8313.000000,8313.000000,False,nonmetro,0,52.680402,0,52.680402,0,52.680402
54097,Upshur,WV,918506904,West Virginia,WV,Upshur,10.000000,12.000000,7.000000,23816.000000,15269.000000,True,nonmetro,0,48.938302,0,48.938302,0,48.938302
54099,Wayne,WV,1310547891,West Virginia,WV,Wayne,31.000000,27.000000,2.000000,38982.000000,23319.000000,True,metro,0,47.931710,0,47.931710,0,45.742436
54101,Webster,WV,1433479488,West Virginia,WV,Webster,,,9.000000,8378.000000,8378.000000,False,nonmetro,0,63.304127,0,63.304127,0,63.304127
54103,Wetzel,WV,927389119,West Virginia,WV,Wetzel,11.000000,13.000000,7.000000,14442.000000,9013.000000,True,nonmetro,0,43.392846,0,43.392846,0,43.392846
54105,Wirt,WV,602201078,West Virginia,WV,Wirt,,,3.000000,5194.000000,5194.000000,False,metro,0,50.357549,0,50.357549,0,50.357549
54107,Wood,WV,949229779,West Virginia,WV,Wood,44.000000,42.000000,3.000000,84296.000000,24975.000000,True,metro,0,63.681692,0,63.681692,0,52.910462
54109,Wyoming,WV,1293620955,West Virginia,WV,Wyoming,12.000000,11.000000,8.000000,21382.000000,21382.000000,True,nonmetro,0,50.393775,0,50.393775,0,48.936206
55001,Adams,WI,1672216054,Wisconsin,WI,Adams,13.000000,10.000000,8.000000,20654.000000,20654.000000,True,nonmetro,0,63.352627,0,63.352627,0,57.363097
55003,Ashland,WI,2706458787,Wisconsin,WI,Ashland,,,7.000000,16027.000000,8802.000000,False,nonmetro,0,66.822108,0,150.328800,0,66.704657
55005,Barron,WI,2235281410,Wisconsin,WI,Barron,21.000000,19.000000,6.000000,46711.000000,36555.000000,True,nonmetro,0,66.817832,0,66.817832,0,46.369834
55007,Bayfield,WI,3827677060,Wisconsin,WI,Bayfield,,,8.000000,16220.000000,16220.000000,False,nonmetro,0,51.211359,0,145.670449,0,51.211359
55009,Brown,WI,1372931376,Wisconsin,WI,Brown,93.000000,88.000000,2.000000,268740.000000,44584.000000,True,metro,1,8.844815,1,8.844815,3,4.888909
55011,Buffalo,WI,1750290818,Wisconsin,WI,Buffalo,,,8.000000,13317.000000,13317.000000,False,nonmetro,0,44.747549,0,44.747549,0,28.744205
55013,Burnett,WI,2127832847,Wisconsin,WI,Burnett,,,8.000000,16526.000000,16526.000000,False,nonmetro,0,60.906867,0,67.852983,0,59.339055
55015,Calumet,WI,824263566,Wisconsin,WI,Calumet,17.000000,18.000000,3.000000,52442.000000,27600.000000,True,metro,0,25.057161,0,25.057161,0,25.057161
55017,Chippewa,WI,2611628507,Wisconsin,WI,Chippewa,27.000000,24.000000,3.000000,66297.000000,41450.000000,True,metro,0,81.724747,0,81.724747,0,15.903690
55019,Clark,WI,3133102168,Wisconsin,WI,Clark,18.000000,18.000000,8.000000,34659.000000,34659.000000,True,nonmetro,0,107.124875,0,107.124875,0,41.444418
55021,Columbia,WI,1982756253,Wisconsin,WI,Columbia,32.000000,30.000000,2.000000,58490.000000,38745.000000,True,metro,0,28.755591,0,28.755591,0,28.755591
55023,Crawford,WI,1477970925,Wisconsin,WI,Crawford,,,6.000000,16113.000000,10152.000000,False,nonmetro,0,76.996872,0,76.996872,0,46.260044
55025,Dane,WI,3098899108,Wisconsin,WI,Dane,164.000000,173.000000,2.000000,561504.000000,76235.000000,True,metro,5,7.084408,4,7.084408,8,7.084408
55027,Dodge,WI,2268049732,Wisconsin,WI,Dodge,52.000000,53.000000,4.000000,89396.000000,49066.000000,True,nonmetro,0,40.833588,0,40.833588,0,40.833588
55029,Door,WI,1248277424,Wisconsin,WI,Door,14.000000,15.000000,6.000000,30066.000000,20637.000000,True,nonmetro,0,50.724590,0,50.724590,0,43.544543
55031,Douglas,WI,3378047451,Wisconsin,WI,Douglas,20.000000,19.000000,2.000000,44295.000000,17104.000000,True,metro,0,12.129295,0,124.182485,0,12.129295
55033,Dunn,WI,2201902840,Wisconsin,WI,Dunn,15.000000,18.000000,6.000000,45440.000000,28418.000000,True,nonmetro,0,54.354737,0,54.354737,0,21.359922
55035,Eau Claire,WI,1652211227,Wisconsin,WI,Eau Claire,44.000000,44.000000,3.000000,105710.000000,25082.000000,True,metro,0,73.124008,0,73.124008,1,4.183322
55037,Florence,WI,1264232456,Wisconsin,WI,Florence,,,9.000000,4558.000000,4558.000000,False,nonmetro,0,93.701975,0,93.701975,0,91.228290
55039,Fond du Lac,WI,1863667254,Wisconsin,WI,Fond du Lac,50.000000,54.000000,3.000000,104154.000000,37763.000000,True,metro,0,50.930209,0,50.930209,0,50.930209
55041,Forest,WI,2626878527,Wisconsin,WI,Forest,,,9.000000,9179.000000,9179.000000,False,nonmetro,0,79.920034,0,79.920034,0,57.997578
55043,Grant,WI,2970402286,Wisconsin,WI,Grant,27.000000,29.000000,6.000000,51938.000000,40100.000000,True,nonmetro,0,63.672339,0,63.672339,0,61.771328
55045,Green,WI,1512667175,Wisconsin,WI,Green,19.000000,19.000000,2.000000,37093.000000,26368.000000,True,metro,0,28.720719,0,28.720719,0,28.720719
55047,Green Lake,WI,905314776,Wisconsin,WI,Green Lake,11.000000,14.000000,6.000000,19018.000000,13816.000000,True,nonmetro,0,52.494963,0,52.494963,0,52.494963
55049,Iowa,WI,1975379904,Wisconsin,WI,Iowa,,,2.000000,23709.000000,18811.000000,False,metro,0,37.410987,0,37.410987,0,37.410987
55051,Iron,WI,1963751254,Wisconsin,WI,Iron,,,9.000000,6137.000000,4121.000000,False,nonmetro,0,96.278690,0,159.364912,0,89.405283
55053,Jackson,WI,2558687757,Wisconsin,WI,Jackson,,10.000000,8.000000,21145.000000,16730.000000,False,nonmetro,0,80.611318,0,80.611318,0,37.042170
55055,Jefferson,WI,1441308410,Wisconsin,WI,Jefferson,46.000000,46.000000,4.000000,84900.000000,37781.000000,True,nonmetro,0,31.427596,0,31.427596,0,31.427596
55057,Juneau,WI,1986729542,Wisconsin,WI,Juneau,16.000000,15.000000,8.000000,26718.000000,26718.000000,True,nonmetro,0,63.915784,0,63.915784,0,55.399521
55059,Kenosha,WI,704054452,Wisconsin,WI,Kenosha,76.000000,78.000000,3.000000,169151.000000,22130.000000,True,metro,0,31.480706,0,31.480706,1,6.005737
55061,Kewaunee,WI,886951790,Wisconsin,WI,Kewaunee,10.000000,,2.000000,20563.000000,20563.000000,True,metro,0,29.631549,0,29.631549,0,21.695862
55063,La Crosse,WI,1170166356,Wisconsin,WI,La Crosse,62.000000,61.000000,3.000000,120784.000000,21873.000000,True,metro,0,63.872991,0,63.872991,2,5.628149
55065,Lafayette,WI,1640985427,Wisconsin,WI,Lafayette,,,8.000000,16611.000000,16611.000000,False,nonmetro,0,47.252222,0,47.252222,0,47.252222
55067,Langlade,WI,2255098142,Wisconsin,WI,Langlade,14.000000,14.000000,6.000000,19491.000000,11420.000000,True,nonmetro,0,65.753202,0,65.753202,0,30.524414
55069,Lincoln,WI,2275832535,Wisconsin,WI,Lincoln,17.000000,17.000000,6.000000,28415.000000,18896.000000,True,nonmetro,0,91.899981,0,91.899981,0,23.160858
55071,Manitowoc,WI,1526295968,Wisconsin,WI,Manitowoc,35.000000,41.000000,4.000000,81359.000000,34801.000000,True,nonmetro,0,36.204520,0,36.204520,0,32.917547
55073,Marathon,WI,4002035761,Wisconsin,WI,Marathon,77.000000,74.000000,3.000000,138013.000000,59882.000000,True,metro,0,80.336433,0,80.336433,2,9.301466
55075,Marinette,WI,3624599046,Wisconsin,WI,Marinette,27.000000,23.000000,6.000000,41872.000000,25442.000000,True,nonmetro,0,53.727603,0,53.727603,0,50.249664
55077,Marquette,WI,1180288171,Wisconsin,WI,Marquette,,,8.000000,15592.000000,15592.000000,False,nonmetro,0,51.168801,0,51.168801,0,51.168801
55078,Menominee,WI,926217566,Wisconsin,WI,Menominee,,,9.000000,4255.000000,4255.000000,False,nonmetro,0,36.267981,0,36.267981,0,36.267981
55079,Milwaukee,WI,625435295,Wisconsin,WI,Milwaukee,413.000000,439.000000,1.000000,939489.000000,2602.000000,True,metro,16,5.718116,16,5.718116,24,5.718116
55081,Monroe,WI,2333329707,Wisconsin,WI,Monroe,26.000000,25.000000,4.000000,46274.000000,26271.000000,True,nonmetro,0,82.607679,0,82.607679,0,31.658462
55083,Oconto,WI,2583464370,Wisconsin,WI,Oconto,25.000000,16.000000,2.000000,38965.000000,38965.000000,True,metro,0,28.675666,0,28.675666,0,27.241845
55085,Oneida,WI,2885102826,Wisconsin,WI,Oneida,24.000000,27.000000,7.000000,37845.000000,28107.000000,True,nonmetro,0,105.602303,0,105.602303,0,53.150680
55087,Outagamie,WI,1651265932,Wisconsin,WI,Outagamie,67.000000,63.000000,3.000000,190705.000000,48426.000000,True,metro,0,17.833295,0,17.833295,0,17.833295
55089,Ozaukee,WI,603514413,Wisconsin,WI,Ozaukee,42.000000,44.000000,1.000000,91503.000000,22246.000000,True,metro,0,19.626339,0,19.626339,0,19.626339
55091,Pepin,WI,600894491,Wisconsin,WI,Pepin,,,8.000000,7318.000000,7318.000000,False,nonmetro,0,46.153596,0,46.153596,0,28.401690
55093,Pierce,WI,1486700521,Wisconsin,WI,Pierce,20.000000,21.000000,1.000000,42212.000000,29529.000000,True,metro,0,25.649493,0,25.649493,0,25.220649
55095,Polk,WI,2368077722,Wisconsin,WI,Polk,24.000000,23.000000,8.000000,44977.000000,44977.000000,True,nonmetro,0,40.678729,0,40.678729,0,40.599954
55097,Portage,WI,2074252980,Wisconsin,WI,Portage,34.000000,30.000000,4.000000,70377.000000,25762.000000,True,nonmetro,0,66.365686,0,66.365686,0,32.571580
55099,Price,WI,3247987870,Wisconsin,WI,Price,,,9.000000,14054.000000,14054.000000,False,nonmetro,0,109.887978,0,134.307786,0,64.987436
55101,Racine,WI,861537618,Wisconsin,WI,Racine,117.000000,109.000000,3.000000,197727.000000,28368.000000,True,metro,0,22.616952,0,22.616952,0,13.485475
55103,Richland,WI,1518120276,Wisconsin,WI,Richland,,10.000000,8.000000,17304.000000,12380.000000,False,nonmetro,0,53.619035,0,53.619035,0,50.198600
55105,Rock,WI,1860044984,Wisconsin,WI,Rock,82.000000,88.000000,3.000000,163687.000000,32801.000000,True,metro,0,24.833436,0,24.833436,0,24.833436
55107,Rusk,WI,2366092262,Wisconsin,WI,Rusk,,,8.000000,14188.000000,14188.000000,False,nonmetro,0,96.424935,0,96.991314,0,47.776698
55109,St. Croix,WI,1870380099,Wisconsin,WI,St. Croix,36.000000,30.000000,1.000000,93536.000000,59852.000000,True,metro,0,21.486073,0,21.486073,0,21.363777
55111,Sauk,WI,2153686013,Wisconsin,WI,Sauk,29.000000,31.000000,4.000000,65763.000000,29399.000000,True,nonmetro,0,35.824059,0,35.824059,0,35.799315
55113,Sawyer,WI,3257188233,Wisconsin,WI,Sawyer,,,9.000000,18074.000000,18074.000000,False,nonmetro,0,69.002293,0,105.370105,0,66.268302
55115,Shawano,WI,2313441749,Wisconsin,WI,Shawano,21.000000,18.000000,6.000000,40881.000000,28652.000000,True,nonmetro,0,32.092348,0,32.092348,0,26.851746
55117,Sheboygan,WI,1324851053,Wisconsin,WI,Sheboygan,48.000000,56.000000,3.000000,118034.000000,34654.000000,True,metro,0,47.950319,0,47.950319,0,47.906704
55119,Taylor,WI,2525374187,Wisconsin,WI,Taylor,12.000000,10.000000,8.000000,19913.000000,15799.000000,True,nonmetro,0,114.398703,0,114.398703,0,38.873936
55121,Trempealeau,WI,1898383310,Wisconsin,WI,Trempealeau,14.000000,13.000000,8.000000,30760.000000,30760.000000,True,nonmetro,0,58.934212,0,58.934212,0,25.950081
55123,Vernon,WI,2050136139,Wisconsin,WI,Vernon,17.000000,19.000000,3.000000,30714.000000,26670.000000,True,metro,0,75.524640,0,75.524640,0,25.592622
55125,Vilas,WI,2221455734,Wisconsin,WI,Vilas,16.000000,17.000000,9.000000,23047.000000,23047.000000,True,nonmetro,0,118.305334,0,121.628136,0,72.507328
55127,Walworth,WI,1438448435,Wisconsin,WI,Walworth,48.000000,50.000000,4.000000,106478.000000,39296.000000,True,nonmetro,0,35.807068,0,35.807068,0,33.075070
55129,Washburn,WI,2064515991,Wisconsin,WI,Washburn,14.000000,12.000000,8.000000,16623.000000,16623.000000,True,nonmetro,0,66.105616,0,83.823435,0,65.091427
55131,Washington,WI,1115362166,Wisconsin,WI,Washington,66.000000,77.000000,1.000000,136761.000000,52460.000000,True,metro,0,26.787749,0,26.787749,0,26.787749
55133,Waukesha,WI,1423769478,Wisconsin,WI,Waukesha,215.000000,210.000000,1.000000,406978.000000,61892.000000,True,metro,0,17.692355,0,17.692355,0,17.692355
55135,Waupaca,WI,1936521055,Wisconsin,WI,Waupaca,26.000000,31.000000,6.000000,51812.000000,32974.000000,True,nonmetro,0,38.356897,0,38.356897,0,37.704277
55137,Waushara,WI,1621749913,Wisconsin,WI,Waushara,17.000000,19.000000,8.000000,24520.000000,24433.000000,True,nonmetro,0,58.329300,0,58.329300,0,56.140967
55139,Winnebago,WI,1125859770,Wisconsin,WI,Winnebago,69.000000,72.000000,3.000000,171730.000000,29905.000000,True,metro,0,32.799287,0,32.799287,0,32.799287
55141,Wood,WI,2053959984,Wisconsin,WI,Wood,45.000000,44.000000,4.000000,74207.000000,26327.000000,True,nonmetro,0,88.228615,0,88.228615,0,38.739685
56001,Albany,WY,11070455491,Wyoming,WY,Albany,,,4.000000,37066.000000,4805.000000,False,nonmetro,0,68.935575,0,68.935575,0,68.935575
56003,Big Horn,WY,8124681751,Wyoming,WY,Big Horn,,,9.000000,11521.000000,11521.000000,False,nonmetro,0,251.244285,0,251.244285,0,80.524356
56005,Campbell,WY,12437291886,Wyoming,WY,Campbell,13.000000,11.000000,5.000000,47026.000000,12604.000000,True,nonmetro,0,113.200935,0,113.200935,0,113.200935
56007,Carbon,WY,20455215114,Wyoming,WY,Carbon,,,7.000000,14537.000000,6837.000000,False,nonmetro,0,136.651024,0,136.651024,0,136.651024
56009,Converse,WY,11020385628,Wyoming,WY,Converse,,,6.000000,13751.000000,7253.000000,False,nonmetro,0,145.686551,0,145.686551,0,145.686551
56011,Crook,WY,7393068933,Wyoming,WY,Crook,,,9.000000,7181.000000,7181.000000,False,nonmetro,0,73.029174,0,73.029174,0,73.029174
56013,Fremont,WY,23785388836,Wyoming,WY,Fremont,18.000000,17.000000,7.000000,39234.000000,21023.000000,True,nonmetro,0,219.244861,0,219.244861,0,175.555810
56015,Goshen,WY,5764310950,Wyoming,WY,Goshen,,,7.000000,12498.000000,6062.000000,False,nonmetro,0,122.581544,0,122.581544,0,122.581544
56017,Hot Springs,WY,5191453508,Wyoming,WY,Hot Springs,,,9.000000,4621.000000,4621.000000,False,nonmetro,0,250.770811,0,250.770811,0,147.190885
56019,Johnson,WY,10759204098,Wyoming,WY,Johnson,,,9.000000,8447.000000,3931.000000,False,nonmetro,0,172.367308,0,172.367308,0,135.810590
56021,Laramie,WY,6956355039,Wyoming,WY,Laramie,38.000000,36.000000,3.000000,100512.000000,21262.000000,True,metro,0,54.896534,0,54.896534,0,54.896534
56023,Lincoln,WY,10555073813,Wyoming,WY,Lincoln,,,9.000000,19581.000000,19581.000000,False,nonmetro,0,123.371640,0,123.371640,0,73.482820
56025,Natrona,WY,13831928341,Wyoming,WY,Natrona,27.000000,26.000000,3.000000,79955.000000,12204.000000,True,metro,0,177.452661,0,177.452661,0,177.452661
56027,Niobrara,WY,6801380673,Wyoming,WY,Niobrara,,,9.000000,2467.000000,2467.000000,False,nonmetro,0,106.958482,0,106.958482,0,106.958482
56029,Park,WY,17972027719,Wyoming,WY,Park,15.000000,17.000000,7.000000,29624.000000,13140.000000,True,nonmetro,0,277.312695,0,277.312695,0,84.313257
56031,Platte,WY,5390953617,Wyoming,WY,Platte,,,8.000000,8605.000000,8605.000000,False,nonmetro,0,118.336031,0,118.336031,0,118.336031
56033,Sheridan,WY,6535475076,Wyoming,WY,Sheridan,17.000000,18.000000,7.000000,30921.000000,11491.000000,True,nonmetro,0,191.098467,0,191.098467,0,101.388682
56035,Sublette,WY,12655929030,Wyoming,WY,Sublette,,,9.000000,8728.000000,8728.000000,False,nonmetro,0,158.129732,0,158.129732,0,115.169299
56037,Sweetwater,WY,27005754359,Wyoming,WY,Sweetwater,15.000000,13.000000,5.000000,42272.000000,4546.000000,True,nonmetro,0,142.252025,0,142.252025,0,142.237070
56039,Teton,WY,10351790060,Wyoming,WY,Teton,,,7.000000,23331.000000,12571.000000,False,nonmetro,0,174.905999,0,174.905999,0,62.761528
56041,Uinta,WY,5391631765,Wyoming,WY,Uinta,,,7.000000,20450.000000,9034.000000,False,nonmetro,0,64.272851,0,64.272851,0,64.130026
56043,Washakie,WY,5798152471,Wyoming,WY,Washakie,,,9.000000,7685.000000,2796.000000,False,nonmetro,0,232.143470,0,232.143470,0,125.817360
56045,Weston,WY,6210804119,Wyoming,WY,Weston,,,9.000000,6838.000000,6838.000000,False,nonmetro,0,54.900986,0,54.900986,0,54.900986
