stateabbr,statedesc,countyname,countyfips,totalpopulation,totalpop18plus,stroke_crudeprev,stroke_crude95ci,stroke_adjprev,stroke_adj95ci,state_fips,trial_site_pairs_recruiting,trials_recruiting,facilities_recruiting,trial_site_pairs_active,trials_active,facilities_active,has_site_recruiting,sites_per_100k_recruiting,sites_per_100k_adults_recruiting,has_site_active,sites_per_100k_active,sites_per_100k_adults_active,potential_desert_recruiting,potential_desert_active,potential_desert_active_ageadj,burden_quintile,population_quintile
AL,Alabama,Autauga,01001,60342,46253,3.7,"( 3.3,  4.2)",3.2,"( 2.8,  3.6)",01,0,0,0,0,0,0,False,0.0,0.0,False,0.0,0.0,False,False,True,2,4
AL,Alabama,Baldwin,01003,253507,200397,3.8,"( 3.3,  4.3)",2.9,"( 2.5,  3.3)",01,2,2,2,2,2,2,True,0.7889328499804739,0.998018932419148,True,0.7889328499804739,0.998018932419148,False,False,False,2,5
AL,Alabama,Barbour,01005,24585,19517,5.8,"( 5.3,  6.5)",4.7,"( 4.3,  5.2)",01,0,0,0,0,0,0,False,0.0,0.0,False,0.0,0.0,True,True,True,5,3
AL,Alabama,Bibb,01007,21868,17522,4.7,"( 4.2,  5.3)",4.0,"( 3.6,  4.5)",01,0,0,0,0,0,0,False,0.0,0.0,False,0.0,0.0,True,True,True,4,3
AL,Alabama,Blount,01009,59816,46099,4.1,"( 3.5,  4.7)",3.3,"( 2.9,  3.7)",01,0,0,0,0,0,0,False,0.0,0.0,False,0.0,0.0,True,True,True,3,4
AL,Alabama,Bullock,01011,9897,7878,7.3,"( 6.6,  8.1)",6.2,"( 5.6,  6.8)",01,0,0,0,0,0,0,False,0.0,0.0,False,0.0,0.0,True,True,True,5,2
AL,Alabama,Butler,01013,18382,14276,5.5,"( 4.9,  6.1)",4.3,"( 3.8,  4.7)",01,0,0,0,0,0,0,False,0.0,0.0,False,0.0,0.0,True,True,True,5,2
AL,Alabama,Calhoun,01015,116429,91555,4.2,"( 3.8,  4.8)",3.6,"( 3.3,  4.1)",01,0,0,0,0,0,0,False,0.0,0.0,False,0.0,0.0,True,True,True,3,5
AL,Alabama,Chambers,01017,34079,26970,5.2,"( 4.6,  5.8)",4.1,"( 3.7,  4.5)",01,0,0,0,0,0,0,False,0.0,0.0,False,0.0,0.0,True,True,True,5,3
AL,Alabama,Cherokee,01019,25666,20877,4.8,"( 4.2,  5.5)",3.5,"( 3.0,  3.9)",01,0,0,0,0,0,0,False,0.0,0.0,False,0.0,0.0,True,True,True,5,3
AL,Alabama,Chilton,01021,46431,35269,4.0,"( 3.5,  4.5)",3.4,"( 3.0,  3.8)",01,0,0,0,0,0,0,False,0.0,0.0,False,0.0,0.0,False,False,True,3,4
AL,Alabama,Choctaw,01023,12252,9839,6.0,"( 5.4,  6.7)",4.3,"( 3.9,  4.8)",01,0,0,0,0,0,0,False,0.0,0.0,False,0.0,0.0,True,True,True,5,2
AL,Alabama,Clarke,01025,22337,17444,5.3,"( 4.8,  6.0)",4.1,"( 3.7,  4.6)",01,0,0,0,0,0,0,False,0.0,0.0,False,0.0,0.0,True,True,True,5,3
AL,Alabama,Clay,01027,14111,11157,4.9,"( 4.3,  5.6)",3.7,"( 3.3,  4.2)",01,0,0,0,0,0,0,False,0.0,0.0,False,0.0,0.0,True,True,True,5,2
AL,Alabama,Cleburne,01029,15639,12016,4.3,"( 3.7,  5.0)",3.4,"( 2.9,  3.9)",01,0,0,0,0,0,0,False,0.0,0.0,False,0.0,0.0,True,True,True,4,2
AL,Alabama,Coffee,01031,55643,42235,4.2,"( 3.7,  4.7)",3.5,"( 3.2,  4.0)",01,0,0,0,0,0,0,False,0.0,0.0,False,0.0,0.0,True,True,True,3,4
AL,Alabama,Colbert,01033,58361,45890,4.3,"( 3.8,  4.9)",3.4,"( 3.0,  3.8)",01,0,0,0,0,0,0,False,0.0,0.0,False,0.0,0.0,True,True,True,4,4
AL,Alabama,Conecuh,01035,11174,8894,6.7,"( 6.0,  7.4)",4.8,"( 4.3,  5.3)",01,0,0,0,0,0,0,False,0.0,0.0,False,0.0,0.0,True,True,True,5,2
AL,Alabama,Coosa,01037,10268,8603,5.5,"( 4.8,  6.2)",3.9,"( 3.4,  4.3)",01,0,0,0,0,0,0,False,0.0,0.0,False,0.0,0.0,True,True,True,5,2
AL,Alabama,Covington,01039,37952,29514,4.9,"( 4.3,  5.5)",3.7,"( 3.3,  4.1)",01,1,1,1,1,1,1,True,2.6349072512647553,3.3882225384563256,True,2.6349072512647553,3.3882225384563256,False,False,False,5,4
AL,Alabama,Crenshaw,01041,13101,10066,4.8,"( 4.3,  5.4)",3.8,"( 3.4,  4.3)",01,0,0,0,0,0,0,False,0.0,0.0,False,0.0,0.0,True,True,True,5,2
AL,Alabama,Cullman,01043,92016,71431,4.0,"( 3.5,  4.6)",3.3,"( 2.8,  3.7)",01,0,0,0,0,0,0,False,0.0,0.0,False,0.0,0.0,False,False,True,3,4
AL,Alabama,Dale,01045,49871,38227,4.4,"( 3.9,  5.0)",3.8,"( 3.4,  4.2)",01,0,0,0,0,0,0,False,0.0,0.0,False,0.0,0.0,True,True,True,4,4
AL,Alabama,Dallas,01047,36165,27736,6.6,"( 5.9,  7.3)",5.2,"( 4.6,  5.7)",01,0,0,0,0,0,0,False,0.0,0.0,False,0.0,0.0,True,True,True,5,3
AL,Alabama,DeKalb,01049,72569,55297,4.6,"( 4.0,  5.3)",3.9,"( 3.4,  4.4)",01,0,0,0,0,0,0,False,0.0,0.0,False,0.0,0.0,True,True,True,4,4
AL,Alabama,Elmore,01051,90441,71010,3.7,"( 3.3,  4.2)",3.2,"( 2.9,  3.6)",01,0,0,0,0,0,0,False,0.0,0.0,False,0.0,0.0,False,False,True,2,4
AL,Alabama,Escambia,01053,36558,28282,5.5,"( 5.0,  6.1)",4.6,"( 4.1,  5.0)",01,0,0,0,0,0,0,False,0.0,0.0,False,0.0,0.0,True,True,True,5,3
AL,Alabama,Etowah,01055,103241,80652,4.5,"( 4.0,  5.1)",3.7,"( 3.2,  4.1)",01,0,0,0,0,0,0,False,0.0,0.0,False,0.0,0.0,True,True,True,4,5
AL,Alabama,Fayette,01057,15967,12532,5.0,"( 4.4,  5.6)",3.8,"( 3.4,  4.3)",01,0,0,0,0,0,0,False,0.0,0.0,False,0.0,0.0,True,True,True,5,2
AL,Alabama,Franklin,01059,31802,23799,4.7,"( 4.1,  5.3)",3.9,"( 3.4,  4.4)",01,0,0,0,0,0,0,False,0.0,0.0,False,0.0,0.0,True,True,True,4,3
AL,Alabama,Geneva,01061,26988,21061,4.9,"( 4.4,  5.5)",3.8,"( 3.4,  4.3)",01,0,0,0,0,0,0,False,0.0,0.0,False,0.0,0.0,True,True,True,5,3
AL,Alabama,Greene,01063,7341,5755,8.4,"( 7.4,  9.5)",6.1,"( 5.4,  6.9)",01,0,0,0,0,0,0,False,0.0,0.0,False,0.0,0.0,True,True,True,5,1
AL,Alabama,Hale,01065,14888,11246,5.8,"( 5.2,  6.5)",4.7,"( 4.2,  5.2)",01,0,0,0,0,0,0,False,0.0,0.0,False,0.0,0.0,True,True,True,5,2
AL,Alabama,Henry,01067,17899,14236,4.9,"( 4.3,  5.6)",3.7,"( 3.3,  4.1)",01,0,0,0,0,0,0,False,0.0,0.0,False,0.0,0.0,True,True,True,5,2
AL,Alabama,Houston,01069,108462,83709,4.5,"( 4.0,  5.0)",3.7,"( 3.3,  4.1)",01,3,3,1,3,3,1,True,2.7659456768269073,3.583844031107766,True,2.7659456768269073,3.583844031107766,False,False,False,4,5
AL,Alabama,Jackson,01071,53467,42355,4.7,"( 4.1,  5.4)",3.7,"( 3.3,  4.2)",01,0,0,0,0,0,0,False,0.0,0.0,False,0.0,0.0,True,True,True,4,4
AL,Alabama,Jefferson,01073,662895,511715,4.1,"( 3.6,  4.6)",3.6,"( 3.2,  4.0)",01,7,7,2,7,7,2,True,1.0559741738887758,1.3679489559618148,True,1.0559741738887758,1.3679489559618148,False,False,False,3,5
AL,Alabama,Lamar,01075,13661,10648,5.1,"( 4.4,  5.8)",3.8,"( 3.3,  4.3)",01,0,0,0,0,0,0,False,0.0,0.0,False,0.0,0.0,True,True,True,5,2
AL,Alabama,Lauderdale,01077,96814,78262,3.9,"( 3.4,  4.4)",3.2,"( 2.8,  3.6)",01,0,0,0,0,0,0,False,0.0,0.0,False,0.0,0.0,False,False,True,3,4
AL,Alabama,Lawrence,01079,33502,26186,4.6,"( 4.1,  5.1)",3.7,"( 3.3,  4.1)",01,0,0,0,0,0,0,False,0.0,0.0,False,0.0,0.0,True,True,True,4,3
AL,Alabama,Lee,01081,183215,145050,3.2,"( 2.9,  3.6)",3.3,"( 2.9,  3.7)",01,0,0,0,0,0,0,False,0.0,0.0,False,0.0,0.0,False,False,True,1,5
AL,Alabama,Limestone,01083,114654,89453,3.4,"( 3.0,  3.8)",3.0,"( 2.6,  3.4)",01,0,0,0,0,0,0,False,0.0,0.0,False,0.0,0.0,False,False,False,1,5
AL,Alabama,Lowndes,01085,9717,7570,7.2,"( 6.4,  8.0)",5.6,"( 5.0,  6.2)",01,0,0,0,0,0,0,False,0.0,0.0,False,0.0,0.0,True,True,True,5,2
AL,Alabama,Macon,01087,18370,15322,5.7,"( 5.0,  6.4)",4.8,"( 4.3,  5.4)",01,0,0,0,0,0,0,False,0.0,0.0,False,0.0,0.0,True,True,True,5,2
AL,Alabama,Madison,01089,412600,324132,3.2,"( 2.8,  3.6)",2.9,"( 2.5,  3.2)",01,1,1,1,1,1,1,True,0.2423654871546292,0.3085162834894426,True,0.2423654871546292,0.3085162834894426,False,False,False,1,5
AL,Alabama,Marengo,01091,18684,14502,5.5,"( 4.9,  6.2)",4.4,"( 3.9,  4.9)",01,0,0,0,0,0,0,False,0.0,0.0,False,0.0,0.0,True,True,True,5,2
AL,Alabama,Marion,01093,29244,23108,4.8,"( 4.1,  5.5)",3.7,"( 3.2,  4.1)",01,0,0,0,0,0,0,False,0.0,0.0,False,0.0,0.0,True,True,True,5,3
AL,Alabama,Marshall,01095,100756,74538,4.0,"( 3.4,  4.6)",3.4,"( 2.9,  3.8)",01,0,0,0,0,0,0,False,0.0,0.0,False,0.0,0.0,False,False,True,3,5
AL,Alabama,Mobile,01097,411640,316274,4.3,"( 3.8,  4.8)",3.7,"( 3.3,  4.1)",01,3,3,3,3,3,3,True,0.7287921484792537,0.948544616376939,True,0.7287921484792537,0.948544616376939,False,False,False,4,5
AL,Alabama,Monroe,01099,19229,15175,5.9,"( 5.3,  6.5)",4.5,"( 4.1,  5.0)",01,0,0,0,0,0,0,False,0.0,0.0,False,0.0,0.0,True,True,True,5,3
AL,Alabama,Montgomery,01101,224980,170733,4.5,"( 4.0,  5.0)",4.0,"( 3.6,  4.5)",01,0,0,0,0,0,0,False,0.0,0.0,False,0.0,0.0,True,True,True,4,5
AL,Alabama,Morgan,01103,125133,96099,4.0,"( 3.5,  4.5)",3.3,"( 2.9,  3.8)",01,0,0,0,0,0,0,False,0.0,0.0,False,0.0,0.0,False,False,True,3,5
AL,Alabama,Perry,01105,7738,6081,7.4,"( 6.6,  8.3)",5.8,"( 5.2,  6.5)",01,0,0,0,0,0,0,False,0.0,0.0,False,0.0,0.0,True,True,True,5,1
AL,Alabama,Pickens,01107,18688,15154,5.2,"( 4.7,  5.7)",4.3,"( 3.9,  4.7)",01,0,0,0,0,0,0,False,0.0,0.0,False,0.0,0.0,True,True,True,5,2
AL,Alabama,Pike,01109,33137,26665,4.0,"( 3.6,  4.5)",4.1,"( 3.6,  4.5)",01,0,0,0,0,0,0,False,0.0,0.0,False,0.0,0.0,False,False,True,3,3
AL,Alabama,Randolph,01111,22786,17988,4.7,"( 4.1,  5.3)",3.6,"( 3.2,  4.1)",01,0,0,0,0,0,0,False,0.0,0.0,False,0.0,0.0,True,True,True,4,3
AL,Alabama,Russell,01113,58744,44343,4.8,"( 4.3,  5.3)",4.3,"( 3.8,  4.7)",01,0,0,0,0,0,0,False,0.0,0.0,False,0.0,0.0,True,True,True,5,4
AL,Alabama,St. Clair,01115,95552,74442,3.7,"( 3.3,  4.2)",3.1,"( 2.7,  3.5)",01,0,0,0,0,0,0,False,0.0,0.0,False,0.0,0.0,False,False,False,2,4
AL,Alabama,Shelby,01117,233000,180682,3.0,"( 2.6,  3.4)",2.5,"( 2.2,  2.9)",01,0,0,0,0,0,0,False,0.0,0.0,False,0.0,0.0,False,False,False,1,5
AL,Alabama,Sumter,01119,11727,9434,5.8,"( 5.2,  6.5)",5.1,"( 4.6,  5.7)",01,0,0,0,0,0,0,False,0.0,0.0,False,0.0,0.0,True,True,True,5,2
AL,Alabama,Talladega,01121,81132,64467,4.8,"( 4.3,  5.3)",3.9,"( 3.5,  4.3)",01,0,0,0,0,0,0,False,0.0,0.0,False,0.0,0.0,True,True,True,5,4
AL,Alabama,Tallapoosa,01123,40677,32607,4.9,"( 4.3,  5.5)",3.6,"( 3.2,  4.0)",01,1,1,1,1,1,1,True,2.4583917201366865,3.066826141626031,True,2.4583917201366865,3.066826141626031,False,False,False,5,4
AL,Alabama,Tuscaloosa,01125,237373,189087,3.4,"( 3.0,  3.8)",3.5,"( 3.1,  3.9)",01,0,0,0,0,0,0,False,0.0,0.0,False,0.0,0.0,False,False,True,1,5
AL,Alabama,Walker,01127,64728,49914,4.4,"( 3.9,  5.0)",3.5,"( 3.1,  4.0)",01,0,0,0,0,0,0,False,0.0,0.0,False,0.0,0.0,True,True,True,4,4
AL,Alabama,Washington,01129,15022,11806,4.9,"( 4.4,  5.4)",3.8,"( 3.4,  4.1)",01,0,0,0,0,0,0,False,0.0,0.0,False,0.0,0.0,True,True,True,5,2
AL,Alabama,Wilcox,01131,9944,7755,7.3,"( 6.4,  8.1)",5.5,"( 4.9,  6.1)",01,0,0,0,0,0,0,False,0.0,0.0,False,0.0,0.0,True,True,True,5,2
AL,Alabama,Winston,01133,23611,18837,5.0,"( 4.4,  5.7)",3.8,"( 3.3,  4.2)",01,0,0,0,0,0,0,False,0.0,0.0,False,0.0,0.0,True,True,True,5,3
AK,Alaska,Aleutians East,02013,3461,3270,3.2,"( 2.8,  3.5)",3.6,"( 3.1,  4.0)",02,0,0,0,0,0,0,False,0.0,0.0,False,0.0,0.0,False,False,True,1,1
AK,Alaska,Aleutians West,02016,5160,4734,2.6,"( 2.3,  2.8)",3.1,"( 2.8,  3.4)",02,0,0,0,0,0,0,False,0.0,0.0,False,0.0,0.0,False,False,False,1,1
AK,Alaska,Anchorage,02020,286075,219385,2.8,"( 2.5,  3.1)",2.8,"( 2.5,  3.2)",02,0,0,0,0,0,0,False,0.0,0.0,False,0.0,0.0,False,False,False,1,5
AK,Alaska,Bethel,02050,18224,11798,4.8,"( 4.3,  5.4)",5.4,"( 4.8,  6.0)",02,0,0,0,0,0,0,False,0.0,0.0,False,0.0,0.0,True,True,True,5,2
AK,Alaska,Bristol Bay,02060,844,663,4.1,"( 3.6,  4.5)",3.2,"( 2.9,  3.6)",02,0,0,0,0,0,0,False,0.0,0.0,False,0.0,0.0,True,True,True,3,1
AK,Alaska,Chugach,02063,6769,5268,3.2,"( 2.9,  3.6)",2.8,"( 2.5,  3.2)",02,0,0,0,0,0,0,False,0.0,0.0,False,0.0,0.0,False,False,False,1,1
AK,Alaska,Copper River,02066,2674,1994,4.1,"( 3.6,  4.6)",3.2,"( 2.9,  3.6)",02,0,0,0,0,0,0,False,0.0,0.0,False,0.0,0.0,True,True,True,3,1
AK,Alaska,Denali,02068,1584,1291,2.9,"( 2.6,  3.3)",2.8,"( 2.5,  3.1)",02,0,0,0,0,0,0,False,0.0,0.0,False,0.0,0.0,False,False,False,1,1
AK,Alaska,Dillingham,02070,4607,3180,4.4,"( 3.9,  5.0)",4.4,"( 3.9,  5.0)",02,0,0,0,0,0,0,False,0.0,0.0,False,0.0,0.0,True,True,True,4,1
AK,Alaska,Fairbanks North Star,02090,94840,72305,2.5,"( 2.2,  2.8)",2.7,"( 2.4,  3.0)",02,0,0,0,0,0,0,False,0.0,0.0,False,0.0,0.0,False,False,False,1,4
AK,Alaska,Haines,02100,2070,1718,3.8,"( 3.3,  4.3)",2.7,"( 2.4,  3.1)",02,0,0,0,0,0,0,False,0.0,0.0,False,0.0,0.0,False,False,False,2,1
AK,Alaska,Hoonah-Angoon,02105,2262,1889,5.1,"( 4.6,  5.7)",3.6,"( 3.2,  4.0)",02,0,0,0,0,0,0,False,0.0,0.0,False,0.0,0.0,True,True,True,5,1
AK,Alaska,Juneau,02110,31555,25267,3.0,"( 2.7,  3.4)",2.7,"( 2.4,  3.0)",02,0,0,0,0,0,0,False,0.0,0.0,False,0.0,0.0,False,False,False,1,3
AK,Alaska,Kenai Peninsula,02122,61223,47721,3.6,"( 3.1,  4.0)",2.9,"( 2.5,  3.3)",02,0,0,0,0,0,0,False,0.0,0.0,False,0.0,0.0,False,False,False,2,4
AK,Alaska,Ketchikan Gateway,02130,13738,11023,3.4,"( 3.1,  3.8)",2.9,"( 2.6,  3.2)",02,0,0,0,0,0,0,False,0.0,0.0,False,0.0,0.0,False,False,False,1,2
AK,Alaska,Kodiak Island,02150,12565,9632,2.9,"( 2.7,  3.2)",2.9,"( 2.6,  3.1)",02,0,0,0,0,0,0,False,0.0,0.0,False,0.0,0.0,False,False,False,1,2
AK,Alaska,Kusilvak,02158,8001,4640,5.4,"( 4.8,  6.0)",6.2,"( 5.5,  6.9)",02,0,0,0,0,0,0,False,0.0,0.0,False,0.0,0.0,True,True,True,5,1
AK,Alaska,Lake and Peninsula,02164,1331,964,4.8,"( 4.3,  5.4)",4.3,"( 3.8,  4.8)",02,0,0,0,0,0,0,False,0.0,0.0,False,0.0,0.0,True,True,True,5,1
AK,Alaska,Matanuska-Susitna,02170,115239,86125,3.1,"( 2.8,  3.5)",3.0,"( 2.6,  3.3)",02,0,0,0,0,0,0,False,0.0,0.0,False,0.0,0.0,False,False,False,1,5
AK,Alaska,Nome,02180,9763,6487,4.3,"( 3.8,  4.8)",4.8,"( 4.3,  5.4)",02,0,0,0,0,0,0,False,0.0,0.0,False,0.0,0.0,True,True,True,4,2
AK,Alaska,North Slope,02185,10603,7948,3.2,"( 2.9,  3.6)",3.5,"( 3.1,  3.9)",02,0,0,0,0,0,0,False,0.0,0.0,False,0.0,0.0,False,False,True,1,2
AK,Alaska,Northwest Arctic,02188,7361,4551,4.5,"( 4.0,  5.0)",4.8,"( 4.3,  5.4)",02,0,0,0,0,0,0,False,0.0,0.0,False,0.0,0.0,True,True,True,4,1
AK,Alaska,Petersburg,02195,3427,2729,3.6,"( 3.2,  4.1)",2.9,"( 2.5,  3.2)",02,0,0,0,0,0,0,False,0.0,0.0,False,0.0,0.0,False,False,False,2,1
AK,Alaska,Prince of Wales-Hyder,02198,5696,4429,4.8,"( 4.4,  5.4)",3.9,"( 3.5,  4.3)",02,0,0,0,0,0,0,False,0.0,0.0,False,0.0,0.0,True,True,True,5,1
AK,Alaska,Sitka,02220,8282,6728,3.3,"( 2.9,  3.6)",2.8,"( 2.4,  3.1)",02,0,0,0,0,0,0,False,0.0,0.0,False,0.0,0.0,False,False,False,1,1
AK,Alaska,Skagway,02230,1095,925,3.2,"( 2.8,  3.6)",2.7,"( 2.4,  3.1)",02,0,0,0,0,0,0,False,0.0,0.0,False,0.0,0.0,False,False,False,1,1
AK,Alaska,Southeast Fairbanks,02240,7077,5262,3.7,"( 3.3,  4.2)",3.3,"( 2.9,  3.7)",02,0,0,0,0,0,0,False,0.0,0.0,False,0.0,0.0,False,False,True,2,1
AK,Alaska,Wrangell,02275,2064,1686,4.8,"( 4.3,  5.3)",3.3,"( 3.0,  3.6)",02,0,0,0,0,0,0,False,0.0,0.0,False,0.0,0.0,True,True,True,5,1
AK,Alaska,Yakutat,02282,687,555,4.8,"( 4.3,  5.3)",3.7,"( 3.3,  4.1)",02,0,0,0,0,0,0,False,0.0,0.0,False,0.0,0.0,True,True,True,5,1
AK,Alaska,Yukon-Koyukuk,02290,5129,3732,5.6,"( 5.0,  6.2)",4.7,"( 4.2,  5.2)",02,0,0,0,0,0,0,False,0.0,0.0,False,0.0,0.0,True,True,True,5,1
AZ,Arizona,Apache,04001,65036,48365,6.0,"( 5.3,  6.7)",5.2,"( 4.6,  5.8)",04,0,0,0,0,0,0,False,0.0,0.0,False,0.0,0.0,True,True,True,5,4
AZ,Arizona,Cochise,04003,124640,99219,4.3,"( 3.8,  4.9)",3.2,"( 2.8,  3.6)",04,0,0,0,0,0,0,False,0.0,0.0,False,0.0,0.0,True,True,True,4,5
AZ,Arizona,Coconino,04005,144472,116865,3.1,"( 2.8,  3.5)",3.3,"( 2.9,  3.6)",04,0,0,0,0,0,0,False,0.0,0.0,False,0.0,0.0,False,False,True,1,5
AZ,Arizona,Gila,04007,54003,43968,5.2,"( 4.6,  5.9)",3.4,"( 3.0,  3.8)",04,0,0,0,0,0,0,False,0.0,0.0,False,0.0,0.0,True,True,True,5,4
AZ,Arizona,Graham,04009,39525,29109,3.6,"( 3.2,  4.0)",3.4,"( 3.1,  3.8)",04,0,0,0,0,0,0,False,0.0,0.0,False,0.0,0.0,False,False,True,2,4
AZ,Arizona,Greenlee,04011,9369,6858,2.9,"( 2.6,  3.2)",2.7,"( 2.5,  3.1)",04,0,0,0,0,0,0,False,0.0,0.0,False,0.0,0.0,False,False,False,1,2
AZ,Arizona,La Paz,04012,16710,14156,6.8,"( 5.8,  7.9)",3.6,"( 3.2,  4.0)",04,0,0,0,0,0,0,False,0.0,0.0,False,0.0,0.0,True,True,True,5,2
AZ,Arizona,Maricopa,04013,4585871,3572375,3.0,"( 2.7,  3.5)",2.7,"( 2.4,  3.1)",04,9,8,9,9,8,9,True,0.19625497533620112,0.2519332376920116,True,0.19625497533620112,0.2519332376920116,False,False,False,1,5
AZ,Arizona,Mohave,04015,223682,187847,5.2,"( 4.5,  5.9)",3.3,"( 2.9,  3.8)",04,0,0,0,0,0,0,False,0.0,0.0,False,0.0,0.0,True,True,True,5,5
AZ,Arizona,Navajo,04017,109175,82055,5.2,"( 4.7,  5.8)",4.2,"( 3.8,  4.6)",04,0,0,0,0,0,0,False,0.0,0.0,False,0.0,0.0,True,True,True,5,5
AZ,Arizona,Pima,04019,1063162,858060,3.6,"( 3.1,  4.0)",2.9,"( 2.6,  3.3)",04,7,7,6,7,7,6,True,0.6584132991961714,0.8157937673356176,True,0.6584132991961714,0.8157937673356176,False,False,False,2,5
AZ,Arizona,Pinal,04021,484239,380282,3.8,"( 3.4,  4.2)",3.0,"( 2.7,  3.4)",04,0,0,0,0,0,0,False,0.0,0.0,False,0.0,0.0,False,False,False,2,5
AZ,Arizona,Santa Cruz,04023,49158,36812,4.1,"( 3.6,  4.6)",3.3,"( 2.9,  3.7)",04,0,0,0,0,0,0,False,0.0,0.0,False,0.0,0.0,True,True,True,3,4
AZ,Arizona,Yavapai,04025,249081,211150,4.5,"( 3.9,  5.3)",2.8,"( 2.5,  3.3)",04,0,0,0,0,0,0,False,0.0,0.0,False,0.0,0.0,True,True,False,4,5
AZ,Arizona,Yuma,04027,213221,161189,4.2,"( 3.7,  4.7)",3.4,"( 3.0,  3.8)",04,0,0,0,0,0,0,False,0.0,0.0,False,0.0,0.0,True,True,True,3,5
AR,Arkansas,Arkansas,05001,16307,12549,4.7,"( 4.1,  5.2)",3.6,"( 3.2,  4.1)",05,0,0,0,0,0,0,False,0.0,0.0,False,0.0,0.0,True,True,True,4,2
AR,Arkansas,Ashley,05003,18262,14105,5.7,"( 5.1,  6.3)",4.2,"( 3.8,  4.7)",05,0,0,0,0,0,0,False,0.0,0.0,False,0.0,0.0,True,True,True,5,2
AR,Arkansas,Baxter,05005,42875,35338,5.2,"( 4.5,  6.0)",3.4,"( 3.0,  3.9)",05,0,0,0,0,0,0,False,0.0,0.0,False,0.0,0.0,True,True,True,5,4
AR,Arkansas,Benton,05007,311013,232841,2.8,"( 2.4,  3.2)",2.7,"( 2.3,  3.0)",05,0,0,0,0,0,0,False,0.0,0.0,False,0.0,0.0,False,False,False,1,5
AR,Arkansas,Boone,05009,38530,29802,4.1,"( 3.6,  4.7)",3.2,"( 2.8,  3.6)",05,0,0,0,0,0,0,False,0.0,0.0,False,0.0,0.0,True,True,True,3,4
AR,Arkansas,Bradley,05011,10104,7612,5.3,"( 4.8,  5.9)",4.2,"( 3.8,  4.7)",05,0,0,0,0,0,0,False,0.0,0.0,False,0.0,0.0,True,True,True,5,2
AR,Arkansas,Calhoun,05013,4641,3792,4.6,"( 4.0,  5.1)",3.4,"( 3.1,  3.8)",05,0,0,0,0,0,0,False,0.0,0.0,False,0.0,0.0,True,True,True,4,1
AR,Arkansas,Carroll,05015,28814,22640,4.7,"( 4.1,  5.4)",3.4,"( 3.0,  3.9)",05,0,0,0,0,0,0,False,0.0,0.0,False,0.0,0.0,True,True,True,4,3
AR,Arkansas,Chicot,05017,9538,7511,6.3,"( 5.6,  7.1)",4.8,"( 4.3,  5.3)",05,0,0,0,0,0,0,False,0.0,0.0,False,0.0,0.0,True,True,True,5,2
AR,Arkansas,Clark,05019,21274,16965,3.9,"( 3.5,  4.4)",3.8,"( 3.4,  4.2)",05,0,0,0,0,0,0,False,0.0,0.0,False,0.0,0.0,False,False,True,3,3
AR,Arkansas,Clay,05021,14201,11154,4.6,"( 4.0,  5.2)",3.5,"( 3.1,  4.0)",05,0,0,0,0,0,0,False,0.0,0.0,False,0.0,0.0,True,True,True,4,2
AR,Arkansas,Cleburne,05023,25445,20693,5.0,"( 4.3,  5.7)",3.4,"( 3.0,  3.8)",05,0,0,0,0,0,0,False,0.0,0.0,False,0.0,0.0,True,True,True,5,3
AR,Arkansas,Cleveland,05025,7378,5798,4.7,"( 4.2,  5.3)",3.6,"( 3.2,  4.0)",05,0,0,0,0,0,0,False,0.0,0.0,False,0.0,0.0,True,True,True,4,1
AR,Arkansas,Columbia,05027,22150,17425,4.4,"( 4.0,  5.0)",4.0,"( 3.6,  4.5)",05,0,0,0,0,0,0,False,0.0,0.0,False,0.0,0.0,True,True,True,4,3
AR,Arkansas,Conway,05029,21077,16337,4.8,"( 4.3,  5.5)",3.8,"( 3.4,  4.3)",05,0,0,0,0,0,0,False,0.0,0.0,False,0.0,0.0,True,True,True,5,3
AR,Arkansas,Craighead,05031,113993,85259,3.5,"( 3.1,  4.0)",3.4,"( 3.0,  3.8)",05,1,1,1,1,1,1,True,0.8772468484906968,1.1728967029873678,True,0.8772468484906968,1.1728967029873678,False,False,False,2,5
AR,Arkansas,Crawford,05033,61891,47058,4.0,"( 3.5,  4.6)",3.3,"( 2.9,  3.8)",05,0,0,0,0,0,0,False,0.0,0.0,False,0.0,0.0,False,False,True,3,4
AR,Arkansas,Crittenden,05035,47139,34414,4.9,"( 4.4,  5.5)",4.4,"( 4.0,  4.9)",05,0,0,0,0,0,0,False,0.0,0.0,False,0.0,0.0,True,True,True,5,4
AR,Arkansas,Cross,05037,16420,12527,5.0,"( 4.4,  5.6)",4.1,"( 3.7,  4.5)",05,0,0,0,0,0,0,False,0.0,0.0,False,0.0,0.0,True,True,True,5,2
AR,Arkansas,Dallas,05039,6185,4934,5.3,"( 4.8,  5.9)",3.8,"( 3.4,  4.1)",05,0,0,0,0,0,0,False,0.0,0.0,False,0.0,0.0,True,True,True,5,1
AR,Arkansas,Desha,05041,10479,7909,6.7,"( 6.0,  7.5)",5.2,"( 4.7,  5.9)",05,0,0,0,0,0,0,False,0.0,0.0,False,0.0,0.0,True,True,True,5,2
AR,Arkansas,Drew,05043,16945,13230,4.7,"( 4.2,  5.3)",4.0,"( 3.6,  4.5)",05,0,0,0,0,0,0,False,0.0,0.0,False,0.0,0.0,True,True,True,4,2
AR,Arkansas,Faulkner,05045,129951,100739,3.1,"( 2.7,  3.5)",3.1,"( 2.7,  3.5)",05,0,0,0,0,0,0,False,0.0,0.0,False,0.0,0.0,False,False,False,1,5
AR,Arkansas,Franklin,05047,17468,13545,4.7,"( 4.1,  5.4)",3.7,"( 3.2,  4.2)",05,0,0,0,0,0,0,False,0.0,0.0,False,0.0,0.0,True,True,True,4,2
AR,Arkansas,Fulton,05049,12421,9795,5.7,"( 4.9,  6.4)",3.9,"( 3.4,  4.4)",05,0,0,0,0,0,0,False,0.0,0.0,False,0.0,0.0,True,True,True,5,2
AR,Arkansas,Garland,05051,99784,80189,4.5,"( 3.9,  5.2)",3.3,"( 2.9,  3.7)",05,0,0,0,0,0,0,False,0.0,0.0,False,0.0,0.0,True,True,True,4,5
AR,Arkansas,Grant,05053,18383,14319,3.7,"( 3.3,  4.2)",3.0,"( 2.7,  3.4)",05,0,0,0,0,0,0,False,0.0,0.0,False,0.0,0.0,False,False,False,2,2
AR,Arkansas,Greene,05055,46743,35680,4.0,"( 3.5,  4.5)",3.5,"( 3.0,  3.9)",05,0,0,0,0,0,0,False,0.0,0.0,False,0.0,0.0,False,False,True,3,4
AR,Arkansas,Hempstead,05057,19343,14429,5.0,"( 4.5,  5.6)",4.0,"( 3.6,  4.4)",05,0,0,0,0,0,0,False,0.0,0.0,False,0.0,0.0,True,True,True,5,3
AR,Arkansas,Hot Spring,05059,33258,26928,4.4,"( 3.9,  4.9)",3.6,"( 3.2,  4.0)",05,0,0,0,0,0,0,False,0.0,0.0,False,0.0,0.0,True,True,True,4,3
AR,Arkansas,Howard,05061,12533,9311,4.6,"( 4.1,  5.1)",3.7,"( 3.3,  4.1)",05,0,0,0,0,0,0,False,0.0,0.0,False,0.0,0.0,True,True,True,4,2
AR,Arkansas,Independence,05063,38320,29054,4.2,"( 3.6,  4.7)",3.5,"( 3.1,  3.9)",05,0,0,0,0,0,0,False,0.0,0.0,False,0.0,0.0,True,True,True,3,4
AR,Arkansas,Izard,05065,14169,11629,5.3,"( 4.5,  6.0)",3.8,"( 3.3,  4.3)",05,0,0,0,0,0,0,False,0.0,0.0,False,0.0,0.0,True,True,True,5,2
AR,Arkansas,Jackson,05067,16784,13466,4.8,"( 4.2,  5.4)",4.2,"( 3.7,  4.7)",05,0,0,0,0,0,0,False,0.0,0.0,False,0.0,0.0,True,True,True,5,2
AR,Arkansas,Jefferson,05069,63661,50000,5.2,"( 4.7,  5.8)",4.4,"( 4.0,  4.9)",05,0,0,0,0,0,0,False,0.0,0.0,False,0.0,0.0,True,True,True,5,4
AR,Arkansas,Johnson,05071,26129,19835,4.4,"( 3.8,  5.0)",3.7,"( 3.2,  4.1)",05,0,0,0,0,0,0,False,0.0,0.0,False,0.0,0.0,True,True,True,4,3
AR,Arkansas,Lafayette,05073,6095,4961,6.7,"( 6.1,  7.5)",4.7,"( 4.3,  5.3)",05,0,0,0,0,0,0,False,0.0,0.0,False,0.0,0.0,True,True,True,5,1
AR,Arkansas,Lawrence,05075,16318,12703,4.7,"( 4.1,  5.3)",3.8,"( 3.3,  4.3)",05,0,0,0,0,0,0,False,0.0,0.0,False,0.0,0.0,True,True,True,4,2
AR,Arkansas,Lee,05077,8201,6761,6.3,"( 5.6,  6.9)",5.2,"( 4.7,  5.8)",05,0,0,0,0,0,0,False,0.0,0.0,False,0.0,0.0,True,True,True,5,1
AR,Arkansas,Lincoln,05079,12898,10904,4.2,"( 3.7,  4.7)",4.1,"( 3.7,  4.6)",05,0,0,0,0,0,0,False,0.0,0.0,False,0.0,0.0,True,True,True,3,2
AR,Arkansas,Little River,05081,11805,9237,4.9,"( 4.4,  5.5)",3.8,"( 3.4,  4.1)",05,0,0,0,0,0,0,False,0.0,0.0,False,0.0,0.0,True,True,True,5,2
AR,Arkansas,Logan,05083,21400,16752,4.5,"( 3.9,  5.1)",3.5,"( 3.1,  4.0)",05,0,0,0,0,0,0,False,0.0,0.0,False,0.0,0.0,True,True,True,4,3
AR,Arkansas,Lonoke,05085,75944,57386,3.3,"( 2.9,  3.8)",3.0,"( 2.7,  3.4)",05,0,0,0,0,0,0,False,0.0,0.0,False,0.0,0.0,False,False,False,1,4
AR,Arkansas,Madison,05087,17775,13547,4.4,"( 3.9,  5.0)",3.5,"( 3.1,  4.0)",05,0,0,0,0,0,0,False,0.0,0.0,False,0.0,0.0,True,True,True,4,2
AR,Arkansas,Marion,05089,17514,14236,5.4,"( 4.6,  6.1)",3.5,"( 3.1,  4.0)",05,0,0,0,0,0,0,False,0.0,0.0,False,0.0,0.0,True,True,True,5,2
AR,Arkansas,Miller,05091,42415,32396,4.7,"( 4.2,  5.3)",4.0,"( 3.6,  4.5)",05,0,0,0,0,0,0,False,0.0,0.0,False,0.0,0.0,True,True,True,4,4
AR,Arkansas,Mississippi,05093,38663,28644,4.6,"( 4.2,  5.2)",4.1,"( 3.7,  4.5)",05,0,0,0,0,0,0,False,0.0,0.0,False,0.0,0.0,True,True,True,4,4
AR,Arkansas,Monroe,05095,6512,4982,6.1,"( 5.4,  6.7)",4.3,"( 3.9,  4.8)",05,0,0,0,0,0,0,False,0.0,0.0,False,0.0,0.0,True,True,True,5,1
AR,Arkansas,Montgomery,05097,8620,7004,5.4,"( 4.7,  6.1)",3.6,"( 3.1,  4.1)",05,0,0,0,0,0,0,False,0.0,0.0,False,0.0,0.0,True,True,True,5,1
AR,Arkansas,Nevada,05099,8120,6347,5.9,"( 5.3,  6.5)",4.4,"( 4.0,  4.8)",05,0,0,0,0,0,0,False,0.0,0.0,False,0.0,0.0,True,True,True,5,1
AR,Arkansas,Newton,05101,7071,5758,5.0,"( 4.4,  5.7)",3.4,"( 3.0,  3.9)",05,0,0,0,0,0,0,False,0.0,0.0,False,0.0,0.0,True,True,True,5,1
AR,Arkansas,Ouachita,05103,21793,16948,5.4,"( 4.8,  6.0)",4.1,"( 3.7,  4.6)",05,0,0,0,0,0,0,False,0.0,0.0,False,0.0,0.0,True,True,True,5,3
AR,Arkansas,Perry,05105,10184,8014,4.5,"( 3.9,  5.1)",3.4,"( 3.0,  3.8)",05,0,0,0,0,0,0,False,0.0,0.0,False,0.0,0.0,True,True,True,4,2
AR,Arkansas,Phillips,05107,14961,11146,6.9,"( 6.1,  7.6)",5.2,"( 4.7,  5.9)",05,0,0,0,0,0,0,False,0.0,0.0,False,0.0,0.0,True,True,True,5,2
AR,Arkansas,Pike,05109,10208,7916,4.5,"( 3.9,  5.1)",3.5,"( 3.1,  3.9)",05,0,0,0,0,0,0,False,0.0,0.0,False,0.0,0.0,True,True,True,4,2
AR,Arkansas,Poinsett,05111,22397,16955,4.7,"( 4.1,  5.4)",3.9,"( 3.4,  4.4)",05,0,0,0,0,0,0,False,0.0,0.0,False,0.0,0.0,True,True,True,4,3
AR,Arkansas,Polk,05113,19436,15141,4.9,"( 4.3,  5.6)",3.6,"( 3.2,  4.1)",05,0,0,0,0,0,0,False,0.0,0.0,False,0.0,0.0,True,True,True,5,3
AR,Arkansas,Pope,05115,64593,49630,3.9,"( 3.3,  4.4)",3.4,"( 3.0,  3.9)",05,0,0,0,0,0,0,False,0.0,0.0,False,0.0,0.0,False,False,True,3,4
AR,Arkansas,Prairie,05117,8036,6369,4.8,"( 4.2,  5.5)",3.5,"( 3.0,  3.9)",05,0,0,0,0,0,0,False,0.0,0.0,False,0.0,0.0,True,True,True,5,1
AR,Arkansas,Pulaski,05119,400009,307397,3.9,"( 3.4,  4.3)",3.4,"( 3.1,  3.8)",05,6,6,6,6,6,6,True,1.4999662507593579,1.9518733104096657,True,1.4999662507593579,1.9518733104096657,False,False,False,3,5
AR,Arkansas,Randolph,05121,18907,14260,4.7,"( 4.1,  5.4)",3.8,"( 3.4,  4.3)",05,0,0,0,0,0,0,False,0.0,0.0,False,0.0,0.0,True,True,True,4,3
AR,Arkansas,St. Francis,05123,22101,17444,5.7,"( 5.2,  6.4)",5.0,"( 4.5,  5.5)",05,0,0,0,0,0,0,False,0.0,0.0,False,0.0,0.0,True,True,True,5,3
AR,Arkansas,Saline,05125,129574,99649,3.5,"( 3.0,  4.0)",2.9,"( 2.5,  3.3)",05,0,0,0,0,0,0,False,0.0,0.0,False,0.0,0.0,False,False,False,2,5
AR,Arkansas,Scott,05127,9851,7622,4.7,"( 4.1,  5.3)",3.6,"( 3.1,  4.0)",05,0,0,0,0,0,0,False,0.0,0.0,False,0.0,0.0,True,True,True,4,2
AR,Arkansas,Searcy,05129,7806,6215,5.8,"( 5.0,  6.6)",4.0,"( 3.5,  4.5)",05,0,0,0,0,0,0,False,0.0,0.0,False,0.0,0.0,True,True,True,5,1
AR,Arkansas,Sebastian,05131,129098,98581,3.9,"( 3.5,  4.4)",3.4,"( 3.0,  3.8)",05,0,0,0,0,0,0,False,0.0,0.0,False,0.0,0.0,False,False,True,3,5
AR,Arkansas,Sevier,05133,15632,11232,4.4,"( 3.9,  4.9)",4.0,"( 3.5,  4.4)",05,0,0,0,0,0,0,False,0.0,0.0,False,0.0,0.0,True,True,True,4,2
AR,Arkansas,Sharp,05135,17968,14333,5.3,"( 4.6,  6.0)",3.7,"( 3.3,  4.2)",05,0,0,0,0,0,0,False,0.0,0.0,False,0.0,0.0,True,True,True,5,2
AR,Arkansas,Stone,05137,12671,10181,5.7,"( 5.0,  6.6)",3.8,"( 3.4,  4.4)",05,0,0,0,0,0,0,False,0.0,0.0,False,0.0,0.0,True,True,True,5,2
AR,Arkansas,Union,05139,37397,28421,4.9,"( 4.3,  5.5)",3.9,"( 3.5,  4.3)",05,0,0,0,0,0,0,False,0.0,0.0,False,0.0,0.0,True,True,True,5,4
AR,Arkansas,Van Buren,05141,16142,13054,5.4,"( 4.7,  6.2)",3.7,"( 3.3,  4.2)",05,0,0,0,0,0,0,False,0.0,0.0,False,0.0,0.0,True,True,True,5,2
AR,Arkansas,Washington,05143,261549,200987,2.9,"( 2.6,  3.4)",3.1,"( 2.7,  3.6)",05,0,0,0,0,0,0,False,0.0,0.0,False,0.0,0.0,False,False,False,1,5
AR,Arkansas,White,05145,78452,60279,4.0,"( 3.5,  4.5)",3.5,"( 3.0,  3.9)",05,0,0,0,0,0,0,False,0.0,0.0,False,0.0,0.0,False,False,True,3,4
AR,Arkansas,Woodruff,05147,5964,4659,6.0,"( 5.2,  6.7)",4.3,"( 3.8,  4.7)",05,0,0,0,0,0,0,False,0.0,0.0,False,0.0,0.0,True,True,True,5,1
AR,Arkansas,Yell,05149,20044,15261,4.3,"( 3.8,  4.9)",3.5,"( 3.1,  4.0)",05,0,0,0,0,0,0,False,0.0,0.0,False,0.0,0.0,True,True,True,4,3
CA,California,Alameda,06001,1622188,1306255,2.8,"( 2.5,  3.1)",2.5,"( 2.3,  2.8)",06,6,5,4,6,5,4,True,0.36987081645284026,0.45932838534589343,True,0.36987081645284026,0.45932838534589343,False,False,False,1,5
CA,California,Alpine,06003,1141,955,3.8,"( 3.3,  4.3)",2.7,"( 2.4,  3.1)",06,0,0,0,0,0,0,False,0.0,0.0,False,0.0,0.0,False,False,False,2,1
CA,California,Amador,06005,41811,35299,4.0,"( 3.5,  4.5)",2.8,"( 2.5,  3.1)",06,0,0,0,0,0,0,False,0.0,0.0,False,0.0,0.0,False,False,False,3,4
CA,California,Butte,06007,207172,164973,3.5,"( 3.1,  4.0)",3.1,"( 2.8,  3.6)",06,0,0,0,0,0,0,False,0.0,0.0,False,0.0,0.0,False,False,False,2,5
CA,California,Calaveras,06009,46565,38409,4.5,"( 3.9,  5.1)",3.0,"( 2.6,  3.3)",06,0,0,0,0,0,0,False,0.0,0.0,False,0.0,0.0,True,True,False,4,4
CA,California,Colusa,06011,22037,16122,3.7,"( 3.3,  4.1)",3.3,"( 2.9,  3.7)",06,0,0,0,0,0,0,False,0.0,0.0,False,0.0,0.0,False,False,True,2,3
CA,California,Contra Costa,06013,1155025,904586,3.0,"( 2.7,  3.4)",2.6,"( 2.3,  2.8)",06,0,0,0,0,0,0,False,0.0,0.0,False,0.0,0.0,False,False,False,1,5
CA,California,Del Norte,06015,26589,21034,4.1,"( 3.6,  4.6)",3.3,"( 2.9,  3.7)",06,0,0,0,0,0,0,False,0.0,0.0,False,0.0,0.0,True,True,True,3,3
CA,California,El Dorado,06017,192215,155106,3.4,"( 2.9,  3.9)",2.5,"( 2.2,  2.8)",06,0,0,0,0,0,0,False,0.0,0.0,False,0.0,0.0,False,False,False,1,5
CA,California,Fresno,06019,1017162,737124,3.4,"( 3.1,  3.8)",3.4,"( 3.0,  3.8)",06,1,1,1,1,1,1,True,0.09831275647340346,0.13566238516179097,True,0.09831275647340346,0.13566238516179097,False,False,False,1,5
CA,California,Glenn,06021,28129,20659,3.8,"( 3.3,  4.2)",3.2,"( 2.9,  3.6)",06,0,0,0,0,0,0,False,0.0,0.0,False,0.0,0.0,False,False,True,2,3
CA,California,Humboldt,06023,133985,109146,3.7,"( 3.3,  4.3)",3.2,"( 2.9,  3.7)",06,0,0,0,0,0,0,False,0.0,0.0,False,0.0,0.0,False,False,True,2,5
CA,California,Imperial,06025,179057,128709,3.7,"( 3.3,  4.2)",3.6,"( 3.1,  4.0)",06,0,0,0,0,0,0,False,0.0,0.0,False,0.0,0.0,False,False,True,2,5
CA,California,Inyo,06027,18527,14859,3.9,"( 3.4,  4.5)",2.8,"( 2.5,  3.2)",06,0,0,0,0,0,0,False,0.0,0.0,False,0.0,0.0,False,False,False,3,2
CA,California,Kern,06029,913820,654092,3.5,"( 3.1,  3.9)",3.6,"( 3.2,  4.0)",06,0,0,0,0,0,0,False,0.0,0.0,False,0.0,0.0,False,False,True,2,5
CA,California,Kings,06031,152682,111961,3.3,"( 3.0,  3.6)",3.5,"( 3.2,  3.9)",06,0,0,0,0,0,0,False,0.0,0.0,False,0.0,0.0,False,False,True,1,5
CA,California,Lake,06033,67878,52978,4.7,"( 4.1,  5.2)",3.4,"( 3.0,  3.8)",06,0,0,0,0,0,0,False,0.0,0.0,False,0.0,0.0,True,True,True,4,4
CA,California,Lassen,06035,28861,23438,3.8,"( 3.4,  4.3)",3.4,"( 3.1,  3.9)",06,0,0,0,0,0,0,False,0.0,0.0,False,0.0,0.0,False,False,True,2,3
CA,California,Los Angeles,06037,9663345,7710575,3.2,"( 2.9,  3.6)",3.0,"( 2.7,  3.3)",06,63,32,46,67,33,48,True,0.6519481608076706,0.8170596875070926,True,0.6933416948272053,0.8689364930630984,False,False,False,1,5
CA,California,Madera,06039,162858,118944,3.9,"( 3.4,  4.3)",3.6,"( 3.3,  4.1)",06,0,0,0,0,0,0,False,0.0,0.0,False,0.0,0.0,False,False,True,3,5
CA,California,Marin,06041,254407,206190,3.2,"( 2.7,  3.7)",2.3,"( 2.0,  2.6)",06,0,0,0,0,0,0,False,0.0,0.0,False,0.0,0.0,False,False,False,1,5
CA,California,Mariposa,06043,16919,13883,4.6,"( 4.0,  5.3)",3.0,"( 2.6,  3.4)",06,0,0,0,0,0,0,False,0.0,0.0,False,0.0,0.0,True,True,False,4,2
CA,California,Mendocino,06045,89108,70576,4.4,"( 3.9,  5.1)",3.2,"( 2.9,  3.6)",06,0,0,0,0,0,0,False,0.0,0.0,False,0.0,0.0,True,True,True,4,4
CA,California,Merced,06047,291920,209020,3.4,"( 3.1,  3.8)",3.5,"( 3.2,  3.9)",06,0,0,0,0,0,0,False,0.0,0.0,False,0.0,0.0,False,False,True,1,5
CA,California,Modoc,06049,8500,6906,5.2,"( 4.4,  5.9)",3.4,"( 2.9,  3.8)",06,0,0,0,0,0,0,False,0.0,0.0,False,0.0,0.0,True,True,True,5,1
CA,California,Mono,06051,13066,10809,3.2,"( 2.8,  3.7)",2.7,"( 2.4,  3.1)",06,0,0,0,0,0,0,False,0.0,0.0,False,0.0,0.0,False,False,False,1,2
CA,California,Monterey,06053,430723,321055,3.4,"( 3.0,  3.8)",3.1,"( 2.8,  3.5)",06,0,0,0,0,0,0,False,0.0,0.0,False,0.0,0.0,False,False,False,1,5
CA,California,Napa,06055,133216,107838,3.4,"( 2.9,  3.9)",2.6,"( 2.3,  3.0)",06,0,0,0,0,0,0,False,0.0,0.0,False,0.0,0.0,False,False,False,1,5
CA,California,Nevada,06057,102037,84878,4.0,"( 3.4,  4.6)",2.7,"( 2.3,  3.1)",06,0,0,0,0,0,0,False,0.0,0.0,False,0.0,0.0,False,False,False,3,5
CA,California,Orange,06059,3135755,2489875,2.9,"( 2.6,  3.3)",2.6,"( 2.3,  2.9)",06,14,11,10,14,11,10,True,0.4464634513857109,0.5622772227521462,True,0.4464634513857109,0.5622772227521462,False,False,False,1,5
CA,California,Placer,06061,423561,332465,3.1,"( 2.7,  3.5)",2.4,"( 2.1,  2.7)",06,0,0,0,0,0,0,False,0.0,0.0,False,0.0,0.0,False,False,False,1,5
CA,California,Plumas,06063,19131,15898,4.6,"( 4.0,  5.2)",3.0,"( 2.6,  3.3)",06,0,0,0,0,0,0,False,0.0,0.0,False,0.0,0.0,True,True,False,4,3
CA,California,Riverside,06065,2492442,1899181,3.3,"( 2.9,  3.6)",3.0,"( 2.7,  3.3)",06,2,2,2,2,2,2,True,0.08024258939626278,0.10530855142295548,True,0.08024258939626278,0.10530855142295548,False,False,False,1,5
CA,California,Sacramento,06067,1584288,1226535,3.2,"( 2.9,  3.6)",3.0,"( 2.7,  3.3)",06,11,9,8,11,9,8,True,0.6943182047708497,0.8968353940164773,True,0.6943182047708497,0.8968353940164773,False,False,False,1,5
CA,California,San Benito,06069,68175,51135,2.9,"( 2.6,  3.2)",2.7,"( 2.4,  3.1)",06,0,0,0,0,0,0,False,0.0,0.0,False,0.0,0.0,False,False,False,1,4
CA,California,San Bernardino,06071,2195611,1641803,3.2,"( 2.9,  3.5)",3.2,"( 2.9,  3.5)",06,5,4,4,5,4,4,True,0.22772704272295957,0.3045432369169748,True,0.22772704272295957,0.3045432369169748,False,False,False,1,5
CA,California,San Diego,06073,3269973,2594848,2.8,"( 2.5,  3.2)",2.6,"( 2.3,  3.0)",06,14,11,9,14,11,9,True,0.42813809166008404,0.5395306391742406,True,0.42813809166008404,0.5395306391742406,False,False,False,1,5
CA,California,San Francisco,06075,808988,698599,2.6,"( 2.3,  3.0)",2.4,"( 2.1,  2.7)",06,12,11,7,12,11,7,True,1.4833347342605823,1.7177236154074083,True,1.4833347342605823,1.7177236154074083,False,False,False,1,5
CA,California,San Joaquin,06077,800965,593491,3.3,"( 3.0,  3.6)",3.1,"( 2.9,  3.5)",06,1,1,1,1,1,1,True,0.12484940041075453,0.16849455172866987,True,0.12484940041075453,0.16849455172866987,False,False,False,1,5
CA,California,San Luis Obispo,06079,281639,233172,3.3,"( 2.8,  3.8)",2.7,"( 2.4,  3.0)",06,0,0,0,0,0,0,False,0.0,0.0,False,0.0,0.0,False,False,False,1,5
CA,California,San Mateo,06081,726353,587135,2.7,"( 2.4,  3.0)",2.3,"( 2.0,  2.5)",06,2,2,2,2,2,2,True,0.275348212232895,0.34063716181116777,True,0.275348212232895,0.34063716181116777,False,False,False,1,5
CA,California,Santa Barbara,06083,441257,343138,3.2,"( 2.8,  3.6)",2.9,"( 2.6,  3.3)",06,2,2,1,2,2,1,True,0.45325059999048173,0.582855877227238,True,0.45325059999048173,0.582855877227238,False,False,False,1,5
CA,California,Santa Clara,06085,1877592,1503217,2.4,"( 2.2,  2.7)",2.3,"( 2.0,  2.5)",06,8,8,4,8,8,4,True,0.4260776569137491,0.5321919589786438,True,0.4260776569137491,0.5321919589786438,False,False,False,1,5
CA,California,Santa Cruz,06087,261547,214446,3.1,"( 2.7,  3.5)",2.7,"( 2.3,  3.1)",06,0,0,0,0,0,0,False,0.0,0.0,False,0.0,0.0,False,False,False,1,5
CA,California,Shasta,06089,180366,141552,3.9,"( 3.3,  4.4)",3.0,"( 2.6,  3.4)",06,1,1,1,1,1,1,True,0.5544282181785924,0.7064541652537584,True,0.5544282181785924,0.7064541652537584,False,False,False,3,5
CA,California,Sierra,06091,3200,2670,5.2,"( 4.5,  6.0)",3.3,"( 2.9,  3.7)",06,0,0,0,0,0,0,False,0.0,0.0,False,0.0,0.0,True,True,True,5,1
CA,California,Siskiyou,06093,42905,34437,4.7,"( 4.1,  5.4)",3.2,"( 2.9,  3.6)",06,0,0,0,0,0,0,False,0.0,0.0,False,0.0,0.0,True,True,True,4,4
CA,California,Solano,06095,449218,351690,3.3,"( 3.0,  3.7)",2.9,"( 2.6,  3.2)",06,0,0,0,0,0,0,False,0.0,0.0,False,0.0,0.0,False,False,False,1,5
CA,California,Sonoma,06097,481812,391558,3.3,"( 2.9,  3.8)",2.6,"( 2.3,  2.9)",06,1,1,1,1,1,1,True,0.20754983271483482,0.25539000607828216,True,0.20754983271483482,0.25539000607828216,False,False,False,1,5
CA,California,Stanislaus,06099,551430,405599,3.4,"( 3.0,  3.8)",3.2,"( 2.9,  3.6)",06,1,1,1,1,1,1,True,0.1813466804490144,0.24654893133365713,True,0.1813466804490144,0.24654893133365713,False,False,False,1,5
CA,California,Sutter,06101,97948,73657,3.7,"( 3.4,  4.2)",3.2,"( 2.9,  3.6)",06,0,0,0,0,0,0,False,0.0,0.0,False,0.0,0.0,False,False,True,2,5
CA,California,Tehama,06103,64896,49286,4.3,"( 3.8,  4.8)",3.4,"( 3.0,  3.8)",06,0,0,0,0,0,0,False,0.0,0.0,False,0.0,0.0,True,True,True,4,4
CA,California,Trinity,06105,15670,12928,5.7,"( 4.9,  6.3)",3.6,"( 3.2,  4.1)",06,0,0,0,0,0,0,False,0.0,0.0,False,0.0,0.0,True,True,True,5,2
CA,California,Tulare,06107,479468,338551,3.4,"( 3.1,  3.8)",3.5,"( 3.1,  3.9)",06,0,0,0,0,0,0,False,0.0,0.0,False,0.0,0.0,False,False,True,1,5
CA,California,Tuolumne,06109,54204,44852,4.1,"( 3.5,  4.6)",2.9,"( 2.5,  3.2)",06,0,0,0,0,0,0,False,0.0,0.0,False,0.0,0.0,True,True,False,3,4
CA,California,Ventura,06111,829590,651461,3.1,"( 2.8,  3.5)",2.7,"( 2.3,  3.0)",06,5,5,3,5,5,3,True,0.602707361467713,0.767505652679132,True,0.602707361467713,0.767505652679132,False,False,False,1,5
CA,California,Yolo,06113,220544,177405,2.7,"( 2.4,  3.0)",2.9,"( 2.5,  3.2)",06,0,0,0,0,0,0,False,0.0,0.0,False,0.0,0.0,False,False,False,1,5
CA,California,Yuba,06115,85722,62561,3.4,"( 3.0,  3.7)",3.3,"( 3.0,  3.7)",06,0,0,0,0,0,0,False,0.0,0.0,False,0.0,0.0,False,False,True,1,4
CO,Colorado,Adams,08001,533365,403764,2.6,"( 2.3,  3.0)",2.8,"( 2.5,  3.1)",08,0,0,0,0,0,0,False,0.0,0.0,False,0.0,0.0,False,False,False,1,5
CO,Colorado,Alamosa,08003,16655,12672,3.4,"( 3.0,  3.8)",3.3,"( 2.9,  3.7)",08,0,0,0,0,0,0,False,0.0,0.0,False,0.0,0.0,False,False,True,1,2
CO,Colorado,Arapahoe,08005,656061,510201,2.7,"( 2.4,  3.1)",2.6,"( 2.3,  2.9)",08,7,5,7,8,6,8,True,1.0669739551657544,1.3720082869300532,True,1.2193988059037193,1.5680094707772034,False,False,False,1,5
CO,Colorado,Archuleta,08007,14189,11826,3.9,"( 3.4,  4.5)",2.7,"( 2.3,  3.0)",08,0,0,0,0,0,0,False,0.0,0.0,False,0.0,0.0,False,False,False,3,2
CO,Colorado,Baca,08009,3344,2584,5.0,"( 4.3,  5.8)",3.5,"( 3.1,  4.0)",08,0,0,0,0,0,0,False,0.0,0.0,False,0.0,0.0,True,True,True,5,1
CO,Colorado,Bent,08011,5681,4784,4.9,"( 4.3,  5.5)",4.2,"( 3.8,  4.7)",08,0,0,0,0,0,0,False,0.0,0.0,False,0.0,0.0,True,True,True,5,1
CO,Colorado,Boulder,08013,326831,271124,2.5,"( 2.1,  2.8)",2.3,"( 2.0,  2.7)",08,0,0,0,0,0,0,False,0.0,0.0,False,0.0,0.0,False,False,False,1,5
CO,Colorado,Broomfield,08014,76860,61571,2.3,"( 2.0,  2.7)",2.1,"( 1.8,  2.4)",08,0,0,0,0,0,0,False,0.0,0.0,False,0.0,0.0,False,False,False,1,4
CO,Colorado,Chaffee,08015,20617,17609,3.6,"( 3.0,  4.2)",2.7,"( 2.3,  3.1)",08,0,0,0,0,0,0,False,0.0,0.0,False,0.0,0.0,False,False,False,2,3
CO,Colorado,Cheyenne,08017,1727,1301,3.9,"( 3.4,  4.5)",2.9,"( 2.6,  3.3)",08,0,0,0,0,0,0,False,0.0,0.0,False,0.0,0.0,False,False,False,3,1
CO,Colorado,Clear Creek,08019,9147,7938,3.0,"( 2.6,  3.5)",2.3,"( 2.0,  2.6)",08,0,0,0,0,0,0,False,0.0,0.0,False,0.0,0.0,False,False,False,1,2
CO,Colorado,Conejos,08021,7521,5620,3.9,"( 3.5,  4.4)",3.1,"( 2.7,  3.4)",08,0,0,0,0,0,0,False,0.0,0.0,False,0.0,0.0,False,False,False,3,1
CO,Colorado,Costilla,08023,3628,2957,4.8,"( 4.3,  5.4)",3.3,"( 3.0,  3.7)",08,0,0,0,0,0,0,False,0.0,0.0,False,0.0,0.0,True,True,True,5,1
CO,Colorado,Crowley,08025,5636,5006,3.5,"( 3.1,  3.9)",3.6,"( 3.2,  4.1)",08,0,0,0,0,0,0,False,0.0,0.0,False,0.0,0.0,False,False,True,2,1
CO,Colorado,Custer,08027,5534,4689,4.4,"( 3.7,  5.0)",2.7,"( 2.4,  3.1)",08,0,0,0,0,0,0,False,0.0,0.0,False,0.0,0.0,True,True,False,4,1
CO,Colorado,Delta,08029,31746,25772,4.5,"( 3.9,  5.2)",3.1,"( 2.7,  3.5)",08,0,0,0,0,0,0,False,0.0,0.0,False,0.0,0.0,True,True,False,4,3
CO,Colorado,Denver,08031,716577,589711,2.3,"( 2.0,  2.6)",2.5,"( 2.2,  2.8)",08,0,0,0,0,0,0,False,0.0,0.0,False,0.0,0.0,False,False,False,1,5
CO,Colorado,Dolores,08033,2513,2096,4.1,"( 3.5,  4.6)",3.0,"( 2.7,  3.4)",08,0,0,0,0,0,0,False,0.0,0.0,False,0.0,0.0,True,True,False,3,1
CO,Colorado,Douglas,08035,383906,296166,2.2,"( 1.9,  2.6)",2.0,"( 1.8,  2.4)",08,0,0,0,0,0,0,False,0.0,0.0,False,0.0,0.0,False,False,False,1,5
CO,Colorado,Eagle,08037,54381,43620,2.6,"( 2.3,  3.0)",2.4,"( 2.1,  2.7)",08,0,0,0,0,0,0,False,0.0,0.0,False,0.0,0.0,False,False,False,1,4
CO,Colorado,Elbert,08039,28806,22667,3.0,"( 2.6,  3.5)",2.4,"( 2.1,  2.7)",08,0,0,0,0,0,0,False,0.0,0.0,False,0.0,0.0,False,False,False,1,3
CO,Colorado,El Paso,08041,744215,574278,2.7,"( 2.4,  3.1)",2.6,"( 2.3,  3.0)",08,1,1,1,1,1,1,True,0.13436977217605128,0.17413169231626494,True,0.13436977217605128,0.17413169231626494,False,False,False,1,5
CO,Colorado,Fremont,08043,50318,42512,3.9,"( 3.4,  4.5)",3.1,"( 2.8,  3.6)",08,0,0,0,0,0,0,False,0.0,0.0,False,0.0,0.0,False,False,False,3,4
CO,Colorado,Garfield,08045,62707,47597,2.9,"( 2.5,  3.3)",2.7,"( 2.3,  3.0)",08,0,0,0,0,0,0,False,0.0,0.0,False,0.0,0.0,False,False,False,1,4
CO,Colorado,Gilpin,08047,5926,5161,3.1,"( 2.7,  3.7)",2.5,"( 2.2,  2.9)",08,0,0,0,0,0,0,False,0.0,0.0,False,0.0,0.0,False,False,False,1,1
CO,Colorado,Grand,08049,15935,13504,3.1,"( 2.6,  3.6)",2.5,"( 2.2,  2.9)",08,0,0,0,0,0,0,False,0.0,0.0,False,0.0,0.0,False,False,False,1,2
CO,Colorado,Gunnison,08051,17321,14624,2.3,"( 2.0,  2.7)",2.4,"( 2.1,  2.7)",08,0,0,0,0,0,0,False,0.0,0.0,False,0.0,0.0,False,False,False,1,2
CO,Colorado,Hinsdale,08053,765,662,3.5,"( 3.0,  4.1)",2.2,"( 1.9,  2.5)",08,0,0,0,0,0,0,False,0.0,0.0,False,0.0,0.0,False,False,False,2,1
CO,Colorado,Huerfano,08055,7055,5992,4.6,"( 4.0,  5.2)",2.9,"( 2.6,  3.3)",08,0,0,0,0,0,0,False,0.0,0.0,False,0.0,0.0,True,True,False,4,1
CO,Colorado,Jackson,08057,1309,1072,4.9,"( 4.1,  5.7)",3.4,"( 3.0,  3.9)",08,0,0,0,0,0,0,False,0.0,0.0,False,0.0,0.0,True,True,True,5,1
CO,Colorado,Jefferson,08059,576366,472514,2.6,"( 2.3,  3.0)",2.3,"( 2.0,  2.6)",08,0,0,0,0,0,0,False,0.0,0.0,False,0.0,0.0,False,False,False,1,5
CO,Colorado,Kiowa,08061,1384,1055,4.4,"( 3.8,  5.1)",2.9,"( 2.6,  3.3)",08,0,0,0,0,0,0,False,0.0,0.0,False,0.0,0.0,True,True,False,4,1
CO,Colorado,Kit Carson,08063,6994,5210,4.0,"( 3.5,  4.6)",3.1,"( 2.7,  3.4)",08,0,0,0,0,0,0,False,0.0,0.0,False,0.0,0.0,False,False,False,3,1
CO,Colorado,Lake,08065,7365,5869,2.5,"( 2.2,  2.9)",2.4,"( 2.1,  2.7)",08,0,0,0,0,0,0,False,0.0,0.0,False,0.0,0.0,False,False,False,1,1
CO,Colorado,La Plata,08067,56407,46809,3.2,"( 2.7,  3.6)",2.6,"( 2.3,  2.9)",08,0,0,0,0,0,0,False,0.0,0.0,False,0.0,0.0,False,False,False,1,4
CO,Colorado,Larimer,08069,370771,304158,2.6,"( 2.3,  3.0)",2.4,"( 2.1,  2.8)",08,1,1,1,1,1,1,True,0.26970825657885866,0.3287764911657757,True,0.26970825657885866,0.3287764911657757,False,False,False,1,5
CO,Colorado,Las Animas,08071,14348,11821,4.4,"( 3.9,  4.9)",3.2,"( 2.8,  3.5)",08,0,0,0,0,0,0,False,0.0,0.0,False,0.0,0.0,True,True,True,4,2
CO,Colorado,Lincoln,08073,5480,4374,3.8,"( 3.3,  4.4)",3.2,"( 2.8,  3.6)",08,0,0,0,0,0,0,False,0.0,0.0,False,0.0,0.0,False,False,True,2,1
CO,Colorado,Logan,08075,20619,16878,4.0,"( 3.5,  4.5)",3.4,"( 3.0,  3.8)",08,0,0,0,0,0,0,False,0.0,0.0,False,0.0,0.0,False,False,True,3,3
CO,Colorado,Mesa,08077,159681,127668,3.5,"( 3.0,  4.0)",2.8,"( 2.4,  3.2)",08,0,0,0,0,0,0,False,0.0,0.0,False,0.0,0.0,False,False,False,2,5
CO,Colorado,Mineral,08079,944,819,3.6,"( 3.0,  4.2)",2.5,"( 2.2,  2.9)",08,0,0,0,0,0,0,False,0.0,0.0,False,0.0,0.0,False,False,False,2,1
CO,Colorado,Moffat,08081,13327,10079,3.7,"( 3.2,  4.1)",3.1,"( 2.8,  3.5)",08,0,0,0,0,0,0,False,0.0,0.0,False,0.0,0.0,False,False,False,2,2
CO,Colorado,Montezuma,08083,26531,21032,4.1,"( 3.6,  4.7)",3.0,"( 2.7,  3.4)",08,0,0,0,0,0,0,False,0.0,0.0,False,0.0,0.0,True,True,False,3,3
CO,Colorado,Montrose,08085,44156,35363,4.1,"( 3.5,  4.7)",2.9,"( 2.5,  3.3)",08,0,0,0,0,0,0,False,0.0,0.0,False,0.0,0.0,True,True,False,3,4
CO,Colorado,Morgan,08087,29524,21787,3.5,"( 3.1,  3.9)",3.1,"( 2.7,  3.4)",08,0,0,0,0,0,0,False,0.0,0.0,False,0.0,0.0,False,False,False,2,3
CO,Colorado,Otero,08089,18136,13957,4.6,"( 4.0,  5.1)",3.5,"( 3.1,  3.9)",08,0,0,0,0,0,0,False,0.0,0.0,False,0.0,0.0,True,True,True,4,2
CO,Colorado,Ouray,08091,5176,4488,3.4,"( 2.9,  3.9)",2.2,"( 1.9,  2.5)",08,0,0,0,0,0,0,False,0.0,0.0,False,0.0,0.0,False,False,False,1,1
CO,Colorado,Park,08093,18117,15510,3.3,"( 2.8,  3.8)",2.5,"( 2.1,  2.8)",08,0,0,0,0,0,0,False,0.0,0.0,False,0.0,0.0,False,False,False,1,2
CO,Colorado,Phillips,08095,4476,3359,4.2,"( 3.6,  4.8)",3.1,"( 2.8,  3.5)",08,0,0,0,0,0,0,False,0.0,0.0,False,0.0,0.0,True,True,False,3,1
CO,Colorado,Pitkin,08097,16640,14206,2.8,"( 2.4,  3.3)",2.1,"( 1.8,  2.5)",08,0,0,0,0,0,0,False,0.0,0.0,False,0.0,0.0,False,False,False,1,2
CO,Colorado,Prowers,08099,11751,8744,4.0,"( 3.5,  4.5)",3.3,"( 2.9,  3.8)",08,0,0,0,0,0,0,False,0.0,0.0,False,0.0,0.0,False,False,True,3,2
CO,Colorado,Pueblo,08101,169422,132908,3.7,"( 3.3,  4.1)",3.0,"( 2.7,  3.4)",08,0,0,0,0,0,0,False,0.0,0.0,False,0.0,0.0,False,False,False,2,5
CO,Colorado,Rio Blanco,08103,6569,5042,3.3,"( 2.9,  3.8)",2.8,"( 2.4,  3.1)",08,0,0,0,0,0,0,False,0.0,0.0,False,0.0,0.0,False,False,False,1,1
CO,Colorado,Rio Grande,08105,11188,8914,3.8,"( 3.3,  4.3)",2.9,"( 2.6,  3.3)",08,0,0,0,0,0,0,False,0.0,0.0,False,0.0,0.0,False,False,False,2,2
CO,Colorado,Routt,08107,25064,20739,2.8,"( 2.4,  3.2)",2.3,"( 2.0,  2.7)",08,0,0,0,0,0,0,False,0.0,0.0,False,0.0,0.0,False,False,False,1,3
CO,Colorado,Saguache,08109,6688,5416,4.7,"( 4.1,  5.5)",3.3,"( 2.9,  3.8)",08,0,0,0,0,0,0,False,0.0,0.0,False,0.0,0.0,True,True,True,4,1
CO,Colorado,San Juan,08111,802,709,3.4,"( 2.9,  3.9)",2.5,"( 2.2,  2.9)",08,0,0,0,0,0,0,False,0.0,0.0,False,0.0,0.0,False,False,False,1,1
CO,Colorado,San Miguel,08113,7868,6642,2.8,"( 2.4,  3.2)",2.4,"( 2.1,  2.7)",08,0,0,0,0,0,0,False,0.0,0.0,False,0.0,0.0,False,False,False,1,1
CO,Colorado,Sedgwick,08115,2299,1854,4.7,"( 4.0,  5.3)",3.0,"( 2.7,  3.4)",08,0,0,0,0,0,0,False,0.0,0.0,False,0.0,0.0,True,True,False,4,1
CO,Colorado,Summit,08117,30465,25681,2.5,"( 2.2,  2.9)",2.4,"( 2.1,  2.8)",08,0,0,0,0,0,0,False,0.0,0.0,False,0.0,0.0,False,False,False,1,3
CO,Colorado,Teller,08119,24617,20694,3.5,"( 3.0,  4.0)",2.5,"( 2.2,  2.8)",08,0,0,0,0,0,0,False,0.0,0.0,False,0.0,0.0,False,False,False,2,3
CO,Colorado,Washington,08121,4855,3732,3.8,"( 3.2,  4.3)",2.8,"( 2.5,  3.2)",08,0,0,0,0,0,0,False,0.0,0.0,False,0.0,0.0,False,False,False,2,1
CO,Colorado,Weld,08123,359442,268740,2.7,"( 2.4,  3.1)",2.7,"( 2.4,  3.1)",08,0,0,0,0,0,0,False,0.0,0.0,False,0.0,0.0,False,False,False,1,5
CO,Colorado,Yuma,08125,9862,7075,3.8,"( 3.3,  4.3)",3.0,"( 2.7,  3.5)",08,0,0,0,0,0,0,False,0.0,0.0,False,0.0,0.0,False,False,False,2,2
CT,Connecticut,Capitol,09110,975328,780140,3.2,"( 3.0,  3.4)",2.7,"( 2.6,  2.9)",09,4,4,1,4,4,1,True,0.4101184422061091,0.5127284846309637,True,0.4101184422061091,0.5127284846309637,False,False,False,1,5
CT,Connecticut,Greater Bridgeport,09120,327651,256229,3.4,"( 3.1,  3.6)",3.0,"( 2.8,  3.2)",09,1,1,1,1,1,1,True,0.30520279199514116,0.39027588602383023,True,0.30520279199514116,0.39027588602383023,False,False,False,1,5
CT,Connecticut,Lower Connecticut River Valley,09130,176215,147247,3.2,"( 2.9,  3.4)",2.4,"( 2.3,  2.6)",09,0,0,0,0,0,0,False,0.0,0.0,False,0.0,0.0,False,False,False,1,5
CT,Connecticut,Naugatuck Valley,09140,456128,364230,3.4,"( 3.2,  3.6)",2.8,"( 2.7,  2.9)",09,1,1,1,1,1,1,True,0.21923670548617932,0.2745517941959751,True,0.21923670548617932,0.2745517941959751,False,False,False,1,5
CT,Connecticut,Northeastern Connecticut,09150,96692,79116,3.4,"( 3.2,  3.6)",2.8,"( 2.6,  2.9)",09,0,0,0,0,0,0,False,0.0,0.0,False,0.0,0.0,False,False,False,1,4
CT,Connecticut,Northwest Hills,09160,113463,93325,3.4,"( 3.2,  3.7)",2.5,"( 2.4,  2.7)",09,0,0,0,0,0,0,False,0.0,0.0,False,0.0,0.0,False,False,False,1,5
CT,Connecticut,South Central Connecticut,09170,568158,457936,3.2,"( 3.0,  3.4)",2.8,"( 2.6,  3.0)",09,10,10,7,10,10,7,True,1.7600737822929537,2.1837112609622307,True,1.7600737822929537,2.1837112609622307,False,False,False,1,5
CT,Connecticut,Southeastern Connecticut,09180,279634,226482,3.3,"( 3.0,  3.5)",2.8,"( 2.6,  2.9)",09,0,0,0,0,0,0,False,0.0,0.0,False,0.0,0.0,False,False,False,1,5
CT,Connecticut,Western Connecticut,09190,623907,489485,2.8,"( 2.6,  3.0)",2.4,"( 2.2,  2.5)",09,1,1,1,2,2,2,True,0.16028029818546674,0.20429635228862988,True,0.3205605963709335,0.40859270457725977,False,False,False,1,5
DE,Delaware,Kent,10001,189789,146800,3.8,"( 3.4,  4.3)",3.3,"( 2.9,  3.6)",10,0,0,0,0,0,0,False,0.0,0.0,False,0.0,0.0,False,False,True,2,5
DE,Delaware,New Castle,10003,578592,456332,3.4,"( 3.0,  3.8)",2.9,"( 2.6,  3.3)",10,4,4,3,5,5,4,True,0.6913334439466844,0.8765547890570901,True,0.8641668049333554,1.0956934863213625,False,False,False,1,5
DE,Delaware,Sussex,10005,263509,216820,4.4,"( 3.8,  5.1)",2.9,"( 2.6,  3.3)",10,0,0,0,0,0,0,False,0.0,0.0,False,0.0,0.0,True,True,False,4,5
DC,District of Columbia,District of Columbia,11001,678972,552380,2.8,"( 2.4,  3.1)",3.0,"( 2.6,  3.4)",11,12,11,10,12,11,10,True,1.7673777416447218,2.1724175386509286,True,1.7673777416447218,2.1724175386509286,False,False,False,1,5
FL,Florida,Alachua,12001,285994,235265,3.0,"( 2.7,  3.4)",3.1,"( 2.8,  3.5)",12,4,4,4,4,4,4,True,1.3986307405050455,1.7002104010371284,True,1.3986307405050455,1.7002104010371284,False,False,False,1,5
FL,Florida,Baker,12003,28368,21295,3.6,"( 3.2,  4.0)",3.2,"( 2.9,  3.7)",12,0,0,0,0,0,0,False,0.0,0.0,False,0.0,0.0,False,False,True,2,3
FL,Florida,Bay,12005,190769,150387,3.7,"( 3.2,  4.2)",3.1,"( 2.7,  3.5)",12,0,0,0,0,0,0,False,0.0,0.0,False,0.0,0.0,False,False,False,2,5
FL,Florida,Bradford,12007,27858,21945,4.6,"( 4.1,  5.2)",3.9,"( 3.5,  4.3)",12,0,0,0,0,0,0,False,0.0,0.0,False,0.0,0.0,True,True,True,4,3
FL,Florida,Brevard,12009,643979,528274,3.9,"( 3.4,  4.4)",2.8,"( 2.5,  3.2)",12,0,0,0,0,0,0,False,0.0,0.0,False,0.0,0.0,False,False,False,3,5
FL,Florida,Broward,12011,1962531,1559291,3.7,"( 3.3,  4.1)",3.1,"( 2.7,  3.4)",12,3,3,3,4,4,4,True,0.15286382737393703,0.19239513342923162,True,0.2038184364985827,0.25652684457230884,False,False,False,2,5
FL,Florida,Calhoun,12013,13470,10766,4.8,"( 4.3,  5.4)",4.0,"( 3.5,  4.5)",12,0,0,0,0,0,0,False,0.0,0.0,False,0.0,0.0,True,True,True,5,2
FL,Florida,Charlotte,12015,206134,181904,5.0,"( 4.2,  5.8)",2.8,"( 2.5,  3.2)",12,1,1,1,1,1,1,True,0.48512132884434395,0.5497405224733926,True,0.48512132884434395,0.5497405224733926,False,False,False,5,5
FL,Florida,Citrus,12017,166696,142235,5.3,"( 4.5,  6.1)",3.2,"( 2.8,  3.6)",12,0,0,0,0,0,0,False,0.0,0.0,False,0.0,0.0,True,True,True,5,5
FL,Florida,Clay,12019,232439,179750,3.4,"( 3.0,  3.8)",2.9,"( 2.6,  3.2)",12,0,0,0,0,0,0,False,0.0,0.0,False,0.0,0.0,False,False,False,1,5
FL,Florida,Collier,12021,404310,339282,4.4,"( 3.7,  5.2)",2.7,"( 2.3,  3.1)",12,2,2,2,2,2,2,True,0.4946699314882145,0.5894801374667681,True,0.4946699314882145,0.5894801374667681,False,False,False,4,5
FL,Florida,Columbia,12023,73063,57020,4.6,"( 4.1,  5.2)",3.7,"( 3.3,  4.1)",12,0,0,0,0,0,0,False,0.0,0.0,False,0.0,0.0,True,True,True,4,4
FL,Florida,DeSoto,12027,35979,29486,5.5,"( 4.8,  6.1)",4.2,"( 3.8,  4.7)",12,0,0,0,0,0,0,False,0.0,0.0,False,0.0,0.0,True,True,True,5,3
FL,Florida,Dixie,12029,17465,14301,5.3,"( 4.6,  6.0)",3.9,"( 3.4,  4.3)",12,0,0,0,0,0,0,False,0.0,0.0,False,0.0,0.0,True,True,True,5,2
FL,Florida,Duval,12031,1030822,801179,3.5,"( 3.1,  3.9)",3.3,"( 2.9,  3.6)",12,22,20,17,22,20,17,True,2.1342190989326966,2.7459531515429134,True,2.1342190989326966,2.7459531515429134,False,False,False,2,5
FL,Florida,Escambia,12033,326928,258632,3.8,"( 3.4,  4.3)",3.3,"( 2.9,  3.7)",12,3,3,2,3,3,2,True,0.9176332403464983,1.1599492715518576,True,0.9176332403464983,1.1599492715518576,False,False,False,2,5
FL,Florida,Flagler,12035,131439,110520,4.4,"( 3.8,  5.0)",2.8,"( 2.5,  3.2)",12,0,0,0,0,0,0,False,0.0,0.0,False,0.0,0.0,True,True,False,4,5
FL,Florida,Franklin,12037,12594,10717,4.9,"( 4.2,  5.6)",3.4,"( 3.0,  3.9)",12,0,0,0,0,0,0,False,0.0,0.0,False,0.0,0.0,True,True,True,5,2
FL,Florida,Gadsden,12039,43833,34200,5.9,"( 5.3,  6.5)",4.7,"( 4.2,  5.2)",12,0,0,0,0,0,0,False,0.0,0.0,False,0.0,0.0,True,True,True,5,4
FL,Florida,Gilchrist,12041,19587,15406,4.2,"( 3.6,  4.7)",3.3,"( 2.9,  3.7)",12,0,0,0,0,0,0,False,0.0,0.0,False,0.0,0.0,True,True,True,3,3
FL,Florida,Glades,12043,12786,11132,5.5,"( 4.8,  6.2)",4.1,"( 3.6,  4.6)",12,0,0,0,0,0,0,False,0.0,0.0,False,0.0,0.0,True,True,True,5,2
FL,Florida,Gulf,12045,15693,13114,4.2,"( 3.7,  4.8)",3.2,"( 2.8,  3.6)",12,0,0,0,0,0,0,False,0.0,0.0,False,0.0,0.0,True,True,True,3,2
FL,Florida,Hamilton,12047,13471,10639,5.5,"( 4.9,  6.2)",4.5,"( 4.0,  5.0)",12,0,0,0,0,0,0,False,0.0,0.0,False,0.0,0.0,True,True,True,5,2
FL,Florida,Hardee,12049,25760,19295,4.4,"( 3.9,  4.9)",3.9,"( 3.5,  4.3)",12,0,0,0,0,0,0,False,0.0,0.0,False,0.0,0.0,True,True,True,4,3
FL,Florida,Hendry,12051,43333,32457,4.2,"( 3.8,  4.7)",4.0,"( 3.6,  4.5)",12,0,0,0,0,0,0,False,0.0,0.0,False,0.0,0.0,True,True,True,3,4
FL,Florida,Hernando,12053,212807,173370,4.4,"( 3.8,  4.9)",3.1,"( 2.7,  3.4)",12,0,0,0,0,0,0,False,0.0,0.0,False,0.0,0.0,True,True,False,4,5
FL,Florida,Highlands,12055,107614,89745,5.6,"( 4.8,  6.5)",3.4,"( 3.0,  3.8)",12,0,0,0,0,0,0,False,0.0,0.0,False,0.0,0.0,True,True,True,5,5
FL,Florida,Hillsborough,12057,1535564,1206004,3.2,"( 2.8,  3.5)",3.0,"( 2.6,  3.3)",12,13,12,9,13,12,9,True,0.8465944760361666,1.0779400399998673,True,0.8465944760361666,1.0779400399998673,False,False,False,1,5
FL,Florida,Holmes,12059,19944,15826,4.6,"( 4.1,  5.2)",3.7,"( 3.2,  4.1)",12,0,0,0,0,0,0,False,0.0,0.0,False,0.0,0.0,True,True,True,4,3
FL,Florida,Indian River,12061,169795,144567,4.6,"( 3.9,  5.3)",2.8,"( 2.4,  3.2)",12,0,0,0,0,0,0,False,0.0,0.0,False,0.0,0.0,True,True,False,4,5
FL,Florida,Jackson,12063,48622,39341,5.0,"( 4.5,  5.5)",4.0,"( 3.6,  4.5)",12,0,0,0,0,0,0,False,0.0,0.0,False,0.0,0.0,True,True,True,5,4
FL,Florida,Jefferson,12065,15450,12807,5.2,"( 4.6,  5.9)",3.8,"( 3.4,  4.2)",12,0,0,0,0,0,0,False,0.0,0.0,False,0.0,0.0,True,True,True,5,2
FL,Florida,Lafayette,12067,8078,6495,4.5,"( 4.0,  5.1)",3.9,"( 3.4,  4.3)",12,0,0,0,0,0,0,False,0.0,0.0,False,0.0,0.0,True,True,True,4,1
FL,Florida,Lake,12069,424462,344053,4.2,"( 3.7,  4.8)",2.9,"( 2.6,  3.3)",12,0,0,0,0,0,0,False,0.0,0.0,False,0.0,0.0,True,True,False,3,5
FL,Florida,Lee,12071,834573,692259,4.3,"( 3.7,  5.0)",2.9,"( 2.6,  3.3)",12,0,0,0,0,0,0,False,0.0,0.0,False,0.0,0.0,True,True,False,4,5
FL,Florida,Leon,12073,296913,242508,3.0,"( 2.7,  3.4)",3.2,"( 2.8,  3.6)",12,1,1,1,1,1,1,True,0.33679899499179894,0.4123575304732215,True,0.33679899499179894,0.4123575304732215,False,False,False,1,5
FL,Florida,Levy,12075,46545,37523,5.0,"( 4.4,  5.6)",3.6,"( 3.2,  4.0)",12,0,0,0,0,0,0,False,0.0,0.0,False,0.0,0.0,True,True,True,5,4
FL,Florida,Liberty,12077,7706,6342,4.3,"( 3.8,  4.9)",3.9,"( 3.4,  4.4)",12,0,0,0,0,0,0,False,0.0,0.0,False,0.0,0.0,True,True,True,4,1
FL,Florida,Madison,12079,18519,15063,5.5,"( 4.9,  6.1)",4.2,"( 3.8,  4.7)",12,0,0,0,0,0,0,False,0.0,0.0,False,0.0,0.0,True,True,True,5,2
FL,Florida,Manatee,12081,441095,365149,4.2,"( 3.7,  4.9)",2.8,"( 2.5,  3.2)",12,0,0,0,0,0,0,False,0.0,0.0,False,0.0,0.0,True,True,False,3,5
FL,Florida,Marion,12083,409959,333326,4.8,"( 4.2,  5.5)",3.3,"( 2.9,  3.6)",12,0,0,0,0,0,0,False,0.0,0.0,False,0.0,0.0,True,True,True,5,5
FL,Florida,Martin,12085,163315,137320,4.4,"( 3.8,  5.2)",2.7,"( 2.4,  3.1)",12,0,0,0,0,0,0,False,0.0,0.0,False,0.0,0.0,True,True,False,4,5
FL,Florida,Miami-Dade,12086,2686867,2154272,3.6,"( 3.1,  4.1)",3.1,"( 2.7,  3.4)",12,16,13,11,16,13,11,True,0.5954890956642067,0.7427102984209979,True,0.5954890956642067,0.7427102984209979,False,False,False,2,5
FL,Florida,Monroe,12087,80614,68170,3.7,"( 3.2,  4.3)",2.7,"( 2.4,  3.0)",12,0,0,0,0,0,0,False,0.0,0.0,False,0.0,0.0,False,False,False,2,4
FL,Florida,Nassau,12089,101501,82029,3.6,"( 3.2,  4.2)",2.7,"( 2.3,  3.0)",12,0,0,0,0,0,0,False,0.0,0.0,False,0.0,0.0,False,False,False,2,5
FL,Florida,Okaloosa,12091,218464,169246,3.1,"( 2.7,  3.5)",2.8,"( 2.4,  3.1)",12,0,0,0,0,0,0,False,0.0,0.0,False,0.0,0.0,False,False,False,1,5
FL,Florida,Okeechobee,12093,41427,32401,4.7,"( 4.2,  5.4)",3.7,"( 3.3,  4.2)",12,0,0,0,0,0,0,False,0.0,0.0,False,0.0,0.0,True,True,True,4,4
FL,Florida,Orange,12095,1471416,1160505,3.0,"( 2.7,  3.3)",3.0,"( 2.7,  3.3)",12,4,4,3,4,4,3,True,0.27184698277033825,0.3446775326258827,True,0.27184698277033825,0.3446775326258827,False,False,False,1,5
FL,Florida,Osceola,12097,437784,333862,3.1,"( 2.8,  3.4)",3.0,"( 2.7,  3.3)",12,0,0,0,0,0,0,False,0.0,0.0,False,0.0,0.0,False,False,False,1,5
FL,Florida,Palm Beach,12099,1533801,1247769,4.0,"( 3.4,  4.6)",2.9,"( 2.5,  3.2)",12,8,4,8,8,4,8,True,0.521580048519984,0.6411443143722917,True,0.521580048519984,0.6411443143722917,False,False,False,3,5
FL,Florida,Pasco,12101,632996,504907,3.8,"( 3.3,  4.3)",2.9,"( 2.6,  3.3)",12,0,0,0,0,0,0,False,0.0,0.0,False,0.0,0.0,False,False,False,2,5
FL,Florida,Pinellas,12103,961596,816023,4.0,"( 3.5,  4.6)",2.8,"( 2.5,  3.2)",12,3,3,3,3,3,3,True,0.31198133103715076,0.36763669651468156,True,0.31198133103715076,0.36763669651468156,False,False,False,3,5
FL,Florida,Polk,12105,818330,638484,4.0,"( 3.5,  4.5)",3.3,"( 3.0,  3.7)",12,1,1,1,1,1,1,True,0.12220009042806691,0.15662099598423768,True,0.12220009042806691,0.15662099598423768,False,False,False,3,5
FL,Florida,Putnam,12107,75955,59956,5.7,"( 5.0,  6.3)",4.2,"( 3.7,  4.6)",12,0,0,0,0,0,0,False,0.0,0.0,False,0.0,0.0,True,True,True,5,4
FL,Florida,St. Johns,12109,320110,251521,3.1,"( 2.7,  3.6)",2.4,"( 2.1,  2.7)",12,1,1,1,1,1,1,True,0.3123926150385805,0.39758111648729133,True,0.3123926150385805,0.39758111648729133,False,False,False,1,5
FL,Florida,St. Lucie,12111,373586,300271,4.3,"( 3.8,  4.9)",3.2,"( 2.8,  3.6)",12,1,1,1,1,1,1,True,0.2676759835754016,0.33303249398043766,True,0.2676759835754016,0.33303249398043766,False,False,False,4,5
FL,Florida,Santa Rosa,12113,203162,158829,3.2,"( 2.8,  3.6)",2.8,"( 2.4,  3.1)",12,0,0,0,0,0,0,False,0.0,0.0,False,0.0,0.0,False,False,False,1,5
FL,Florida,Sarasota,12115,469013,403873,4.4,"( 3.7,  5.2)",2.6,"( 2.2,  2.9)",12,6,6,3,6,6,3,True,1.2792822373793478,1.485615527653495,True,1.2792822373793478,1.485615527653495,False,False,False,4,5
FL,Florida,Seminole,12117,484271,385528,3.0,"( 2.6,  3.3)",2.6,"( 2.3,  2.9)",12,0,0,0,0,0,0,False,0.0,0.0,False,0.0,0.0,False,False,False,1,5
FL,Florida,Sumter,12119,151565,140704,5.5,"( 4.5,  6.5)",2.7,"( 2.3,  3.1)",12,0,0,0,0,0,0,False,0.0,0.0,False,0.0,0.0,True,True,False,5,5
FL,Florida,Suwannee,12121,46130,36557,4.7,"( 4.1,  5.3)",3.6,"( 3.2,  4.1)",12,0,0,0,0,0,0,False,0.0,0.0,False,0.0,0.0,True,True,True,4,4
FL,Florida,Taylor,12123,21582,17040,5.1,"( 4.5,  5.7)",4.0,"( 3.5,  4.4)",12,0,0,0,0,0,0,False,0.0,0.0,False,0.0,0.0,True,True,True,5,3
FL,Florida,Union,12125,15532,12084,4.5,"( 4.0,  5.0)",4.0,"( 3.5,  4.4)",12,0,0,0,0,0,0,False,0.0,0.0,False,0.0,0.0,True,True,True,4,2
FL,Florida,Volusia,12127,590357,487914,4.1,"( 3.6,  4.7)",3.0,"( 2.7,  3.4)",12,1,1,1,1,1,1,True,0.1693890307051496,0.20495415175625212,True,0.1693890307051496,0.20495415175625212,False,False,False,3,5
FL,Florida,Wakulla,12129,36449,28876,3.5,"( 3.1,  4.0)",3.1,"( 2.7,  3.4)",12,0,0,0,0,0,0,False,0.0,0.0,False,0.0,0.0,False,False,False,2,3
FL,Florida,Walton,12131,86354,68437,3.6,"( 3.1,  4.2)",2.8,"( 2.5,  3.2)",12,0,0,0,0,0,0,False,0.0,0.0,False,0.0,0.0,False,False,False,2,4
FL,Florida,Washington,12133,25602,20435,4.6,"( 4.1,  5.2)",3.8,"( 3.4,  4.3)",12,0,0,0,0,0,0,False,0.0,0.0,False,0.0,0.0,True,True,True,4,3
GA,Georgia,Appling,13001,18457,13966,5.2,"( 4.6,  5.7)",4.2,"( 3.8,  4.7)",13,0,0,0,0,0,0,False,0.0,0.0,False,0.0,0.0,True,True,True,5,2
GA,Georgia,Atkinson,13003,8293,6215,5.1,"( 4.6,  5.6)",4.7,"( 4.2,  5.1)",13,0,0,0,0,0,0,False,0.0,0.0,False,0.0,0.0,True,True,True,5,1
GA,Georgia,Bacon,13005,11124,8340,4.4,"( 3.9,  4.9)",3.8,"( 3.3,  4.2)",13,0,0,0,0,0,0,False,0.0,0.0,False,0.0,0.0,True,True,True,4,2
GA,Georgia,Baker,13007,2743,2242,6.9,"( 6.2,  7.7)",4.9,"( 4.4,  5.3)",13,0,0,0,0,0,0,False,0.0,0.0,False,0.0,0.0,True,True,True,5,1
GA,Georgia,Baldwin,13009,43396,35399,4.4,"( 3.9,  4.9)",4.1,"( 3.7,  4.6)",13,0,0,0,0,0,0,False,0.0,0.0,False,0.0,0.0,True,True,True,4,4
GA,Georgia,Banks,13011,19789,15562,4.0,"( 3.5,  4.5)",3.3,"( 2.9,  3.7)",13,0,0,0,0,0,0,False,0.0,0.0,False,0.0,0.0,False,False,True,3,3
GA,Georgia,Barrow,13013,92792,69765,3.2,"( 2.9,  3.6)",3.1,"( 2.8,  3.5)",13,0,0,0,0,0,0,False,0.0,0.0,False,0.0,0.0,False,False,False,1,4
GA,Georgia,Bartow,13015,115041,88588,3.4,"( 3.0,  3.8)",3.1,"( 2.7,  3.4)",13,0,0,0,0,0,0,False,0.0,0.0,False,0.0,0.0,False,False,False,1,5
GA,Georgia,Ben Hill,13017,17128,12939,5.6,"( 5.0,  6.2)",4.6,"( 4.1,  5.1)",13,0,0,0,0,0,0,False,0.0,0.0,False,0.0,0.0,True,True,True,5,2
GA,Georgia,Berrien,13019,18570,14256,4.8,"( 4.3,  5.4)",4.0,"( 3.6,  4.5)",13,0,0,0,0,0,0,False,0.0,0.0,False,0.0,0.0,True,True,True,5,2
GA,Georgia,Bibb,13021,156512,118300,4.8,"( 4.3,  5.4)",4.3,"( 3.8,  4.8)",13,0,0,0,0,0,0,False,0.0,0.0,False,0.0,0.0,True,True,True,5,5
GA,Georgia,Bleckley,13023,12465,9890,4.3,"( 3.8,  4.9)",3.7,"( 3.2,  4.1)",13,0,0,0,0,0,0,False,0.0,0.0,False,0.0,0.0,True,True,True,4,2
GA,Georgia,Brantley,13025,18401,14186,4.4,"( 3.9,  5.0)",3.6,"( 3.2,  4.1)",13,0,0,0,0,0,0,False,0.0,0.0,False,0.0,0.0,True,True,True,4,2
GA,Georgia,Brooks,13027,16245,12902,5.9,"( 5.3,  6.6)",4.5,"( 4.0,  5.0)",13,0,0,0,0,0,0,False,0.0,0.0,False,0.0,0.0,True,True,True,5,2
GA,Georgia,Bryan,13029,49739,35571,2.6,"( 2.3,  3.0)",2.7,"( 2.3,  3.0)",13,0,0,0,0,0,0,False,0.0,0.0,False,0.0,0.0,False,False,False,1,4
GA,Georgia,Bulloch,13031,84327,67469,3.3,"( 2.9,  3.6)",3.7,"( 3.3,  4.1)",13,0,0,0,0,0,0,False,0.0,0.0,False,0.0,0.0,False,False,True,1,4
GA,Georgia,Burke,13033,24438,18515,5.2,"( 4.7,  5.8)",4.4,"( 3.9,  4.8)",13,0,0,0,0,0,0,False,0.0,0.0,False,0.0,0.0,True,True,True,5,3
GA,Georgia,Butts,13035,26887,21395,4.0,"( 3.6,  4.4)",3.6,"( 3.3,  4.0)",13,0,0,0,0,0,0,False,0.0,0.0,False,0.0,0.0,False,False,True,3,3
GA,Georgia,Calhoun,13037,5457,4642,5.4,"( 4.8,  6.1)",4.9,"( 4.4,  5.5)",13,0,0,0,0,0,0,False,0.0,0.0,False,0.0,0.0,True,True,True,5,1
GA,Georgia,Camden,13039,58118,44234,3.5,"( 3.1,  3.9)",3.3,"( 2.9,  3.7)",13,0,0,0,0,0,0,False,0.0,0.0,False,0.0,0.0,False,False,True,2,4
GA,Georgia,Candler,13043,11059,8146,4.9,"( 4.3,  5.5)",4.0,"( 3.6,  4.5)",13,0,0,0,0,0,0,False,0.0,0.0,False,0.0,0.0,True,True,True,5,2
GA,Georgia,Carroll,13045,127098,96984,3.5,"( 3.1,  4.0)",3.4,"( 3.0,  3.8)",13,0,0,0,0,0,0,False,0.0,0.0,False,0.0,0.0,False,False,True,2,5
GA,Georgia,Catoosa,13047,68910,54038,3.6,"( 3.1,  4.1)",2.9,"( 2.5,  3.3)",13,0,0,0,0,0,0,False,0.0,0.0,False,0.0,0.0,False,False,False,2,4
GA,Georgia,Charlton,13049,12934,10660,4.5,"( 4.0,  4.9)",4.2,"( 3.8,  4.7)",13,0,0,0,0,0,0,False,0.0,0.0,False,0.0,0.0,True,True,True,4,2
GA,Georgia,Chatham,13051,303655,241631,3.7,"( 3.3,  4.1)",3.3,"( 3.0,  3.7)",13,0,0,0,0,0,0,False,0.0,0.0,False,0.0,0.0,False,False,True,2,5
GA,Georgia,Chattahoochee,13053,8661,6690,2.0,"( 1.9,  2.2)",3.8,"( 3.5,  4.2)",13,0,0,0,0,0,0,False,0.0,0.0,False,0.0,0.0,False,False,True,1,1
GA,Georgia,Chattooga,13055,25222,19718,4.9,"( 4.3,  5.5)",4.1,"( 3.6,  4.6)",13,0,0,0,0,0,0,False,0.0,0.0,False,0.0,0.0,True,True,True,5,3
GA,Georgia,Cherokee,13057,286602,222757,2.9,"( 2.5,  3.3)",2.6,"( 2.2,  2.9)",13,0,0,0,0,0,0,False,0.0,0.0,False,0.0,0.0,False,False,False,1,5
GA,Georgia,Clarke,13059,129933,108382,3.0,"( 2.7,  3.4)",3.6,"( 3.2,  4.0)",13,0,0,0,0,0,0,False,0.0,0.0,False,0.0,0.0,False,False,True,1,5
GA,Georgia,Clay,13061,2853,2290,6.6,"( 5.8,  7.4)",4.6,"( 4.1,  5.1)",13,0,0,0,0,0,0,False,0.0,0.0,False,0.0,0.0,True,True,True,5,1
GA,Georgia,Clayton,13063,298300,219599,4.3,"( 3.8,  4.8)",4.4,"( 3.9,  4.9)",13,0,0,0,0,0,0,False,0.0,0.0,False,0.0,0.0,True,True,True,4,5
GA,Georgia,Clinch,13065,6746,5045,5.2,"( 4.6,  5.8)",4.4,"( 3.9,  4.9)",13,0,0,0,0,0,0,False,0.0,0.0,False,0.0,0.0,True,True,True,5,1
GA,Georgia,Cobb,13067,776743,603821,2.8,"( 2.5,  3.2)",2.7,"( 2.4,  3.0)",13,4,4,2,4,4,2,True,0.5149708462129687,0.6624479771322959,True,0.5149708462129687,0.6624479771322959,False,False,False,1,5
GA,Georgia,Coffee,13069,43317,32601,4.7,"( 4.2,  5.2)",4.3,"( 3.9,  4.8)",13,0,0,0,0,0,0,False,0.0,0.0,False,0.0,0.0,True,True,True,4,4
GA,Georgia,Colquitt,13071,46167,34375,4.7,"( 4.2,  5.2)",4.1,"( 3.7,  4.6)",13,0,0,0,0,0,0,False,0.0,0.0,False,0.0,0.0,True,True,True,4,4
GA,Georgia,Columbia,13073,165162,124488,3.0,"( 2.7,  3.4)",2.7,"( 2.4,  3.1)",13,0,0,0,0,0,0,False,0.0,0.0,False,0.0,0.0,False,False,False,1,5
GA,Georgia,Cook,13075,17714,13235,4.9,"( 4.4,  5.5)",4.2,"( 3.8,  4.7)",13,0,0,0,0,0,0,False,0.0,0.0,False,0.0,0.0,True,True,True,5,2
GA,Georgia,Coweta,13077,155892,120448,3.2,"( 2.8,  3.6)",2.8,"( 2.5,  3.1)",13,0,0,0,0,0,0,False,0.0,0.0,False,0.0,0.0,False,False,False,1,5
GA,Georgia,Crawford,13079,12277,9813,4.5,"( 4.0,  5.1)",3.5,"( 3.1,  3.9)",13,0,0,0,0,0,0,False,0.0,0.0,False,0.0,0.0,True,True,True,4,2
GA,Georgia,Crisp,13081,19631,15039,5.7,"( 5.1,  6.4)",4.6,"( 4.1,  5.1)",13,0,0,0,0,0,0,False,0.0,0.0,False,0.0,0.0,True,True,True,5,3
GA,Georgia,Dade,13083,16165,13017,3.8,"( 3.3,  4.3)",3.0,"( 2.7,  3.4)",13,0,0,0,0,0,0,False,0.0,0.0,False,0.0,0.0,False,False,False,2,2
GA,Georgia,Dawson,13085,31732,25312,3.3,"( 2.8,  3.9)",2.7,"( 2.3,  3.1)",13,0,0,0,0,0,0,False,0.0,0.0,False,0.0,0.0,False,False,False,1,3
GA,Georgia,Decatur,13087,29087,22056,5.2,"( 4.6,  5.7)",4.4,"( 3.9,  4.8)",13,0,0,0,0,0,0,False,0.0,0.0,False,0.0,0.0,True,True,True,5,3
GA,Georgia,DeKalb,13089,762992,591931,3.5,"( 3.0,  3.9)",3.3,"( 2.9,  3.7)",13,3,3,1,3,3,1,True,0.39318891941199907,0.5068158281961918,True,0.39318891941199907,0.5068158281961918,False,False,False,2,5
GA,Georgia,Dodge,13091,19776,16128,5.0,"( 4.4,  5.5)",4.0,"( 3.6,  4.5)",13,0,0,0,0,0,0,False,0.0,0.0,False,0.0,0.0,True,True,True,5,3
GA,Georgia,Dooly,13093,10981,9303,5.3,"( 4.7,  5.8)",4.2,"( 3.8,  4.7)",13,0,0,0,0,0,0,False,0.0,0.0,False,0.0,0.0,True,True,True,5,2
GA,Georgia,Dougherty,13095,82645,62618,5.5,"( 4.9,  6.2)",4.8,"( 4.3,  5.4)",13,0,0,0,0,0,0,False,0.0,0.0,False,0.0,0.0,True,True,True,5,4
GA,Georgia,Douglas,13097,149160,111702,3.5,"( 3.2,  3.9)",3.4,"( 3.1,  3.8)",13,0,0,0,0,0,0,False,0.0,0.0,False,0.0,0.0,False,False,True,2,5
GA,Georgia,Early,13099,10563,7986,5.6,"( 5.1,  6.2)",4.4,"( 4.0,  4.9)",13,0,0,0,0,0,0,False,0.0,0.0,False,0.0,0.0,True,True,True,5,2
GA,Georgia,Echols,13101,3709,2736,3.6,"( 3.2,  4.0)",3.3,"( 3.0,  3.7)",13,0,0,0,0,0,0,False,0.0,0.0,False,0.0,0.0,False,False,True,2,1
GA,Georgia,Effingham,13103,71541,52772,3.0,"( 2.7,  3.4)",2.9,"( 2.6,  3.3)",13,0,0,0,0,0,0,False,0.0,0.0,False,0.0,0.0,False,False,False,1,4
GA,Georgia,Elbert,13105,20013,15564,4.9,"( 4.4,  5.5)",3.8,"( 3.4,  4.2)",13,0,0,0,0,0,0,False,0.0,0.0,False,0.0,0.0,True,True,True,5,3
GA,Georgia,Emanuel,13107,23119,17452,4.8,"( 4.3,  5.3)",4.3,"( 3.8,  4.7)",13,0,0,0,0,0,0,False,0.0,0.0,False,0.0,0.0,True,True,True,5,3
GA,Georgia,Evans,13109,10754,8115,4.8,"( 4.3,  5.4)",4.2,"( 3.7,  4.7)",13,0,0,0,0,0,0,False,0.0,0.0,False,0.0,0.0,True,True,True,5,2
GA,Georgia,Fannin,13111,25955,21938,5.0,"( 4.3,  5.8)",3.2,"( 2.8,  3.7)",13,0,0,0,0,0,0,False,0.0,0.0,False,0.0,0.0,True,True,True,5,3
GA,Georgia,Fayette,13113,123351,95974,3.3,"( 2.9,  3.8)",2.6,"( 2.3,  2.9)",13,0,0,0,0,0,0,False,0.0,0.0,False,0.0,0.0,False,False,False,1,5
GA,Georgia,Floyd,13115,100113,77443,3.9,"( 3.4,  4.4)",3.4,"( 3.0,  3.9)",13,0,0,0,0,0,0,False,0.0,0.0,False,0.0,0.0,False,False,True,3,5
GA,Georgia,Forsyth,13117,272887,203939,2.4,"( 2.1,  2.7)",2.2,"( 1.9,  2.5)",13,0,0,0,0,0,0,False,0.0,0.0,False,0.0,0.0,False,False,False,1,5
GA,Georgia,Franklin,13119,24782,19292,4.4,"( 3.8,  5.0)",3.6,"( 3.2,  4.1)",13,0,0,0,0,0,0,False,0.0,0.0,False,0.0,0.0,True,True,True,4,3
GA,Georgia,Fulton,13121,1079105,856802,2.9,"( 2.6,  3.3)",3.0,"( 2.6,  3.4)",13,37,26,18,39,27,19,True,3.4287673581347504,4.31838394401507,True,3.6141061342501426,4.55181010315102,False,False,False,1,5
GA,Georgia,Gilmer,13123,32860,26936,4.5,"( 3.9,  5.2)",3.1,"( 2.7,  3.5)",13,0,0,0,0,0,0,False,0.0,0.0,False,0.0,0.0,True,True,False,4,3
GA,Georgia,Glascock,13125,2954,2319,4.3,"( 3.8,  4.9)",3.5,"( 3.1,  4.0)",13,0,0,0,0,0,0,False,0.0,0.0,False,0.0,0.0,True,True,True,4,1
GA,Georgia,Glynn,13127,86172,68495,4.4,"( 3.8,  4.9)",3.3,"( 2.9,  3.7)",13,0,0,0,0,0,0,False,0.0,0.0,False,0.0,0.0,True,True,True,4,4
GA,Georgia,Gordon,13129,59757,46142,3.9,"( 3.4,  4.4)",3.4,"( 3.0,  3.8)",13,0,0,0,0,0,0,False,0.0,0.0,False,0.0,0.0,False,False,True,3,4
GA,Georgia,Grady,13131,26066,19695,5.0,"( 4.5,  5.6)",4.0,"( 3.6,  4.4)",13,0,0,0,0,0,0,False,0.0,0.0,False,0.0,0.0,True,True,True,5,3
GA,Georgia,Greene,13133,20722,17235,4.6,"( 3.9,  5.3)",3.0,"( 2.6,  3.4)",13,0,0,0,0,0,0,False,0.0,0.0,False,0.0,0.0,True,True,False,4,3
GA,Georgia,Gwinnett,13135,983526,730986,3.0,"( 2.7,  3.4)",3.0,"( 2.7,  3.3)",13,0,0,0,0,0,0,False,0.0,0.0,False,0.0,0.0,False,False,False,1,5
GA,Georgia,Habersham,13137,48757,38151,3.8,"( 3.2,  4.3)",3.1,"( 2.7,  3.6)",13,0,0,0,0,0,0,False,0.0,0.0,False,0.0,0.0,False,False,False,2,4
GA,Georgia,Hall,13139,217267,166389,3.5,"( 3.1,  4.0)",3.1,"( 2.7,  3.5)",13,0,0,0,0,0,0,False,0.0,0.0,False,0.0,0.0,False,False,False,2,5
GA,Georgia,Hancock,13141,8676,7419,7.0,"( 6.1,  7.7)",5.4,"( 4.7,  5.9)",13,0,0,0,0,0,0,False,0.0,0.0,False,0.0,0.0,True,True,True,5,1
GA,Georgia,Haralson,13143,32038,24278,3.7,"( 3.2,  4.2)",3.2,"( 2.8,  3.6)",13,0,0,0,0,0,0,False,0.0,0.0,False,0.0,0.0,False,False,True,2,3
GA,Georgia,Harris,13145,36654,28872,3.5,"( 3.1,  3.9)",2.7,"( 2.4,  3.1)",13,0,0,0,0,0,0,False,0.0,0.0,False,0.0,0.0,False,False,False,2,3
GA,Georgia,Hart,13147,27556,22018,4.5,"( 3.9,  5.1)",3.4,"( 3.0,  3.8)",13,0,0,0,0,0,0,False,0.0,0.0,False,0.0,0.0,True,True,True,4,3
GA,Georgia,Heard,13149,12034,9275,4.2,"( 3.7,  4.8)",3.5,"( 3.1,  4.0)",13,0,0,0,0,0,0,False,0.0,0.0,False,0.0,0.0,True,True,True,3,2
GA,Georgia,Henry,13151,254613,191306,3.5,"( 3.1,  3.9)",3.3,"( 3.0,  3.7)",13,0,0,0,0,0,0,False,0.0,0.0,False,0.0,0.0,False,False,True,2,5
GA,Georgia,Houston,13153,171974,128292,3.3,"( 3.0,  3.7)",3.1,"( 2.8,  3.5)",13,1,1,1,1,1,1,True,0.5814832474676405,0.7794718298880678,True,0.5814832474676405,0.7794718298880678,False,False,False,1,5
GA,Georgia,Irwin,13155,9120,7005,4.8,"( 4.2,  5.3)",3.9,"( 3.5,  4.3)",13,0,0,0,0,0,0,False,0.0,0.0,False,0.0,0.0,True,True,True,5,2
GA,Georgia,Jackson,13157,88615,66464,3.2,"( 2.8,  3.7)",2.9,"( 2.6,  3.4)",13,0,0,0,0,0,0,False,0.0,0.0,False,0.0,0.0,False,False,False,1,4
GA,Georgia,Jasper,13159,16455,12575,4.2,"( 3.8,  4.7)",3.5,"( 3.1,  3.9)",13,0,0,0,0,0,0,False,0.0,0.0,False,0.0,0.0,True,True,True,3,2
GA,Georgia,Jeff Davis,13161,14906,11152,4.8,"( 4.3,  5.4)",4.2,"( 3.8,  4.7)",13,0,0,0,0,0,0,False,0.0,0.0,False,0.0,0.0,True,True,True,5,2
GA,Georgia,Jefferson,13163,15183,11719,5.5,"( 5.0,  6.2)",4.6,"( 4.1,  5.1)",13,0,0,0,0,0,0,False,0.0,0.0,False,0.0,0.0,True,True,True,5,2
GA,Georgia,Jenkins,13165,8627,6909,5.5,"( 5.0,  6.1)",4.8,"( 4.4,  5.3)",13,0,0,0,0,0,0,False,0.0,0.0,False,0.0,0.0,True,True,True,5,1
GA,Georgia,Johnson,13167,9282,7669,5.4,"( 4.9,  6.1)",4.5,"( 4.1,  5.0)",13,0,0,0,0,0,0,False,0.0,0.0,False,0.0,0.0,True,True,True,5,2
GA,Georgia,Jones,13169,28969,22439,4.2,"( 3.7,  4.6)",3.5,"( 3.1,  3.8)",13,0,0,0,0,0,0,False,0.0,0.0,False,0.0,0.0,True,True,True,3,3
GA,Georgia,Lamar,13171,20401,16036,3.9,"( 3.5,  4.4)",3.5,"( 3.1,  3.9)",13,0,0,0,0,0,0,False,0.0,0.0,False,0.0,0.0,False,False,True,3,3
GA,Georgia,Lanier,13173,10452,7992,4.6,"( 4.1,  5.1)",4.2,"( 3.7,  4.7)",13,0,0,0,0,0,0,False,0.0,0.0,False,0.0,0.0,True,True,True,4,2
GA,Georgia,Laurens,13175,49941,37550,4.9,"( 4.4,  5.5)",4.1,"( 3.6,  4.5)",13,0,0,0,0,0,0,False,0.0,0.0,False,0.0,0.0,True,True,True,5,4
GA,Georgia,Lee,13177,33872,25370,3.2,"( 2.8,  3.6)",2.9,"( 2.6,  3.3)",13,0,0,0,0,0,0,False,0.0,0.0,False,0.0,0.0,False,False,False,1,3
GA,Georgia,Liberty,13179,69210,50108,3.1,"( 2.8,  3.4)",3.8,"( 3.4,  4.1)",13,0,0,0,0,0,0,False,0.0,0.0,False,0.0,0.0,False,False,True,1,4
GA,Georgia,Lincoln,13181,7879,6351,5.5,"( 4.9,  6.2)",3.9,"( 3.5,  4.3)",13,0,0,0,0,0,0,False,0.0,0.0,False,0.0,0.0,True,True,True,5,1
GA,Georgia,Long,13183,19594,14123,3.3,"( 3.0,  3.7)",3.6,"( 3.3,  4.0)",13,0,0,0,0,0,0,False,0.0,0.0,False,0.0,0.0,False,False,True,1,3
GA,Georgia,Lowndes,13185,120712,91064,3.7,"( 3.3,  4.1)",3.8,"( 3.4,  4.2)",13,0,0,0,0,0,0,False,0.0,0.0,False,0.0,0.0,False,False,True,2,5
GA,Georgia,Lumpkin,13187,35258,29477,3.3,"( 2.9,  3.8)",3.1,"( 2.6,  3.5)",13,0,0,0,0,0,0,False,0.0,0.0,False,0.0,0.0,False,False,False,1,3
GA,Georgia,McDuffie,13189,21799,16447,4.9,"( 4.4,  5.5)",3.9,"( 3.5,  4.4)",13,0,0,0,0,0,0,False,0.0,0.0,False,0.0,0.0,True,True,True,5,3
GA,Georgia,McIntosh,13191,11501,9721,6.4,"( 5.7,  7.2)",4.3,"( 3.9,  4.8)",13,0,0,0,0,0,0,False,0.0,0.0,False,0.0,0.0,True,True,True,5,2
GA,Georgia,Macon,13193,11817,9723,6.3,"( 5.6,  7.0)",5.4,"( 4.8,  6.0)",13,0,0,0,0,0,0,False,0.0,0.0,False,0.0,0.0,True,True,True,5,2
GA,Georgia,Madison,13195,32191,24680,4.3,"( 3.8,  4.9)",3.6,"( 3.2,  4.1)",13,0,0,0,0,0,0,False,0.0,0.0,False,0.0,0.0,True,True,True,4,3
GA,Georgia,Marion,13197,7440,5938,5.5,"( 4.9,  6.2)",4.1,"( 3.7,  4.5)",13,0,0,0,0,0,0,False,0.0,0.0,False,0.0,0.0,True,True,True,5,1
GA,Georgia,Meriwether,13199,20931,16562,5.2,"( 4.7,  5.8)",4.0,"( 3.7,  4.5)",13,0,0,0,0,0,0,False,0.0,0.0,False,0.0,0.0,True,True,True,5,3
GA,Georgia,Miller,13201,5747,4410,5.5,"( 4.8,  6.2)",4.0,"( 3.6,  4.5)",13,0,0,0,0,0,0,False,0.0,0.0,False,0.0,0.0,True,True,True,5,1
GA,Georgia,Mitchell,13205,21114,16263,5.3,"( 4.8,  6.0)",4.5,"( 4.0,  4.9)",13,0,0,0,0,0,0,False,0.0,0.0,False,0.0,0.0,True,True,True,5,3
GA,Georgia,Monroe,13207,30625,24227,3.8,"( 3.4,  4.2)",3.1,"( 2.8,  3.5)",13,0,0,0,0,0,0,False,0.0,0.0,False,0.0,0.0,False,False,False,2,3
GA,Georgia,Montgomery,13209,8761,6956,4.4,"( 3.9,  5.0)",3.8,"( 3.4,  4.3)",13,0,0,0,0,0,0,False,0.0,0.0,False,0.0,0.0,True,True,True,4,2
GA,Georgia,Morgan,13211,21460,16735,3.7,"( 3.2,  4.2)",2.8,"( 2.5,  3.2)",13,0,0,0,0,0,0,False,0.0,0.0,False,0.0,0.0,False,False,False,2,3
GA,Georgia,Murray,13213,41035,31441,3.7,"( 3.2,  4.2)",3.3,"( 2.9,  3.7)",13,0,0,0,0,0,0,False,0.0,0.0,False,0.0,0.0,False,False,True,2,4
GA,Georgia,Muscogee,13215,201877,151740,4.1,"( 3.7,  4.6)",3.9,"( 3.5,  4.3)",13,0,0,0,0,0,0,False,0.0,0.0,False,0.0,0.0,True,True,True,3,5
GA,Georgia,Newton,13217,120135,90194,3.8,"( 3.4,  4.3)",3.6,"( 3.2,  4.1)",13,0,0,0,0,0,0,False,0.0,0.0,False,0.0,0.0,False,False,True,2,5
GA,Georgia,Oconee,13219,44182,32893,2.7,"( 2.4,  3.1)",2.2,"( 1.9,  2.5)",13,0,0,0,0,0,0,False,0.0,0.0,False,0.0,0.0,False,False,False,1,4
GA,Georgia,Oglethorpe,13221,15754,12372,4.1,"( 3.6,  4.6)",3.2,"( 2.9,  3.7)",13,0,0,0,0,0,0,False,0.0,0.0,False,0.0,0.0,True,True,True,3,2
GA,Georgia,Paulding,13223,183164,136998,2.9,"( 2.6,  3.3)",2.9,"( 2.5,  3.2)",13,0,0,0,0,0,0,False,0.0,0.0,False,0.0,0.0,False,False,False,1,5
GA,Georgia,Peach,13225,28805,22815,4.1,"( 3.6,  4.5)",3.6,"( 3.2,  4.0)",13,0,0,0,0,0,0,False,0.0,0.0,False,0.0,0.0,True,True,True,3,3
GA,Georgia,Pickens,13227,35969,29293,4.0,"( 3.4,  4.6)",3.0,"( 2.6,  3.4)",13,0,0,0,0,0,0,False,0.0,0.0,False,0.0,0.0,False,False,False,3,3
GA,Georgia,Pierce,13229,20425,15398,4.2,"( 3.8,  4.7)",3.6,"( 3.2,  4.0)",13,0,0,0,0,0,0,False,0.0,0.0,False,0.0,0.0,True,True,True,3,3
GA,Georgia,Pike,13231,20461,15706,3.4,"( 3.0,  3.9)",3.0,"( 2.6,  3.4)",13,0,0,0,0,0,0,False,0.0,0.0,False,0.0,0.0,False,False,False,1,3
GA,Georgia,Polk,13233,44223,33130,4.1,"( 3.6,  4.6)",3.6,"( 3.2,  4.1)",13,0,0,0,0,0,0,False,0.0,0.0,False,0.0,0.0,True,True,True,3,4
GA,Georgia,Pulaski,13235,10095,8287,5.1,"( 4.6,  5.8)",4.1,"( 3.6,  4.5)",13,0,0,0,0,0,0,False,0.0,0.0,False,0.0,0.0,True,True,True,5,2
GA,Georgia,Putnam,13237,23129,18686,4.9,"( 4.3,  5.6)",3.6,"( 3.2,  4.0)",13,0,0,0,0,0,0,False,0.0,0.0,False,0.0,0.0,True,True,True,5,3
GA,Georgia,Quitman,13239,2280,1849,7.3,"( 6.5,  8.1)",4.6,"( 4.2,  5.1)",13,0,0,0,0,0,0,False,0.0,0.0,False,0.0,0.0,True,True,True,5,1
GA,Georgia,Rabun,13241,17442,14652,4.6,"( 3.9,  5.3)",3.1,"( 2.7,  3.6)",13,0,0,0,0,0,0,False,0.0,0.0,False,0.0,0.0,True,True,False,4,2
GA,Georgia,Randolph,13243,6078,4809,7.9,"( 7.0,  8.9)",5.5,"( 4.9,  6.1)",13,0,0,0,0,0,0,False,0.0,0.0,False,0.0,0.0,True,True,True,5,1
GA,Georgia,Richmond,13245,205414,158562,4.4,"( 3.9,  5.0)",4.2,"( 3.7,  4.7)",13,1,1,1,1,1,1,True,0.4868217356168518,0.6306681298167278,True,0.4868217356168518,0.6306681298167278,False,False,False,4,5
GA,Georgia,Rockdale,13247,95987,73494,4.4,"( 3.9,  4.9)",3.8,"( 3.4,  4.3)",13,0,0,0,0,0,0,False,0.0,0.0,False,0.0,0.0,True,True,True,4,4
GA,Georgia,Schley,13249,4526,3488,4.4,"( 3.9,  5.0)",3.5,"( 3.1,  3.9)",13,0,0,0,0,0,0,False,0.0,0.0,False,0.0,0.0,True,True,True,4,1
GA,Georgia,Screven,13251,14174,11178,5.2,"( 4.7,  5.8)",4.1,"( 3.7,  4.5)",13,0,0,0,0,0,0,False,0.0,0.0,False,0.0,0.0,True,True,True,5,2
GA,Georgia,Seminole,13253,9092,7325,5.4,"( 4.8,  6.1)",3.9,"( 3.5,  4.3)",13,0,0,0,0,0,0,False,0.0,0.0,False,0.0,0.0,True,True,True,5,2
GA,Georgia,Spalding,13255,69946,53654,4.6,"( 4.1,  5.1)",3.8,"( 3.4,  4.3)",13,0,0,0,0,0,0,False,0.0,0.0,False,0.0,0.0,True,True,True,4,4
GA,Georgia,Stephens,13257,27228,21289,4.5,"( 4.0,  5.1)",3.6,"( 3.2,  4.0)",13,0,0,0,0,0,0,False,0.0,0.0,False,0.0,0.0,True,True,True,4,3
GA,Georgia,Stewart,13259,4674,4068,5.2,"( 4.6,  5.7)",5.2,"( 4.6,  5.7)",13,0,0,0,0,0,0,False,0.0,0.0,False,0.0,0.0,True,True,True,5,1
GA,Georgia,Sumter,13261,28890,22380,4.8,"( 4.3,  5.4)",4.2,"( 3.8,  4.7)",13,0,0,0,0,0,0,False,0.0,0.0,False,0.0,0.0,True,True,True,5,3
GA,Georgia,Talbot,13263,5718,4784,6.6,"( 5.9,  7.4)",4.6,"( 4.1,  5.1)",13,0,0,0,0,0,0,False,0.0,0.0,False,0.0,0.0,True,True,True,5,1
GA,Georgia,Taliaferro,13265,1609,1312,6.6,"( 5.9,  7.3)",4.4,"( 4.0,  4.9)",13,0,0,0,0,0,0,False,0.0,0.0,False,0.0,0.0,True,True,True,5,1
GA,Georgia,Tattnall,13267,24296,19380,4.6,"( 4.1,  5.1)",4.3,"( 3.9,  4.8)",13,0,0,0,0,0,0,False,0.0,0.0,False,0.0,0.0,True,True,True,4,3
GA,Georgia,Taylor,13269,7758,6246,6.3,"( 5.6,  7.1)",4.8,"( 4.2,  5.3)",13,0,0,0,0,0,0,False,0.0,0.0,False,0.0,0.0,True,True,True,5,1
GA,Georgia,Telfair,13271,10920,9009,6.1,"( 5.5,  6.7)",5.0,"( 4.5,  5.5)",13,0,0,0,0,0,0,False,0.0,0.0,False,0.0,0.0,True,True,True,5,2
GA,Georgia,Terrell,13273,8718,6786,6.4,"( 5.8,  7.1)",5.0,"( 4.5,  5.6)",13,0,0,0,0,0,0,False,0.0,0.0,False,0.0,0.0,True,True,True,5,1
GA,Georgia,Thomas,13275,45649,34945,4.6,"( 4.1,  5.2)",3.7,"( 3.3,  4.1)",13,1,1,1,1,1,1,True,2.190628491314158,2.8616397195593075,True,2.190628491314158,2.8616397195593075,False,False,False,4,4
GA,Georgia,Tift,13277,41554,31354,4.4,"( 4.0,  4.9)",3.9,"( 3.5,  4.4)",13,0,0,0,0,0,0,False,0.0,0.0,False,0.0,0.0,True,True,True,4,4
GA,Georgia,Toombs,13279,27040,19850,4.5,"( 4.0,  5.1)",3.9,"( 3.5,  4.4)",13,0,0,0,0,0,0,False,0.0,0.0,False,0.0,0.0,True,True,True,4,3
GA,Georgia,Towns,13281,13035,11309,4.9,"( 4.2,  5.7)",2.9,"( 2.6,  3.4)",13,0,0,0,0,0,0,False,0.0,0.0,False,0.0,0.0,True,True,False,5,2
GA,Georgia,Treutlen,13283,6341,4946,5.5,"( 5.0,  6.1)",4.8,"( 4.3,  5.3)",13,0,0,0,0,0,0,False,0.0,0.0,False,0.0,0.0,True,True,True,5,1
GA,Georgia,Troup,13285,70742,53548,4.3,"( 3.8,  4.8)",3.8,"( 3.4,  4.2)",13,0,0,0,0,0,0,False,0.0,0.0,False,0.0,0.0,True,True,True,4,4
GA,Georgia,Turner,13287,8909,6668,5.6,"( 5.1,  6.3)",4.6,"( 4.1,  5.1)",13,0,0,0,0,0,0,False,0.0,0.0,False,0.0,0.0,True,True,True,5,2
GA,Georgia,Twiggs,13289,7691,6243,5.7,"( 5.1,  6.3)",4.1,"( 3.7,  4.5)",13,0,0,0,0,0,0,False,0.0,0.0,False,0.0,0.0,True,True,True,5,1
GA,Georgia,Union,13291,27124,23066,4.8,"( 4.1,  5.6)",3.0,"( 2.6,  3.4)",13,0,0,0,0,0,0,False,0.0,0.0,False,0.0,0.0,True,True,False,5,3
GA,Georgia,Upson,13293,28263,21805,4.7,"( 4.2,  5.4)",3.9,"( 3.5,  4.4)",13,0,0,0,0,0,0,False,0.0,0.0,False,0.0,0.0,True,True,True,4,3
GA,Georgia,Walker,13295,69489,54798,4.0,"( 3.5,  4.6)",3.3,"( 2.9,  3.7)",13,0,0,0,0,0,0,False,0.0,0.0,False,0.0,0.0,False,False,True,3,4
GA,Georgia,Walton,13297,106702,81495,3.7,"( 3.3,  4.2)",3.2,"( 2.9,  3.7)",13,0,0,0,0,0,0,False,0.0,0.0,False,0.0,0.0,False,False,True,2,5
GA,Georgia,Ware,13299,36243,27189,4.9,"( 4.4,  5.4)",4.2,"( 3.8,  4.7)",13,0,0,0,0,0,0,False,0.0,0.0,False,0.0,0.0,True,True,True,5,3
GA,Georgia,Warren,13301,5106,4068,6.1,"( 5.4,  6.8)",4.5,"( 4.0,  5.0)",13,0,0,0,0,0,0,False,0.0,0.0,False,0.0,0.0,True,True,True,5,1
GA,Georgia,Washington,13303,19820,15608,5.4,"( 4.8,  6.0)",4.5,"( 4.1,  5.0)",13,0,0,0,0,0,0,False,0.0,0.0,False,0.0,0.0,True,True,True,5,3
GA,Georgia,Wayne,13305,31373,23759,4.6,"( 4.1,  5.1)",4.1,"( 3.7,  4.6)",13,0,0,0,0,0,0,False,0.0,0.0,False,0.0,0.0,True,True,True,4,3
GA,Georgia,Webster,13307,2337,1938,6.4,"( 5.8,  7.2)",4.5,"( 4.0,  5.0)",13,0,0,0,0,0,0,False,0.0,0.0,False,0.0,0.0,True,True,True,5,1
GA,Georgia,Wheeler,13309,7081,5935,4.8,"( 4.3,  5.3)",4.5,"( 4.0,  5.0)",13,0,0,0,0,0,0,False,0.0,0.0,False,0.0,0.0,True,True,True,5,1
GA,Georgia,White,13311,29026,23497,4.0,"( 3.4,  4.6)",3.0,"( 2.6,  3.4)",13,0,0,0,0,0,0,False,0.0,0.0,False,0.0,0.0,False,False,False,3,3
GA,Georgia,Whitfield,13313,103687,78269,3.7,"( 3.2,  4.1)",3.3,"( 2.9,  3.8)",13,0,0,0,0,0,0,False,0.0,0.0,False,0.0,0.0,False,False,True,2,5
GA,Georgia,Wilcox,13315,8779,7154,5.3,"( 4.7,  5.9)",4.4,"( 3.9,  4.9)",13,0,0,0,0,0,0,False,0.0,0.0,False,0.0,0.0,True,True,True,5,2
GA,Georgia,Wilkes,13317,9518,7557,5.6,"( 5.1,  6.3)",4.1,"( 3.7,  4.5)",13,0,0,0,0,0,0,False,0.0,0.0,False,0.0,0.0,True,True,True,5,2
GA,Georgia,Wilkinson,13319,8725,6784,5.2,"( 4.7,  5.8)",4.1,"( 3.7,  4.5)",13,0,0,0,0,0,0,False,0.0,0.0,False,0.0,0.0,True,True,True,5,2
GA,Georgia,Worth,13321,20273,15854,5.0,"( 4.5,  5.6)",4.0,"( 3.5,  4.4)",13,0,0,0,0,0,0,False,0.0,0.0,False,0.0,0.0,True,True,True,5,3
HI,Hawaii,Hawaii,15001,207615,164992,4.4,"( 4.0,  4.8)",3.3,"( 3.0,  3.6)",15,0,0,0,0,0,0,False,0.0,0.0,False,0.0,0.0,True,True,True,4,5
HI,Hawaii,Honolulu,15003,989408,787914,3.5,"( 3.1,  3.9)",2.9,"( 2.6,  3.2)",15,3,3,2,3,3,2,True,0.30321161745205216,0.38075221407412485,True,0.30321161745205216,0.38075221407412485,False,False,False,2,5
HI,Hawaii,Kalawao,15005,81,75,7.3,"( 6.2,  8.5)",3.9,"( 3.4,  4.4)",15,0,0,0,0,0,0,False,0.0,0.0,False,0.0,0.0,True,True,True,5,1
HI,Hawaii,Kauai,15007,73851,58274,3.9,"( 3.6,  4.3)",3.0,"( 2.7,  3.3)",15,0,0,0,0,0,0,False,0.0,0.0,False,0.0,0.0,False,False,False,3,4
HI,Hawaii,Maui,15009,164183,130270,3.8,"( 3.5,  4.2)",3.0,"( 2.7,  3.3)",15,0,0,0,0,0,0,False,0.0,0.0,False,0.0,0.0,False,False,False,2,5
ID,Idaho,Ada,16001,524673,411855,2.8,"( 2.4,  3.2)",2.5,"( 2.2,  2.9)",16,2,2,2,2,2,2,True,0.38118980774692046,0.4856077988612497,True,0.38118980774692046,0.4856077988612497,False,False,False,1,5
ID,Idaho,Adams,16003,4903,4062,4.9,"( 4.1,  5.6)",3.2,"( 2.8,  3.6)",16,0,0,0,0,0,0,False,0.0,0.0,False,0.0,0.0,True,True,True,5,1
ID,Idaho,Bannock,16005,90400,67958,3.1,"( 2.7,  3.5)",3.0,"( 2.6,  3.3)",16,0,0,0,0,0,0,False,0.0,0.0,False,0.0,0.0,False,False,False,1,4
ID,Idaho,Bear Lake,16007,6766,5018,3.9,"( 3.4,  4.5)",3.0,"( 2.6,  3.4)",16,0,0,0,0,0,0,False,0.0,0.0,False,0.0,0.0,False,False,False,3,1
ID,Idaho,Benewah,16009,10369,8064,4.8,"( 4.1,  5.5)",3.5,"( 3.1,  4.0)",16,0,0,0,0,0,0,False,0.0,0.0,False,0.0,0.0,True,True,True,5,2
ID,Idaho,Bingham,16011,50395,35914,3.4,"( 3.0,  3.8)",3.1,"( 2.7,  3.5)",16,0,0,0,0,0,0,False,0.0,0.0,False,0.0,0.0,False,False,False,1,4
ID,Idaho,Blaine,16013,25041,20458,3.3,"( 2.8,  3.9)",2.5,"( 2.1,  2.8)",16,0,0,0,0,0,0,False,0.0,0.0,False,0.0,0.0,False,False,False,1,3
ID,Idaho,Boise,16015,8517,7188,4.0,"( 3.4,  4.6)",2.7,"( 2.4,  3.1)",16,0,0,0,0,0,0,False,0.0,0.0,False,0.0,0.0,False,False,False,3,1
ID,Idaho,Bonner,16017,52547,42293,4.2,"( 3.6,  4.8)",2.9,"( 2.6,  3.3)",16,0,0,0,0,0,0,False,0.0,0.0,False,0.0,0.0,True,True,False,3,4
ID,Idaho,Bonneville,16019,131366,92871,3.0,"( 2.6,  3.4)",2.8,"( 2.5,  3.2)",16,0,0,0,0,0,0,False,0.0,0.0,False,0.0,0.0,False,False,False,1,5
ID,Idaho,Boundary,16021,13557,10356,4.4,"( 3.9,  5.1)",3.3,"( 2.9,  3.7)",16,0,0,0,0,0,0,False,0.0,0.0,False,0.0,0.0,True,True,True,4,2
ID,Idaho,Butte,16023,2758,2126,5.4,"( 4.7,  6.3)",3.8,"( 3.4,  4.4)",16,0,0,0,0,0,0,False,0.0,0.0,False,0.0,0.0,True,True,True,5,1
ID,Idaho,Camas,16025,1232,960,4.0,"( 3.4,  4.6)",2.8,"( 2.4,  3.2)",16,0,0,0,0,0,0,False,0.0,0.0,False,0.0,0.0,False,False,False,3,1
ID,Idaho,Canyon,16027,257674,189929,3.2,"( 2.8,  3.6)",3.0,"( 2.6,  3.4)",16,0,0,0,0,0,0,False,0.0,0.0,False,0.0,0.0,False,False,False,1,5
ID,Idaho,Caribou,16029,7219,5232,3.6,"( 3.1,  4.0)",2.9,"( 2.6,  3.3)",16,0,0,0,0,0,0,False,0.0,0.0,False,0.0,0.0,False,False,False,2,1
ID,Idaho,Cassia,16031,25696,17834,3.4,"( 3.0,  3.9)",3.1,"( 2.7,  3.5)",16,0,0,0,0,0,0,False,0.0,0.0,False,0.0,0.0,False,False,False,1,3
ID,Idaho,Clark,16033,801,612,4.3,"( 3.7,  5.0)",3.4,"( 3.0,  3.8)",16,0,0,0,0,0,0,False,0.0,0.0,False,0.0,0.0,True,True,True,4,1
ID,Idaho,Clearwater,16035,9214,7803,4.7,"( 4.1,  5.3)",3.1,"( 2.8,  3.5)",16,0,0,0,0,0,0,False,0.0,0.0,False,0.0,0.0,True,True,False,4,2
ID,Idaho,Custer,16037,4523,3769,4.7,"( 4.0,  5.4)",3.0,"( 2.6,  3.4)",16,0,0,0,0,0,0,False,0.0,0.0,False,0.0,0.0,True,True,False,4,1
ID,Idaho,Elmore,16039,29724,22520,3.3,"( 3.0,  3.8)",3.2,"( 2.9,  3.7)",16,0,0,0,0,0,0,False,0.0,0.0,False,0.0,0.0,False,False,True,1,3
ID,Idaho,Franklin,16041,15494,10847,3.2,"( 2.8,  3.6)",2.9,"( 2.5,  3.2)",16,0,0,0,0,0,0,False,0.0,0.0,False,0.0,0.0,False,False,False,1,2
ID,Idaho,Fremont,16043,14196,10850,3.4,"( 3.0,  3.9)",2.9,"( 2.6,  3.3)",16,0,0,0,0,0,0,False,0.0,0.0,False,0.0,0.0,False,False,False,1,2
ID,Idaho,Gem,16045,21071,16445,3.9,"( 3.4,  4.4)",2.9,"( 2.5,  3.2)",16,0,0,0,0,0,0,False,0.0,0.0,False,0.0,0.0,False,False,False,3,3
ID,Idaho,Gooding,16047,16061,11928,4.2,"( 3.7,  4.8)",3.5,"( 3.1,  3.9)",16,0,0,0,0,0,0,False,0.0,0.0,False,0.0,0.0,True,True,True,3,2
ID,Idaho,Idaho,16049,17890,14280,4.6,"( 4.0,  5.3)",3.1,"( 2.7,  3.5)",16,0,0,0,0,0,0,False,0.0,0.0,False,0.0,0.0,True,True,False,4,2
ID,Idaho,Jefferson,16051,34198,23316,2.9,"( 2.5,  3.3)",2.8,"( 2.5,  3.2)",16,0,0,0,0,0,0,False,0.0,0.0,False,0.0,0.0,False,False,False,1,3
ID,Idaho,Jerome,16053,25479,17979,3.8,"( 3.3,  4.2)",3.5,"( 3.1,  3.9)",16,0,0,0,0,0,0,False,0.0,0.0,False,0.0,0.0,False,False,True,2,3
ID,Idaho,Kootenai,16055,185010,144057,3.5,"( 3.0,  4.0)",2.8,"( 2.5,  3.2)",16,1,1,1,1,1,1,True,0.5405113237122318,0.6941696689504849,True,0.5405113237122318,0.6941696689504849,False,False,False,2,5
ID,Idaho,Latah,16057,41301,33280,2.7,"( 2.4,  3.1)",2.9,"( 2.5,  3.3)",16,0,0,0,0,0,0,False,0.0,0.0,False,0.0,0.0,False,False,False,1,4
ID,Idaho,Lemhi,16059,8441,6904,4.7,"( 4.1,  5.4)",3.0,"( 2.7,  3.5)",16,0,0,0,0,0,0,False,0.0,0.0,False,0.0,0.0,True,True,False,4,1
ID,Idaho,Lewis,16061,3739,2946,5.3,"( 4.6,  6.1)",3.5,"( 3.1,  4.0)",16,0,0,0,0,0,0,False,0.0,0.0,False,0.0,0.0,True,True,True,5,1
ID,Idaho,Lincoln,16063,5450,4062,3.5,"( 3.1,  4.0)",3.2,"( 2.8,  3.6)",16,0,0,0,0,0,0,False,0.0,0.0,False,0.0,0.0,False,False,True,2,1
ID,Idaho,Madison,16065,54547,43341,1.7,"( 1.5,  1.9)",3.6,"( 3.1,  4.0)",16,0,0,0,0,0,0,False,0.0,0.0,False,0.0,0.0,False,False,True,1,4
ID,Idaho,Minidoka,16067,22480,16145,3.7,"( 3.2,  4.2)",3.2,"( 2.8,  3.6)",16,0,0,0,0,0,0,False,0.0,0.0,False,0.0,0.0,False,False,True,2,3
ID,Idaho,Nez Perce,16069,42987,33960,3.9,"( 3.4,  4.4)",3.0,"( 2.7,  3.5)",16,0,0,0,0,0,0,False,0.0,0.0,False,0.0,0.0,False,False,False,3,4
ID,Idaho,Oneida,16071,4953,3589,3.6,"( 3.1,  4.1)",2.8,"( 2.4,  3.2)",16,0,0,0,0,0,0,False,0.0,0.0,False,0.0,0.0,False,False,False,2,1
ID,Idaho,Owyhee,16073,12722,9638,4.4,"( 3.9,  4.9)",3.6,"( 3.2,  4.0)",16,0,0,0,0,0,0,False,0.0,0.0,False,0.0,0.0,True,True,True,4,2
ID,Idaho,Payette,16075,27279,20474,4.0,"( 3.5,  4.6)",3.2,"( 2.8,  3.7)",16,0,0,0,0,0,0,False,0.0,0.0,False,0.0,0.0,False,False,True,3,3
ID,Idaho,Power,16077,8253,5792,3.9,"( 3.4,  4.4)",3.3,"( 2.9,  3.7)",16,0,0,0,0,0,0,False,0.0,0.0,False,0.0,0.0,False,False,True,3,1
ID,Idaho,Shoshone,16079,14026,11081,4.6,"( 4.0,  5.1)",3.4,"( 3.0,  3.8)",16,0,0,0,0,0,0,False,0.0,0.0,False,0.0,0.0,True,True,True,4,2
ID,Idaho,Teton,16081,12549,9883,2.7,"( 2.4,  3.2)",2.5,"( 2.2,  2.9)",16,0,0,0,0,0,0,False,0.0,0.0,False,0.0,0.0,False,False,False,1,2
ID,Idaho,Twin Falls,16083,95156,70457,3.5,"( 3.0,  4.0)",3.1,"( 2.7,  3.5)",16,0,0,0,0,0,0,False,0.0,0.0,False,0.0,0.0,False,False,False,2,4
ID,Idaho,Valley,16085,12644,10405,4.3,"( 3.7,  5.0)",3.0,"( 2.6,  3.4)",16,0,0,0,0,0,0,False,0.0,0.0,False,0.0,0.0,True,True,False,4,2
ID,Idaho,Washington,16087,11425,8903,4.9,"( 4.2,  5.5)",3.5,"( 3.0,  3.9)",16,0,0,0,0,0,0,False,0.0,0.0,False,0.0,0.0,True,True,True,5,2
IL,Illinois,Adams,17001,64441,49972,3.7,"( 3.2,  4.3)",2.9,"( 2.5,  3.3)",17,0,0,0,0,0,0,False,0.0,0.0,False,0.0,0.0,False,False,False,2,4
IL,Illinois,Alexander,17003,4695,3690,6.0,"( 5.3,  6.7)",4.2,"( 3.8,  4.7)",17,0,0,0,0,0,0,False,0.0,0.0,False,0.0,0.0,True,True,True,5,1
IL,Illinois,Bond,17005,16450,13506,3.6,"( 3.1,  4.1)",3.1,"( 2.7,  3.5)",17,0,0,0,0,0,0,False,0.0,0.0,False,0.0,0.0,False,False,False,2,2
IL,Illinois,Boone,17007,53202,40735,3.5,"( 3.0,  4.0)",2.9,"( 2.5,  3.3)",17,0,0,0,0,0,0,False,0.0,0.0,False,0.0,0.0,False,False,False,2,4
IL,Illinois,Brown,17009,6294,5228,3.5,"( 3.1,  4.0)",3.4,"( 3.1,  3.9)",17,0,0,0,0,0,0,False,0.0,0.0,False,0.0,0.0,False,False,True,2,1
IL,Illinois,Bureau,17011,32729,26017,4.1,"( 3.5,  4.7)",3.0,"( 2.6,  3.4)",17,0,0,0,0,0,0,False,0.0,0.0,False,0.0,0.0,True,True,False,3,3
IL,Illinois,Calhoun,17013,4317,3452,3.7,"( 3.3,  4.3)",2.6,"( 2.3,  2.9)",17,0,0,0,0,0,0,False,0.0,0.0,False,0.0,0.0,False,False,False,2,1
IL,Illinois,Carroll,17015,15526,12708,4.1,"( 3.5,  4.7)",3.1,"( 2.7,  3.5)",17,0,0,0,0,0,0,False,0.0,0.0,False,0.0,0.0,True,True,False,3,2
IL,Illinois,Cass,17017,12596,9542,3.9,"( 3.4,  4.4)",3.2,"( 2.8,  3.6)",17,0,0,0,0,0,0,False,0.0,0.0,False,0.0,0.0,False,False,True,3,2
IL,Illinois,Champaign,17019,205644,166549,2.7,"( 2.4,  3.1)",3.0,"( 2.6,  3.3)",17,2,2,2,2,2,2,True,0.9725545116803797,1.2008477985457733,True,0.9725545116803797,1.2008477985457733,False,False,False,1,5
IL,Illinois,Christian,17021,33228,26982,3.8,"( 3.3,  4.3)",3.1,"( 2.7,  3.4)",17,0,0,0,0,0,0,False,0.0,0.0,False,0.0,0.0,False,False,False,2,3
IL,Illinois,Clark,17023,15088,11771,3.7,"( 3.2,  4.2)",2.9,"( 2.5,  3.3)",17,0,0,0,0,0,0,False,0.0,0.0,False,0.0,0.0,False,False,False,2,2
IL,Illinois,Clay,17025,12999,10006,4.4,"( 3.8,  5.0)",3.4,"( 2.9,  3.8)",17,0,0,0,0,0,0,False,0.0,0.0,False,0.0,0.0,True,True,True,4,2
IL,Illinois,Clinton,17027,36785,28932,3.4,"( 2.9,  3.9)",2.8,"( 2.4,  3.2)",17,0,0,0,0,0,0,False,0.0,0.0,False,0.0,0.0,False,False,False,1,3
IL,Illinois,Coles,17029,46060,37579,3.6,"( 3.1,  4.1)",3.2,"( 2.8,  3.6)",17,0,0,0,0,0,0,False,0.0,0.0,False,0.0,0.0,False,False,True,2,4
IL,Illinois,Cook,17031,5087072,4031580,3.2,"( 2.9,  3.6)",2.9,"( 2.6,  3.2)",17,59,42,30,59,42,30,True,1.1598027313157746,1.4634460930950148,True,1.1598027313157746,1.4634460930950148,False,False,False,1,5
IL,Illinois,Crawford,17033,18300,14700,3.7,"( 3.3,  4.3)",3.0,"( 2.7,  3.4)",17,0,0,0,0,0,0,False,0.0,0.0,False,0.0,0.0,False,False,False,2,2
IL,Illinois,Cumberland,17035,10261,7994,3.7,"( 3.2,  4.2)",2.8,"( 2.5,  3.2)",17,0,0,0,0,0,0,False,0.0,0.0,False,0.0,0.0,False,False,False,2,2
IL,Illinois,DeKalb,17037,100288,78892,2.9,"( 2.5,  3.3)",3.0,"( 2.6,  3.4)",17,0,0,0,0,0,0,False,0.0,0.0,False,0.0,0.0,False,False,False,1,5
IL,Illinois,De Witt,17039,15365,12070,3.7,"( 3.3,  4.3)",2.9,"( 2.6,  3.3)",17,0,0,0,0,0,0,False,0.0,0.0,False,0.0,0.0,False,False,False,2,2
IL,Illinois,Douglas,17041,19629,14859,3.5,"( 3.1,  4.0)",2.9,"( 2.6,  3.3)",17,0,0,0,0,0,0,False,0.0,0.0,False,0.0,0.0,False,False,False,2,3
IL,Illinois,DuPage,17043,921213,719635,2.7,"( 2.3,  3.1)",2.3,"( 2.0,  2.6)",17,4,4,3,4,4,3,True,0.4342101121021957,0.5558373342041452,True,0.4342101121021957,0.5558373342041452,False,False,False,1,5
IL,Illinois,Edgar,17045,16334,13132,4.4,"( 3.8,  5.0)",3.1,"( 2.7,  3.6)",17,0,0,0,0,0,0,False,0.0,0.0,False,0.0,0.0,True,True,False,4,2
IL,Illinois,Edwards,17047,5968,4705,4.5,"( 3.9,  5.1)",3.3,"( 2.9,  3.8)",17,0,0,0,0,0,0,False,0.0,0.0,False,0.0,0.0,True,True,True,4,1
IL,Illinois,Effingham,17049,34331,26215,3.5,"( 3.0,  4.0)",2.8,"( 2.4,  3.2)",17,0,0,0,0,0,0,False,0.0,0.0,False,0.0,0.0,False,False,False,2,3
IL,Illinois,Fayette,17051,21164,16988,4.0,"( 3.5,  4.5)",3.4,"( 2.9,  3.8)",17,0,0,0,0,0,0,False,0.0,0.0,False,0.0,0.0,False,False,True,3,3
IL,Illinois,Ford,17053,13250,10197,3.8,"( 3.3,  4.4)",3.1,"( 2.7,  3.5)",17,0,0,0,0,0,0,False,0.0,0.0,False,0.0,0.0,False,False,False,2,2
IL,Illinois,Franklin,17055,37138,28958,4.4,"( 3.8,  5.0)",3.4,"( 2.9,  3.8)",17,0,0,0,0,0,0,False,0.0,0.0,False,0.0,0.0,True,True,True,4,4
IL,Illinois,Fulton,17057,32541,26249,4.1,"( 3.5,  4.6)",3.2,"( 2.8,  3.6)",17,0,0,0,0,0,0,False,0.0,0.0,False,0.0,0.0,True,True,True,3,3
IL,Illinois,Gallatin,17059,4670,3791,4.8,"( 4.1,  5.6)",3.3,"( 2.9,  3.8)",17,0,0,0,0,0,0,False,0.0,0.0,False,0.0,0.0,True,True,True,5,1
IL,Illinois,Greene,17061,11543,9100,4.1,"( 3.6,  4.7)",3.2,"( 2.8,  3.6)",17,0,0,0,0,0,0,False,0.0,0.0,False,0.0,0.0,True,True,True,3,2
IL,Illinois,Grundy,17063,53578,40665,3.0,"( 2.6,  3.4)",2.6,"( 2.3,  3.0)",17,0,0,0,0,0,0,False,0.0,0.0,False,0.0,0.0,False,False,False,1,4
IL,Illinois,Hamilton,17065,7911,6144,4.4,"( 3.8,  5.1)",3.3,"( 2.9,  3.7)",17,0,0,0,0,0,0,False,0.0,0.0,False,0.0,0.0,True,True,True,4,1
IL,Illinois,Hancock,17067,17186,13505,4.1,"( 3.6,  4.7)",2.9,"( 2.6,  3.3)",17,0,0,0,0,0,0,False,0.0,0.0,False,0.0,0.0,True,True,False,3,2
IL,Illinois,Hardin,17069,3569,2918,4.7,"( 4.1,  5.3)",3.2,"( 2.8,  3.6)",17,0,0,0,0,0,0,False,0.0,0.0,False,0.0,0.0,True,True,True,4,1
IL,Illinois,Henderson,17071,6088,4976,4.5,"( 3.8,  5.1)",3.0,"( 2.6,  3.4)",17,0,0,0,0,0,0,False,0.0,0.0,False,0.0,0.0,True,True,False,4,1
IL,Illinois,Henry,17073,48448,38043,3.6,"( 3.2,  4.1)",2.8,"( 2.4,  3.1)",17,0,0,0,0,0,0,False,0.0,0.0,False,0.0,0.0,False,False,False,2,4
IL,Illinois,Iroquois,17075,26136,20557,4.3,"( 3.7,  4.9)",3.2,"( 2.8,  3.6)",17,0,0,0,0,0,0,False,0.0,0.0,False,0.0,0.0,True,True,True,4,3
IL,Illinois,Jackson,17077,52141,42149,3.5,"( 3.1,  4.0)",3.4,"( 3.0,  3.9)",17,0,0,0,0,0,0,False,0.0,0.0,False,0.0,0.0,False,False,True,2,4
IL,Illinois,Jasper,17079,9144,7080,3.7,"( 3.2,  4.2)",2.8,"( 2.4,  3.1)",17,0,0,0,0,0,0,False,0.0,0.0,False,0.0,0.0,False,False,False,2,2
IL,Illinois,Jefferson,17081,36320,28241,4.0,"( 3.5,  4.5)",3.2,"( 2.8,  3.6)",17,0,0,0,0,0,0,False,0.0,0.0,False,0.0,0.0,False,False,True,3,3
IL,Illinois,Jersey,17083,21091,16934,3.6,"( 3.1,  4.1)",2.8,"( 2.4,  3.2)",17,0,0,0,0,0,0,False,0.0,0.0,False,0.0,0.0,False,False,False,2,3
IL,Illinois,Jo Daviess,17085,21756,17877,4.2,"( 3.5,  4.8)",2.7,"( 2.3,  3.1)",17,0,0,0,0,0,0,False,0.0,0.0,False,0.0,0.0,True,True,False,3,3
IL,Illinois,Johnson,17087,13326,11121,4.0,"( 3.5,  4.6)",3.4,"( 3.0,  3.8)",17,0,0,0,0,0,0,False,0.0,0.0,False,0.0,0.0,False,False,True,3,2
IL,Illinois,Kane,17089,514982,394457,3.0,"( 2.6,  3.4)",2.6,"( 2.3,  3.0)",17,0,0,0,0,0,0,False,0.0,0.0,False,0.0,0.0,False,False,False,1,5
IL,Illinois,Kankakee,17091,105940,82054,3.8,"( 3.3,  4.2)",3.2,"( 2.9,  3.6)",17,0,0,0,0,0,0,False,0.0,0.0,False,0.0,0.0,False,False,True,2,5
IL,Illinois,Kendall,17093,139976,102765,2.4,"( 2.1,  2.7)",2.4,"( 2.1,  2.7)",17,0,0,0,0,0,0,False,0.0,0.0,False,0.0,0.0,False,False,False,1,5
IL,Illinois,Knox,17095,48411,38628,4.3,"( 3.7,  4.8)",3.3,"( 2.9,  3.7)",17,0,0,0,0,0,0,False,0.0,0.0,False,0.0,0.0,True,True,True,4,4
IL,Illinois,Lake,17097,708760,546551,2.9,"( 2.5,  3.3)",2.5,"( 2.2,  2.9)",17,0,0,0,0,0,0,False,0.0,0.0,False,0.0,0.0,False,False,False,1,5
IL,Illinois,LaSalle,17099,108309,85477,3.7,"( 3.2,  4.2)",3.0,"( 2.6,  3.3)",17,0,0,0,0,0,0,False,0.0,0.0,False,0.0,0.0,False,False,False,2,5
IL,Illinois,Lawrence,17101,14813,12103,4.0,"( 3.5,  4.5)",3.4,"( 3.0,  3.9)",17,0,0,0,0,0,0,False,0.0,0.0,False,0.0,0.0,False,False,True,3,2
IL,Illinois,Lee,17103,33654,27075,3.9,"( 3.4,  4.4)",3.0,"( 2.7,  3.4)",17,0,0,0,0,0,0,False,0.0,0.0,False,0.0,0.0,False,False,False,3,3
IL,Illinois,Livingston,17105,35320,27580,3.8,"( 3.3,  4.3)",3.0,"( 2.6,  3.4)",17,0,0,0,0,0,0,False,0.0,0.0,False,0.0,0.0,False,False,False,2,3
IL,Illinois,Logan,17107,27590,22260,3.6,"( 3.1,  4.1)",3.0,"( 2.6,  3.4)",17,0,0,0,0,0,0,False,0.0,0.0,False,0.0,0.0,False,False,False,2,3
IL,Illinois,McDonough,17109,26839,21974,3.5,"( 3.0,  4.0)",3.2,"( 2.8,  3.6)",17,0,0,0,0,0,0,False,0.0,0.0,False,0.0,0.0,False,False,True,2,3
IL,Illinois,McHenry,17111,312800,242583,2.9,"( 2.5,  3.3)",2.4,"( 2.1,  2.8)",17,0,0,0,0,0,0,False,0.0,0.0,False,0.0,0.0,False,False,False,1,5
IL,Illinois,McLean,17113,170441,134722,2.7,"( 2.4,  3.1)",2.7,"( 2.4,  3.0)",17,0,0,0,0,0,0,False,0.0,0.0,False,0.0,0.0,False,False,False,1,5
IL,Illinois,Macon,17115,100591,77904,4.1,"( 3.6,  4.6)",3.2,"( 2.9,  3.6)",17,0,0,0,0,0,0,False,0.0,0.0,False,0.0,0.0,True,True,True,3,5
IL,Illinois,Macoupin,17117,44018,35091,4.0,"( 3.4,  4.6)",3.0,"( 2.6,  3.5)",17,0,0,0,0,0,0,False,0.0,0.0,False,0.0,0.0,False,False,False,3,4
IL,Illinois,Madison,17119,262752,207550,3.4,"( 2.9,  3.9)",2.8,"( 2.5,  3.2)",17,0,0,0,0,0,0,False,0.0,0.0,False,0.0,0.0,False,False,False,1,5
IL,Illinois,Marion,17121,36673,28035,4.1,"( 3.6,  4.7)",3.3,"( 2.9,  3.7)",17,0,0,0,0,0,0,False,0.0,0.0,False,0.0,0.0,True,True,True,3,3
IL,Illinois,Marshall,17123,11683,9285,4.1,"( 3.5,  4.7)",2.9,"( 2.6,  3.3)",17,0,0,0,0,0,0,False,0.0,0.0,False,0.0,0.0,True,True,False,3,2
IL,Illinois,Mason,17125,12523,10018,4.2,"( 3.6,  4.8)",3.1,"( 2.7,  3.5)",17,0,0,0,0,0,0,False,0.0,0.0,False,0.0,0.0,True,True,False,3,2
IL,Illinois,Massac,17127,13661,10895,4.4,"( 3.9,  5.0)",3.3,"( 2.9,  3.7)",17,0,0,0,0,0,0,False,0.0,0.0,False,0.0,0.0,True,True,True,4,2
IL,Illinois,Menard,17129,11954,9394,3.6,"( 3.1,  4.1)",2.7,"( 2.4,  3.1)",17,0,0,0,0,0,0,False,0.0,0.0,False,0.0,0.0,False,False,False,2,2
IL,Illinois,Mercer,17131,15487,12237,3.9,"( 3.3,  4.4)",2.9,"( 2.5,  3.3)",17,0,0,0,0,0,0,False,0.0,0.0,False,0.0,0.0,False,False,False,3,2
IL,Illinois,Monroe,17133,34957,27543,3.0,"( 2.5,  3.4)",2.3,"( 2.0,  2.7)",17,0,0,0,0,0,0,False,0.0,0.0,False,0.0,0.0,False,False,False,1,3
IL,Illinois,Montgomery,17135,27663,22131,3.9,"( 3.4,  4.5)",3.1,"( 2.7,  3.5)",17,0,0,0,0,0,0,False,0.0,0.0,False,0.0,0.0,False,False,False,3,3
IL,Illinois,Morgan,17137,32140,25898,3.9,"( 3.4,  4.6)",3.1,"( 2.7,  3.6)",17,0,0,0,0,0,0,False,0.0,0.0,False,0.0,0.0,False,False,False,3,3
IL,Illinois,Moultrie,17139,14342,10780,3.7,"( 3.2,  4.3)",3.0,"( 2.6,  3.4)",17,0,0,0,0,0,0,False,0.0,0.0,False,0.0,0.0,False,False,False,2,2
IL,Illinois,Ogle,17141,51265,39938,3.6,"( 3.1,  4.1)",2.8,"( 2.5,  3.2)",17,0,0,0,0,0,0,False,0.0,0.0,False,0.0,0.0,False,False,False,2,4
IL,Illinois,Peoria,17143,177513,135266,3.7,"( 3.2,  4.1)",3.1,"( 2.7,  3.5)",17,2,2,2,2,2,2,True,1.1266780461149324,1.4785681545990863,True,1.1266780461149324,1.4785681545990863,False,False,False,2,5
IL,Illinois,Perry,17145,20503,16597,4.2,"( 3.7,  4.7)",3.4,"( 3.0,  3.8)",17,0,0,0,0,0,0,False,0.0,0.0,False,0.0,0.0,True,True,True,3,3
IL,Illinois,Piatt,17147,16714,13082,3.3,"( 2.8,  3.8)",2.5,"( 2.2,  2.9)",17,0,0,0,0,0,0,False,0.0,0.0,False,0.0,0.0,False,False,False,1,2
IL,Illinois,Pike,17149,14342,11015,4.2,"( 3.6,  4.9)",3.2,"( 2.8,  3.7)",17,0,0,0,0,0,0,False,0.0,0.0,False,0.0,0.0,True,True,True,3,2
IL,Illinois,Pope,17151,3707,3288,4.7,"( 4.0,  5.3)",3.0,"( 2.6,  3.3)",17,0,0,0,0,0,0,False,0.0,0.0,False,0.0,0.0,True,True,False,4,1
IL,Illinois,Pulaski,17153,4911,3909,5.7,"( 5.1,  6.3)",4.4,"( 3.9,  4.8)",17,0,0,0,0,0,0,False,0.0,0.0,False,0.0,0.0,True,True,True,5,1
IL,Illinois,Putnam,17155,5561,4497,3.7,"( 3.2,  4.3)",2.7,"( 2.3,  3.1)",17,0,0,0,0,0,0,False,0.0,0.0,False,0.0,0.0,False,False,False,2,1
IL,Illinois,Randolph,17157,29815,23890,4.0,"( 3.5,  4.6)",3.2,"( 2.8,  3.6)",17,0,0,0,0,0,0,False,0.0,0.0,False,0.0,0.0,False,False,True,3,3
IL,Illinois,Richland,17159,15488,12015,4.0,"( 3.4,  4.6)",3.0,"( 2.6,  3.4)",17,0,0,0,0,0,0,False,0.0,0.0,False,0.0,0.0,False,False,False,3,2
IL,Illinois,Rock Island,17161,141236,109684,3.9,"( 3.4,  4.4)",3.1,"( 2.8,  3.5)",17,1,1,1,1,1,1,True,0.7080347786683282,0.911710003282156,True,0.7080347786683282,0.911710003282156,False,False,False,3,5
IL,Illinois,St. Clair,17163,251018,194116,3.8,"( 3.3,  4.2)",3.2,"( 2.8,  3.6)",17,0,0,0,0,0,0,False,0.0,0.0,False,0.0,0.0,False,False,True,2,5
IL,Illinois,Saline,17165,22873,18163,4.3,"( 3.7,  4.9)",3.3,"( 2.9,  3.7)",17,0,0,0,0,0,0,False,0.0,0.0,False,0.0,0.0,True,True,True,4,3
IL,Illinois,Sangamon,17167,193491,151879,3.5,"( 3.0,  4.0)",2.9,"( 2.5,  3.2)",17,0,0,0,0,0,0,False,0.0,0.0,False,0.0,0.0,False,False,False,2,5
IL,Illinois,Schuyler,17169,6733,5549,4.5,"( 3.9,  5.1)",3.3,"( 2.9,  3.8)",17,0,0,0,0,0,0,False,0.0,0.0,False,0.0,0.0,True,True,True,4,1
IL,Illinois,Scott,17171,4710,3763,3.8,"( 3.3,  4.4)",2.9,"( 2.5,  3.3)",17,0,0,0,0,0,0,False,0.0,0.0,False,0.0,0.0,False,False,False,2,1
IL,Illinois,Shelby,17173,20568,16229,4.1,"( 3.5,  4.7)",2.9,"( 2.6,  3.3)",17,0,0,0,0,0,0,False,0.0,0.0,False,0.0,0.0,True,True,False,3,3
IL,Illinois,Stark,17175,5218,4084,4.0,"( 3.5,  4.5)",2.9,"( 2.6,  3.4)",17,0,0,0,0,0,0,False,0.0,0.0,False,0.0,0.0,False,False,False,3,1
IL,Illinois,Stephenson,17177,43105,34127,4.3,"( 3.8,  4.9)",3.1,"( 2.7,  3.5)",17,0,0,0,0,0,0,False,0.0,0.0,False,0.0,0.0,True,True,False,4,4
IL,Illinois,Tazewell,17179,129541,101480,3.4,"( 2.9,  3.9)",2.7,"( 2.4,  3.1)",17,0,0,0,0,0,0,False,0.0,0.0,False,0.0,0.0,False,False,False,1,5
IL,Illinois,Union,17181,16667,13274,4.4,"( 3.8,  5.0)",3.3,"( 2.9,  3.8)",17,0,0,0,0,0,0,False,0.0,0.0,False,0.0,0.0,True,True,True,4,2
IL,Illinois,Vermilion,17183,71652,54905,4.4,"( 3.9,  4.9)",3.5,"( 3.1,  3.9)",17,0,0,0,0,0,0,False,0.0,0.0,False,0.0,0.0,True,True,True,4,4
IL,Illinois,Wabash,17185,10942,8679,4.2,"( 3.6,  4.7)",3.2,"( 2.8,  3.6)",17,0,0,0,0,0,0,False,0.0,0.0,False,0.0,0.0,True,True,True,3,2
IL,Illinois,Warren,17187,16185,12565,3.7,"( 3.3,  4.3)",3.0,"( 2.7,  3.4)",17,0,0,0,0,0,0,False,0.0,0.0,False,0.0,0.0,False,False,False,2,2
IL,Illinois,Washington,17189,13536,10805,3.6,"( 3.1,  4.2)",2.7,"( 2.4,  3.1)",17,0,0,0,0,0,0,False,0.0,0.0,False,0.0,0.0,False,False,False,2,2
IL,Illinois,Wayne,17191,15761,12269,4.3,"( 3.7,  5.0)",3.2,"( 2.8,  3.7)",17,0,0,0,0,0,0,False,0.0,0.0,False,0.0,0.0,True,True,True,4,2
IL,Illinois,White,17193,13401,10554,4.7,"( 4.1,  5.5)",3.4,"( 3.0,  3.9)",17,0,0,0,0,0,0,False,0.0,0.0,False,0.0,0.0,True,True,True,4,2
IL,Illinois,Whiteside,17195,54498,42573,3.8,"( 3.3,  4.4)",2.9,"( 2.5,  3.3)",17,0,0,0,0,0,0,False,0.0,0.0,False,0.0,0.0,False,False,False,2,4
IL,Illinois,Will,17197,700728,537627,2.9,"( 2.6,  3.2)",2.6,"( 2.3,  2.9)",17,1,1,1,1,1,1,True,0.14270872578232924,0.18600256311531974,True,0.14270872578232924,0.18600256311531974,False,False,False,1,5
IL,Illinois,Williamson,17199,66706,52683,3.7,"( 3.2,  4.3)",3.0,"( 2.6,  3.4)",17,0,0,0,0,0,0,False,0.0,0.0,False,0.0,0.0,False,False,False,2,4
IL,Illinois,Winnebago,17201,280922,215494,4.0,"( 3.5,  4.5)",3.3,"( 2.9,  3.7)",17,2,2,2,2,2,2,True,0.7119413929845295,0.928100086313308,True,0.7119413929845295,0.928100086313308,False,False,False,3,5
IL,Illinois,Woodford,17203,38285,29234,3.2,"( 2.7,  3.7)",2.5,"( 2.2,  2.9)",17,0,0,0,0,0,0,False,0.0,0.0,False,0.0,0.0,False,False,False,1,4
IN,Indiana,Adams,18001,36288,24924,4.1,"( 3.5,  4.6)",3.4,"( 3.0,  3.9)",18,0,0,0,0,0,0,False,0.0,0.0,False,0.0,0.0,True,True,True,3,3
IN,Indiana,Allen,18003,394545,294905,3.4,"( 3.0,  3.8)",3.0,"( 2.7,  3.4)",18,0,0,0,1,1,1,False,0.0,0.0,True,0.2534565131987479,0.3390922500466252,False,False,False,1,5
IN,Indiana,Bartholomew,18005,84003,63788,3.3,"( 2.8,  3.7)",2.8,"( 2.4,  3.2)",18,0,0,0,0,0,0,False,0.0,0.0,False,0.0,0.0,False,False,False,1,4
IN,Indiana,Benton,18007,8729,6634,4.0,"( 3.5,  4.6)",3.3,"( 2.9,  3.8)",18,0,0,0,0,0,0,False,0.0,0.0,False,0.0,0.0,False,False,True,3,2
IN,Indiana,Blackford,18009,11893,9240,4.8,"( 4.1,  5.4)",3.6,"( 3.2,  4.0)",18,0,0,0,0,0,0,False,0.0,0.0,False,0.0,0.0,True,True,True,5,2
IN,Indiana,Boone,18011,76120,56880,2.6,"( 2.3,  3.1)",2.3,"( 2.0,  2.7)",18,0,0,0,0,0,0,False,0.0,0.0,False,0.0,0.0,False,False,False,1,4
IN,Indiana,Brown,18013,15653,13065,4.1,"( 3.5,  4.7)",2.8,"( 2.4,  3.2)",18,0,0,0,0,0,0,False,0.0,0.0,False,0.0,0.0,True,True,False,3,2
IN,Indiana,Carroll,18015,20525,16103,3.9,"( 3.4,  4.4)",3.0,"( 2.6,  3.4)",18,0,0,0,0,0,0,False,0.0,0.0,False,0.0,0.0,False,False,False,3,3
IN,Indiana,Cass,18017,37666,28939,4.1,"( 3.6,  4.6)",3.3,"( 2.9,  3.7)",18,0,0,0,0,0,0,False,0.0,0.0,False,0.0,0.0,True,True,True,3,4
IN,Indiana,Clark,18019,125467,98156,3.4,"( 3.0,  3.8)",3.0,"( 2.6,  3.3)",18,0,0,0,0,0,0,False,0.0,0.0,False,0.0,0.0,False,False,False,1,5
IN,Indiana,Clay,18021,26460,20399,3.8,"( 3.3,  4.4)",3.1,"( 2.7,  3.5)",18,0,0,0,0,0,0,False,0.0,0.0,False,0.0,0.0,False,False,False,2,3
IN,Indiana,Clinton,18023,32730,24122,3.6,"( 3.1,  4.1)",3.1,"( 2.7,  3.5)",18,0,0,0,0,0,0,False,0.0,0.0,False,0.0,0.0,False,False,False,2,3
IN,Indiana,Crawford,18025,10438,8319,5.2,"( 4.5,  5.9)",3.9,"( 3.4,  4.4)",18,0,0,0,0,0,0,False,0.0,0.0,False,0.0,0.0,True,True,True,5,2
IN,Indiana,Daviess,18027,33656,23700,3.9,"( 3.4,  4.5)",3.4,"( 2.9,  3.9)",18,0,0,0,0,0,0,False,0.0,0.0,False,0.0,0.0,False,False,True,3,3
IN,Indiana,Dearborn,18029,51215,40242,3.5,"( 3.0,  4.0)",2.8,"( 2.4,  3.2)",18,0,0,0,0,0,0,False,0.0,0.0,False,0.0,0.0,False,False,False,2,4
IN,Indiana,Decatur,18031,26399,20278,3.5,"( 3.0,  4.0)",2.9,"( 2.5,  3.3)",18,0,0,0,0,0,0,False,0.0,0.0,False,0.0,0.0,False,False,False,2,3
IN,Indiana,DeKalb,18033,44198,33580,3.5,"( 3.0,  4.0)",2.9,"( 2.6,  3.3)",18,0,0,0,0,0,0,False,0.0,0.0,False,0.0,0.0,False,False,False,2,4
IN,Indiana,Delaware,18035,112321,91956,3.7,"( 3.2,  4.2)",3.4,"( 3.0,  3.9)",18,0,0,0,0,0,0,False,0.0,0.0,False,0.0,0.0,False,False,True,2,5
IN,Indiana,Dubois,18037,43546,33017,3.6,"( 3.1,  4.2)",2.9,"( 2.5,  3.3)",18,0,0,0,0,0,0,False,0.0,0.0,False,0.0,0.0,False,False,False,2,4
IN,Indiana,Elkhart,18039,206409,150600,3.7,"( 3.2,  4.1)",3.3,"( 2.9,  3.7)",18,0,0,0,0,0,0,False,0.0,0.0,False,0.0,0.0,False,False,True,2,5
IN,Indiana,Fayette,18041,23362,18243,4.4,"( 3.8,  5.1)",3.5,"( 3.0,  4.0)",18,0,0,0,0,0,0,False,0.0,0.0,False,0.0,0.0,True,True,True,4,3
IN,Indiana,Floyd,18043,80809,62972,3.3,"( 2.9,  3.8)",2.8,"( 2.5,  3.2)",18,0,0,0,0,0,0,False,0.0,0.0,False,0.0,0.0,False,False,False,1,4
IN,Indiana,Fountain,18045,16731,13018,4.0,"( 3.5,  4.5)",3.1,"( 2.8,  3.5)",18,0,0,0,0,0,0,False,0.0,0.0,False,0.0,0.0,False,False,False,3,2
IN,Indiana,Franklin,18047,23096,17964,3.7,"( 3.2,  4.3)",2.9,"( 2.5,  3.3)",18,0,0,0,0,0,0,False,0.0,0.0,False,0.0,0.0,False,False,False,2,3
IN,Indiana,Fulton,18049,20358,15626,4.2,"( 3.6,  4.8)",3.2,"( 2.8,  3.7)",18,0,0,0,0,0,0,False,0.0,0.0,False,0.0,0.0,True,True,True,3,3
IN,Indiana,Gibson,18051,32904,25197,3.7,"( 3.2,  4.2)",3.0,"( 2.6,  3.5)",18,0,0,0,0,0,0,False,0.0,0.0,False,0.0,0.0,False,False,False,2,3
IN,Indiana,Grant,18053,66200,51942,4.1,"( 3.6,  4.7)",3.5,"( 3.0,  3.9)",18,0,0,0,0,0,0,False,0.0,0.0,False,0.0,0.0,True,True,True,3,4
IN,Indiana,Greene,18055,31196,24492,4.2,"( 3.6,  4.7)",3.3,"( 2.9,  3.7)",18,0,0,0,0,0,0,False,0.0,0.0,False,0.0,0.0,True,True,True,3,3
IN,Indiana,Hamilton,18057,371645,278885,2.3,"( 2.0,  2.7)",2.1,"( 1.8,  2.4)",18,0,0,0,0,0,0,False,0.0,0.0,False,0.0,0.0,False,False,False,1,5
IN,Indiana,Hancock,18059,86166,66246,3.0,"( 2.6,  3.4)",2.5,"( 2.2,  2.9)",18,0,0,0,0,0,0,False,0.0,0.0,False,0.0,0.0,False,False,False,1,4
IN,Indiana,Harrison,18061,40006,31213,3.6,"( 3.1,  4.1)",2.8,"( 2.5,  3.2)",18,0,0,0,0,0,0,False,0.0,0.0,False,0.0,0.0,False,False,False,2,4
IN,Indiana,Hendricks,18063,186387,140883,2.8,"( 2.5,  3.2)",2.5,"( 2.2,  2.8)",18,0,0,0,0,0,0,False,0.0,0.0,False,0.0,0.0,False,False,False,1,5
IN,Indiana,Henry,18065,48929,39114,3.9,"( 3.4,  4.4)",3.1,"( 2.7,  3.6)",18,0,0,0,0,0,0,False,0.0,0.0,False,0.0,0.0,False,False,False,3,4
IN,Indiana,Howard,18067,83831,64586,4.0,"( 3.4,  4.5)",3.2,"( 2.8,  3.6)",18,0,0,0,0,0,0,False,0.0,0.0,False,0.0,0.0,False,False,True,3,4
IN,Indiana,Huntington,18069,36781,28842,3.6,"( 3.1,  4.2)",3.0,"( 2.6,  3.4)",18,0,0,0,0,0,0,False,0.0,0.0,False,0.0,0.0,False,False,False,2,3
IN,Indiana,Jackson,18071,46460,34546,3.6,"( 3.1,  4.2)",3.1,"( 2.6,  3.5)",18,0,0,0,0,0,0,False,0.0,0.0,False,0.0,0.0,False,False,False,2,4
IN,Indiana,Jasper,18073,33535,25921,3.5,"( 3.1,  4.0)",2.8,"( 2.5,  3.2)",18,0,0,0,0,0,0,False,0.0,0.0,False,0.0,0.0,False,False,False,2,3
IN,Indiana,Jay,18075,20032,14886,4.3,"( 3.7,  4.8)",3.4,"( 3.0,  3.9)",18,0,0,0,0,0,0,False,0.0,0.0,False,0.0,0.0,True,True,True,4,3
IN,Indiana,Jefferson,18077,33056,26481,3.7,"( 3.2,  4.2)",3.0,"( 2.6,  3.4)",18,0,0,0,0,0,0,False,0.0,0.0,False,0.0,0.0,False,False,False,2,3
IN,Indiana,Jennings,18079,27622,21266,3.9,"( 3.4,  4.4)",3.2,"( 2.8,  3.6)",18,0,0,0,0,0,0,False,0.0,0.0,False,0.0,0.0,False,False,True,3,3
IN,Indiana,Johnson,18081,167819,127387,2.9,"( 2.5,  3.4)",2.6,"( 2.3,  3.0)",18,0,0,0,0,0,0,False,0.0,0.0,False,0.0,0.0,False,False,False,1,5
IN,Indiana,Knox,18083,36070,28282,3.8,"( 3.3,  4.3)",3.2,"( 2.8,  3.6)",18,0,0,0,0,0,0,False,0.0,0.0,False,0.0,0.0,False,False,True,2,3
IN,Indiana,Kosciusko,18085,80364,61628,3.5,"( 3.1,  4.0)",2.9,"( 2.6,  3.3)",18,0,0,0,0,0,0,False,0.0,0.0,False,0.0,0.0,False,False,False,2,4
IN,Indiana,LaGrange,18087,40907,28068,3.6,"( 3.1,  4.1)",3.2,"( 2.8,  3.7)",18,0,0,0,0,0,0,False,0.0,0.0,False,0.0,0.0,False,False,True,2,4
IN,Indiana,Lake,18089,500598,385370,4.0,"( 3.5,  4.4)",3.3,"( 3.0,  3.7)",18,4,4,3,4,4,3,True,0.7990443429658128,1.0379635155824274,True,0.7990443429658128,1.0379635155824274,False,False,False,3,5
IN,Indiana,LaPorte,18091,111706,88166,3.9,"( 3.4,  4.4)",3.2,"( 2.8,  3.6)",18,0,0,0,0,0,0,False,0.0,0.0,False,0.0,0.0,False,False,True,3,5
IN,Indiana,Lawrence,18093,45084,35554,3.9,"( 3.4,  4.4)",3.0,"( 2.7,  3.4)",18,0,0,0,0,0,0,False,0.0,0.0,False,0.0,0.0,False,False,False,3,4
IN,Indiana,Madison,18095,132504,104288,3.8,"( 3.4,  4.3)",3.2,"( 2.8,  3.6)",18,0,0,0,0,0,0,False,0.0,0.0,False,0.0,0.0,False,False,True,2,5
IN,Indiana,Marion,18097,968460,727834,3.5,"( 3.1,  3.9)",3.4,"( 3.0,  3.9)",18,13,11,11,15,12,11,True,1.3423373190426038,1.786121560685541,True,1.5488507527414659,2.060909493098701,False,False,False,2,5
IN,Indiana,Marshall,18099,46352,35175,3.9,"( 3.4,  4.5)",3.1,"( 2.7,  3.6)",18,0,0,0,0,0,0,False,0.0,0.0,False,0.0,0.0,False,False,False,3,4
IN,Indiana,Martin,18101,9897,7723,4.2,"( 3.6,  4.8)",3.2,"( 2.8,  3.6)",18,0,0,0,0,0,0,False,0.0,0.0,False,0.0,0.0,True,True,True,3,2
IN,Indiana,Miami,18103,35402,28092,4.0,"( 3.5,  4.5)",3.4,"( 3.0,  3.8)",18,0,0,0,0,0,0,False,0.0,0.0,False,0.0,0.0,False,False,True,3,3
IN,Indiana,Monroe,18105,139342,117382,2.7,"( 2.3,  3.1)",2.9,"( 2.5,  3.3)",18,0,0,0,0,0,0,False,0.0,0.0,False,0.0,0.0,False,False,False,1,5
IN,Indiana,Montgomery,18107,38573,29757,3.9,"( 3.3,  4.4)",3.1,"( 2.7,  3.6)",18,0,0,0,0,0,0,False,0.0,0.0,False,0.0,0.0,False,False,False,3,4
IN,Indiana,Morgan,18109,73227,57218,3.5,"( 3.1,  4.1)",2.9,"( 2.5,  3.3)",18,0,0,0,0,0,0,False,0.0,0.0,False,0.0,0.0,False,False,False,2,4
IN,Indiana,Newton,18111,13960,11012,4.1,"( 3.6,  4.6)",3.2,"( 2.8,  3.6)",18,0,0,0,0,0,0,False,0.0,0.0,False,0.0,0.0,True,True,True,3,2
IN,Indiana,Noble,18113,47430,36001,3.6,"( 3.1,  4.1)",3.0,"( 2.6,  3.4)",18,0,0,0,0,0,0,False,0.0,0.0,False,0.0,0.0,False,False,False,2,4
IN,Indiana,Ohio,18115,6004,4809,4.1,"( 3.5,  4.6)",2.9,"( 2.6,  3.3)",18,0,0,0,0,0,0,False,0.0,0.0,False,0.0,0.0,True,True,False,3,1
IN,Indiana,Orange,18117,19638,15128,4.2,"( 3.6,  4.8)",3.2,"( 2.8,  3.7)",18,0,0,0,0,0,0,False,0.0,0.0,False,0.0,0.0,True,True,True,3,3
IN,Indiana,Owen,18119,21532,17270,4.1,"( 3.6,  4.7)",3.2,"( 2.8,  3.6)",18,0,0,0,0,0,0,False,0.0,0.0,False,0.0,0.0,True,True,True,3,3
IN,Indiana,Parke,18121,16484,12706,4.5,"( 3.9,  5.2)",3.5,"( 3.1,  4.0)",18,0,0,0,0,0,0,False,0.0,0.0,False,0.0,0.0,True,True,True,4,2
IN,Indiana,Perry,18123,19209,15282,3.8,"( 3.3,  4.3)",3.1,"( 2.7,  3.5)",18,0,0,0,0,0,0,False,0.0,0.0,False,0.0,0.0,False,False,False,2,3
IN,Indiana,Pike,18125,12106,9417,4.1,"( 3.5,  4.7)",3.1,"( 2.7,  3.6)",18,0,0,0,0,0,0,False,0.0,0.0,False,0.0,0.0,True,True,False,3,2
IN,Indiana,Porter,18127,175335,138304,3.2,"( 2.8,  3.7)",2.7,"( 2.4,  3.1)",18,0,0,0,0,0,0,False,0.0,0.0,False,0.0,0.0,False,False,False,1,5
IN,Indiana,Posey,18129,25040,19685,3.6,"( 3.1,  4.1)",2.8,"( 2.4,  3.1)",18,0,0,0,0,0,0,False,0.0,0.0,False,0.0,0.0,False,False,False,2,3
IN,Indiana,Pulaski,18131,12385,9679,4.2,"( 3.7,  4.8)",3.2,"( 2.8,  3.6)",18,0,0,0,0,0,0,False,0.0,0.0,False,0.0,0.0,True,True,True,3,2
IN,Indiana,Putnam,18133,37567,30179,3.4,"( 2.9,  3.8)",3.0,"( 2.6,  3.4)",18,0,0,0,0,0,0,False,0.0,0.0,False,0.0,0.0,False,False,False,1,4
IN,Indiana,Randolph,18135,24216,18722,4.2,"( 3.6,  4.8)",3.2,"( 2.8,  3.7)",18,0,0,0,0,0,0,False,0.0,0.0,False,0.0,0.0,True,True,True,3,3
IN,Indiana,Ripley,18137,29227,22263,3.6,"( 3.1,  4.1)",2.9,"( 2.5,  3.3)",18,0,0,0,0,0,0,False,0.0,0.0,False,0.0,0.0,False,False,False,2,3
IN,Indiana,Rush,18139,16847,13067,4.0,"( 3.5,  4.5)",3.2,"( 2.8,  3.6)",18,0,0,0,0,0,0,False,0.0,0.0,False,0.0,0.0,False,False,True,3,2
IN,Indiana,St. Joseph,18141,272848,209729,3.4,"( 3.0,  3.9)",3.1,"( 2.7,  3.5)",18,0,0,0,0,0,0,False,0.0,0.0,False,0.0,0.0,False,False,False,1,5
IN,Indiana,Scott,18143,24657,19068,3.9,"( 3.4,  4.5)",3.3,"( 2.9,  3.8)",18,0,0,0,0,0,0,False,0.0,0.0,False,0.0,0.0,False,False,True,3,3
IN,Indiana,Shelby,18145,45231,35206,3.7,"( 3.2,  4.3)",3.0,"( 2.7,  3.4)",18,0,0,0,0,0,0,False,0.0,0.0,False,0.0,0.0,False,False,False,2,4
IN,Indiana,Spencer,18147,19910,15626,3.6,"( 3.2,  4.2)",2.8,"( 2.5,  3.2)",18,0,0,0,0,0,0,False,0.0,0.0,False,0.0,0.0,False,False,False,2,3
IN,Indiana,Starke,18149,23206,18050,4.3,"( 3.7,  4.8)",3.3,"( 2.9,  3.8)",18,0,0,0,0,0,0,False,0.0,0.0,False,0.0,0.0,True,True,True,4,3
IN,Indiana,Steuben,18151,34917,28111,3.7,"( 3.2,  4.3)",2.9,"( 2.5,  3.3)",18,0,0,0,0,0,0,False,0.0,0.0,False,0.0,0.0,False,False,False,2,3
IN,Indiana,Sullivan,18153,20757,16872,4.0,"( 3.6,  4.6)",3.4,"( 3.0,  3.9)",18,0,0,0,0,0,0,False,0.0,0.0,False,0.0,0.0,False,False,True,3,3
IN,Indiana,Switzerland,18155,10019,7652,4.3,"( 3.7,  4.9)",3.4,"( 2.9,  3.8)",18,0,0,0,0,0,0,False,0.0,0.0,False,0.0,0.0,True,True,True,4,2
IN,Indiana,Tippecanoe,18157,188792,150623,2.7,"( 2.3,  3.0)",3.1,"( 2.7,  3.5)",18,1,1,1,1,1,1,True,0.5296834611636086,0.6639092303300292,True,0.5296834611636086,0.6639092303300292,False,False,False,1,5
IN,Indiana,Tipton,18159,15256,12151,3.8,"( 3.2,  4.3)",2.8,"( 2.4,  3.2)",18,0,0,0,0,0,0,False,0.0,0.0,False,0.0,0.0,False,False,False,2,2
IN,Indiana,Union,18161,6973,5517,3.6,"( 3.2,  4.2)",2.8,"( 2.5,  3.2)",18,0,0,0,0,0,0,False,0.0,0.0,False,0.0,0.0,False,False,False,2,1
IN,Indiana,Vanderburgh,18163,179810,140992,3.7,"( 3.2,  4.2)",3.1,"( 2.8,  3.6)",18,0,0,0,0,0,0,False,0.0,0.0,False,0.0,0.0,False,False,False,2,5
IN,Indiana,Vermillion,18165,15417,12095,4.0,"( 3.5,  4.6)",3.2,"( 2.8,  3.6)",18,0,0,0,0,0,0,False,0.0,0.0,False,0.0,0.0,False,False,True,3,2
IN,Indiana,Vigo,18167,106153,84369,3.8,"( 3.3,  4.3)",3.4,"( 3.0,  3.9)",18,0,0,0,0,0,0,False,0.0,0.0,False,0.0,0.0,False,False,True,2,5
IN,Indiana,Wabash,18169,30670,24213,4.0,"( 3.4,  4.5)",3.0,"( 2.6,  3.4)",18,0,0,0,0,0,0,False,0.0,0.0,False,0.0,0.0,False,False,False,3,3
IN,Indiana,Warren,18171,8518,6645,4.0,"( 3.4,  4.6)",3.0,"( 2.6,  3.4)",18,0,0,0,0,0,0,False,0.0,0.0,False,0.0,0.0,False,False,False,3,1
IN,Indiana,Warrick,18173,65867,50898,3.1,"( 2.6,  3.5)",2.5,"( 2.1,  2.8)",18,0,0,0,0,0,0,False,0.0,0.0,False,0.0,0.0,False,False,False,1,4
IN,Indiana,Washington,18175,28205,21906,4.1,"( 3.6,  4.7)",3.3,"( 2.9,  3.8)",18,0,0,0,0,0,0,False,0.0,0.0,False,0.0,0.0,True,True,True,3,3
IN,Indiana,Wayne,18177,66127,51199,4.2,"( 3.7,  4.8)",3.4,"( 3.0,  3.9)",18,1,1,1,1,1,1,True,1.5122415957173319,1.953163147717729,True,1.5122415957173319,1.953163147717729,False,False,False,3,4
IN,Indiana,Wells,18179,28555,21512,3.5,"( 3.1,  4.0)",2.9,"( 2.5,  3.2)",18,0,0,0,0,0,0,False,0.0,0.0,False,0.0,0.0,False,False,False,2,3
IN,Indiana,White,18181,24917,19028,4.0,"( 3.4,  4.5)",3.0,"( 2.6,  3.4)",18,0,0,0,0,0,0,False,0.0,0.0,False,0.0,0.0,False,False,False,3,3
IN,Indiana,Whitley,18183,34742,26865,3.5,"( 3.0,  4.0)",2.8,"( 2.5,  3.2)",18,0,0,0,0,0,0,False,0.0,0.0,False,0.0,0.0,False,False,False,2,3
IA,Iowa,Adair,19001,7389,5700,4.1,"( 3.5,  4.7)",3.0,"( 2.6,  3.4)",19,0,0,0,0,0,0,False,0.0,0.0,False,0.0,0.0,True,True,False,3,1
IA,Iowa,Adams,19003,3544,2778,4.1,"( 3.5,  4.7)",2.8,"( 2.5,  3.2)",19,0,0,0,0,0,0,False,0.0,0.0,False,0.0,0.0,True,True,False,3,1
IA,Iowa,Allamakee,19005,14074,10623,4.1,"( 3.6,  4.7)",3.0,"( 2.6,  3.4)",19,0,0,0,0,0,0,False,0.0,0.0,False,0.0,0.0,True,True,False,3,2
IA,Iowa,Appanoose,19007,12119,9467,4.8,"( 4.1,  5.5)",3.5,"( 3.0,  4.0)",19,0,0,0,0,0,0,False,0.0,0.0,False,0.0,0.0,True,True,True,5,2
IA,Iowa,Audubon,19009,5534,4333,4.3,"( 3.7,  5.0)",3.0,"( 2.6,  3.4)",19,0,0,0,0,0,0,False,0.0,0.0,False,0.0,0.0,True,True,False,4,1
IA,Iowa,Benton,19011,25796,19933,3.4,"( 2.9,  4.0)",2.6,"( 2.3,  3.0)",19,0,0,0,0,0,0,False,0.0,0.0,False,0.0,0.0,False,False,False,1,3
IA,Iowa,Black Hawk,19013,130471,101949,3.3,"( 2.9,  3.8)",3.0,"( 2.6,  3.4)",19,0,0,0,0,0,0,False,0.0,0.0,False,0.0,0.0,False,False,False,1,5
IA,Iowa,Boone,19015,26590,21104,3.3,"( 2.8,  3.8)",2.6,"( 2.2,  3.0)",19,0,0,0,0,0,0,False,0.0,0.0,False,0.0,0.0,False,False,False,1,3
IA,Iowa,Bremer,19017,25307,19617,3.1,"( 2.7,  3.6)",2.5,"( 2.2,  2.9)",19,0,0,0,0,0,0,False,0.0,0.0,False,0.0,0.0,False,False,False,1,3
IA,Iowa,Buchanan,19019,20691,15459,3.3,"( 2.9,  3.8)",2.7,"( 2.3,  3.0)",19,0,0,0,0,0,0,False,0.0,0.0,False,0.0,0.0,False,False,False,1,3
IA,Iowa,Buena Vista,19021,20567,15115,3.6,"( 3.2,  4.1)",3.2,"( 2.8,  3.6)",19,0,0,0,0,0,0,False,0.0,0.0,False,0.0,0.0,False,False,True,2,3
IA,Iowa,Butler,19023,14172,11057,4.0,"( 3.4,  4.5)",2.9,"( 2.5,  3.3)",19,0,0,0,0,0,0,False,0.0,0.0,False,0.0,0.0,False,False,False,3,2
IA,Iowa,Calhoun,19025,9763,7637,3.8,"( 3.3,  4.4)",2.9,"( 2.5,  3.3)",19,0,0,0,0,0,0,False,0.0,0.0,False,0.0,0.0,False,False,False,2,2
IA,Iowa,Carroll,19027,20522,15519,3.7,"( 3.2,  4.3)",2.8,"( 2.4,  3.2)",19,0,0,0,0,0,0,False,0.0,0.0,False,0.0,0.0,False,False,False,2,3
IA,Iowa,Cass,19029,13130,10126,4.3,"( 3.7,  4.9)",3.1,"( 2.7,  3.5)",19,0,0,0,0,0,0,False,0.0,0.0,False,0.0,0.0,True,True,False,4,2
IA,Iowa,Cedar,19031,18302,14479,3.6,"( 3.1,  4.1)",2.7,"( 2.4,  3.1)",19,0,0,0,0,0,0,False,0.0,0.0,False,0.0,0.0,False,False,False,2,2
IA,Iowa,Cerro Gordo,19033,42406,33545,3.9,"( 3.4,  4.5)",2.8,"( 2.5,  3.2)",19,0,0,0,0,0,0,False,0.0,0.0,False,0.0,0.0,False,False,False,3,4
IA,Iowa,Cherokee,19035,11605,8953,4.3,"( 3.7,  4.9)",3.0,"( 2.7,  3.5)",19,0,0,0,0,0,0,False,0.0,0.0,False,0.0,0.0,True,True,False,4,2
IA,Iowa,Chickasaw,19037,11658,8978,3.9,"( 3.3,  4.5)",2.8,"( 2.5,  3.2)",19,0,0,0,0,0,0,False,0.0,0.0,False,0.0,0.0,False,False,False,3,2
IA,Iowa,Clarke,19039,9588,7120,4.3,"( 3.7,  4.9)",3.4,"( 3.0,  3.9)",19,0,0,0,0,0,0,False,0.0,0.0,False,0.0,0.0,True,True,True,4,2
IA,Iowa,Clay,19041,16511,12791,3.8,"( 3.2,  4.3)",2.8,"( 2.5,  3.2)",19,0,0,0,0,0,0,False,0.0,0.0,False,0.0,0.0,False,False,False,2,2
IA,Iowa,Clayton,19043,16969,13315,4.5,"( 3.9,  5.2)",3.2,"( 2.7,  3.6)",19,0,0,0,0,0,0,False,0.0,0.0,False,0.0,0.0,True,True,True,4,2
IA,Iowa,Clinton,19045,46158,35649,3.9,"( 3.4,  4.5)",3.0,"( 2.7,  3.4)",19,0,0,0,0,0,0,False,0.0,0.0,False,0.0,0.0,False,False,False,3,4
IA,Iowa,Crawford,19047,16013,12050,4.0,"( 3.5,  4.6)",3.3,"( 2.9,  3.7)",19,0,0,0,0,0,0,False,0.0,0.0,False,0.0,0.0,False,False,True,3,2
IA,Iowa,Dallas,19049,111092,81838,2.3,"( 2.0,  2.7)",2.3,"( 1.9,  2.6)",19,0,0,0,0,0,0,False,0.0,0.0,False,0.0,0.0,False,False,False,1,5
IA,Iowa,Davis,19051,9169,6446,3.8,"( 3.3,  4.4)",3.0,"( 2.6,  3.5)",19,0,0,0,0,0,0,False,0.0,0.0,False,0.0,0.0,False,False,False,2,2
IA,Iowa,Decatur,19053,7665,5875,3.9,"( 3.4,  4.5)",3.2,"( 2.8,  3.6)",19,0,0,0,0,0,0,False,0.0,0.0,False,0.0,0.0,False,False,True,3,1
IA,Iowa,Delaware,19055,17600,13528,3.9,"( 3.4,  4.4)",2.9,"( 2.5,  3.2)",19,0,0,0,0,0,0,False,0.0,0.0,False,0.0,0.0,False,False,False,3,2
IA,Iowa,Des Moines,19057,38253,29795,3.8,"( 3.3,  4.4)",2.9,"( 2.6,  3.3)",19,0,0,0,0,0,0,False,0.0,0.0,False,0.0,0.0,False,False,False,2,4
IA,Iowa,Dickinson,19059,18056,14615,3.8,"( 3.3,  4.4)",2.6,"( 2.2,  2.9)",19,0,0,0,0,0,0,False,0.0,0.0,False,0.0,0.0,False,False,False,2,2
IA,Iowa,Dubuque,19061,98887,76789,3.3,"( 2.8,  3.8)",2.7,"( 2.3,  3.1)",19,0,0,0,0,0,0,False,0.0,0.0,False,0.0,0.0,False,False,False,1,5
IA,Iowa,Emmet,19063,9229,7456,4.0,"( 3.4,  4.6)",3.0,"( 2.6,  3.4)",19,0,0,0,0,0,0,False,0.0,0.0,False,0.0,0.0,False,False,False,3,2
IA,Iowa,Fayette,19065,19210,15100,4.1,"( 3.5,  4.6)",3.0,"( 2.6,  3.4)",19,0,0,0,0,0,0,False,0.0,0.0,False,0.0,0.0,True,True,False,3,3
IA,Iowa,Floyd,19067,15326,11807,4.0,"( 3.5,  4.5)",2.9,"( 2.6,  3.3)",19,0,0,0,0,0,0,False,0.0,0.0,False,0.0,0.0,False,False,False,3,2
IA,Iowa,Franklin,19069,9875,7448,4.2,"( 3.7,  4.9)",3.1,"( 2.8,  3.6)",19,0,0,0,0,0,0,False,0.0,0.0,False,0.0,0.0,True,True,False,3,2
IA,Iowa,Fremont,19071,6458,5059,3.9,"( 3.4,  4.5)",2.8,"( 2.4,  3.1)",19,0,0,0,0,0,0,False,0.0,0.0,False,0.0,0.0,False,False,False,3,1
IA,Iowa,Greene,19073,8584,6667,4.1,"( 3.6,  4.7)",2.9,"( 2.6,  3.4)",19,0,0,0,0,0,0,False,0.0,0.0,False,0.0,0.0,True,True,False,3,1
IA,Iowa,Grundy,19075,12384,9451,3.4,"( 2.9,  3.8)",2.5,"( 2.2,  2.9)",19,0,0,0,0,0,0,False,0.0,0.0,False,0.0,0.0,False,False,False,1,2
IA,Iowa,Guthrie,19077,10722,8454,3.8,"( 3.2,  4.3)",2.7,"( 2.3,  3.0)",19,0,0,0,0,0,0,False,0.0,0.0,False,0.0,0.0,False,False,False,2,2
IA,Iowa,Hamilton,19079,14729,11259,3.6,"( 3.1,  4.1)",2.7,"( 2.4,  3.1)",19,0,0,0,0,0,0,False,0.0,0.0,False,0.0,0.0,False,False,False,2,2
IA,Iowa,Hancock,19081,10615,8332,3.9,"( 3.4,  4.5)",2.8,"( 2.5,  3.2)",19,0,0,0,0,0,0,False,0.0,0.0,False,0.0,0.0,False,False,False,3,2
IA,Iowa,Hardin,19083,16463,13369,4.0,"( 3.5,  4.5)",2.9,"( 2.6,  3.3)",19,0,0,0,0,0,0,False,0.0,0.0,False,0.0,0.0,False,False,False,3,2
IA,Iowa,Harrison,19085,14670,11251,3.7,"( 3.2,  4.2)",2.8,"( 2.4,  3.2)",19,0,0,0,0,0,0,False,0.0,0.0,False,0.0,0.0,False,False,False,2,2
IA,Iowa,Henry,19087,19547,15436,3.7,"( 3.3,  4.3)",3.0,"( 2.6,  3.4)",19,0,0,0,0,0,0,False,0.0,0.0,False,0.0,0.0,False,False,False,2,3
IA,Iowa,Howard,19089,9376,7026,3.8,"( 3.3,  4.4)",2.9,"( 2.6,  3.3)",19,0,0,0,0,0,0,False,0.0,0.0,False,0.0,0.0,False,False,False,2,2
IA,Iowa,Humboldt,19091,9500,7247,4.1,"( 3.5,  4.7)",3.1,"( 2.7,  3.4)",19,0,0,0,0,0,0,False,0.0,0.0,False,0.0,0.0,True,True,False,3,2
IA,Iowa,Ida,19093,6833,5151,3.9,"( 3.4,  4.5)",2.9,"( 2.5,  3.3)",19,0,0,0,0,0,0,False,0.0,0.0,False,0.0,0.0,False,False,False,3,1
IA,Iowa,Iowa,19095,16381,12590,3.5,"( 3.0,  4.1)",2.7,"( 2.3,  3.1)",19,0,0,0,0,0,0,False,0.0,0.0,False,0.0,0.0,False,False,False,2,2
IA,Iowa,Jackson,19097,19342,15066,3.9,"( 3.4,  4.5)",2.9,"( 2.6,  3.3)",19,0,0,0,0,0,0,False,0.0,0.0,False,0.0,0.0,False,False,False,3,3
IA,Iowa,Jasper,19099,37919,29600,3.6,"( 3.1,  4.1)",2.9,"( 2.5,  3.2)",19,0,0,0,0,0,0,False,0.0,0.0,False,0.0,0.0,False,False,False,2,4
IA,Iowa,Jefferson,19101,15440,12891,4.0,"( 3.4,  4.7)",2.9,"( 2.5,  3.4)",19,0,0,0,0,0,0,False,0.0,0.0,False,0.0,0.0,False,False,False,3,2
IA,Iowa,Johnson,19103,157528,127373,2.5,"( 2.2,  2.8)",2.7,"( 2.4,  3.1)",19,9,9,6,10,10,7,True,5.7132700218373875,7.065861681832099,True,6.348077802041542,7.850957424257889,False,False,False,1,5
IA,Iowa,Jones,19105,20900,16705,3.7,"( 3.2,  4.2)",2.9,"( 2.5,  3.2)",19,0,0,0,0,0,0,False,0.0,0.0,False,0.0,0.0,False,False,False,2,3
IA,Iowa,Keokuk,19107,9914,7694,4.1,"( 3.6,  4.7)",3.1,"( 2.7,  3.5)",19,0,0,0,0,0,0,False,0.0,0.0,False,0.0,0.0,True,True,False,3,2
IA,Iowa,Kossuth,19109,14396,11208,4.1,"( 3.5,  4.7)",2.8,"( 2.5,  3.2)",19,0,0,0,0,0,0,False,0.0,0.0,False,0.0,0.0,True,True,False,3,2
IA,Iowa,Lee,19111,32565,25623,4.0,"( 3.5,  4.6)",3.1,"( 2.7,  3.5)",19,0,0,0,0,0,0,False,0.0,0.0,False,0.0,0.0,False,False,False,3,3
IA,Iowa,Linn,19113,228972,177999,3.1,"( 2.7,  3.6)",2.7,"( 2.3,  3.1)",19,1,1,1,1,1,1,True,0.4367346225739392,0.5618009089938708,True,0.4367346225739392,0.5618009089938708,False,False,False,1,5
IA,Iowa,Louisa,19115,10513,8288,3.7,"( 3.2,  4.2)",2.9,"( 2.5,  3.3)",19,0,0,0,0,0,0,False,0.0,0.0,False,0.0,0.0,False,False,False,2,2
IA,Iowa,Lucas,19117,8747,6665,4.3,"( 3.8,  5.0)",3.2,"( 2.8,  3.6)",19,0,0,0,0,0,0,False,0.0,0.0,False,0.0,0.0,True,True,True,4,2
IA,Iowa,Lyon,19119,12324,8896,3.5,"( 3.1,  4.0)",2.8,"( 2.5,  3.1)",19,0,0,0,0,0,0,False,0.0,0.0,False,0.0,0.0,False,False,False,2,2
IA,Iowa,Madison,19121,16971,12791,3.1,"( 2.6,  3.5)",2.5,"( 2.2,  2.9)",19,0,0,0,0,0,0,False,0.0,0.0,False,0.0,0.0,False,False,False,1,2
IA,Iowa,Mahaska,19123,21874,16738,3.6,"( 3.1,  4.1)",3.0,"( 2.6,  3.3)",19,0,0,0,0,0,0,False,0.0,0.0,False,0.0,0.0,False,False,False,2,3
IA,Iowa,Marion,19125,33770,25965,3.2,"( 2.7,  3.7)",2.5,"( 2.2,  2.9)",19,0,0,0,0,0,0,False,0.0,0.0,False,0.0,0.0,False,False,False,1,3
IA,Iowa,Marshall,19127,40014,29881,3.6,"( 3.1,  4.0)",2.9,"( 2.6,  3.3)",19,0,0,0,0,0,0,False,0.0,0.0,False,0.0,0.0,False,False,False,2,4
IA,Iowa,Mills,19129,14633,11325,3.3,"( 2.8,  3.8)",2.6,"( 2.2,  2.9)",19,0,0,0,0,0,0,False,0.0,0.0,False,0.0,0.0,False,False,False,1,2
IA,Iowa,Mitchell,19131,10518,8004,3.8,"( 3.3,  4.4)",2.8,"( 2.5,  3.2)",19,0,0,0,0,0,0,False,0.0,0.0,False,0.0,0.0,False,False,False,2,2
IA,Iowa,Monona,19133,8493,6595,4.1,"( 3.6,  4.7)",3.0,"( 2.6,  3.4)",19,0,0,0,0,0,0,False,0.0,0.0,False,0.0,0.0,True,True,False,3,1
IA,Iowa,Monroe,19135,7504,5790,3.6,"( 3.1,  4.0)",2.7,"( 2.4,  3.1)",19,0,0,0,0,0,0,False,0.0,0.0,False,0.0,0.0,False,False,False,2,1
IA,Iowa,Montgomery,19137,10139,7873,4.1,"( 3.5,  4.6)",3.0,"( 2.6,  3.4)",19,0,0,0,0,0,0,False,0.0,0.0,False,0.0,0.0,True,True,False,3,2
IA,Iowa,Muscatine,19139,42218,32274,3.5,"( 3.1,  4.0)",2.9,"( 2.6,  3.3)",19,0,0,0,0,0,0,False,0.0,0.0,False,0.0,0.0,False,False,False,2,4
IA,Iowa,O'Brien,19141,14012,10569,3.9,"( 3.4,  4.5)",3.0,"( 2.7,  3.4)",19,0,0,0,0,0,0,False,0.0,0.0,False,0.0,0.0,False,False,False,3,2
IA,Iowa,Osceola,19143,5978,4643,4.4,"( 3.8,  5.1)",3.2,"( 2.8,  3.6)",19,0,0,0,0,0,0,False,0.0,0.0,False,0.0,0.0,True,True,True,4,1
IA,Iowa,Page,19145,15014,12305,4.3,"( 3.7,  4.8)",3.2,"( 2.8,  3.6)",19,0,0,0,0,0,0,False,0.0,0.0,False,0.0,0.0,True,True,True,4,2
IA,Iowa,Palo Alto,19147,8810,6779,3.8,"( 3.3,  4.4)",2.8,"( 2.5,  3.2)",19,0,0,0,0,0,0,False,0.0,0.0,False,0.0,0.0,False,False,False,2,2
IA,Iowa,Plymouth,19149,25722,19365,3.3,"( 2.9,  3.8)",2.6,"( 2.3,  3.0)",19,0,0,0,0,0,0,False,0.0,0.0,False,0.0,0.0,False,False,False,1,3
IA,Iowa,Pocahontas,19151,6976,5362,4.2,"( 3.5,  4.8)",2.9,"( 2.5,  3.4)",19,0,0,0,0,0,0,False,0.0,0.0,False,0.0,0.0,True,True,False,3,1
IA,Iowa,Polk,19153,505255,383731,2.8,"( 2.4,  3.2)",2.7,"( 2.3,  3.0)",19,3,3,3,3,3,3,True,0.5937595867433276,0.7817976655521707,True,0.5937595867433276,0.7817976655521707,False,False,False,1,5
IA,Iowa,Pottawattamie,19155,93179,72047,3.6,"( 3.1,  4.1)",2.9,"( 2.5,  3.3)",19,0,0,0,0,0,0,False,0.0,0.0,False,0.0,0.0,False,False,False,2,4
IA,Iowa,Poweshiek,19157,18453,14872,3.6,"( 3.1,  4.1)",2.9,"( 2.5,  3.2)",19,0,0,0,0,0,0,False,0.0,0.0,False,0.0,0.0,False,False,False,2,2
IA,Iowa,Ringgold,19159,4642,3577,3.8,"( 3.2,  4.4)",2.7,"( 2.4,  3.1)",19,0,0,0,0,0,0,False,0.0,0.0,False,0.0,0.0,False,False,False,2,1
IA,Iowa,Sac,19161,9686,7495,3.9,"( 3.4,  4.6)",2.8,"( 2.4,  3.2)",19,0,0,0,0,0,0,False,0.0,0.0,False,0.0,0.0,False,False,False,3,2
IA,Iowa,Scott,19163,174270,134300,3.3,"( 2.8,  3.7)",2.8,"( 2.4,  3.2)",19,0,0,0,0,0,0,False,0.0,0.0,False,0.0,0.0,False,False,False,1,5
IA,Iowa,Shelby,19165,11806,9133,3.9,"( 3.3,  4.5)",2.8,"( 2.4,  3.2)",19,0,0,0,0,0,0,False,0.0,0.0,False,0.0,0.0,False,False,False,3,2
IA,Iowa,Sioux,19167,36246,26374,2.9,"( 2.5,  3.4)",2.6,"( 2.2,  3.0)",19,0,0,0,0,0,0,False,0.0,0.0,False,0.0,0.0,False,False,False,1,3
IA,Iowa,Story,19169,98566,82292,2.3,"( 2.0,  2.7)",2.8,"( 2.4,  3.1)",19,0,0,0,0,0,0,False,0.0,0.0,False,0.0,0.0,False,False,False,1,5
IA,Iowa,Tama,19171,16833,12823,4.1,"( 3.6,  4.7)",3.2,"( 2.8,  3.6)",19,0,0,0,0,0,0,False,0.0,0.0,False,0.0,0.0,True,True,True,3,2
IA,Iowa,Taylor,19173,5924,4508,4.0,"( 3.5,  4.5)",2.9,"( 2.6,  3.3)",19,0,0,0,0,0,0,False,0.0,0.0,False,0.0,0.0,False,False,False,3,1
IA,Iowa,Union,19175,11906,9293,3.7,"( 3.2,  4.3)",2.9,"( 2.6,  3.3)",19,0,0,0,0,0,0,False,0.0,0.0,False,0.0,0.0,False,False,False,2,2
IA,Iowa,Van Buren,19177,7266,5528,4.4,"( 3.7,  5.1)",3.2,"( 2.8,  3.7)",19,0,0,0,0,0,0,False,0.0,0.0,False,0.0,0.0,True,True,True,4,1
IA,Iowa,Wapello,19179,35166,26771,3.9,"( 3.4,  4.5)",3.3,"( 2.9,  3.7)",19,0,0,0,0,0,0,False,0.0,0.0,False,0.0,0.0,False,False,True,3,3
IA,Iowa,Warren,19181,55205,41762,2.8,"( 2.4,  3.3)",2.4,"( 2.1,  2.8)",19,0,0,0,0,0,0,False,0.0,0.0,False,0.0,0.0,False,False,False,1,4
IA,Iowa,Washington,19183,22560,16984,3.6,"( 3.1,  4.2)",2.8,"( 2.4,  3.2)",19,0,0,0,0,0,0,False,0.0,0.0,False,0.0,0.0,False,False,False,2,3
IA,Iowa,Wayne,19185,6557,4850,4.3,"( 3.7,  4.9)",3.1,"( 2.7,  3.5)",19,0,0,0,0,0,0,False,0.0,0.0,False,0.0,0.0,True,True,False,4,1
IA,Iowa,Webster,19187,36485,28671,3.6,"( 3.1,  4.1)",3.0,"( 2.6,  3.4)",19,0,0,0,0,0,0,False,0.0,0.0,False,0.0,0.0,False,False,False,2,3
IA,Iowa,Winnebago,19189,10571,8271,3.6,"( 3.1,  4.1)",2.8,"( 2.4,  3.2)",19,0,0,0,0,0,0,False,0.0,0.0,False,0.0,0.0,False,False,False,2,2
IA,Iowa,Winneshiek,19191,19815,16136,3.4,"( 2.9,  3.9)",2.6,"( 2.2,  2.9)",19,0,0,0,0,0,0,False,0.0,0.0,False,0.0,0.0,False,False,False,1,3
IA,Iowa,Woodbury,19193,105951,78835,3.4,"( 3.0,  3.8)",3.1,"( 2.7,  3.5)",19,0,0,0,0,0,0,False,0.0,0.0,False,0.0,0.0,False,False,False,1,5
IA,Iowa,Worth,19195,7297,5744,3.8,"( 3.2,  4.3)",2.8,"( 2.4,  3.2)",19,0,0,0,0,0,0,False,0.0,0.0,False,0.0,0.0,False,False,False,2,1
IA,Iowa,Wright,19197,12656,9332,4.2,"( 3.6,  4.9)",3.1,"( 2.7,  3.6)",19,0,0,0,0,0,0,False,0.0,0.0,False,0.0,0.0,True,True,False,3,2
KS,Kansas,Allen,20001,12412,9628,3.9,"( 3.4,  4.4)",3.0,"( 2.7,  3.4)",20,0,0,0,0,0,0,False,0.0,0.0,False,0.0,0.0,False,False,False,3,2
KS,Kansas,Anderson,20003,7838,5838,4.2,"( 3.6,  4.7)",3.2,"( 2.8,  3.6)",20,0,0,0,0,0,0,False,0.0,0.0,False,0.0,0.0,True,True,True,3,1
KS,Kansas,Atchison,20005,16016,12523,3.4,"( 3.0,  3.9)",3.0,"( 2.7,  3.4)",20,0,0,0,0,0,0,False,0.0,0.0,False,0.0,0.0,False,False,False,1,2
KS,Kansas,Barber,20007,4071,3137,4.3,"( 3.7,  4.9)",3.0,"( 2.6,  3.4)",20,0,0,0,0,0,0,False,0.0,0.0,False,0.0,0.0,True,True,False,4,1
KS,Kansas,Barton,20009,24899,18848,4.0,"( 3.5,  4.6)",3.1,"( 2.7,  3.6)",20,0,0,0,0,0,0,False,0.0,0.0,False,0.0,0.0,False,False,False,3,3
KS,Kansas,Bourbon,20011,14408,10633,4.0,"( 3.4,  4.6)",3.2,"( 2.8,  3.6)",20,0,0,0,0,0,0,False,0.0,0.0,False,0.0,0.0,False,False,True,3,2
KS,Kansas,Brown,20013,9250,6932,4.2,"( 3.6,  4.7)",3.1,"( 2.8,  3.5)",20,0,0,0,0,0,0,False,0.0,0.0,False,0.0,0.0,True,True,False,3,2
KS,Kansas,Butler,20015,68632,51856,3.1,"( 2.6,  3.5)",2.7,"( 2.3,  3.1)",20,0,0,0,0,0,0,False,0.0,0.0,False,0.0,0.0,False,False,False,1,4
KS,Kansas,Chase,20017,2579,2057,4.3,"( 3.8,  5.0)",3.2,"( 2.8,  3.6)",20,0,0,0,0,0,0,False,0.0,0.0,False,0.0,0.0,True,True,True,4,1
KS,Kansas,Chautauqua,20019,3347,2613,5.0,"( 4.4,  5.7)",3.5,"( 3.1,  4.0)",20,0,0,0,0,0,0,False,0.0,0.0,False,0.0,0.0,True,True,True,5,1
KS,Kansas,Cherokee,20021,19054,14716,4.3,"( 3.7,  4.8)",3.3,"( 3.0,  3.7)",20,0,0,0,0,0,0,False,0.0,0.0,False,0.0,0.0,True,True,True,4,3
KS,Kansas,Cheyenne,20023,2636,2027,4.7,"( 4.1,  5.5)",3.3,"( 2.9,  3.7)",20,0,0,0,0,0,0,False,0.0,0.0,False,0.0,0.0,True,True,True,4,1
KS,Kansas,Clark,20025,1847,1425,3.7,"( 3.2,  4.3)",2.8,"( 2.4,  3.2)",20,0,0,0,0,0,0,False,0.0,0.0,False,0.0,0.0,False,False,False,2,1
KS,Kansas,Clay,20027,8007,6150,4.1,"( 3.5,  4.7)",3.0,"( 2.5,  3.4)",20,0,0,0,0,0,0,False,0.0,0.0,False,0.0,0.0,True,True,False,3,1
KS,Kansas,Cloud,20029,8854,6762,3.8,"( 3.3,  4.4)",3.0,"( 2.6,  3.4)",20,0,0,0,0,0,0,False,0.0,0.0,False,0.0,0.0,False,False,False,2,2
KS,Kansas,Coffey,20031,8251,6507,3.9,"( 3.4,  4.6)",2.9,"( 2.5,  3.3)",20,0,0,0,0,0,0,False,0.0,0.0,False,0.0,0.0,False,False,False,3,1
KS,Kansas,Comanche,20033,1655,1267,4.2,"( 3.6,  4.8)",2.9,"( 2.5,  3.3)",20,0,0,0,0,0,0,False,0.0,0.0,False,0.0,0.0,True,True,False,3,1
KS,Kansas,Cowley,20035,34157,26072,3.7,"( 3.2,  4.2)",3.1,"( 2.7,  3.4)",20,0,0,0,0,0,0,False,0.0,0.0,False,0.0,0.0,False,False,False,2,3
KS,Kansas,Crawford,20037,38764,30098,3.5,"( 3.0,  3.9)",3.3,"( 2.9,  3.7)",20,0,0,0,0,0,0,False,0.0,0.0,False,0.0,0.0,False,False,True,2,4
KS,Kansas,Decatur,20039,2712,2127,4.2,"( 3.6,  4.9)",2.7,"( 2.4,  3.1)",20,0,0,0,0,0,0,False,0.0,0.0,False,0.0,0.0,True,True,False,3,1
KS,Kansas,Dickinson,20041,18445,14195,3.7,"( 3.2,  4.2)",2.8,"( 2.5,  3.2)",20,0,0,0,0,0,0,False,0.0,0.0,False,0.0,0.0,False,False,False,2,2
KS,Kansas,Doniphan,20043,7493,5905,3.5,"( 3.1,  4.0)",2.8,"( 2.5,  3.2)",20,0,0,0,0,0,0,False,0.0,0.0,False,0.0,0.0,False,False,False,2,1
KS,Kansas,Douglas,20045,120553,99565,2.5,"( 2.2,  2.8)",2.7,"( 2.4,  3.1)",20,0,0,0,0,0,0,False,0.0,0.0,False,0.0,0.0,False,False,False,1,5
KS,Kansas,Edwards,20047,2733,2119,4.2,"( 3.6,  4.8)",3.1,"( 2.7,  3.5)",20,0,0,0,0,0,0,False,0.0,0.0,False,0.0,0.0,True,True,False,3,1
KS,Kansas,Elk,20049,2467,1897,5.0,"( 4.3,  5.8)",3.4,"( 3.0,  3.8)",20,0,0,0,0,0,0,False,0.0,0.0,False,0.0,0.0,True,True,True,5,1
KS,Kansas,Ellis,20051,28810,23071,3.0,"( 2.6,  3.4)",2.9,"( 2.5,  3.3)",20,0,0,0,0,0,0,False,0.0,0.0,False,0.0,0.0,False,False,False,1,3
KS,Kansas,Ellsworth,20053,6357,5224,3.7,"( 3.2,  4.2)",2.8,"( 2.4,  3.2)",20,0,0,0,0,0,0,False,0.0,0.0,False,0.0,0.0,False,False,False,2,1
KS,Kansas,Finney,20055,37466,26325,3.2,"( 2.8,  3.5)",3.2,"( 2.8,  3.5)",20,0,0,0,0,0,0,False,0.0,0.0,False,0.0,0.0,False,False,True,1,4
KS,Kansas,Ford,20057,33980,23779,3.3,"( 2.9,  3.7)",3.3,"( 2.9,  3.7)",20,0,0,0,0,0,0,False,0.0,0.0,False,0.0,0.0,False,False,True,1,3
KS,Kansas,Franklin,20059,26125,20176,3.5,"( 3.0,  4.0)",2.9,"( 2.5,  3.3)",20,0,0,0,0,0,0,False,0.0,0.0,False,0.0,0.0,False,False,False,2,3
KS,Kansas,Geary,20061,35047,23726,2.7,"( 2.5,  3.0)",3.5,"( 3.2,  3.9)",20,0,0,0,0,0,0,False,0.0,0.0,False,0.0,0.0,False,False,True,1,3
KS,Kansas,Gove,20063,2735,2038,3.9,"( 3.3,  4.5)",2.8,"( 2.4,  3.1)",20,0,0,0,0,0,0,False,0.0,0.0,False,0.0,0.0,False,False,False,3,1
KS,Kansas,Graham,20065,2376,1886,4.6,"( 3.9,  5.2)",3.0,"( 2.7,  3.4)",20,0,0,0,0,0,0,False,0.0,0.0,False,0.0,0.0,True,True,False,4,1
KS,Kansas,Grant,20067,7147,4979,2.9,"( 2.6,  3.3)",2.6,"( 2.3,  2.9)",20,0,0,0,0,0,0,False,0.0,0.0,False,0.0,0.0,False,False,False,1,1
KS,Kansas,Gray,20069,5743,4076,3.4,"( 2.9,  4.0)",2.9,"( 2.5,  3.3)",20,0,0,0,0,0,0,False,0.0,0.0,False,0.0,0.0,False,False,False,1,1
KS,Kansas,Greeley,20071,1181,861,3.4,"( 2.9,  4.0)",2.6,"( 2.2,  3.0)",20,0,0,0,0,0,0,False,0.0,0.0,False,0.0,0.0,False,False,False,1,1
KS,Kansas,Greenwood,20073,5870,4610,4.5,"( 4.0,  5.2)",3.1,"( 2.8,  3.5)",20,0,0,0,0,0,0,False,0.0,0.0,False,0.0,0.0,True,True,False,4,1
KS,Kansas,Hamilton,20075,2437,1730,3.2,"( 2.7,  3.6)",2.8,"( 2.5,  3.2)",20,0,0,0,0,0,0,False,0.0,0.0,False,0.0,0.0,False,False,False,1,1
KS,Kansas,Harper,20077,5435,4018,4.7,"( 4.0,  5.4)",3.4,"( 3.0,  3.9)",20,0,0,0,0,0,0,False,0.0,0.0,False,0.0,0.0,True,True,True,4,1
KS,Kansas,Harvey,20079,33504,25695,3.5,"( 3.0,  4.1)",2.8,"( 2.4,  3.2)",20,0,0,0,0,0,0,False,0.0,0.0,False,0.0,0.0,False,False,False,2,3
KS,Kansas,Haskell,20081,3630,2660,3.7,"( 3.2,  4.2)",3.1,"( 2.7,  3.6)",20,0,0,0,0,0,0,False,0.0,0.0,False,0.0,0.0,False,False,False,2,1
KS,Kansas,Hodgeman,20083,1655,1265,3.5,"( 3.0,  4.0)",2.6,"( 2.3,  2.9)",20,0,0,0,0,0,0,False,0.0,0.0,False,0.0,0.0,False,False,False,2,1
KS,Kansas,Jackson,20085,13368,10012,3.7,"( 3.3,  4.2)",2.9,"( 2.5,  3.3)",20,0,0,0,0,0,0,False,0.0,0.0,False,0.0,0.0,False,False,False,2,2
KS,Kansas,Jefferson,20087,18327,14419,3.4,"( 3.0,  3.9)",2.6,"( 2.3,  2.9)",20,0,0,0,0,0,0,False,0.0,0.0,False,0.0,0.0,False,False,False,1,2
KS,Kansas,Jewell,20089,2847,2244,5.1,"( 4.4,  5.9)",3.3,"( 2.8,  3.7)",20,0,0,0,0,0,0,False,0.0,0.0,False,0.0,0.0,True,True,True,5,1
KS,Kansas,Johnson,20091,622237,477859,2.5,"( 2.1,  2.8)",2.2,"( 1.9,  2.5)",20,2,2,2,2,2,2,True,0.3214209376813015,0.4185335004677112,True,0.3214209376813015,0.4185335004677112,False,False,False,1,5
KS,Kansas,Kearny,20093,3823,2692,3.6,"( 3.1,  4.0)",3.0,"( 2.7,  3.4)",20,0,0,0,0,0,0,False,0.0,0.0,False,0.0,0.0,False,False,False,2,1
KS,Kansas,Kingman,20095,7066,5406,3.7,"( 3.2,  4.2)",2.9,"( 2.5,  3.3)",20,0,0,0,0,0,0,False,0.0,0.0,False,0.0,0.0,False,False,False,2,1
KS,Kansas,Kiowa,20097,2374,1802,3.7,"( 3.1,  4.3)",2.8,"( 2.4,  3.2)",20,0,0,0,0,0,0,False,0.0,0.0,False,0.0,0.0,False,False,False,2,1
KS,Kansas,Labette,20099,19728,14965,4.3,"( 3.7,  4.8)",3.3,"( 2.9,  3.7)",20,0,0,0,0,0,0,False,0.0,0.0,False,0.0,0.0,True,True,True,4,3
KS,Kansas,Lane,20101,1529,1159,4.0,"( 3.5,  4.6)",2.8,"( 2.5,  3.2)",20,0,0,0,0,0,0,False,0.0,0.0,False,0.0,0.0,False,False,False,3,1
KS,Kansas,Leavenworth,20103,83518,63836,3.0,"( 2.6,  3.4)",2.6,"( 2.3,  3.0)",20,0,0,0,0,0,0,False,0.0,0.0,False,0.0,0.0,False,False,False,1,4
KS,Kansas,Lincoln,20105,2920,2286,4.5,"( 4.0,  5.2)",3.1,"( 2.7,  3.5)",20,0,0,0,0,0,0,False,0.0,0.0,False,0.0,0.0,True,True,False,4,1
KS,Kansas,Linn,20107,9860,7693,3.9,"( 3.4,  4.5)",2.8,"( 2.5,  3.2)",20,0,0,0,0,0,0,False,0.0,0.0,False,0.0,0.0,False,False,False,3,2
KS,Kansas,Logan,20109,2665,1984,3.9,"( 3.3,  4.4)",3.0,"( 2.6,  3.4)",20,0,0,0,0,0,0,False,0.0,0.0,False,0.0,0.0,False,False,False,3,1
KS,Kansas,Lyon,20111,32172,24980,3.3,"( 2.9,  3.7)",3.1,"( 2.8,  3.5)",20,0,0,0,0,0,0,False,0.0,0.0,False,0.0,0.0,False,False,False,1,3
KS,Kansas,McPherson,20113,30091,23489,3.3,"( 2.8,  3.8)",2.6,"( 2.3,  3.0)",20,0,0,0,0,0,0,False,0.0,0.0,False,0.0,0.0,False,False,False,1,3
KS,Kansas,Marion,20115,11690,9217,3.9,"( 3.3,  4.4)",2.9,"( 2.5,  3.3)",20,0,0,0,0,0,0,False,0.0,0.0,False,0.0,0.0,False,False,False,3,2
KS,Kansas,Marshall,20117,9933,7549,4.2,"( 3.5,  4.8)",3.0,"( 2.6,  3.5)",20,0,0,0,0,0,0,False,0.0,0.0,False,0.0,0.0,True,True,False,3,2
KS,Kansas,Meade,20119,3911,2875,3.7,"( 3.2,  4.3)",3.0,"( 2.6,  3.4)",20,0,0,0,0,0,0,False,0.0,0.0,False,0.0,0.0,False,False,False,2,1
KS,Kansas,Miami,20121,35320,27123,3.2,"( 2.7,  3.7)",2.6,"( 2.2,  2.9)",20,0,0,0,0,0,0,False,0.0,0.0,False,0.0,0.0,False,False,False,1,3
KS,Kansas,Mitchell,20123,5719,4312,3.9,"( 3.4,  4.5)",2.9,"( 2.5,  3.3)",20,0,0,0,0,0,0,False,0.0,0.0,False,0.0,0.0,False,False,False,3,1
KS,Kansas,Montgomery,20125,30568,23384,4.3,"( 3.8,  4.9)",3.4,"( 3.0,  3.8)",20,0,0,0,0,0,0,False,0.0,0.0,False,0.0,0.0,True,True,True,4,3
KS,Kansas,Morris,20127,5334,4236,4.2,"( 3.7,  4.9)",2.9,"( 2.5,  3.3)",20,0,0,0,0,0,0,False,0.0,0.0,False,0.0,0.0,True,True,False,3,1
KS,Kansas,Morton,20129,2580,1952,4.2,"( 3.7,  4.8)",3.1,"( 2.8,  3.5)",20,0,0,0,0,0,0,False,0.0,0.0,False,0.0,0.0,True,True,False,3,1
KS,Kansas,Nemaha,20131,10114,7414,3.6,"( 3.1,  4.2)",2.7,"( 2.4,  3.2)",20,0,0,0,0,0,0,False,0.0,0.0,False,0.0,0.0,False,False,False,2,2
KS,Kansas,Neosho,20133,15420,11698,4.0,"( 3.5,  4.6)",3.1,"( 2.7,  3.6)",20,0,0,0,0,0,0,False,0.0,0.0,False,0.0,0.0,False,False,False,3,2
KS,Kansas,Ness,20135,2618,2030,4.1,"( 3.5,  4.8)",2.9,"( 2.5,  3.3)",20,0,0,0,0,0,0,False,0.0,0.0,False,0.0,0.0,True,True,False,3,1
KS,Kansas,Norton,20137,5330,4310,3.9,"( 3.4,  4.5)",3.2,"( 2.8,  3.6)",20,0,0,0,0,0,0,False,0.0,0.0,False,0.0,0.0,False,False,True,3,1
KS,Kansas,Osage,20139,15824,12172,3.8,"( 3.3,  4.4)",2.9,"( 2.5,  3.3)",20,0,0,0,0,0,0,False,0.0,0.0,False,0.0,0.0,False,False,False,2,2
KS,Kansas,Osborne,20141,3427,2619,4.4,"( 3.8,  5.1)",3.0,"( 2.6,  3.4)",20,0,0,0,0,0,0,False,0.0,0.0,False,0.0,0.0,True,True,False,4,1
KS,Kansas,Ottawa,20143,5818,4451,3.8,"( 3.3,  4.3)",2.9,"( 2.5,  3.3)",20,0,0,0,0,0,0,False,0.0,0.0,False,0.0,0.0,False,False,False,2,1
KS,Kansas,Pawnee,20145,6126,5127,3.9,"( 3.4,  4.5)",3.0,"( 2.6,  3.3)",20,0,0,0,0,0,0,False,0.0,0.0,False,0.0,0.0,False,False,False,3,1
KS,Kansas,Phillips,20147,4761,3695,4.3,"( 3.7,  4.9)",3.0,"( 2.6,  3.4)",20,0,0,0,0,0,0,False,0.0,0.0,False,0.0,0.0,True,True,False,4,1
KS,Kansas,Pottawatomie,20149,26382,18835,2.9,"( 2.5,  3.4)",2.5,"( 2.2,  2.9)",20,0,0,0,0,0,0,False,0.0,0.0,False,0.0,0.0,False,False,False,1,3
KS,Kansas,Pratt,20151,9082,6929,3.7,"( 3.2,  4.2)",2.9,"( 2.5,  3.3)",20,0,0,0,0,0,0,False,0.0,0.0,False,0.0,0.0,False,False,False,2,2
KS,Kansas,Rawlins,20153,2463,1900,4.7,"( 4.1,  5.4)",3.1,"( 2.8,  3.5)",20,0,0,0,0,0,0,False,0.0,0.0,False,0.0,0.0,True,True,False,4,1
KS,Kansas,Reno,20155,61497,48096,3.9,"( 3.4,  4.4)",3.1,"( 2.7,  3.5)",20,0,0,0,0,0,0,False,0.0,0.0,False,0.0,0.0,False,False,False,3,4
KS,Kansas,Republic,20157,4627,3574,4.6,"( 4.0,  5.3)",3.1,"( 2.7,  3.5)",20,0,0,0,0,0,0,False,0.0,0.0,False,0.0,0.0,True,True,False,4,1
KS,Kansas,Rice,20159,9260,7052,3.5,"( 3.0,  4.0)",2.8,"( 2.5,  3.2)",20,0,0,0,0,0,0,False,0.0,0.0,False,0.0,0.0,False,False,False,2,2
KS,Kansas,Riley,20161,71402,59912,2.2,"( 1.9,  2.4)",3.1,"( 2.7,  3.4)",20,0,0,0,0,0,0,False,0.0,0.0,False,0.0,0.0,False,False,False,1,4
KS,Kansas,Rooks,20163,4778,3726,3.8,"( 3.3,  4.5)",2.8,"( 2.4,  3.2)",20,0,0,0,0,0,0,False,0.0,0.0,False,0.0,0.0,False,False,False,2,1
KS,Kansas,Rush,20165,2830,2263,4.4,"( 3.8,  5.1)",3.0,"( 2.6,  3.5)",20,0,0,0,0,0,0,False,0.0,0.0,False,0.0,0.0,True,True,False,4,1
KS,Kansas,Russell,20167,6723,5253,4.5,"( 3.9,  5.2)",3.2,"( 2.8,  3.6)",20,0,0,0,0,0,0,False,0.0,0.0,False,0.0,0.0,True,True,True,4,1
KS,Kansas,Saline,20169,53098,41187,3.6,"( 3.1,  4.2)",2.9,"( 2.6,  3.3)",20,0,0,0,0,0,0,False,0.0,0.0,False,0.0,0.0,False,False,False,2,4
KS,Kansas,Scott,20171,4922,3638,3.4,"( 2.9,  3.9)",2.7,"( 2.3,  3.1)",20,0,0,0,0,0,0,False,0.0,0.0,False,0.0,0.0,False,False,False,1,1
KS,Kansas,Sedgwick,20173,528469,398378,3.4,"( 2.9,  3.8)",3.0,"( 2.7,  3.4)",20,2,2,2,2,2,2,True,0.37845171618392,0.5020357549864701,True,0.37845171618392,0.5020357549864701,False,False,False,1,5
KS,Kansas,Seward,20175,21067,14437,3.2,"( 2.8,  3.5)",3.2,"( 2.9,  3.6)",20,0,0,0,0,0,0,False,0.0,0.0,False,0.0,0.0,False,False,True,1,3
KS,Kansas,Shawnee,20177,177746,137140,3.5,"( 3.1,  4.0)",2.9,"( 2.5,  3.2)",20,1,1,1,1,1,1,True,0.5626005648509671,0.729181857955374,True,0.5626005648509671,0.729181857955374,False,False,False,2,5
KS,Kansas,Sheridan,20179,2423,1821,3.7,"( 3.2,  4.2)",2.6,"( 2.4,  3.0)",20,0,0,0,0,0,0,False,0.0,0.0,False,0.0,0.0,False,False,False,2,1
KS,Kansas,Sherman,20181,5844,4429,3.7,"( 3.2,  4.3)",2.9,"( 2.6,  3.3)",20,0,0,0,0,0,0,False,0.0,0.0,False,0.0,0.0,False,False,False,2,1
KS,Kansas,Smith,20183,3590,2863,4.3,"( 3.6,  4.9)",2.8,"( 2.4,  3.2)",20,0,0,0,0,0,0,False,0.0,0.0,False,0.0,0.0,True,True,False,4,1
KS,Kansas,Stafford,20185,3909,2956,4.0,"( 3.4,  4.6)",2.9,"( 2.5,  3.3)",20,0,0,0,0,0,0,False,0.0,0.0,False,0.0,0.0,False,False,False,3,1
KS,Kansas,Stanton,20187,1901,1393,4.1,"( 3.6,  4.6)",3.3,"( 2.9,  3.7)",20,0,0,0,0,0,0,False,0.0,0.0,False,0.0,0.0,True,True,True,3,1
KS,Kansas,Stevens,20189,5077,3621,4.2,"( 3.7,  4.8)",3.5,"( 3.1,  3.9)",20,0,0,0,0,0,0,False,0.0,0.0,False,0.0,0.0,True,True,True,3,1
KS,Kansas,Sumner,20191,22334,16986,3.8,"( 3.3,  4.3)",3.0,"( 2.6,  3.4)",20,0,0,0,0,0,0,False,0.0,0.0,False,0.0,0.0,False,False,False,2,3
KS,Kansas,Thomas,20193,7865,5942,3.1,"( 2.7,  3.6)",2.7,"( 2.3,  3.0)",20,0,0,0,0,0,0,False,0.0,0.0,False,0.0,0.0,False,False,False,1,1
KS,Kansas,Trego,20195,2731,2207,3.8,"( 3.3,  4.4)",2.6,"( 2.3,  3.0)",20,0,0,0,0,0,0,False,0.0,0.0,False,0.0,0.0,False,False,False,2,1
KS,Kansas,Wabaunsee,20197,7057,5423,3.5,"( 3.0,  4.0)",2.7,"( 2.3,  3.0)",20,0,0,0,0,0,0,False,0.0,0.0,False,0.0,0.0,False,False,False,2,1
KS,Kansas,Wallace,20199,1509,1087,4.3,"( 3.7,  5.0)",3.0,"( 2.6,  3.4)",20,0,0,0,0,0,0,False,0.0,0.0,False,0.0,0.0,True,True,False,4,1
KS,Kansas,Washington,20201,5504,4139,3.8,"( 3.3,  4.3)",2.7,"( 2.4,  3.1)",20,0,0,0,0,0,0,False,0.0,0.0,False,0.0,0.0,False,False,False,2,1
KS,Kansas,Wichita,20203,2082,1493,4.2,"( 3.7,  4.8)",3.1,"( 2.8,  3.5)",20,0,0,0,0,0,0,False,0.0,0.0,False,0.0,0.0,True,True,False,3,1
KS,Kansas,Wilson,20205,8382,6388,4.3,"( 3.7,  4.9)",3.2,"( 2.8,  3.6)",20,0,0,0,0,0,0,False,0.0,0.0,False,0.0,0.0,True,True,True,4,1
KS,Kansas,Woodson,20207,3115,2491,4.3,"( 3.7,  5.0)",3.0,"( 2.6,  3.5)",20,0,0,0,0,0,0,False,0.0,0.0,False,0.0,0.0,True,True,False,4,1
KS,Kansas,Wyandotte,20209,165281,120644,3.8,"( 3.4,  4.2)",3.7,"( 3.3,  4.1)",20,11,11,6,11,11,6,True,6.6553324338550715,9.117734823115944,True,6.6553324338550715,9.117734823115944,False,False,False,2,5
KY,Kentucky,Adair,21001,19264,15466,,,,,21,0,0,0,0,0,0,False,0.0,0.0,False,0.0,0.0,,,,,3
KY,Kentucky,Allen,21003,21788,16791,,,,,21,0,0,0,0,0,0,False,0.0,0.0,False,0.0,0.0,,,,,3
KY,Kentucky,Anderson,21005,24613,18946,,,,,21,0,0,0,0,0,0,False,0.0,0.0,False,0.0,0.0,,,,,3
KY,Kentucky,Ballard,21007,7582,6077,,,,,21,0,0,0,0,0,0,False,0.0,0.0,False,0.0,0.0,,,,,1
KY,Kentucky,Barren,21009,45008,34401,,,,,21,0,0,0,0,0,0,False,0.0,0.0,False,0.0,0.0,,,,,4
KY,Kentucky,Bath,21011,12975,9671,,,,,21,0,0,0,0,0,0,False,0.0,0.0,False,0.0,0.0,,,,,2
KY,Kentucky,Bell,21013,23317,18156,,,,,21,0,0,0,0,0,0,False,0.0,0.0,False,0.0,0.0,,,,,3
KY,Kentucky,Boone,21015,140496,105062,,,,,21,0,0,0,0,0,0,False,0.0,0.0,False,0.0,0.0,,,,,5
KY,Kentucky,Bourbon,21017,20134,15577,,,,,21,0,0,0,0,0,0,False,0.0,0.0,False,0.0,0.0,,,,,3
KY,Kentucky,Boyd,21019,47826,37692,,,,,21,0,0,0,0,0,0,False,0.0,0.0,False,0.0,0.0,,,,,4
KY,Kentucky,Boyle,21021,30988,24639,,,,,21,0,0,0,0,0,0,False,0.0,0.0,False,0.0,0.0,,,,,3
KY,Kentucky,Bracken,21023,8426,6453,,,,,21,0,0,0,0,0,0,False,0.0,0.0,False,0.0,0.0,,,,,1
KY,Kentucky,Breathitt,21025,12953,10214,,,,,21,0,0,0,0,0,0,False,0.0,0.0,False,0.0,0.0,,,,,2
KY,Kentucky,Breckinridge,21027,21124,16388,,,,,21,0,0,0,0,0,0,False,0.0,0.0,False,0.0,0.0,,,,,3
KY,Kentucky,Bullitt,21029,84863,67051,,,,,21,0,0,0,0,0,0,False,0.0,0.0,False,0.0,0.0,,,,,4
KY,Kentucky,Butler,21031,12375,9514,,,,,21,0,0,0,0,0,0,False,0.0,0.0,False,0.0,0.0,,,,,2
KY,Kentucky,Caldwell,21033,12551,9631,,,,,21,0,0,0,0,0,0,False,0.0,0.0,False,0.0,0.0,,,,,2
KY,Kentucky,Calloway,21035,38280,31199,,,,,21,0,0,0,0,0,0,False,0.0,0.0,False,0.0,0.0,,,,,4
KY,Kentucky,Campbell,21037,93702,74636,,,,,21,0,0,0,0,0,0,False,0.0,0.0,False,0.0,0.0,,,,,4
KY,Kentucky,Carlisle,21039,4704,3595,,,,,21,0,0,0,0,0,0,False,0.0,0.0,False,0.0,0.0,,,,,1
KY,Kentucky,Carroll,21041,10987,8019,,,,,21,0,0,0,0,0,0,False,0.0,0.0,False,0.0,0.0,,,,,2
KY,Kentucky,Carter,21043,26366,20511,,,,,21,0,0,0,0,0,0,False,0.0,0.0,False,0.0,0.0,,,,,3
KY,Kentucky,Casey,21045,15918,12263,,,,,21,0,0,0,0,0,0,False,0.0,0.0,False,0.0,0.0,,,,,2
KY,Kentucky,Christian,21047,72032,51521,,,,,21,0,0,0,0,0,0,False,0.0,0.0,False,0.0,0.0,,,,,4
KY,Kentucky,Clark,21049,37304,28972,,,,,21,0,0,0,0,0,0,False,0.0,0.0,False,0.0,0.0,,,,,4
KY,Kentucky,Clay,21051,19648,15540,,,,,21,0,0,0,0,0,0,False,0.0,0.0,False,0.0,0.0,,,,,3
KY,Kentucky,Clinton,21053,9148,7178,,,,,21,0,0,0,0,0,0,False,0.0,0.0,False,0.0,0.0,,,,,2
KY,Kentucky,Crittenden,21055,8974,6977,,,,,21,0,0,0,0,0,0,False,0.0,0.0,False,0.0,0.0,,,,,2
KY,Kentucky,Cumberland,21057,6000,4649,,,,,21,0,0,0,0,0,0,False,0.0,0.0,False,0.0,0.0,,,,,1
KY,Kentucky,Daviess,21059,103458,78324,,,,,21,0,0,0,0,0,0,False,0.0,0.0,False,0.0,0.0,,,,,5
KY,Kentucky,Edmonson,21061,12448,10213,,,,,21,0,0,0,0,0,0,False,0.0,0.0,False,0.0,0.0,,,,,2
KY,Kentucky,Elliott,21063,7245,6028,,,,,21,0,0,0,0,0,0,False,0.0,0.0,False,0.0,0.0,,,,,1
KY,Kentucky,Estill,21065,13936,10995,,,,,21,0,0,0,0,0,0,False,0.0,0.0,False,0.0,0.0,,,,,2
KY,Kentucky,Fayette,21067,320154,253709,,,,,21,6,5,6,6,5,6,True,1.874098090294046,2.364914133909321,True,1.874098090294046,2.364914133909321,,,,,5
KY,Kentucky,Fleming,21069,15442,11720,,,,,21,0,0,0,0,0,0,False,0.0,0.0,False,0.0,0.0,,,,,2
KY,Kentucky,Floyd,21071,34423,26697,,,,,21,0,0,0,0,0,0,False,0.0,0.0,False,0.0,0.0,,,,,3
KY,Kentucky,Franklin,21073,51644,40886,,,,,21,0,0,0,0,0,0,False,0.0,0.0,False,0.0,0.0,,,,,4
KY,Kentucky,Fulton,21075,6338,4956,,,,,21,0,0,0,0,0,0,False,0.0,0.0,False,0.0,0.0,,,,,1
KY,Kentucky,Gallatin,21077,8792,6729,,,,,21,0,0,0,0,0,0,False,0.0,0.0,False,0.0,0.0,,,,,2
KY,Kentucky,Garrard,21079,17829,13879,,,,,21,0,0,0,0,0,0,False,0.0,0.0,False,0.0,0.0,,,,,2
KY,Kentucky,Grant,21081,25619,18868,,,,,21,0,0,0,0,0,0,False,0.0,0.0,False,0.0,0.0,,,,,3
KY,Kentucky,Graves,21083,36461,27625,,,,,21,0,0,0,0,0,0,False,0.0,0.0,False,0.0,0.0,,,,,3
KY,Kentucky,Grayson,21085,26825,20578,,,,,21,0,0,0,0,0,0,False,0.0,0.0,False,0.0,0.0,,,,,3
KY,Kentucky,Green,21087,11468,9075,,,,,21,0,0,0,0,0,0,False,0.0,0.0,False,0.0,0.0,,,,,2
KY,Kentucky,Greenup,21089,35221,27851,,,,,21,0,0,0,0,0,0,False,0.0,0.0,False,0.0,0.0,,,,,3
KY,Kentucky,Hancock,21091,8920,6844,,,,,21,0,0,0,0,0,0,False,0.0,0.0,False,0.0,0.0,,,,,2
KY,Kentucky,Hardin,21093,112273,84493,,,,,21,0,0,0,0,0,0,False,0.0,0.0,False,0.0,0.0,,,,,5
KY,Kentucky,Harlan,21095,25324,19294,,,,,21,0,0,0,0,0,0,False,0.0,0.0,False,0.0,0.0,,,,,3
KY,Kentucky,Harrison,21097,19415,14948,,,,,21,0,0,0,0,0,0,False,0.0,0.0,False,0.0,0.0,,,,,3
KY,Kentucky,Hart,21099,19724,14975,,,,,21,0,0,0,0,0,0,False,0.0,0.0,False,0.0,0.0,,,,,3
KY,Kentucky,Henderson,21101,44119,34202,,,,,21,0,0,0,0,0,0,False,0.0,0.0,False,0.0,0.0,,,,,4
KY,Kentucky,Henry,21103,15973,12243,,,,,21,0,0,0,0,0,0,False,0.0,0.0,False,0.0,0.0,,,,,2
KY,Kentucky,Hickman,21105,4447,3584,,,,,21,0,0,0,0,0,0,False,0.0,0.0,False,0.0,0.0,,,,,1
KY,Kentucky,Hopkins,21107,44929,34591,,,,,21,0,0,0,0,0,0,False,0.0,0.0,False,0.0,0.0,,,,,4
KY,Kentucky,Jackson,21109,13104,10049,,,,,21,0,0,0,0,0,0,False,0.0,0.0,False,0.0,0.0,,,,,2
KY,Kentucky,Jefferson,21111,772144,601290,,,,,21,3,3,2,3,3,2,True,0.38852856462007085,0.4989273062914733,True,0.38852856462007085,0.4989273062914733,,,,,5
KY,Kentucky,Jessamine,21113,55017,42098,,,,,21,0,0,0,0,0,0,False,0.0,0.0,False,0.0,0.0,,,,,4
KY,Kentucky,Johnson,21115,22116,17225,,,,,21,0,0,0,0,0,0,False,0.0,0.0,False,0.0,0.0,,,,,3
KY,Kentucky,Kenton,21117,171321,131901,,,,,21,0,0,0,0,0,0,False,0.0,0.0,False,0.0,0.0,,,,,5
KY,Kentucky,Knott,21119,13659,10946,,,,,21,0,0,0,0,0,0,False,0.0,0.0,False,0.0,0.0,,,,,2
KY,Kentucky,Knox,21121,29794,22837,,,,,21,0,0,0,0,0,0,False,0.0,0.0,False,0.0,0.0,,,,,3
KY,Kentucky,Larue,21123,15303,11846,,,,,21,0,0,0,0,0,0,False,0.0,0.0,False,0.0,0.0,,,,,2
KY,Kentucky,Laurel,21125,63296,49023,,,,,21,0,0,0,0,0,0,False,0.0,0.0,False,0.0,0.0,,,,,4
KY,Kentucky,Lawrence,21127,16000,12165,,,,,21,0,0,0,0,0,0,False,0.0,0.0,False,0.0,0.0,,,,,2
KY,Kentucky,Lee,21129,7293,6002,,,,,21,0,0,0,0,0,0,False,0.0,0.0,False,0.0,0.0,,,,,1
KY,Kentucky,Leslie,21131,9864,7761,,,,,21,0,0,0,0,0,0,False,0.0,0.0,False,0.0,0.0,,,,,2
KY,Kentucky,Letcher,21133,20423,16017,,,,,21,0,0,0,0,0,0,False,0.0,0.0,False,0.0,0.0,,,,,3
KY,Kentucky,Lewis,21135,12973,9997,,,,,21,0,0,0,0,0,0,False,0.0,0.0,False,0.0,0.0,,,,,2
KY,Kentucky,Lincoln,21137,24776,18696,,,,,21,0,0,0,0,0,0,False,0.0,0.0,False,0.0,0.0,,,,,3
KY,Kentucky,Livingston,21139,8892,7071,,,,,21,0,0,0,0,0,0,False,0.0,0.0,False,0.0,0.0,,,,,2
KY,Kentucky,Logan,21141,28283,21446,,,,,21,0,0,0,0,0,0,False,0.0,0.0,False,0.0,0.0,,,,,3
KY,Kentucky,Lyon,21143,9187,7902,,,,,21,0,0,0,0,0,0,False,0.0,0.0,False,0.0,0.0,,,,,2
KY,Kentucky,McCracken,21145,67428,52847,,,,,21,0,0,0,0,0,0,False,0.0,0.0,False,0.0,0.0,,,,,4
KY,Kentucky,McCreary,21147,17050,13365,,,,,21,0,0,0,0,0,0,False,0.0,0.0,False,0.0,0.0,,,,,2
KY,Kentucky,McLean,21149,9054,6955,,,,,21,0,0,0,0,0,0,False,0.0,0.0,False,0.0,0.0,,,,,2
KY,Kentucky,Madison,21151,96735,76250,,,,,21,0,0,0,0,0,0,False,0.0,0.0,False,0.0,0.0,,,,,4
KY,Kentucky,Magoffin,21153,11228,8684,,,,,21,0,0,0,0,0,0,False,0.0,0.0,False,0.0,0.0,,,,,2
KY,Kentucky,Marion,21155,19834,15144,,,,,21,0,0,0,0,0,0,False,0.0,0.0,False,0.0,0.0,,,,,3
KY,Kentucky,Marshall,21157,31744,25459,,,,,21,0,0,0,0,0,0,False,0.0,0.0,False,0.0,0.0,,,,,3
KY,Kentucky,Martin,21159,10928,8828,,,,,21,0,0,0,0,0,0,False,0.0,0.0,False,0.0,0.0,,,,,2
KY,Kentucky,Mason,21161,16841,12943,,,,,21,0,0,0,0,0,0,False,0.0,0.0,False,0.0,0.0,,,,,2
KY,Kentucky,Meade,21163,30131,23607,,,,,21,0,0,0,0,0,0,False,0.0,0.0,False,0.0,0.0,,,,,3
KY,Kentucky,Menifee,21165,6286,5112,,,,,21,0,0,0,0,0,0,False,0.0,0.0,False,0.0,0.0,,,,,1
KY,Kentucky,Mercer,21167,23097,18078,,,,,21,0,0,0,0,0,0,False,0.0,0.0,False,0.0,0.0,,,,,3
KY,Kentucky,Metcalfe,21169,10482,8042,,,,,21,0,0,0,0,0,0,False,0.0,0.0,False,0.0,0.0,,,,,2
KY,Kentucky,Monroe,21171,11306,8615,,,,,21,0,0,0,0,0,0,False,0.0,0.0,False,0.0,0.0,,,,,2
KY,Kentucky,Montgomery,21173,28527,21907,,,,,21,0,0,0,0,0,0,False,0.0,0.0,False,0.0,0.0,,,,,3
KY,Kentucky,Morgan,21175,14283,11670,,,,,21,0,0,0,0,0,0,False,0.0,0.0,False,0.0,0.0,,,,,2
KY,Kentucky,Muhlenberg,21177,30568,24126,,,,,21,0,0,0,0,0,0,False,0.0,0.0,False,0.0,0.0,,,,,3
KY,Kentucky,Nelson,21179,47730,36836,,,,,21,0,0,0,0,0,0,False,0.0,0.0,False,0.0,0.0,,,,,4
KY,Kentucky,Nicholas,21181,7686,5809,,,,,21,0,0,0,0,0,0,False,0.0,0.0,False,0.0,0.0,,,,,1
KY,Kentucky,Ohio,21183,23626,18062,,,,,21,0,0,0,0,0,0,False,0.0,0.0,False,0.0,0.0,,,,,3
KY,Kentucky,Oldham,21185,70183,53197,,,,,21,0,0,0,0,0,0,False,0.0,0.0,False,0.0,0.0,,,,,4
KY,Kentucky,Owen,21187,11313,8968,,,,,21,0,0,0,0,0,0,False,0.0,0.0,False,0.0,0.0,,,,,2
KY,Kentucky,Owsley,21189,4001,3084,,,,,21,0,0,0,0,0,0,False,0.0,0.0,False,0.0,0.0,,,,,1
KY,Kentucky,Pendleton,21191,14810,11396,,,,,21,0,0,0,0,0,0,False,0.0,0.0,False,0.0,0.0,,,,,2
KY,Kentucky,Perry,21193,27133,20782,,,,,21,0,0,0,0,0,0,False,0.0,0.0,False,0.0,0.0,,,,,3
KY,Kentucky,Pike,21195,55973,44589,,,,,21,0,0,0,0,0,0,False,0.0,0.0,False,0.0,0.0,,,,,4
KY,Kentucky,Powell,21197,12972,9884,,,,,21,0,0,0,0,0,0,False,0.0,0.0,False,0.0,0.0,,,,,2
KY,Kentucky,Pulaski,21199,66191,51804,,,,,21,0,0,0,0,0,0,False,0.0,0.0,False,0.0,0.0,,,,,4
KY,Kentucky,Robertson,21201,2313,1799,,,,,21,0,0,0,0,0,0,False,0.0,0.0,False,0.0,0.0,,,,,1
KY,Kentucky,Rockcastle,21203,16190,12780,,,,,21,0,0,0,0,0,0,False,0.0,0.0,False,0.0,0.0,,,,,2
KY,Kentucky,Rowan,21205,24409,19548,,,,,21,0,0,0,0,0,0,False,0.0,0.0,False,0.0,0.0,,,,,3
KY,Kentucky,Russell,21207,18279,14064,,,,,21,0,0,0,0,0,0,False,0.0,0.0,False,0.0,0.0,,,,,2
KY,Kentucky,Scott,21209,60168,45676,,,,,21,0,0,0,0,0,0,False,0.0,0.0,False,0.0,0.0,,,,,4
KY,Kentucky,Shelby,21211,49515,38642,,,,,21,0,0,0,0,0,0,False,0.0,0.0,False,0.0,0.0,,,,,4
KY,Kentucky,Simpson,21213,20195,15511,,,,,21,0,0,0,0,0,0,False,0.0,0.0,False,0.0,0.0,,,,,3
KY,Kentucky,Spencer,21215,20531,15906,,,,,21,0,0,0,0,0,0,False,0.0,0.0,False,0.0,0.0,,,,,3
KY,Kentucky,Taylor,21217,26443,20386,,,,,21,0,0,0,0,0,0,False,0.0,0.0,False,0.0,0.0,,,,,3
KY,Kentucky,Todd,21219,12494,9127,,,,,21,0,0,0,0,0,0,False,0.0,0.0,False,0.0,0.0,,,,,2
KY,Kentucky,Trigg,21221,14369,11280,,,,,21,0,0,0,0,0,0,False,0.0,0.0,False,0.0,0.0,,,,,2
KY,Kentucky,Trimble,21223,8607,6709,,,,,21,0,0,0,0,0,0,False,0.0,0.0,False,0.0,0.0,,,,,1
KY,Kentucky,Union,21225,13106,10559,,,,,21,0,0,0,0,0,0,False,0.0,0.0,False,0.0,0.0,,,,,2
KY,Kentucky,Warren,21227,142229,108754,,,,,21,0,0,0,0,0,0,False,0.0,0.0,False,0.0,0.0,,,,,5
KY,Kentucky,Washington,21229,12267,9420,,,,,21,0,0,0,0,0,0,False,0.0,0.0,False,0.0,0.0,,,,,2
KY,Kentucky,Wayne,21231,19580,15608,,,,,21,0,0,0,0,0,0,False,0.0,0.0,False,0.0,0.0,,,,,3
KY,Kentucky,Webster,21233,12726,9635,,,,,21,0,0,0,0,0,0,False,0.0,0.0,False,0.0,0.0,,,,,2
KY,Kentucky,Whitley,21235,36825,27163,,,,,21,0,0,0,0,0,0,False,0.0,0.0,False,0.0,0.0,,,,,3
KY,Kentucky,Wolfe,21237,6282,4858,,,,,21,0,0,0,0,0,0,False,0.0,0.0,False,0.0,0.0,,,,,1
KY,Kentucky,Woodford,21239,27268,21423,,,,,21,0,0,0,0,0,0,False,0.0,0.0,False,0.0,0.0,,,,,3
LA,Louisiana,Acadia,22001,56489,41929,4.9,"( 4.3,  5.5)",4.2,"( 3.7,  4.7)",22,0,0,0,0,0,0,False,0.0,0.0,False,0.0,0.0,True,True,True,5,4
LA,Louisiana,Allen,22003,22112,17025,4.5,"( 4.0,  4.9)",4.2,"( 3.8,  4.6)",22,0,0,0,0,0,0,False,0.0,0.0,False,0.0,0.0,True,True,True,4,3
LA,Louisiana,Ascension,22005,131632,97316,3.3,"( 2.9,  3.7)",3.1,"( 2.8,  3.5)",22,0,0,0,0,0,0,False,0.0,0.0,False,0.0,0.0,False,False,False,1,5
LA,Louisiana,Assumption,22007,20160,16073,5.1,"( 4.5,  5.6)",4.0,"( 3.6,  4.4)",22,0,0,0,0,0,0,False,0.0,0.0,False,0.0,0.0,True,True,True,5,3
LA,Louisiana,Avoyelles,22009,38408,29196,5.5,"( 4.9,  6.1)",4.6,"( 4.2,  5.1)",22,0,0,0,0,0,0,False,0.0,0.0,False,0.0,0.0,True,True,True,5,4
LA,Louisiana,Beauregard,22011,36827,27436,4.0,"( 3.5,  4.5)",3.5,"( 3.1,  3.9)",22,0,0,0,0,0,0,False,0.0,0.0,False,0.0,0.0,False,False,True,3,3
LA,Louisiana,Bienville,22013,12366,9519,6.8,"( 6.1,  7.5)",5.1,"( 4.6,  5.7)",22,0,0,0,0,0,0,False,0.0,0.0,False,0.0,0.0,True,True,True,5,2
LA,Louisiana,Bossier,22015,129795,97847,3.8,"( 3.3,  4.2)",3.4,"( 3.0,  3.8)",22,0,0,0,0,0,0,False,0.0,0.0,False,0.0,0.0,False,False,True,2,5
LA,Louisiana,Caddo,22017,226386,173794,5.1,"( 4.5,  5.7)",4.2,"( 3.7,  4.7)",22,1,1,1,2,2,2,True,0.441723428127181,0.5753938570951816,True,0.883446856254362,1.1507877141903633,False,False,False,5,5
LA,Louisiana,Calcasieu,22019,203761,153336,4.0,"( 3.6,  4.5)",3.6,"( 3.2,  4.0)",22,0,0,0,0,0,0,False,0.0,0.0,False,0.0,0.0,False,False,True,3,5
LA,Louisiana,Caldwell,22021,9389,7310,5.2,"( 4.6,  5.8)",4.3,"( 3.9,  4.8)",22,0,0,0,0,0,0,False,0.0,0.0,False,0.0,0.0,True,True,True,5,2
LA,Louisiana,Cameron,22023,4768,3710,4.0,"( 3.5,  4.6)",3.2,"( 2.8,  3.6)",22,0,0,0,0,0,0,False,0.0,0.0,False,0.0,0.0,False,False,True,3,1
LA,Louisiana,Catahoula,22025,8414,6589,5.3,"( 4.7,  5.9)",4.5,"( 4.0,  5.0)",22,0,0,0,0,0,0,False,0.0,0.0,False,0.0,0.0,True,True,True,5,1
LA,Louisiana,Claiborne,22027,13670,11034,7.1,"( 6.4,  7.9)",5.6,"( 5.1,  6.2)",22,0,0,0,0,0,0,False,0.0,0.0,False,0.0,0.0,True,True,True,5,2
LA,Louisiana,Concordia,22029,17688,13579,6.0,"( 5.4,  6.7)",4.9,"( 4.4,  5.5)",22,0,0,0,0,0,0,False,0.0,0.0,False,0.0,0.0,True,True,True,5,2
LA,Louisiana,De Soto,22031,27114,20598,5.3,"( 4.7,  5.9)",4.2,"( 3.8,  4.7)",22,0,0,0,0,0,0,False,0.0,0.0,False,0.0,0.0,True,True,True,5,3
LA,Louisiana,East Baton Rouge,22033,448467,347496,3.8,"( 3.4,  4.3)",3.7,"( 3.3,  4.1)",22,0,0,0,1,1,1,False,0.0,0.0,True,0.22298184704783183,0.2877730966687386,False,False,False,2,5
LA,Louisiana,East Carroll,22035,6829,5465,6.8,"( 6.1,  7.5)",6.5,"( 5.8,  7.2)",22,0,0,0,0,0,0,False,0.0,0.0,False,0.0,0.0,True,True,True,5,1
LA,Louisiana,East Feliciana,22037,19229,15872,4.7,"( 4.1,  5.2)",3.8,"( 3.4,  4.2)",22,0,0,0,0,0,0,False,0.0,0.0,False,0.0,0.0,True,True,True,4,3
LA,Louisiana,Evangeline,22039,31754,23809,5.0,"( 4.5,  5.6)",4.4,"( 4.0,  4.9)",22,0,0,0,0,0,0,False,0.0,0.0,False,0.0,0.0,True,True,True,5,3
LA,Louisiana,Franklin,22041,19285,14407,5.7,"( 5.1,  6.4)",4.6,"( 4.1,  5.1)",22,0,0,0,0,0,0,False,0.0,0.0,False,0.0,0.0,True,True,True,5,3
LA,Louisiana,Grant,22043,21911,17355,4.0,"( 3.6,  4.5)",3.7,"( 3.3,  4.1)",22,0,0,0,0,0,0,False,0.0,0.0,False,0.0,0.0,False,False,True,3,3
LA,Louisiana,Iberia,22045,67659,50684,4.9,"( 4.4,  5.4)",4.2,"( 3.8,  4.7)",22,0,0,0,0,0,0,False,0.0,0.0,False,0.0,0.0,True,True,True,5,4
LA,Louisiana,Iberville,22047,29617,23427,4.7,"( 4.2,  5.3)",4.1,"( 3.7,  4.5)",22,0,0,0,0,0,0,False,0.0,0.0,False,0.0,0.0,True,True,True,4,3
LA,Louisiana,Jackson,22049,14746,11654,5.4,"( 4.9,  6.1)",4.2,"( 3.8,  4.7)",22,0,0,0,0,0,0,False,0.0,0.0,False,0.0,0.0,True,True,True,5,2
LA,Louisiana,Jefferson,22051,421777,328457,4.1,"( 3.7,  4.7)",3.4,"( 3.0,  3.8)",22,1,1,1,1,1,1,True,0.23709211265668825,0.3044538554513985,True,0.23709211265668825,0.3044538554513985,False,False,False,3,5
LA,Louisiana,Jefferson Davis,22053,31553,23598,4.4,"( 3.9,  5.0)",3.8,"( 3.3,  4.2)",22,0,0,0,0,0,0,False,0.0,0.0,False,0.0,0.0,True,True,True,4,3
LA,Louisiana,Lafayette,22055,249750,189467,3.6,"( 3.2,  4.1)",3.4,"( 3.0,  3.8)",22,0,0,0,0,0,0,False,0.0,0.0,False,0.0,0.0,False,False,True,2,5
LA,Louisiana,Lafourche,22057,95056,73551,4.2,"( 3.7,  4.8)",3.6,"( 3.2,  4.1)",22,0,0,0,0,0,0,False,0.0,0.0,False,0.0,0.0,True,True,True,3,4
LA,Louisiana,LaSalle,22059,14800,11610,3.8,"( 3.3,  4.2)",3.5,"( 3.1,  4.0)",22,0,0,0,0,0,0,False,0.0,0.0,False,0.0,0.0,False,False,True,2,2
LA,Louisiana,Lincoln,22061,47962,38485,4.0,"( 3.5,  4.4)",4.3,"( 3.8,  4.8)",22,0,0,0,0,0,0,False,0.0,0.0,False,0.0,0.0,False,False,True,3,4
LA,Louisiana,Livingston,22063,150145,111845,3.4,"( 3.0,  3.9)",3.2,"( 2.8,  3.7)",22,0,0,0,0,0,0,False,0.0,0.0,False,0.0,0.0,False,False,True,1,5
LA,Louisiana,Madison,22065,9246,6887,7.0,"( 6.3,  7.7)",5.9,"( 5.3,  6.5)",22,0,0,0,0,0,0,False,0.0,0.0,False,0.0,0.0,True,True,True,5,2
LA,Louisiana,Morehouse,22067,23955,18408,6.2,"( 5.5,  6.9)",5.0,"( 4.5,  5.6)",22,0,0,0,0,0,0,False,0.0,0.0,False,0.0,0.0,True,True,True,5,3
LA,Louisiana,Natchitoches,22069,36291,28127,4.6,"( 4.1,  5.1)",4.3,"( 3.8,  4.7)",22,0,0,0,0,0,0,False,0.0,0.0,False,0.0,0.0,True,True,True,4,3
LA,Louisiana,Orleans,22071,364136,293146,4.5,"( 4.0,  5.1)",4.0,"( 3.6,  4.5)",22,9,9,6,9,9,6,True,2.4716040160819035,3.070142522838449,True,2.4716040160819035,3.070142522838449,False,False,False,4,5
LA,Louisiana,Ouachita,22073,157568,119007,4.4,"( 3.9,  4.9)",4.0,"( 3.5,  4.4)",22,3,3,1,3,3,1,True,1.9039398862713242,2.5208601174720813,True,1.9039398862713242,2.5208601174720813,False,False,False,4,5
LA,Louisiana,Plaquemines,22075,22386,16953,3.8,"( 3.4,  4.2)",3.4,"( 3.1,  3.8)",22,0,0,0,0,0,0,False,0.0,0.0,False,0.0,0.0,False,False,True,2,3
LA,Louisiana,Pointe Coupee,22077,20000,15744,5.2,"( 4.7,  5.8)",3.9,"( 3.5,  4.4)",22,0,0,0,0,0,0,False,0.0,0.0,False,0.0,0.0,True,True,True,5,3
LA,Louisiana,Rapides,22079,126260,94760,4.5,"( 4.0,  5.0)",3.9,"( 3.5,  4.3)",22,0,0,0,0,0,0,False,0.0,0.0,False,0.0,0.0,True,True,True,4,5
LA,Louisiana,Red River,22081,7356,5645,6.0,"( 5.4,  6.6)",4.7,"( 4.3,  5.2)",22,0,0,0,0,0,0,False,0.0,0.0,False,0.0,0.0,True,True,True,5,1
LA,Louisiana,Richland,22083,19712,15026,5.3,"( 4.7,  5.9)",4.4,"( 3.9,  4.9)",22,0,0,0,0,0,0,False,0.0,0.0,False,0.0,0.0,True,True,True,5,3
LA,Louisiana,Sabine,22085,21906,16848,5.3,"( 4.7,  5.9)",4.1,"( 3.7,  4.6)",22,0,0,0,0,0,0,False,0.0,0.0,False,0.0,0.0,True,True,True,5,3
LA,Louisiana,St. Bernard,22087,44463,33008,4.2,"( 3.8,  4.6)",4.0,"( 3.6,  4.4)",22,0,0,0,0,0,0,False,0.0,0.0,False,0.0,0.0,True,True,True,3,4
LA,Louisiana,St. Charles,22089,50620,38554,3.6,"( 3.3,  4.1)",3.2,"( 2.8,  3.5)",22,0,0,0,0,0,0,False,0.0,0.0,False,0.0,0.0,False,False,True,2,4
LA,Louisiana,St. Helena,22091,10774,8595,6.1,"( 5.5,  6.8)",4.8,"( 4.3,  5.3)",22,0,0,0,0,0,0,False,0.0,0.0,False,0.0,0.0,True,True,True,5,2
LA,Louisiana,St. James,22093,19191,14995,4.8,"( 4.2,  5.3)",3.8,"( 3.4,  4.2)",22,0,0,0,0,0,0,False,0.0,0.0,False,0.0,0.0,True,True,True,5,3
LA,Louisiana,St. John the Baptist,22095,39592,30134,4.6,"( 4.1,  5.1)",4.0,"( 3.6,  4.5)",22,0,0,0,0,0,0,False,0.0,0.0,False,0.0,0.0,True,True,True,4,4
LA,Louisiana,St. Landry,22097,81464,59706,5.5,"( 4.9,  6.1)",4.7,"( 4.2,  5.2)",22,1,1,1,1,1,1,True,1.227536089561033,1.674873547047198,True,1.227536089561033,1.674873547047198,False,False,False,5,4
LA,Louisiana,St. Martin,22099,51057,38941,4.6,"( 4.2,  5.2)",3.9,"( 3.5,  4.3)",22,0,0,0,0,0,0,False,0.0,0.0,False,0.0,0.0,True,True,True,4,4
LA,Louisiana,St. Mary,22101,47055,35623,5.4,"( 4.8,  6.0)",4.3,"( 3.9,  4.7)",22,0,0,0,0,0,0,False,0.0,0.0,False,0.0,0.0,True,True,True,5,4
LA,Louisiana,St. Tammany,22103,275583,211037,3.6,"( 3.1,  4.1)",3.0,"( 2.6,  3.4)",22,2,1,1,3,1,2,True,0.7257341708305665,0.9477011140226596,True,1.0886012562458498,1.4215516710339893,False,False,False,2,5
LA,Louisiana,Tangipahoa,22105,138064,104233,4.1,"( 3.6,  4.6)",3.8,"( 3.4,  4.3)",22,0,0,0,0,0,0,False,0.0,0.0,False,0.0,0.0,True,True,True,3,5
LA,Louisiana,Tensas,22107,3764,2991,7.9,"( 7.1,  8.9)",5.4,"( 4.9,  6.0)",22,0,0,0,0,0,0,False,0.0,0.0,False,0.0,0.0,True,True,True,5,1
LA,Louisiana,Terrebonne,22109,103616,77948,4.2,"( 3.8,  4.7)",3.7,"( 3.3,  4.1)",22,1,1,1,1,1,1,True,0.9651019147621989,1.2829065530866732,True,0.9651019147621989,1.2829065530866732,False,False,False,3,5
LA,Louisiana,Union,22111,20650,16318,5.6,"( 5.0,  6.3)",4.2,"( 3.8,  4.7)",22,0,0,0,0,0,0,False,0.0,0.0,False,0.0,0.0,True,True,True,5,3
LA,Louisiana,Vermilion,22113,56992,42588,4.4,"( 3.9,  5.0)",3.8,"( 3.3,  4.2)",22,0,0,0,0,0,0,False,0.0,0.0,False,0.0,0.0,True,True,True,4,4
LA,Louisiana,Vernon,22115,46250,34491,3.7,"( 3.3,  4.1)",3.6,"( 3.2,  4.0)",22,0,0,0,0,0,0,False,0.0,0.0,False,0.0,0.0,False,False,True,2,4
LA,Louisiana,Washington,22117,44865,34243,5.3,"( 4.8,  5.9)",4.3,"( 3.9,  4.8)",22,0,0,0,0,0,0,False,0.0,0.0,False,0.0,0.0,True,True,True,5,4
LA,Louisiana,Webster,22119,35238,27304,6.0,"( 5.4,  6.6)",4.7,"( 4.3,  5.2)",22,0,0,0,0,0,0,False,0.0,0.0,False,0.0,0.0,True,True,True,5,3
LA,Louisiana,West Baton Rouge,22121,28266,21373,3.9,"( 3.5,  4.3)",3.5,"( 3.2,  4.0)",22,0,0,0,0,0,0,False,0.0,0.0,False,0.0,0.0,False,False,True,3,3
LA,Louisiana,West Carroll,22123,9323,7222,5.1,"( 4.5,  5.7)",3.8,"( 3.4,  4.3)",22,0,0,0,0,0,0,False,0.0,0.0,False,0.0,0.0,True,True,True,5,2
LA,Louisiana,West Feliciana,22125,15371,12848,4.0,"( 3.5,  4.5)",3.5,"( 3.1,  3.9)",22,0,0,0,0,0,0,False,0.0,0.0,False,0.0,0.0,False,False,True,3,2
LA,Louisiana,Winn,22127,13216,10424,5.0,"( 4.5,  5.6)",4.2,"( 3.8,  4.7)",22,0,0,0,0,0,0,False,0.0,0.0,False,0.0,0.0,True,True,True,5,2
ME,Maine,Androscoggin,23001,113765,90589,3.7,"( 3.2,  4.2)",3.1,"( 2.7,  3.5)",23,0,0,0,0,0,0,False,0.0,0.0,False,0.0,0.0,False,False,False,2,5
ME,Maine,Aroostook,23003,67351,54697,4.5,"( 3.9,  5.2)",3.2,"( 2.8,  3.6)",23,0,0,0,0,0,0,False,0.0,0.0,False,0.0,0.0,True,True,True,4,4
ME,Maine,Cumberland,23005,310230,255110,2.9,"( 2.5,  3.4)",2.4,"( 2.0,  2.7)",23,5,5,3,5,5,3,True,1.6117074428649711,1.959938849907883,True,1.6117074428649711,1.959938849907883,False,False,False,1,5
ME,Maine,Franklin,23007,30828,25609,3.9,"( 3.3,  4.5)",3.0,"( 2.6,  3.4)",23,0,0,0,0,0,0,False,0.0,0.0,False,0.0,0.0,False,False,False,3,3
ME,Maine,Hancock,23009,56526,47589,3.8,"( 3.2,  4.3)",2.7,"( 2.3,  3.1)",23,0,0,0,0,0,0,False,0.0,0.0,False,0.0,0.0,False,False,False,2,4
ME,Maine,Kennebec,23011,127259,103608,3.6,"( 3.2,  4.2)",2.9,"( 2.5,  3.3)",23,0,0,0,0,0,0,False,0.0,0.0,False,0.0,0.0,False,False,False,2,5
ME,Maine,Knox,23013,40977,34148,3.9,"( 3.3,  4.5)",2.7,"( 2.3,  3.1)",23,0,0,0,0,0,0,False,0.0,0.0,False,0.0,0.0,False,False,False,3,4
ME,Maine,Lincoln,23015,36507,30624,3.9,"( 3.3,  4.5)",2.6,"( 2.2,  3.0)",23,0,0,0,0,0,0,False,0.0,0.0,False,0.0,0.0,False,False,False,3,3
ME,Maine,Oxford,23017,59905,49429,4.4,"( 3.8,  5.0)",3.2,"( 2.8,  3.7)",23,0,0,0,0,0,0,False,0.0,0.0,False,0.0,0.0,True,True,True,4,4
ME,Maine,Penobscot,23019,155312,128236,3.6,"( 3.1,  4.1)",2.9,"( 2.6,  3.3)",23,0,0,0,0,0,0,False,0.0,0.0,False,0.0,0.0,False,False,False,2,5
ME,Maine,Piscataquis,23021,17486,14518,4.7,"( 4.1,  5.4)",3.2,"( 2.8,  3.7)",23,0,0,0,0,0,0,False,0.0,0.0,False,0.0,0.0,True,True,True,4,2
ME,Maine,Sagadahoc,23023,37513,30865,3.6,"( 3.0,  4.2)",2.6,"( 2.2,  3.0)",23,0,0,0,0,0,0,False,0.0,0.0,False,0.0,0.0,False,False,False,2,4
ME,Maine,Somerset,23025,51302,41911,4.4,"( 3.8,  5.1)",3.3,"( 2.9,  3.7)",23,0,0,0,0,0,0,False,0.0,0.0,False,0.0,0.0,True,True,True,4,4
ME,Maine,Waldo,23027,40620,33502,3.8,"( 3.3,  4.5)",2.8,"( 2.4,  3.2)",23,0,0,0,0,0,0,False,0.0,0.0,False,0.0,0.0,False,False,False,2,4
ME,Maine,Washington,23029,31555,25717,4.6,"( 3.9,  5.3)",3.2,"( 2.8,  3.7)",23,0,0,0,0,0,0,False,0.0,0.0,False,0.0,0.0,True,True,True,4,3
ME,Maine,York,23031,218586,180518,3.4,"( 2.9,  3.9)",2.6,"( 2.3,  3.0)",23,0,0,0,0,0,0,False,0.0,0.0,False,0.0,0.0,False,False,False,1,5
MD,Maryland,Allegany,24001,67273,55228,4.2,"( 3.7,  4.9)",3.5,"( 3.1,  3.9)",24,0,0,0,0,0,0,False,0.0,0.0,False,0.0,0.0,True,True,True,3,4
MD,Maryland,Anne Arundel,24003,594582,461032,2.9,"( 2.5,  3.3)",2.5,"( 2.2,  2.9)",24,0,0,0,0,0,0,False,0.0,0.0,False,0.0,0.0,False,False,False,1,5
MD,Maryland,Baltimore,24005,844703,661546,3.5,"( 3.1,  3.9)",2.9,"( 2.6,  3.3)",24,0,0,0,0,0,0,False,0.0,0.0,False,0.0,0.0,False,False,False,2,5
MD,Maryland,Calvert,24009,94728,72945,3.0,"( 2.7,  3.5)",2.6,"( 2.2,  2.9)",24,0,0,0,0,0,0,False,0.0,0.0,False,0.0,0.0,False,False,False,1,4
MD,Maryland,Caroline,24011,33593,25618,4.3,"( 3.8,  4.8)",3.5,"( 3.2,  4.0)",24,0,0,0,0,0,0,False,0.0,0.0,False,0.0,0.0,True,True,True,4,3
MD,Maryland,Carroll,24013,176639,137462,2.9,"( 2.6,  3.4)",2.4,"( 2.1,  2.8)",24,0,0,0,0,0,0,False,0.0,0.0,False,0.0,0.0,False,False,False,1,5
MD,Maryland,Cecil,24015,105672,82332,3.5,"( 3.1,  4.0)",3.0,"( 2.6,  3.3)",24,0,0,0,0,0,0,False,0.0,0.0,False,0.0,0.0,False,False,False,2,5
MD,Maryland,Charles,24017,171973,131229,3.4,"( 3.0,  3.8)",3.1,"( 2.7,  3.4)",24,0,0,0,0,0,0,False,0.0,0.0,False,0.0,0.0,False,False,False,1,5
MD,Maryland,Dorchester,24019,32879,26096,4.9,"( 4.4,  5.5)",3.7,"( 3.3,  4.1)",24,0,0,0,0,0,0,False,0.0,0.0,False,0.0,0.0,True,True,True,5,3
MD,Maryland,Frederick,24021,293391,224828,2.8,"( 2.5,  3.2)",2.5,"( 2.2,  2.8)",24,0,0,0,0,0,0,False,0.0,0.0,False,0.0,0.0,False,False,False,1,5
MD,Maryland,Garrett,24023,28423,23480,4.2,"( 3.6,  4.8)",3.0,"( 2.6,  3.4)",24,0,0,0,0,0,0,False,0.0,0.0,False,0.0,0.0,True,True,False,3,3
MD,Maryland,Harford,24025,264644,206050,3.1,"( 2.7,  3.6)",2.6,"( 2.3,  3.0)",24,0,0,0,0,0,0,False,0.0,0.0,False,0.0,0.0,False,False,False,1,5
MD,Maryland,Howard,24027,336001,256944,2.6,"( 2.3,  2.9)",2.3,"( 2.0,  2.5)",24,1,1,1,1,1,1,True,0.2976181618507088,0.38918986238246467,True,0.2976181618507088,0.38918986238246467,False,False,False,1,5
MD,Maryland,Kent,24029,19303,16393,4.2,"( 3.6,  4.8)",3.0,"( 2.6,  3.4)",24,0,0,0,0,0,0,False,0.0,0.0,False,0.0,0.0,True,True,False,3,3
MD,Maryland,Montgomery,24031,1058474,819715,2.9,"( 2.6,  3.3)",2.4,"( 2.2,  2.7)",24,1,1,1,2,2,2,True,0.09447563190026396,0.12199361973368793,True,0.18895126380052793,0.24398723946737585,False,False,False,1,5
MD,Maryland,Prince George's,24033,947430,740721,3.9,"( 3.4,  4.4)",3.5,"( 3.0,  3.9)",24,5,5,2,5,5,2,True,0.5277434744519384,0.6750179892294129,True,0.5277434744519384,0.6750179892294129,False,False,False,3,5
MD,Maryland,Queen Anne's,24035,52508,41602,3.4,"( 2.9,  3.9)",2.6,"( 2.2,  2.9)",24,0,0,0,0,0,0,False,0.0,0.0,False,0.0,0.0,False,False,False,1,4
MD,Maryland,St. Mary's,24037,115281,87752,3.0,"( 2.6,  3.3)",2.7,"( 2.4,  3.0)",24,0,0,0,0,0,0,False,0.0,0.0,False,0.0,0.0,False,False,False,1,5
MD,Maryland,Somerset,24039,24910,20561,4.3,"( 3.9,  4.8)",4.0,"( 3.6,  4.4)",24,0,0,0,0,0,0,False,0.0,0.0,False,0.0,0.0,True,True,True,4,3
MD,Maryland,Talbot,24041,37823,30897,4.3,"( 3.7,  4.9)",2.8,"( 2.4,  3.1)",24,0,0,0,0,0,0,False,0.0,0.0,False,0.0,0.0,True,True,False,4,4
MD,Maryland,Washington,24043,155813,122221,3.8,"( 3.3,  4.3)",3.2,"( 2.8,  3.6)",24,0,0,0,0,0,0,False,0.0,0.0,False,0.0,0.0,False,False,True,2,5
MD,Maryland,Wicomico,24045,104800,81312,3.7,"( 3.3,  4.2)",3.4,"( 3.0,  3.8)",24,0,0,0,0,0,0,False,0.0,0.0,False,0.0,0.0,False,False,True,2,5
MD,Maryland,Worcester,24047,54171,44887,4.2,"( 3.6,  4.8)",2.8,"( 2.5,  3.2)",24,0,0,0,0,0,0,False,0.0,0.0,False,0.0,0.0,True,True,False,3,4
MD,Maryland,Baltimore,24510,565239,447486,4.4,"( 3.8,  5.0)",4.1,"( 3.7,  4.7)",24,32,27,20,32,27,20,True,5.661322024842589,7.1510617091931366,True,5.661322024842589,7.1510617091931366,False,False,False,4,5
MA,Massachusetts,Barnstable,25001,231735,199941,3.8,"( 3.2,  4.5)",2.4,"( 2.1,  2.8)",25,0,0,0,0,0,0,False,0.0,0.0,False,0.0,0.0,False,False,False,2,5
MA,Massachusetts,Berkshire,25003,126818,106721,3.7,"( 3.2,  4.3)",2.7,"( 2.3,  3.1)",25,0,0,0,0,0,0,False,0.0,0.0,False,0.0,0.0,False,False,False,2,5
MA,Massachusetts,Bristol,25005,581841,463617,3.5,"( 3.0,  4.0)",2.9,"( 2.5,  3.3)",25,0,0,0,0,0,0,False,0.0,0.0,False,0.0,0.0,False,False,False,2,5
MA,Massachusetts,Dukes,25007,20819,17186,3.5,"( 3.0,  4.1)",2.4,"( 2.1,  2.8)",25,0,0,0,0,0,0,False,0.0,0.0,False,0.0,0.0,False,False,False,2,3
MA,Massachusetts,Essex,25009,810089,642879,3.1,"( 2.7,  3.6)",2.6,"( 2.2,  2.9)",25,0,0,0,0,0,0,False,0.0,0.0,False,0.0,0.0,False,False,False,1,5
MA,Massachusetts,Franklin,25011,70836,59245,3.6,"( 3.1,  4.2)",2.7,"( 2.3,  3.1)",25,0,0,0,0,0,0,False,0.0,0.0,False,0.0,0.0,False,False,False,2,4
MA,Massachusetts,Hampden,25013,460291,365283,3.7,"( 3.2,  4.1)",3.1,"( 2.7,  3.5)",25,2,2,1,3,3,2,True,0.4345077353239581,0.5475206894380521,True,0.6517616029859371,0.8212810341570782,False,False,False,2,5
MA,Massachusetts,Hampshire,25015,162502,139946,2.7,"( 2.4,  3.1)",2.5,"( 2.2,  2.9)",25,1,1,1,1,1,1,True,0.6153770415133352,0.7145613307990225,True,0.6153770415133352,0.7145613307990225,False,False,False,1,5
MA,Massachusetts,Middlesex,25017,1623952,1310019,2.5,"( 2.2,  2.9)",2.3,"( 2.0,  2.6)",25,5,5,4,5,5,4,True,0.30789087362188045,0.3816738535853297,True,0.30789087362188045,0.3816738535853297,False,False,False,1,5
MA,Massachusetts,Nantucket,25019,14444,11509,2.5,"( 2.2,  2.9)",2.2,"( 1.9,  2.5)",25,0,0,0,0,0,0,False,0.0,0.0,False,0.0,0.0,False,False,False,1,2
MA,Massachusetts,Norfolk,25021,727473,580073,2.7,"( 2.3,  3.1)",2.3,"( 2.0,  2.6)",25,0,0,0,0,0,0,False,0.0,0.0,False,0.0,0.0,False,False,False,1,5
MA,Massachusetts,Plymouth,25023,535308,426137,3.2,"( 2.8,  3.7)",2.5,"( 2.2,  2.9)",25,0,0,0,0,0,0,False,0.0,0.0,False,0.0,0.0,False,False,False,1,5
MA,Massachusetts,Suffolk,25025,768425,646638,2.8,"( 2.5,  3.1)",3.0,"( 2.7,  3.3)",25,48,36,18,51,37,19,True,6.2465432540586265,7.42300947361584,True,6.63695220743729,7.886947565716831,False,False,False,1,5
MA,Massachusetts,Worcester,25027,866866,690404,3.1,"( 2.6,  3.5)",2.6,"( 2.3,  3.0)",25,4,4,3,5,5,3,True,0.46143233210207807,0.579370919056089,True,0.5767904151275975,0.7242136488201111,False,False,False,1,5
MI,Michigan,Alcona,26001,10489,9146,5.2,"( 4.5,  6.1)",3.1,"( 2.7,  3.5)",26,0,0,0,0,0,0,False,0.0,0.0,False,0.0,0.0,True,True,False,5,2
MI,Michigan,Alger,26003,8757,7484,4.3,"( 3.7,  4.9)",3.1,"( 2.7,  3.5)",26,0,0,0,0,0,0,False,0.0,0.0,False,0.0,0.0,True,True,False,4,2
MI,Michigan,Allegan,26005,121939,93939,3.5,"( 3.0,  4.0)",2.9,"( 2.5,  3.3)",26,0,0,0,0,0,0,False,0.0,0.0,False,0.0,0.0,False,False,False,2,5
MI,Michigan,Alpena,26007,28904,23463,4.6,"( 4.0,  5.3)",3.3,"( 2.9,  3.8)",26,0,0,0,0,0,0,False,0.0,0.0,False,0.0,0.0,True,True,True,4,3
MI,Michigan,Antrim,26009,24409,20323,4.0,"( 3.4,  4.7)",2.7,"( 2.3,  3.1)",26,0,0,0,0,0,0,False,0.0,0.0,False,0.0,0.0,False,False,False,3,3
MI,Michigan,Arenac,26011,15145,12334,4.7,"( 4.1,  5.4)",3.3,"( 2.9,  3.7)",26,0,0,0,0,0,0,False,0.0,0.0,False,0.0,0.0,True,True,True,4,2
MI,Michigan,Baraga,26013,8310,6876,4.6,"( 4.1,  5.2)",3.6,"( 3.2,  4.0)",26,0,0,0,0,0,0,False,0.0,0.0,False,0.0,0.0,True,True,True,4,1
MI,Michigan,Barry,26015,63808,50005,3.5,"( 3.1,  4.0)",2.8,"( 2.4,  3.2)",26,0,0,0,0,0,0,False,0.0,0.0,False,0.0,0.0,False,False,False,2,4
MI,Michigan,Bay,26017,102500,82758,3.9,"( 3.4,  4.5)",3.0,"( 2.7,  3.5)",26,0,0,0,0,0,0,False,0.0,0.0,False,0.0,0.0,False,False,False,3,5
MI,Michigan,Benzie,26019,18441,15317,4.1,"( 3.5,  4.7)",2.7,"( 2.4,  3.1)",26,0,0,0,0,0,0,False,0.0,0.0,False,0.0,0.0,True,True,False,3,2
MI,Michigan,Berrien,26021,152261,120080,4.2,"( 3.6,  4.7)",3.2,"( 2.8,  3.6)",26,0,0,0,0,0,0,False,0.0,0.0,False,0.0,0.0,True,True,True,3,5
MI,Michigan,Branch,26023,45215,34668,4.2,"( 3.7,  4.8)",3.4,"( 2.9,  3.8)",26,0,0,0,0,0,0,False,0.0,0.0,False,0.0,0.0,True,True,True,3,4
MI,Michigan,Calhoun,26025,133366,102982,4.0,"( 3.5,  4.5)",3.3,"( 2.9,  3.7)",26,0,0,0,0,0,0,False,0.0,0.0,False,0.0,0.0,False,False,True,3,5
MI,Michigan,Cass,26027,51642,41306,4.2,"( 3.6,  4.8)",3.1,"( 2.8,  3.5)",26,0,0,0,0,0,0,False,0.0,0.0,False,0.0,0.0,True,True,False,3,4
MI,Michigan,Charlevoix,26029,26159,21621,3.9,"( 3.3,  4.6)",2.7,"( 2.3,  3.1)",26,0,0,0,0,0,0,False,0.0,0.0,False,0.0,0.0,False,False,False,3,3
MI,Michigan,Cheboygan,26031,26048,22070,4.6,"( 4.0,  5.3)",3.2,"( 2.8,  3.6)",26,0,0,0,0,0,0,False,0.0,0.0,False,0.0,0.0,True,True,True,4,3
MI,Michigan,Chippewa,26033,36264,29773,4.0,"( 3.6,  4.5)",3.5,"( 3.1,  3.9)",26,0,0,0,0,0,0,False,0.0,0.0,False,0.0,0.0,False,False,True,3,3
MI,Michigan,Clare,26035,31316,25226,5.1,"( 4.4,  5.8)",3.6,"( 3.2,  4.1)",26,0,0,0,0,0,0,False,0.0,0.0,False,0.0,0.0,True,True,True,5,3
MI,Michigan,Clinton,26037,79720,62943,3.2,"( 2.8,  3.7)",2.6,"( 2.3,  3.0)",26,0,0,0,0,0,0,False,0.0,0.0,False,0.0,0.0,False,False,False,1,4
MI,Michigan,Crawford,26039,13538,11172,4.8,"( 4.2,  5.6)",3.3,"( 2.9,  3.8)",26,0,0,0,0,0,0,False,0.0,0.0,False,0.0,0.0,True,True,True,5,2
MI,Michigan,Delta,26041,36790,29801,4.4,"( 3.8,  5.1)",3.1,"( 2.7,  3.5)",26,0,0,0,0,0,0,False,0.0,0.0,False,0.0,0.0,True,True,False,4,3
MI,Michigan,Dickinson,26043,25982,20842,4.0,"( 3.5,  4.6)",2.9,"( 2.5,  3.3)",26,0,0,0,0,0,0,False,0.0,0.0,False,0.0,0.0,False,False,False,3,3
MI,Michigan,Eaton,26045,108820,86607,3.4,"( 2.9,  3.9)",2.7,"( 2.4,  3.1)",26,0,0,0,0,0,0,False,0.0,0.0,False,0.0,0.0,False,False,False,1,5
MI,Michigan,Emmet,26047,34123,28041,3.6,"( 3.1,  4.1)",2.6,"( 2.3,  3.0)",26,0,0,0,1,1,1,False,0.0,0.0,True,2.930574685695865,3.566206626011911,False,False,False,2,3
MI,Michigan,Genesee,26049,401522,313303,4.2,"( 3.7,  4.7)",3.5,"( 3.1,  3.9)",26,4,4,3,4,4,3,True,0.9962094231449335,1.2767193419788512,True,0.9962094231449335,1.2767193419788512,False,False,False,3,5
MI,Michigan,Gladwin,26051,25853,20920,4.9,"( 4.2,  5.6)",3.3,"( 2.9,  3.8)",26,0,0,0,0,0,0,False,0.0,0.0,False,0.0,0.0,True,True,True,5,3
MI,Michigan,Gogebic,26053,14224,11925,4.9,"( 4.3,  5.6)",3.3,"( 2.9,  3.7)",26,0,0,0,0,0,0,False,0.0,0.0,False,0.0,0.0,True,True,True,5,2
MI,Michigan,Grand Traverse,26055,96421,77995,3.3,"( 2.8,  3.9)",2.6,"( 2.2,  3.0)",26,2,2,2,2,2,2,True,2.074236940085666,2.5642669401884737,True,2.074236940085666,2.5642669401884737,False,False,False,1,4
MI,Michigan,Gratiot,26057,41368,33395,3.7,"( 3.2,  4.2)",3.2,"( 2.9,  3.7)",26,0,0,0,0,0,0,False,0.0,0.0,False,0.0,0.0,False,False,True,2,4
MI,Michigan,Hillsdale,26059,45587,35783,4.2,"( 3.7,  4.8)",3.3,"( 2.9,  3.7)",26,0,0,0,0,0,0,False,0.0,0.0,False,0.0,0.0,True,True,True,3,4
MI,Michigan,Houghton,26061,37599,30241,3.2,"( 2.7,  3.7)",3.0,"( 2.6,  3.5)",26,0,0,0,0,0,0,False,0.0,0.0,False,0.0,0.0,False,False,False,1,4
MI,Michigan,Huron,26063,30927,25092,4.6,"( 4.0,  5.2)",3.1,"( 2.8,  3.5)",26,0,0,0,0,0,0,False,0.0,0.0,False,0.0,0.0,True,True,False,4,3
MI,Michigan,Ingham,26065,284637,229779,2.9,"( 2.6,  3.3)",3.0,"( 2.7,  3.4)",26,2,2,2,2,2,2,True,0.7026493393339587,0.8704015597595951,True,0.7026493393339587,0.8704015597595951,False,False,False,1,5
MI,Michigan,Ionia,26067,66262,52509,3.4,"( 2.9,  3.9)",3.0,"( 2.7,  3.5)",26,0,0,0,0,0,0,False,0.0,0.0,False,0.0,0.0,False,False,False,1,4
MI,Michigan,Iosco,26069,25373,21051,5.3,"( 4.5,  6.0)",3.4,"( 3.0,  3.9)",26,0,0,0,0,0,0,False,0.0,0.0,False,0.0,0.0,True,True,True,5,3
MI,Michigan,Iron,26071,11740,9748,5.0,"( 4.2,  5.8)",3.2,"( 2.8,  3.6)",26,0,0,0,0,0,0,False,0.0,0.0,False,0.0,0.0,True,True,True,5,2
MI,Michigan,Isabella,26073,64118,52691,3.2,"( 2.8,  3.6)",3.5,"( 3.1,  3.9)",26,0,0,0,0,0,0,False,0.0,0.0,False,0.0,0.0,False,False,True,1,4
MI,Michigan,Jackson,26075,159424,126422,3.7,"( 3.3,  4.2)",3.1,"( 2.7,  3.4)",26,0,0,0,0,0,0,False,0.0,0.0,False,0.0,0.0,False,False,False,2,5
MI,Michigan,Kalamazoo,26077,262215,206827,3.1,"( 2.7,  3.5)",2.9,"( 2.6,  3.3)",26,2,2,2,3,3,3,True,0.7627328718799459,0.9669917370556068,True,1.1440993078199189,1.4504876055834104,False,False,False,1,5
MI,Michigan,Kalkaska,26079,18490,14833,4.3,"( 3.7,  4.9)",3.3,"( 2.9,  3.7)",26,0,0,0,0,0,0,False,0.0,0.0,False,0.0,0.0,True,True,True,4,2
MI,Michigan,Kent,26081,661354,507844,2.9,"( 2.6,  3.3)",2.8,"( 2.4,  3.1)",26,5,4,5,5,4,5,True,0.7560247613229828,0.9845543119540646,True,0.7560247613229828,0.9845543119540646,False,False,False,1,5
MI,Michigan,Keweenaw,26083,2172,1839,4.3,"( 3.6,  5.1)",2.6,"( 2.2,  3.0)",26,0,0,0,0,0,0,False,0.0,0.0,False,0.0,0.0,True,True,False,4,1
MI,Michigan,Lake,26085,12734,10887,5.6,"( 4.9,  6.2)",4.0,"( 3.5,  4.4)",26,0,0,0,0,0,0,False,0.0,0.0,False,0.0,0.0,True,True,True,5,2
MI,Michigan,Lapeer,26087,88977,71497,3.7,"( 3.3,  4.3)",2.9,"( 2.6,  3.3)",26,0,0,0,0,0,0,False,0.0,0.0,False,0.0,0.0,False,False,False,2,4
MI,Michigan,Leelanau,26089,23019,19453,3.8,"( 3.2,  4.6)",2.4,"( 2.0,  2.8)",26,0,0,0,0,0,0,False,0.0,0.0,False,0.0,0.0,False,False,False,2,3
MI,Michigan,Lenawee,26091,97520,77713,3.8,"( 3.2,  4.3)",3.0,"( 2.6,  3.4)",26,0,0,0,0,0,0,False,0.0,0.0,False,0.0,0.0,False,False,False,2,5
MI,Michigan,Livingston,26093,196757,157470,3.0,"( 2.6,  3.5)",2.4,"( 2.1,  2.8)",26,0,0,0,0,0,0,False,0.0,0.0,False,0.0,0.0,False,False,False,1,5
MI,Michigan,Luce,26095,6435,5396,4.5,"( 3.9,  5.1)",3.5,"( 3.1,  4.0)",26,0,0,0,0,0,0,False,0.0,0.0,False,0.0,0.0,True,True,True,4,1
MI,Michigan,Mackinac,26097,10851,9233,5.2,"( 4.5,  5.9)",3.5,"( 3.1,  3.9)",26,0,0,0,0,0,0,False,0.0,0.0,False,0.0,0.0,True,True,True,5,2
MI,Michigan,Macomb,26099,875101,695938,3.5,"( 3.1,  4.0)",2.9,"( 2.6,  3.3)",26,1,1,1,1,1,1,True,0.11427252397151871,0.14369096097640882,True,0.11427252397151871,0.14369096097640882,False,False,False,2,5
MI,Michigan,Manistee,26101,25562,21306,4.4,"( 3.8,  5.1)",3.1,"( 2.7,  3.5)",26,0,0,0,0,0,0,False,0.0,0.0,False,0.0,0.0,True,True,False,4,3
MI,Michigan,Marquette,26103,66999,55244,3.3,"( 2.9,  3.9)",2.9,"( 2.5,  3.3)",26,0,0,0,0,0,0,False,0.0,0.0,False,0.0,0.0,False,False,False,1,4
MI,Michigan,Mason,26105,29159,23606,4.4,"( 3.7,  5.0)",3.1,"( 2.7,  3.5)",26,0,0,0,0,0,0,False,0.0,0.0,False,0.0,0.0,True,True,False,4,3
MI,Michigan,Mecosta,26107,41099,33152,4.1,"( 3.6,  4.6)",3.4,"( 3.0,  3.8)",26,0,0,0,0,0,0,False,0.0,0.0,False,0.0,0.0,True,True,True,3,4
MI,Michigan,Menominee,26109,22945,19083,4.5,"( 3.9,  5.1)",3.1,"( 2.7,  3.5)",26,0,0,0,0,0,0,False,0.0,0.0,False,0.0,0.0,True,True,False,4,3
MI,Michigan,Midland,26111,84039,66530,3.4,"( 2.9,  4.0)",2.7,"( 2.3,  3.1)",26,0,0,0,0,0,0,False,0.0,0.0,False,0.0,0.0,False,False,False,1,4
MI,Michigan,Missaukee,26113,15311,11930,4.2,"( 3.7,  4.8)",3.2,"( 2.8,  3.6)",26,0,0,0,0,0,0,False,0.0,0.0,False,0.0,0.0,True,True,True,3,2
MI,Michigan,Monroe,26115,155045,123173,3.6,"( 3.2,  4.1)",2.9,"( 2.5,  3.3)",26,0,0,0,0,0,0,False,0.0,0.0,False,0.0,0.0,False,False,False,2,5
MI,Michigan,Montcalm,26117,68154,54137,3.8,"( 3.3,  4.3)",3.3,"( 2.9,  3.7)",26,0,0,0,0,0,0,False,0.0,0.0,False,0.0,0.0,False,False,True,2,4
MI,Michigan,Montmorency,26119,9678,8165,5.4,"( 4.7,  6.3)",3.4,"( 3.0,  3.9)",26,0,0,0,0,0,0,False,0.0,0.0,False,0.0,0.0,True,True,True,5,2
MI,Michigan,Muskegon,26121,176564,137270,3.9,"( 3.4,  4.3)",3.2,"( 2.9,  3.6)",26,0,0,0,0,0,0,False,0.0,0.0,False,0.0,0.0,False,False,True,3,5
MI,Michigan,Newaygo,26123,51108,40085,4.2,"( 3.7,  4.8)",3.3,"( 2.9,  3.7)",26,0,0,0,0,0,0,False,0.0,0.0,False,0.0,0.0,True,True,True,3,4
MI,Michigan,Oakland,26125,1270426,1015769,3.0,"( 2.6,  3.4)",2.5,"( 2.2,  2.8)",26,6,4,3,6,4,3,True,0.47228252570397644,0.5906854806555427,True,0.47228252570397644,0.5906854806555427,False,False,False,1,5
MI,Michigan,Oceana,26127,26981,21345,4.3,"( 3.7,  4.9)",3.2,"( 2.8,  3.6)",26,0,0,0,0,0,0,False,0.0,0.0,False,0.0,0.0,True,True,True,4,3
MI,Michigan,Ogemaw,26129,20990,17270,4.9,"( 4.3,  5.6)",3.4,"( 3.0,  3.8)",26,0,0,0,0,0,0,False,0.0,0.0,False,0.0,0.0,True,True,True,5,3
MI,Michigan,Ontonagon,26131,5906,5167,5.5,"( 4.8,  6.3)",3.2,"( 2.8,  3.6)",26,0,0,0,0,0,0,False,0.0,0.0,False,0.0,0.0,True,True,True,5,1
MI,Michigan,Osceola,26133,23330,18218,4.4,"( 3.9,  5.1)",3.3,"( 2.9,  3.7)",26,0,0,0,0,0,0,False,0.0,0.0,False,0.0,0.0,True,True,True,4,3
MI,Michigan,Oscoda,26135,8545,6848,5.5,"( 4.7,  6.2)",3.6,"( 3.2,  4.1)",26,0,0,0,0,0,0,False,0.0,0.0,False,0.0,0.0,True,True,True,5,1
MI,Michigan,Otsego,26137,25747,20430,3.8,"( 3.3,  4.4)",2.9,"( 2.5,  3.3)",26,0,0,0,0,0,0,False,0.0,0.0,False,0.0,0.0,False,False,False,2,3
MI,Michigan,Ottawa,26139,303372,234628,2.9,"( 2.5,  3.3)",2.6,"( 2.3,  2.9)",26,0,0,0,0,0,0,False,0.0,0.0,False,0.0,0.0,False,False,False,1,5
MI,Michigan,Presque Isle,26141,13285,11288,5.1,"( 4.4,  5.9)",3.2,"( 2.8,  3.6)",26,0,0,0,0,0,0,False,0.0,0.0,False,0.0,0.0,True,True,True,5,2
MI,Michigan,Roscommon,26143,23863,20479,5.1,"( 4.4,  5.9)",3.2,"( 2.8,  3.6)",26,0,0,0,0,0,0,False,0.0,0.0,False,0.0,0.0,True,True,True,5,3
MI,Michigan,Saginaw,26145,187782,147908,4.3,"( 3.8,  4.9)",3.5,"( 3.1,  3.9)",26,0,0,0,1,1,1,False,0.0,0.0,True,0.5325324045968197,0.6760959515374422,True,False,False,4,5
MI,Michigan,St. Clair,26147,159874,127824,3.8,"( 3.3,  4.3)",3.0,"( 2.6,  3.4)",26,0,0,0,0,0,0,False,0.0,0.0,False,0.0,0.0,False,False,False,2,5
MI,Michigan,St. Joseph,26149,60878,46399,3.9,"( 3.4,  4.5)",3.2,"( 2.8,  3.6)",26,0,0,0,0,0,0,False,0.0,0.0,False,0.0,0.0,False,False,True,3,4
MI,Michigan,Sanilac,26151,40368,32004,4.4,"( 3.8,  5.0)",3.2,"( 2.8,  3.7)",26,0,0,0,0,0,0,False,0.0,0.0,False,0.0,0.0,True,True,True,4,4
MI,Michigan,Schoolcraft,26153,8149,6684,5.1,"( 4.4,  5.8)",3.4,"( 3.0,  3.8)",26,0,0,0,0,0,0,False,0.0,0.0,False,0.0,0.0,True,True,True,5,1
MI,Michigan,Shiawassee,26155,68025,54057,3.8,"( 3.3,  4.3)",3.0,"( 2.6,  3.4)",26,0,0,0,0,0,0,False,0.0,0.0,False,0.0,0.0,False,False,False,2,4
MI,Michigan,Tuscola,26157,52826,42309,4.2,"( 3.6,  4.7)",3.2,"( 2.8,  3.6)",26,0,0,0,0,0,0,False,0.0,0.0,False,0.0,0.0,True,True,True,3,4
MI,Michigan,Van Buren,26159,75798,58504,4.0,"( 3.5,  4.6)",3.2,"( 2.8,  3.6)",26,0,0,0,0,0,0,False,0.0,0.0,False,0.0,0.0,False,False,True,3,4
MI,Michigan,Washtenaw,26161,365536,299903,2.7,"( 2.3,  3.0)",2.6,"( 2.3,  3.0)",26,12,12,7,12,12,7,True,3.282850389564913,4.001293751646366,True,3.282850389564913,4.001293751646366,False,False,False,1,5
MI,Michigan,Wayne,26163,1751169,1339690,4.4,"( 4.0,  4.9)",3.9,"( 3.5,  4.3)",26,7,7,3,8,7,4,True,0.3997329783704485,0.5225089386350573,True,0.4568376895662269,0.5971530727257799,False,False,False,4,5
MI,Michigan,Wexford,26165,34122,26384,4.1,"( 3.6,  4.7)",3.2,"( 2.8,  3.7)",26,0,0,0,0,0,0,False,0.0,0.0,False,0.0,0.0,True,True,True,3,3
MN,Minnesota,Aitkin,27001,16102,13701,5.0,"( 4.3,  5.8)",3.0,"( 2.7,  3.4)",27,0,0,0,0,0,0,False,0.0,0.0,False,0.0,0.0,True,True,False,5,2
MN,Minnesota,Anoka,27003,372441,284448,3.0,"( 2.6,  3.4)",2.7,"( 2.3,  3.0)",27,0,0,0,0,0,0,False,0.0,0.0,False,0.0,0.0,False,False,False,1,5
MN,Minnesota,Becker,27005,35283,27215,3.9,"( 3.4,  4.5)",2.9,"( 2.5,  3.3)",27,0,0,0,0,0,0,False,0.0,0.0,False,0.0,0.0,False,False,False,3,3
MN,Minnesota,Beltrami,27007,46718,35293,3.7,"( 3.2,  4.1)",3.2,"( 2.9,  3.6)",27,0,0,0,0,0,0,False,0.0,0.0,False,0.0,0.0,False,False,True,2,4
MN,Minnesota,Benton,27009,41600,31235,3.1,"( 2.7,  3.6)",2.9,"( 2.5,  3.3)",27,0,0,0,0,0,0,False,0.0,0.0,False,0.0,0.0,False,False,False,1,4
MN,Minnesota,Big Stone,27011,5105,3985,4.4,"( 3.8,  5.0)",2.9,"( 2.6,  3.3)",27,0,0,0,0,0,0,False,0.0,0.0,False,0.0,0.0,True,True,False,4,1
MN,Minnesota,Blue Earth,27013,70006,56268,2.9,"( 2.5,  3.3)",3.0,"( 2.6,  3.4)",27,0,0,0,0,0,0,False,0.0,0.0,False,0.0,0.0,False,False,False,1,4
MN,Minnesota,Brown,27015,25628,19942,3.7,"( 3.2,  4.2)",2.8,"( 2.4,  3.1)",27,0,0,0,0,0,0,False,0.0,0.0,False,0.0,0.0,False,False,False,2,3
MN,Minnesota,Carlton,27017,36825,28845,3.5,"( 3.0,  4.0)",2.9,"( 2.5,  3.3)",27,0,0,0,0,0,0,False,0.0,0.0,False,0.0,0.0,False,False,False,2,3
MN,Minnesota,Carver,27019,111057,83547,2.5,"( 2.2,  2.9)",2.2,"( 1.9,  2.5)",27,0,0,0,0,0,0,False,0.0,0.0,False,0.0,0.0,False,False,False,1,5
MN,Minnesota,Cass,27021,31446,25212,4.4,"( 3.8,  5.1)",3.0,"( 2.7,  3.4)",27,0,0,0,0,0,0,False,0.0,0.0,False,0.0,0.0,True,True,False,4,3
MN,Minnesota,Chippewa,27023,12172,9114,4.1,"( 3.5,  4.7)",3.1,"( 2.7,  3.5)",27,0,0,0,0,0,0,False,0.0,0.0,False,0.0,0.0,True,True,False,3,2
MN,Minnesota,Chisago,27025,58535,45564,3.1,"( 2.7,  3.5)",2.6,"( 2.3,  2.9)",27,0,0,0,0,0,0,False,0.0,0.0,False,0.0,0.0,False,False,False,1,4
MN,Minnesota,Clay,27027,66258,50084,2.8,"( 2.4,  3.2)",2.8,"( 2.4,  3.2)",27,0,0,0,0,0,0,False,0.0,0.0,False,0.0,0.0,False,False,False,1,4
MN,Minnesota,Clearwater,27029,8644,6482,4.3,"( 3.8,  4.8)",3.2,"( 2.9,  3.6)",27,0,0,0,0,0,0,False,0.0,0.0,False,0.0,0.0,True,True,True,4,1
MN,Minnesota,Cook,27031,5639,4830,4.0,"( 3.4,  4.6)",2.6,"( 2.3,  3.0)",27,0,0,0,0,0,0,False,0.0,0.0,False,0.0,0.0,False,False,False,3,1
MN,Minnesota,Cottonwood,27033,11319,8460,4.2,"( 3.7,  4.9)",3.1,"( 2.7,  3.5)",27,0,0,0,0,0,0,False,0.0,0.0,False,0.0,0.0,True,True,False,3,2
MN,Minnesota,Crow Wing,27035,68304,54545,3.8,"( 3.3,  4.5)",2.8,"( 2.4,  3.2)",27,0,0,0,0,0,0,False,0.0,0.0,False,0.0,0.0,False,False,False,2,4
MN,Minnesota,Dakota,27037,447440,341048,2.7,"( 2.4,  3.2)",2.4,"( 2.1,  2.7)",27,2,2,1,2,2,1,True,0.4469873055605221,0.5864277169196125,True,0.4469873055605221,0.5864277169196125,False,False,False,1,5
MN,Minnesota,Dodge,27039,21088,15823,2.9,"( 2.5,  3.3)",2.5,"( 2.2,  2.9)",27,0,0,0,0,0,0,False,0.0,0.0,False,0.0,0.0,False,False,False,1,3
MN,Minnesota,Douglas,27041,39953,31487,3.7,"( 3.2,  4.2)",2.6,"( 2.3,  3.0)",27,0,0,0,0,0,0,False,0.0,0.0,False,0.0,0.0,False,False,False,2,4
MN,Minnesota,Faribault,27043,13873,10857,4.2,"( 3.7,  4.8)",3.1,"( 2.7,  3.5)",27,0,0,0,0,0,0,False,0.0,0.0,False,0.0,0.0,True,True,False,3,2
MN,Minnesota,Fillmore,27045,21522,16319,3.8,"( 3.3,  4.4)",2.8,"( 2.4,  3.2)",27,0,0,0,0,0,0,False,0.0,0.0,False,0.0,0.0,False,False,False,2,3
MN,Minnesota,Freeborn,27047,30515,23904,4.1,"( 3.5,  4.7)",3.0,"( 2.6,  3.4)",27,0,0,0,0,0,0,False,0.0,0.0,False,0.0,0.0,True,True,False,3,3
MN,Minnesota,Goodhue,27049,48035,37607,3.5,"( 3.0,  4.0)",2.7,"( 2.4,  3.1)",27,0,0,0,0,0,0,False,0.0,0.0,False,0.0,0.0,False,False,False,2,4
MN,Minnesota,Grant,27051,6139,4712,4.1,"( 3.6,  4.7)",3.0,"( 2.7,  3.4)",27,0,0,0,0,0,0,False,0.0,0.0,False,0.0,0.0,True,True,False,3,1
MN,Minnesota,Hennepin,27053,1258713,989486,2.8,"( 2.4,  3.2)",2.5,"( 2.2,  2.9)",27,15,9,9,18,10,11,True,1.1916934201839497,1.5159385782113137,True,1.4300321042207398,1.8191262938535766,False,False,False,1,5
MN,Minnesota,Houston,27055,18582,14697,3.6,"( 3.1,  4.2)",2.6,"( 2.2,  3.0)",27,0,0,0,0,0,0,False,0.0,0.0,False,0.0,0.0,False,False,False,2,2
MN,Minnesota,Hubbard,27057,22132,17563,4.1,"( 3.5,  4.7)",2.8,"( 2.4,  3.2)",27,0,0,0,0,0,0,False,0.0,0.0,False,0.0,0.0,True,True,False,3,3
MN,Minnesota,Isanti,27059,43182,33233,3.3,"( 2.9,  3.9)",2.8,"( 2.5,  3.2)",27,0,0,0,0,0,0,False,0.0,0.0,False,0.0,0.0,False,False,False,1,4
MN,Minnesota,Itasca,27061,45365,36288,4.1,"( 3.5,  4.7)",2.9,"( 2.5,  3.3)",27,0,0,0,0,0,0,False,0.0,0.0,False,0.0,0.0,True,True,False,3,4
MN,Minnesota,Jackson,27063,9919,7831,3.8,"( 3.2,  4.4)",2.7,"( 2.4,  3.1)",27,0,0,0,0,0,0,False,0.0,0.0,False,0.0,0.0,False,False,False,2,2
MN,Minnesota,Kanabec,27065,16602,13036,4.0,"( 3.6,  4.6)",3.1,"( 2.7,  3.5)",27,0,0,0,0,0,0,False,0.0,0.0,False,0.0,0.0,False,False,False,3,2
MN,Minnesota,Kandiyohi,27067,43813,33278,3.7,"( 3.2,  4.2)",2.9,"( 2.5,  3.3)",27,0,0,0,0,0,0,False,0.0,0.0,False,0.0,0.0,False,False,False,2,4
MN,Minnesota,Kittson,27069,4060,3182,4.0,"( 3.4,  4.6)",2.7,"( 2.4,  3.1)",27,0,0,0,0,0,0,False,0.0,0.0,False,0.0,0.0,False,False,False,3,1
MN,Minnesota,Koochiching,27071,11751,9706,4.3,"( 3.7,  4.9)",2.9,"( 2.5,  3.3)",27,0,0,0,0,0,0,False,0.0,0.0,False,0.0,0.0,True,True,False,4,2
MN,Minnesota,Lac qui Parle,27073,6630,5192,4.0,"( 3.5,  4.7)",2.7,"( 2.3,  3.0)",27,0,0,0,0,0,0,False,0.0,0.0,False,0.0,0.0,False,False,False,3,1
MN,Minnesota,Lake,27075,10855,8819,4.2,"( 3.6,  4.7)",2.8,"( 2.4,  3.2)",27,0,0,0,0,0,0,False,0.0,0.0,False,0.0,0.0,True,True,False,3,2
MN,Minnesota,Lake of the Woods,27077,3778,3059,4.0,"( 3.4,  4.6)",2.8,"( 2.4,  3.1)",27,0,0,0,0,0,0,False,0.0,0.0,False,0.0,0.0,False,False,False,3,1
MN,Minnesota,Le Sueur,27079,29255,22562,3.3,"( 2.8,  3.8)",2.6,"( 2.3,  3.0)",27,0,0,0,0,0,0,False,0.0,0.0,False,0.0,0.0,False,False,False,1,3
MN,Minnesota,Lincoln,27081,5521,4227,4.0,"( 3.4,  4.6)",2.8,"( 2.4,  3.2)",27,0,0,0,0,0,0,False,0.0,0.0,False,0.0,0.0,False,False,False,3,1
MN,Minnesota,Lyon,27083,25427,18733,3.4,"( 2.9,  3.9)",2.8,"( 2.5,  3.2)",27,0,0,0,0,0,0,False,0.0,0.0,False,0.0,0.0,False,False,False,1,3
MN,Minnesota,McLeod,27085,36785,28829,3.5,"( 3.0,  4.0)",2.7,"( 2.4,  3.1)",27,0,0,0,0,0,0,False,0.0,0.0,False,0.0,0.0,False,False,False,2,3
MN,Minnesota,Mahnomen,27087,5280,3646,5.3,"( 4.8,  5.9)",4.3,"( 3.9,  4.7)",27,0,0,0,0,0,0,False,0.0,0.0,False,0.0,0.0,True,True,True,5,1
MN,Minnesota,Marshall,27089,8810,6782,3.9,"( 3.3,  4.5)",2.8,"( 2.4,  3.2)",27,0,0,0,0,0,0,False,0.0,0.0,False,0.0,0.0,False,False,False,3,2
MN,Minnesota,Martin,27091,19657,15122,4.1,"( 3.5,  4.7)",2.9,"( 2.5,  3.3)",27,0,0,0,0,0,0,False,0.0,0.0,False,0.0,0.0,True,True,False,3,3
MN,Minnesota,Meeker,27093,23490,17928,3.7,"( 3.2,  4.3)",2.8,"( 2.5,  3.2)",27,0,0,0,0,0,0,False,0.0,0.0,False,0.0,0.0,False,False,False,2,3
MN,Minnesota,Mille Lacs,27095,27427,21090,3.7,"( 3.3,  4.3)",3.0,"( 2.6,  3.5)",27,0,0,0,0,0,0,False,0.0,0.0,False,0.0,0.0,False,False,False,2,3
MN,Minnesota,Morrison,27097,34250,26469,3.8,"( 3.3,  4.4)",2.9,"( 2.5,  3.3)",27,0,0,0,0,0,0,False,0.0,0.0,False,0.0,0.0,False,False,False,2,3
MN,Minnesota,Mower,27099,40058,30015,3.7,"( 3.2,  4.2)",3.0,"( 2.6,  3.4)",27,0,0,0,0,0,0,False,0.0,0.0,False,0.0,0.0,False,False,False,2,4
MN,Minnesota,Murray,27101,8049,6312,4.1,"( 3.5,  4.8)",2.8,"( 2.4,  3.2)",27,0,0,0,0,0,0,False,0.0,0.0,False,0.0,0.0,True,True,False,3,1
MN,Minnesota,Nicollet,27103,34242,27053,3.1,"( 2.6,  3.5)",2.7,"( 2.4,  3.1)",27,0,0,0,0,0,0,False,0.0,0.0,False,0.0,0.0,False,False,False,1,3
MN,Minnesota,Nobles,27105,21727,15454,4.0,"( 3.5,  4.6)",3.3,"( 2.9,  3.8)",27,0,0,0,0,0,0,False,0.0,0.0,False,0.0,0.0,False,False,True,3,3
MN,Minnesota,Norman,27107,6329,4857,4.0,"( 3.5,  4.6)",3.0,"( 2.6,  3.4)",27,0,0,0,0,0,0,False,0.0,0.0,False,0.0,0.0,False,False,False,3,1
MN,Minnesota,Olmsted,27109,164784,125821,2.8,"( 2.4,  3.3)",2.4,"( 2.1,  2.8)",27,7,7,3,7,7,3,True,4.247985241285562,5.563459199974567,True,4.247985241285562,5.563459199974567,False,False,False,1,5
MN,Minnesota,Otter Tail,27111,60626,47492,4.0,"( 3.4,  4.6)",2.8,"( 2.4,  3.2)",27,0,0,0,0,0,0,False,0.0,0.0,False,0.0,0.0,False,False,False,3,4
MN,Minnesota,Pennington,27113,13714,10676,3.5,"( 3.0,  4.0)",2.8,"( 2.5,  3.2)",27,0,0,0,0,0,0,False,0.0,0.0,False,0.0,0.0,False,False,False,2,2
MN,Minnesota,Pine,27115,30197,24419,4.1,"( 3.5,  4.6)",3.1,"( 2.7,  3.5)",27,0,0,0,0,0,0,False,0.0,0.0,False,0.0,0.0,True,True,False,3,3
MN,Minnesota,Pipestone,27117,9245,6729,4.1,"( 3.5,  4.7)",3.0,"( 2.7,  3.4)",27,0,0,0,0,0,0,False,0.0,0.0,False,0.0,0.0,True,True,False,3,2
MN,Minnesota,Polk,27119,30412,23008,3.6,"( 3.1,  4.2)",2.9,"( 2.5,  3.3)",27,0,0,0,0,0,0,False,0.0,0.0,False,0.0,0.0,False,False,False,2,3
MN,Minnesota,Pope,27121,11400,8902,4.0,"( 3.4,  4.6)",2.8,"( 2.4,  3.2)",27,0,0,0,0,0,0,False,0.0,0.0,False,0.0,0.0,False,False,False,3,2
MN,Minnesota,Ramsey,27123,536075,413891,3.0,"( 2.6,  3.4)",2.8,"( 2.4,  3.1)",27,2,2,2,3,3,3,True,0.3730821247027002,0.48321901176879906,True,0.5596231870540502,0.7248285176531986,False,False,False,1,5
MN,Minnesota,Red Lake,27125,3911,2973,3.8,"( 3.4,  4.3)",2.8,"( 2.5,  3.2)",27,0,0,0,0,0,0,False,0.0,0.0,False,0.0,0.0,False,False,False,2,1
MN,Minnesota,Redwood,27127,15288,11470,4.1,"( 3.5,  4.6)",3.0,"( 2.7,  3.4)",27,0,0,0,0,0,0,False,0.0,0.0,False,0.0,0.0,True,True,False,3,2
MN,Minnesota,Renville,27129,14348,11042,4.0,"( 3.5,  4.6)",3.0,"( 2.7,  3.4)",27,0,0,0,0,0,0,False,0.0,0.0,False,0.0,0.0,False,False,False,3,2
MN,Minnesota,Rice,27131,67948,53679,3.1,"( 2.7,  3.5)",2.8,"( 2.5,  3.2)",27,0,0,0,0,0,0,False,0.0,0.0,False,0.0,0.0,False,False,False,1,4
MN,Minnesota,Rock,27133,9551,7310,3.7,"( 3.1,  4.2)",2.8,"( 2.5,  3.2)",27,0,0,0,0,0,0,False,0.0,0.0,False,0.0,0.0,False,False,False,2,2
MN,Minnesota,Roseau,27135,15252,11622,3.7,"( 3.2,  4.2)",2.8,"( 2.5,  3.2)",27,0,0,0,0,0,0,False,0.0,0.0,False,0.0,0.0,False,False,False,2,2
MN,Minnesota,St. Louis,27137,200514,163794,3.5,"( 3.0,  4.0)",2.9,"( 2.5,  3.2)",27,0,0,0,1,1,1,False,0.0,0.0,True,0.49871829398445994,0.6105229739795108,False,False,False,2,5
MN,Minnesota,Scott,27139,155814,116237,2.5,"( 2.2,  2.9)",2.4,"( 2.1,  2.7)",27,0,0,0,0,0,0,False,0.0,0.0,False,0.0,0.0,False,False,False,1,5
MN,Minnesota,Sherburne,27141,102206,75976,2.6,"( 2.3,  3.0)",2.5,"( 2.2,  2.9)",27,0,0,0,0,0,0,False,0.0,0.0,False,0.0,0.0,False,False,False,1,5
MN,Minnesota,Sibley,27143,15084,11635,3.6,"( 3.2,  4.1)",2.9,"( 2.5,  3.2)",27,0,0,0,0,0,0,False,0.0,0.0,False,0.0,0.0,False,False,False,2,2
MN,Minnesota,Stearns,27145,160977,123090,3.2,"( 2.8,  3.6)",2.9,"( 2.6,  3.3)",27,1,1,1,1,1,1,True,0.6212067562446809,0.8124136810463888,True,0.6212067562446809,0.8124136810463888,False,False,False,1,5
MN,Minnesota,Steele,27147,37421,28437,3.4,"( 2.9,  3.9)",2.7,"( 2.4,  3.1)",27,0,0,0,0,0,0,False,0.0,0.0,False,0.0,0.0,False,False,False,1,4
MN,Minnesota,Stevens,27149,9728,7542,3.0,"( 2.6,  3.5)",2.8,"( 2.5,  3.3)",27,0,0,0,0,0,0,False,0.0,0.0,False,0.0,0.0,False,False,False,1,2
MN,Minnesota,Swift,27151,9719,7508,4.3,"( 3.7,  5.0)",3.1,"( 2.7,  3.5)",27,0,0,0,0,0,0,False,0.0,0.0,False,0.0,0.0,True,True,False,4,2
MN,Minnesota,Todd,27153,25667,19382,4.4,"( 3.8,  5.1)",3.2,"( 2.8,  3.6)",27,0,0,0,0,0,0,False,0.0,0.0,False,0.0,0.0,True,True,True,4,3
MN,Minnesota,Traverse,27155,3136,2467,4.4,"( 3.7,  5.0)",3.0,"( 2.6,  3.4)",27,0,0,0,0,0,0,False,0.0,0.0,False,0.0,0.0,True,True,False,4,1
MN,Minnesota,Wabasha,27157,21683,16964,3.7,"( 3.2,  4.2)",2.6,"( 2.3,  3.0)",27,0,0,0,0,0,0,False,0.0,0.0,False,0.0,0.0,False,False,False,2,3
MN,Minnesota,Wadena,27159,14241,10464,4.1,"( 3.5,  4.6)",3.2,"( 2.8,  3.6)",27,0,0,0,0,0,0,False,0.0,0.0,False,0.0,0.0,True,True,True,3,2
MN,Minnesota,Waseca,27161,18981,14718,3.5,"( 3.0,  4.0)",2.8,"( 2.5,  3.2)",27,0,0,0,0,0,0,False,0.0,0.0,False,0.0,0.0,False,False,False,2,3
MN,Minnesota,Washington,27163,278936,212815,2.7,"( 2.3,  3.1)",2.3,"( 2.0,  2.6)",27,0,0,0,0,0,0,False,0.0,0.0,False,0.0,0.0,False,False,False,1,5
MN,Minnesota,Watonwan,27165,11077,8140,3.9,"( 3.4,  4.5)",3.0,"( 2.6,  3.3)",27,0,0,0,0,0,0,False,0.0,0.0,False,0.0,0.0,False,False,False,3,2
MN,Minnesota,Wilkin,27167,6306,4874,3.9,"( 3.3,  4.5)",3.0,"( 2.6,  3.4)",27,0,0,0,0,0,0,False,0.0,0.0,False,0.0,0.0,False,False,False,3,1
MN,Minnesota,Winona,27169,49721,41197,3.1,"( 2.7,  3.6)",2.8,"( 2.5,  3.2)",27,0,0,0,0,0,0,False,0.0,0.0,False,0.0,0.0,False,False,False,1,4
MN,Minnesota,Wright,27171,151150,110472,2.7,"( 2.3,  3.1)",2.4,"( 2.1,  2.8)",27,0,0,0,0,0,0,False,0.0,0.0,False,0.0,0.0,False,False,False,1,5
MN,Minnesota,Yellow Medicine,27173,9467,7259,3.9,"( 3.4,  4.5)",3.0,"( 2.6,  3.4)",27,0,0,0,0,0,0,False,0.0,0.0,False,0.0,0.0,False,False,False,3,2
MS,Mississippi,Adams,28001,28746,22919,6.3,"( 5.6,  7.0)",4.9,"( 4.4,  5.5)",28,0,0,0,0,0,0,False,0.0,0.0,False,0.0,0.0,True,True,True,5,3
MS,Mississippi,Alcorn,28003,34135,26535,4.5,"( 4.0,  5.2)",3.7,"( 3.2,  4.2)",28,0,0,0,0,0,0,False,0.0,0.0,False,0.0,0.0,True,True,True,4,3
MS,Mississippi,Amite,28005,12442,9961,6.5,"( 5.8,  7.2)",4.5,"( 4.1,  5.0)",28,0,0,0,0,0,0,False,0.0,0.0,False,0.0,0.0,True,True,True,5,2
MS,Mississippi,Attala,28007,17359,13015,5.3,"( 4.7,  5.9)",4.2,"( 3.8,  4.7)",28,0,0,0,0,0,0,False,0.0,0.0,False,0.0,0.0,True,True,True,5,2
MS,Mississippi,Benton,28009,7438,5911,5.2,"( 4.7,  5.8)",4.2,"( 3.7,  4.6)",28,0,0,0,0,0,0,False,0.0,0.0,False,0.0,0.0,True,True,True,5,1
MS,Mississippi,Bolivar,28011,28968,21837,6.1,"( 5.4,  6.9)",5.2,"( 4.6,  5.9)",28,0,0,0,0,0,0,False,0.0,0.0,False,0.0,0.0,True,True,True,5,3
MS,Mississippi,Calhoun,28013,12685,9911,5.6,"( 5.0,  6.3)",4.4,"( 3.9,  4.9)",28,0,0,0,0,0,0,False,0.0,0.0,False,0.0,0.0,True,True,True,5,2
MS,Mississippi,Carroll,28015,9535,7933,5.9,"( 5.2,  6.6)",4.3,"( 3.9,  4.8)",28,0,0,0,0,0,0,False,0.0,0.0,False,0.0,0.0,True,True,True,5,2
MS,Mississippi,Chickasaw,28017,16866,12706,5.6,"( 5.0,  6.2)",4.6,"( 4.2,  5.1)",28,0,0,0,0,0,0,False,0.0,0.0,False,0.0,0.0,True,True,True,5,2
MS,Mississippi,Choctaw,28019,8088,6352,5.2,"( 4.6,  5.9)",3.8,"( 3.4,  4.2)",28,0,0,0,0,0,0,False,0.0,0.0,False,0.0,0.0,True,True,True,5,1
MS,Mississippi,Claiborne,28021,8617,6742,6.1,"( 5.4,  6.9)",5.7,"( 5.1,  6.4)",28,0,0,0,0,0,0,False,0.0,0.0,False,0.0,0.0,True,True,True,5,1
MS,Mississippi,Clarke,28023,15228,11869,5.5,"( 4.9,  6.2)",4.2,"( 3.7,  4.6)",28,0,0,0,0,0,0,False,0.0,0.0,False,0.0,0.0,True,True,True,5,2
MS,Mississippi,Clay,28025,18206,14127,5.8,"( 5.1,  6.5)",4.7,"( 4.2,  5.2)",28,0,0,0,0,0,0,False,0.0,0.0,False,0.0,0.0,True,True,True,5,2
MS,Mississippi,Coahoma,28027,20077,14632,6.5,"( 5.8,  7.4)",5.7,"( 5.0,  6.5)",28,0,0,0,0,0,0,False,0.0,0.0,False,0.0,0.0,True,True,True,5,3
MS,Mississippi,Copiah,28029,27664,21515,5.4,"( 4.8,  6.0)",4.4,"( 3.9,  4.9)",28,0,0,0,0,0,0,False,0.0,0.0,False,0.0,0.0,True,True,True,5,3
MS,Mississippi,Covington,28031,18059,13606,4.7,"( 4.2,  5.3)",4.0,"( 3.6,  4.4)",28,0,0,0,0,0,0,False,0.0,0.0,False,0.0,0.0,True,True,True,4,2
MS,Mississippi,DeSoto,28033,193247,145706,3.4,"( 3.0,  3.8)",3.2,"( 2.8,  3.5)",28,1,1,1,1,1,1,True,0.5174724575284481,0.6863135354755466,True,0.5174724575284481,0.6863135354755466,False,False,False,1,5
MS,Mississippi,Forrest,28035,78208,60424,3.8,"( 3.4,  4.2)",3.9,"( 3.5,  4.3)",28,0,0,0,0,0,0,False,0.0,0.0,False,0.0,0.0,False,False,True,2,4
MS,Mississippi,Franklin,28037,7610,5846,5.7,"( 5.2,  6.4)",4.4,"( 4.0,  4.9)",28,0,0,0,0,0,0,False,0.0,0.0,False,0.0,0.0,True,True,True,5,1
MS,Mississippi,George,28039,25619,18726,3.9,"( 3.4,  4.4)",3.5,"( 3.1,  4.0)",28,0,0,0,0,0,0,False,0.0,0.0,False,0.0,0.0,False,False,True,3,3
MS,Mississippi,Greene,28041,13601,11108,4.2,"( 3.8,  4.7)",3.9,"( 3.5,  4.4)",28,0,0,0,0,0,0,False,0.0,0.0,False,0.0,0.0,True,True,True,3,2
MS,Mississippi,Grenada,28043,21065,15948,5.3,"( 4.7,  5.9)",4.3,"( 3.8,  4.8)",28,0,0,0,0,0,0,False,0.0,0.0,False,0.0,0.0,True,True,True,5,3
MS,Mississippi,Hancock,28045,46159,37467,4.3,"( 3.7,  4.8)",3.2,"( 2.8,  3.6)",28,0,0,0,0,0,0,False,0.0,0.0,False,0.0,0.0,True,True,True,4,4
MS,Mississippi,Harrison,28047,210612,161589,4.0,"( 3.6,  4.5)",3.5,"( 3.2,  3.9)",28,0,0,0,0,0,0,False,0.0,0.0,False,0.0,0.0,False,False,True,3,5
MS,Mississippi,Hinds,28049,214870,165112,4.9,"( 4.3,  5.6)",4.4,"( 3.9,  5.0)",28,1,1,1,1,1,1,True,0.46539768231954204,0.6056494985222152,True,0.46539768231954204,0.6056494985222152,False,False,False,5,5
MS,Mississippi,Holmes,28051,15777,11936,7.0,"( 6.1,  7.9)",6.2,"( 5.5,  6.9)",28,0,0,0,0,0,0,False,0.0,0.0,False,0.0,0.0,True,True,True,5,2
MS,Mississippi,Humphreys,28053,7216,5419,7.7,"( 6.8,  8.8)",6.2,"( 5.5,  7.0)",28,1,1,1,1,1,1,True,13.858093126385809,18.453589223103894,True,13.858093126385809,18.453589223103894,False,False,False,5,1
MS,Mississippi,Issaquena,28055,1256,1128,5.1,"( 4.6,  5.6)",5.4,"( 4.9,  5.8)",28,0,0,0,0,0,0,False,0.0,0.0,False,0.0,0.0,True,True,True,5,1
MS,Mississippi,Itawamba,28057,24093,18967,3.7,"( 3.3,  4.3)",3.3,"( 2.9,  3.7)",28,0,0,0,0,0,0,False,0.0,0.0,False,0.0,0.0,False,False,True,2,3
MS,Mississippi,Jackson,28059,146389,113275,4.0,"( 3.5,  4.4)",3.4,"( 3.0,  3.8)",28,0,0,0,0,0,0,False,0.0,0.0,False,0.0,0.0,False,False,True,3,5
MS,Mississippi,Jasper,28061,16013,12328,5.8,"( 5.2,  6.4)",4.4,"( 4.0,  4.9)",28,0,0,0,0,0,0,False,0.0,0.0,False,0.0,0.0,True,True,True,5,2
MS,Mississippi,Jefferson,28063,6941,5423,7.2,"( 6.2,  8.1)",5.8,"( 5.1,  6.5)",28,0,0,0,0,0,0,False,0.0,0.0,False,0.0,0.0,True,True,True,5,1
MS,Mississippi,Jefferson Davis,28065,10969,8785,6.8,"( 6.1,  7.5)",5.0,"( 4.5,  5.5)",28,0,0,0,0,0,0,False,0.0,0.0,False,0.0,0.0,True,True,True,5,2
MS,Mississippi,Jones,28067,66250,49715,4.7,"( 4.2,  5.2)",3.9,"( 3.5,  4.4)",28,0,0,0,0,0,0,False,0.0,0.0,False,0.0,0.0,True,True,True,4,4
MS,Mississippi,Kemper,28069,8584,7073,5.7,"( 5.1,  6.4)",4.6,"( 4.1,  5.1)",28,0,0,0,0,0,0,False,0.0,0.0,False,0.0,0.0,True,True,True,5,1
MS,Mississippi,Lafayette,28071,58467,47706,3.1,"( 2.8,  3.5)",3.4,"( 3.0,  3.8)",28,0,0,0,0,0,0,False,0.0,0.0,False,0.0,0.0,False,False,True,1,4
MS,Mississippi,Lamar,28073,66217,50292,3.6,"( 3.1,  4.0)",3.2,"( 2.8,  3.6)",28,0,0,0,0,0,0,False,0.0,0.0,False,0.0,0.0,False,False,True,2,4
MS,Mississippi,Lauderdale,28075,70527,54144,5.2,"( 4.6,  5.8)",4.3,"( 3.8,  4.8)",28,0,0,0,0,0,0,False,0.0,0.0,False,0.0,0.0,True,True,True,5,4
MS,Mississippi,Lawrence,28077,11741,8893,5.8,"( 5.2,  6.4)",4.6,"( 4.1,  5.0)",28,0,0,0,0,0,0,False,0.0,0.0,False,0.0,0.0,True,True,True,5,2
MS,Mississippi,Leake,28079,21258,16198,5.1,"( 4.6,  5.7)",4.3,"( 3.9,  4.8)",28,0,0,0,0,0,0,False,0.0,0.0,False,0.0,0.0,True,True,True,5,3
MS,Mississippi,Lee,28081,82799,62227,3.8,"( 3.3,  4.2)",3.4,"( 3.0,  3.8)",28,0,0,0,0,0,0,False,0.0,0.0,False,0.0,0.0,False,False,True,2,4
MS,Mississippi,Leflore,28083,26378,19118,6.2,"( 5.5,  6.9)",5.6,"( 5.0,  6.2)",28,0,0,0,0,0,0,False,0.0,0.0,False,0.0,0.0,True,True,True,5,3
MS,Mississippi,Lincoln,28085,34702,26720,4.6,"( 4.1,  5.2)",3.9,"( 3.5,  4.3)",28,0,0,0,0,0,0,False,0.0,0.0,False,0.0,0.0,True,True,True,4,3
MS,Mississippi,Lowndes,28087,57283,43676,4.5,"( 4.0,  5.0)",3.9,"( 3.5,  4.3)",28,0,0,0,0,0,0,False,0.0,0.0,False,0.0,0.0,True,True,True,4,4
MS,Mississippi,Madison,28089,112511,85633,3.4,"( 3.0,  3.8)",3.0,"( 2.6,  3.4)",28,0,0,0,0,0,0,False,0.0,0.0,False,0.0,0.0,False,False,False,1,5
MS,Mississippi,Marion,28091,24224,18622,5.3,"( 4.7,  5.9)",4.3,"( 3.9,  4.8)",28,0,0,0,0,0,0,False,0.0,0.0,False,0.0,0.0,True,True,True,5,3
MS,Mississippi,Marshall,28093,34123,27051,5.6,"( 4.9,  6.2)",4.6,"( 4.1,  5.1)",28,0,0,0,0,0,0,False,0.0,0.0,False,0.0,0.0,True,True,True,5,3
MS,Mississippi,Monroe,28095,33609,26102,5.1,"( 4.5,  5.7)",4.0,"( 3.6,  4.5)",28,0,0,0,0,0,0,False,0.0,0.0,False,0.0,0.0,True,True,True,5,3
MS,Mississippi,Montgomery,28097,9600,7441,6.1,"( 5.4,  6.9)",4.6,"( 4.1,  5.1)",28,0,0,0,0,0,0,False,0.0,0.0,False,0.0,0.0,True,True,True,5,2
MS,Mississippi,Neshoba,28099,28789,20927,4.9,"( 4.4,  5.5)",4.3,"( 3.8,  4.8)",28,0,0,0,0,0,0,False,0.0,0.0,False,0.0,0.0,True,True,True,5,3
MS,Mississippi,Newton,28101,21019,15910,4.8,"( 4.3,  5.3)",4.1,"( 3.7,  4.5)",28,0,0,0,0,0,0,False,0.0,0.0,False,0.0,0.0,True,True,True,5,3
MS,Mississippi,Noxubee,28103,9914,7406,6.5,"( 5.8,  7.3)",5.4,"( 4.8,  6.0)",28,0,0,0,0,0,0,False,0.0,0.0,False,0.0,0.0,True,True,True,5,2
MS,Mississippi,Oktibbeha,28105,51203,42382,3.2,"( 2.9,  3.6)",4.0,"( 3.6,  4.5)",28,0,0,0,0,0,0,False,0.0,0.0,False,0.0,0.0,False,False,True,1,4
MS,Mississippi,Panola,28107,32669,24732,5.5,"( 4.9,  6.2)",4.7,"( 4.2,  5.2)",28,0,0,0,0,0,0,False,0.0,0.0,False,0.0,0.0,True,True,True,5,3
MS,Mississippi,Pearl River,28109,57978,44780,4.4,"( 3.8,  4.9)",3.5,"( 3.1,  3.9)",28,0,0,0,0,0,0,False,0.0,0.0,False,0.0,0.0,True,True,True,4,4
MS,Mississippi,Perry,28111,11315,8819,4.9,"( 4.3,  5.4)",4.0,"( 3.5,  4.4)",28,0,0,0,0,0,0,False,0.0,0.0,False,0.0,0.0,True,True,True,5,2
MS,Mississippi,Pike,28113,39394,29430,5.7,"( 5.1,  6.3)",4.8,"( 4.3,  5.3)",28,0,0,0,0,0,0,False,0.0,0.0,False,0.0,0.0,True,True,True,5,4
MS,Mississippi,Pontotoc,28115,31535,23394,4.0,"( 3.6,  4.6)",3.6,"( 3.2,  4.1)",28,0,0,0,0,0,0,False,0.0,0.0,False,0.0,0.0,False,False,True,3,3
MS,Mississippi,Prentiss,28117,25135,19567,4.2,"( 3.7,  4.7)",3.6,"( 3.2,  4.1)",28,0,0,0,0,0,0,False,0.0,0.0,False,0.0,0.0,True,True,True,3,3
MS,Mississippi,Quitman,28119,5546,4262,7.0,"( 6.2,  7.8)",5.9,"( 5.2,  6.6)",28,0,0,0,0,0,0,False,0.0,0.0,False,0.0,0.0,True,True,True,5,1
MS,Mississippi,Rankin,28121,160417,124962,3.4,"( 2.9,  3.8)",2.9,"( 2.6,  3.3)",28,0,0,0,0,0,0,False,0.0,0.0,False,0.0,0.0,False,False,False,1,5
MS,Mississippi,Scott,28123,27507,19774,5.4,"( 4.8,  6.0)",4.6,"( 4.1,  5.1)",28,0,0,0,0,0,0,False,0.0,0.0,False,0.0,0.0,True,True,True,5,3
MS,Mississippi,Sharkey,28125,3336,2528,7.8,"( 7.0,  8.7)",5.9,"( 5.3,  6.5)",28,0,0,0,0,0,0,False,0.0,0.0,False,0.0,0.0,True,True,True,5,1
MS,Mississippi,Simpson,28127,25715,19707,4.9,"( 4.3,  5.4)",3.9,"( 3.5,  4.4)",28,0,0,0,0,0,0,False,0.0,0.0,False,0.0,0.0,True,True,True,5,3
MS,Mississippi,Smith,28129,14099,10861,5.3,"( 4.7,  6.0)",4.1,"( 3.7,  4.6)",28,0,0,0,0,0,0,False,0.0,0.0,False,0.0,0.0,True,True,True,5,2
MS,Mississippi,Stone,28131,18756,14785,4.1,"( 3.7,  4.6)",3.6,"( 3.2,  4.0)",28,0,0,0,0,0,0,False,0.0,0.0,False,0.0,0.0,True,True,True,3,2
MS,Mississippi,Sunflower,28133,24468,19260,5.8,"( 5.1,  6.5)",5.5,"( 4.9,  6.1)",28,0,0,0,0,0,0,False,0.0,0.0,False,0.0,0.0,True,True,True,5,3
MS,Mississippi,Tallahatchie,28135,11837,9494,5.7,"( 5.1,  6.3)",5.0,"( 4.5,  5.6)",28,0,0,0,0,0,0,False,0.0,0.0,False,0.0,0.0,True,True,True,5,2
MS,Mississippi,Tate,28137,28261,22008,4.1,"( 3.7,  4.7)",3.6,"( 3.2,  4.1)",28,0,0,0,0,0,0,False,0.0,0.0,False,0.0,0.0,True,True,True,3,3
MS,Mississippi,Tippah,28139,21287,16342,4.6,"( 4.0,  5.1)",3.9,"( 3.4,  4.3)",28,0,0,0,0,0,0,False,0.0,0.0,False,0.0,0.0,True,True,True,4,3
MS,Mississippi,Tishomingo,28141,18507,14543,4.7,"( 4.1,  5.4)",3.7,"( 3.2,  4.2)",28,0,0,0,0,0,0,False,0.0,0.0,False,0.0,0.0,True,True,True,4,2
MS,Mississippi,Tunica,28143,9234,6698,6.3,"( 5.6,  7.0)",5.9,"( 5.3,  6.6)",28,0,0,0,0,0,0,False,0.0,0.0,False,0.0,0.0,True,True,True,5,2
MS,Mississippi,Union,28145,28284,21239,4.3,"( 3.8,  4.9)",3.7,"( 3.3,  4.2)",28,0,0,0,0,0,0,False,0.0,0.0,False,0.0,0.0,True,True,True,4,3
MS,Mississippi,Walthall,28147,13863,10730,5.5,"( 4.9,  6.1)",4.3,"( 3.9,  4.8)",28,0,0,0,0,0,0,False,0.0,0.0,False,0.0,0.0,True,True,True,5,2
MS,Mississippi,Warren,28149,42298,32439,4.7,"( 4.2,  5.3)",3.9,"( 3.5,  4.3)",28,0,0,0,0,0,0,False,0.0,0.0,False,0.0,0.0,True,True,True,4,4
MS,Mississippi,Washington,28151,41946,31186,6.5,"( 5.7,  7.4)",5.4,"( 4.8,  6.1)",28,0,0,0,0,0,0,False,0.0,0.0,False,0.0,0.0,True,True,True,5,4
MS,Mississippi,Wayne,28153,19703,14753,5.5,"( 4.9,  6.1)",4.5,"( 4.0,  5.0)",28,0,0,0,0,0,0,False,0.0,0.0,False,0.0,0.0,True,True,True,5,3
MS,Mississippi,Webster,28155,9988,7562,4.1,"( 3.7,  4.7)",3.4,"( 3.0,  3.8)",28,0,0,0,0,0,0,False,0.0,0.0,False,0.0,0.0,True,True,True,3,2
MS,Mississippi,Wilkinson,28157,8058,6454,6.2,"( 5.6,  6.9)",5.2,"( 4.6,  5.7)",28,0,0,0,0,0,0,False,0.0,0.0,False,0.0,0.0,True,True,True,5,1
MS,Mississippi,Winston,28159,17416,13573,5.9,"( 5.3,  6.6)",4.6,"( 4.2,  5.1)",28,0,0,0,0,0,0,False,0.0,0.0,False,0.0,0.0,True,True,True,5,2
MS,Mississippi,Yalobusha,28161,12386,9781,5.8,"( 5.3,  6.5)",4.5,"( 4.1,  5.0)",28,0,0,0,0,0,0,False,0.0,0.0,False,0.0,0.0,True,True,True,5,2
MS,Mississippi,Yazoo,28163,25796,20207,5.5,"( 5.0,  6.2)",5.3,"( 4.8,  5.9)",28,0,0,0,0,0,0,False,0.0,0.0,False,0.0,0.0,True,True,True,5,3
MO,Missouri,Adair,29001,25122,20545,3.1,"( 2.7,  3.6)",3.3,"( 2.8,  3.7)",29,0,0,0,0,0,0,False,0.0,0.0,False,0.0,0.0,False,False,True,1,3
MO,Missouri,Andrew,29003,18127,14052,3.6,"( 3.1,  4.1)",2.8,"( 2.4,  3.1)",29,0,0,0,0,0,0,False,0.0,0.0,False,0.0,0.0,False,False,False,2,2
MO,Missouri,Atchison,29005,5107,4077,4.7,"( 4.1,  5.5)",3.3,"( 2.8,  3.8)",29,0,0,0,0,0,0,False,0.0,0.0,False,0.0,0.0,True,True,True,4,1
MO,Missouri,Audrain,29007,24394,18823,4.4,"( 3.8,  5.0)",3.6,"( 3.1,  4.0)",29,0,0,0,0,0,0,False,0.0,0.0,False,0.0,0.0,True,True,True,4,3
MO,Missouri,Barry,29009,35265,27271,4.7,"( 4.1,  5.3)",3.5,"( 3.1,  4.0)",29,0,0,0,0,0,0,False,0.0,0.0,False,0.0,0.0,True,True,True,4,3
MO,Missouri,Barton,29011,11731,8988,4.9,"( 4.3,  5.6)",3.8,"( 3.3,  4.3)",29,0,0,0,0,0,0,False,0.0,0.0,False,0.0,0.0,True,True,True,5,2
MO,Missouri,Bates,29013,16242,12485,4.4,"( 3.8,  5.0)",3.5,"( 3.1,  3.9)",29,0,0,0,0,0,0,False,0.0,0.0,False,0.0,0.0,True,True,True,4,2
MO,Missouri,Benton,29015,20552,16999,5.4,"( 4.7,  6.2)",3.4,"( 3.0,  3.9)",29,0,0,0,0,0,0,False,0.0,0.0,False,0.0,0.0,True,True,True,5,3
MO,Missouri,Bollinger,29017,10544,8227,4.6,"( 3.9,  5.2)",3.5,"( 3.0,  3.9)",29,0,0,0,0,0,0,False,0.0,0.0,False,0.0,0.0,True,True,True,4,2
MO,Missouri,Boone,29019,189463,151585,2.7,"( 2.4,  3.1)",2.9,"( 2.6,  3.3)",29,3,3,2,3,3,2,True,1.5834226207755604,1.9790876405976845,True,1.5834226207755604,1.9790876405976845,False,False,False,1,5
MO,Missouri,Buchanan,29021,82956,64505,3.9,"( 3.4,  4.5)",3.4,"( 3.0,  3.8)",29,0,0,0,0,0,0,False,0.0,0.0,False,0.0,0.0,False,False,True,3,4
MO,Missouri,Butler,29023,41948,32109,4.8,"( 4.2,  5.5)",3.9,"( 3.4,  4.4)",29,0,0,0,0,0,0,False,0.0,0.0,False,0.0,0.0,True,True,True,5,4
MO,Missouri,Caldwell,29025,8955,6849,4.1,"( 3.6,  4.7)",3.2,"( 2.8,  3.6)",29,0,0,0,0,0,0,False,0.0,0.0,False,0.0,0.0,True,True,True,3,2
MO,Missouri,Callaway,29027,44731,35515,3.6,"( 3.1,  4.1)",3.1,"( 2.7,  3.5)",29,0,0,0,0,0,0,False,0.0,0.0,False,0.0,0.0,False,False,False,2,4
MO,Missouri,Camden,29029,44044,36598,4.6,"( 4.0,  5.3)",3.0,"( 2.6,  3.4)",29,0,0,0,0,0,0,False,0.0,0.0,False,0.0,0.0,True,True,False,4,4
MO,Missouri,Cape Girardeau,29031,82984,65388,3.4,"( 3.0,  3.9)",3.0,"( 2.6,  3.4)",29,0,0,0,0,0,0,False,0.0,0.0,False,0.0,0.0,False,False,False,1,4
MO,Missouri,Carroll,29033,8391,6542,4.4,"( 3.8,  5.0)",3.2,"( 2.8,  3.7)",29,0,0,0,0,0,0,False,0.0,0.0,False,0.0,0.0,True,True,True,4,1
MO,Missouri,Carter,29035,5303,4026,5.0,"( 4.4,  5.7)",3.9,"( 3.4,  4.4)",29,0,0,0,0,0,0,False,0.0,0.0,False,0.0,0.0,True,True,True,5,1
MO,Missouri,Cass,29037,111732,85880,3.3,"( 2.9,  3.8)",2.7,"( 2.4,  3.1)",29,0,0,0,0,0,0,False,0.0,0.0,False,0.0,0.0,False,False,False,1,5
MO,Missouri,Cedar,29039,14672,11098,5.0,"( 4.3,  5.8)",3.7,"( 3.2,  4.1)",29,0,0,0,0,0,0,False,0.0,0.0,False,0.0,0.0,True,True,True,5,2
MO,Missouri,Chariton,29041,7399,5676,4.6,"( 4.0,  5.3)",3.2,"( 2.8,  3.7)",29,0,0,0,0,0,0,False,0.0,0.0,False,0.0,0.0,True,True,True,4,1
MO,Missouri,Christian,29043,94422,70802,3.2,"( 2.7,  3.6)",2.7,"( 2.3,  3.1)",29,0,0,0,0,0,0,False,0.0,0.0,False,0.0,0.0,False,False,False,1,4
MO,Missouri,Clark,29045,6641,5096,4.8,"( 4.1,  5.4)",3.6,"( 3.1,  4.0)",29,0,0,0,0,0,0,False,0.0,0.0,False,0.0,0.0,True,True,True,5,1
MO,Missouri,Clay,29047,259772,199234,3.0,"( 2.6,  3.4)",2.7,"( 2.4,  3.1)",29,0,0,0,0,0,0,False,0.0,0.0,False,0.0,0.0,False,False,False,1,5
MO,Missouri,Clinton,29049,21548,16643,3.8,"( 3.3,  4.3)",3.0,"( 2.6,  3.4)",29,0,0,0,0,0,0,False,0.0,0.0,False,0.0,0.0,False,False,False,2,3
MO,Missouri,Cole,29051,77278,60406,3.3,"( 2.8,  3.7)",2.8,"( 2.4,  3.2)",29,0,0,0,0,0,0,False,0.0,0.0,False,0.0,0.0,False,False,False,1,4
MO,Missouri,Cooper,29053,16947,13165,3.8,"( 3.3,  4.3)",3.0,"( 2.6,  3.4)",29,0,0,0,0,0,0,False,0.0,0.0,False,0.0,0.0,False,False,False,2,2
MO,Missouri,Crawford,29055,22719,17715,4.4,"( 3.9,  5.1)",3.4,"( 3.0,  3.9)",29,0,0,0,0,0,0,False,0.0,0.0,False,0.0,0.0,True,True,True,4,3
MO,Missouri,Dade,29057,7716,6133,5.1,"( 4.5,  5.8)",3.6,"( 3.2,  4.1)",29,0,0,0,0,0,0,False,0.0,0.0,False,0.0,0.0,True,True,True,5,1
MO,Missouri,Dallas,29059,17768,13540,4.7,"( 4.1,  5.4)",3.6,"( 3.2,  4.1)",29,0,0,0,0,0,0,False,0.0,0.0,False,0.0,0.0,True,True,True,4,2
MO,Missouri,Daviess,29061,8551,6434,4.6,"( 3.9,  5.3)",3.5,"( 3.0,  3.9)",29,0,0,0,0,0,0,False,0.0,0.0,False,0.0,0.0,True,True,True,4,1
MO,Missouri,DeKalb,29063,9899,7741,4.0,"( 3.5,  4.6)",3.1,"( 2.7,  3.5)",29,0,0,0,0,0,0,False,0.0,0.0,False,0.0,0.0,False,False,False,3,2
MO,Missouri,Dent,29065,14647,11351,4.7,"( 4.0,  5.3)",3.5,"( 3.0,  3.9)",29,0,0,0,0,0,0,False,0.0,0.0,False,0.0,0.0,True,True,True,4,2
MO,Missouri,Douglas,29067,12228,9333,4.9,"( 4.3,  5.6)",3.5,"( 3.1,  4.0)",29,0,0,0,0,0,0,False,0.0,0.0,False,0.0,0.0,True,True,True,5,2
MO,Missouri,Dunklin,29069,27032,20004,5.0,"( 4.4,  5.6)",4.0,"( 3.5,  4.5)",29,0,0,0,0,0,0,False,0.0,0.0,False,0.0,0.0,True,True,True,5,3
MO,Missouri,Franklin,29071,106404,82845,3.7,"( 3.2,  4.2)",2.9,"( 2.5,  3.3)",29,0,0,0,0,0,0,False,0.0,0.0,False,0.0,0.0,False,False,False,2,5
MO,Missouri,Gasconade,29073,14705,11709,4.3,"( 3.7,  4.9)",3.1,"( 2.7,  3.5)",29,0,0,0,0,0,0,False,0.0,0.0,False,0.0,0.0,True,True,False,4,2
MO,Missouri,Gentry,29075,6287,4635,4.1,"( 3.6,  4.7)",3.3,"( 2.9,  3.7)",29,0,0,0,0,0,0,False,0.0,0.0,False,0.0,0.0,True,True,True,3,1
MO,Missouri,Greene,29077,304611,241659,3.4,"( 2.9,  3.8)",3.1,"( 2.6,  3.5)",29,2,1,2,2,1,2,True,0.6565751072679582,0.8276124621884556,True,0.6565751072679582,0.8276124621884556,False,False,False,1,5
MO,Missouri,Grundy,29079,9815,7321,4.7,"( 4.0,  5.4)",3.5,"( 3.0,  3.9)",29,0,0,0,0,0,0,False,0.0,0.0,False,0.0,0.0,True,True,True,4,2
MO,Missouri,Harrison,29081,8220,6218,4.8,"( 4.2,  5.5)",3.5,"( 3.1,  4.0)",29,0,0,0,0,0,0,False,0.0,0.0,False,0.0,0.0,True,True,True,5,1
MO,Missouri,Henry,29083,22485,17438,4.6,"( 4.0,  5.2)",3.4,"( 3.0,  3.9)",29,0,0,0,0,0,0,False,0.0,0.0,False,0.0,0.0,True,True,True,4,3
MO,Missouri,Hickory,29085,8718,7163,6.7,"( 5.8,  7.6)",4.1,"( 3.6,  4.7)",29,0,0,0,0,0,0,False,0.0,0.0,False,0.0,0.0,True,True,True,5,1
MO,Missouri,Holt,29087,4248,3342,4.5,"( 3.9,  5.2)",3.2,"( 2.8,  3.6)",29,0,0,0,0,0,0,False,0.0,0.0,False,0.0,0.0,True,True,True,4,1
MO,Missouri,Howard,29089,10101,7943,3.7,"( 3.2,  4.3)",3.1,"( 2.7,  3.5)",29,0,0,0,0,0,0,False,0.0,0.0,False,0.0,0.0,False,False,False,2,2
MO,Missouri,Howell,29091,40735,30898,4.8,"( 4.1,  5.4)",3.8,"( 3.3,  4.2)",29,0,0,0,0,0,0,False,0.0,0.0,False,0.0,0.0,True,True,True,5,4
MO,Missouri,Iron,29093,9440,7420,4.7,"( 4.1,  5.4)",3.6,"( 3.1,  4.0)",29,0,0,0,0,0,0,False,0.0,0.0,False,0.0,0.0,True,True,True,4,2
MO,Missouri,Jackson,29095,718560,553202,3.6,"( 3.2,  4.0)",3.2,"( 2.9,  3.6)",29,4,4,4,4,4,4,True,0.55666889334224,0.7230631848764104,True,0.55666889334224,0.7230631848764104,False,False,False,2,5
MO,Missouri,Jasper,29097,125056,94515,3.8,"( 3.3,  4.3)",3.4,"( 2.9,  3.8)",29,0,0,0,0,0,0,False,0.0,0.0,False,0.0,0.0,False,False,True,2,5
MO,Missouri,Jefferson,29099,231230,179619,3.3,"( 2.9,  3.8)",2.8,"( 2.5,  3.2)",29,0,0,0,0,0,0,False,0.0,0.0,False,0.0,0.0,False,False,False,1,5
MO,Missouri,Johnson,29101,54962,42654,2.9,"( 2.5,  3.3)",3.1,"( 2.7,  3.5)",29,0,0,0,0,0,0,False,0.0,0.0,False,0.0,0.0,False,False,False,1,4
MO,Missouri,Knox,29103,3723,2854,4.9,"( 4.3,  5.6)",3.7,"( 3.2,  4.2)",29,0,0,0,0,0,0,False,0.0,0.0,False,0.0,0.0,True,True,True,5,1
MO,Missouri,Laclede,29105,36680,27574,4.5,"( 3.9,  5.1)",3.6,"( 3.2,  4.1)",29,0,0,0,0,0,0,False,0.0,0.0,False,0.0,0.0,True,True,True,4,3
MO,Missouri,Lafayette,29107,33196,25607,3.7,"( 3.2,  4.2)",2.9,"( 2.6,  3.3)",29,0,0,0,0,0,0,False,0.0,0.0,False,0.0,0.0,False,False,False,2,3
MO,Missouri,Lawrence,29109,38872,28920,4.3,"( 3.8,  4.9)",3.6,"( 3.1,  4.0)",29,0,0,0,0,0,0,False,0.0,0.0,False,0.0,0.0,True,True,True,4,4
MO,Missouri,Lewis,29111,9818,7755,4.1,"( 3.6,  4.7)",3.4,"( 3.0,  3.9)",29,0,0,0,0,0,0,False,0.0,0.0,False,0.0,0.0,True,True,True,3,2
MO,Missouri,Lincoln,29113,64699,48548,3.3,"( 2.9,  3.7)",3.0,"( 2.6,  3.3)",29,0,0,0,0,0,0,False,0.0,0.0,False,0.0,0.0,False,False,False,1,4
MO,Missouri,Linn,29115,11791,9017,4.3,"( 3.8,  5.0)",3.3,"( 2.9,  3.8)",29,0,0,0,0,0,0,False,0.0,0.0,False,0.0,0.0,True,True,True,4,2
MO,Missouri,Livingston,29117,14557,11376,4.1,"( 3.5,  4.7)",3.3,"( 2.9,  3.7)",29,0,0,0,0,0,0,False,0.0,0.0,False,0.0,0.0,True,True,True,3,2
MO,Missouri,McDonald,29119,23903,17900,4.8,"( 4.3,  5.3)",4.1,"( 3.6,  4.5)",29,0,0,0,0,0,0,False,0.0,0.0,False,0.0,0.0,True,True,True,5,3
MO,Missouri,Macon,29121,15161,11647,4.1,"( 3.6,  4.7)",3.1,"( 2.7,  3.5)",29,0,0,0,0,0,0,False,0.0,0.0,False,0.0,0.0,True,True,False,3,2
MO,Missouri,Madison,29123,12698,9847,4.1,"( 3.6,  4.6)",3.2,"( 2.8,  3.7)",29,0,0,0,0,0,0,False,0.0,0.0,False,0.0,0.0,True,True,True,3,2
MO,Missouri,Maries,29125,8430,6697,4.3,"( 3.7,  5.0)",3.2,"( 2.8,  3.7)",29,0,0,0,0,0,0,False,0.0,0.0,False,0.0,0.0,True,True,True,4,1
MO,Missouri,Marion,29127,28336,21790,3.9,"( 3.4,  4.4)",3.2,"( 2.8,  3.6)",29,0,0,0,0,0,0,False,0.0,0.0,False,0.0,0.0,False,False,True,3,3
MO,Missouri,Mercer,29129,3469,2611,4.9,"( 4.3,  5.6)",3.6,"( 3.1,  4.0)",29,0,0,0,0,0,0,False,0.0,0.0,False,0.0,0.0,True,True,True,5,1
MO,Missouri,Miller,29131,25590,19541,4.1,"( 3.6,  4.8)",3.3,"( 2.8,  3.7)",29,0,0,0,0,0,0,False,0.0,0.0,False,0.0,0.0,True,True,True,3,3
MO,Missouri,Mississippi,29133,11822,9153,5.2,"( 4.6,  5.8)",4.3,"( 3.9,  4.8)",29,0,0,0,0,0,0,False,0.0,0.0,False,0.0,0.0,True,True,True,5,2
MO,Missouri,Moniteau,29135,15256,11398,3.7,"( 3.2,  4.2)",3.1,"( 2.7,  3.6)",29,0,0,0,0,0,0,False,0.0,0.0,False,0.0,0.0,False,False,False,2,2
MO,Missouri,Monroe,29137,8698,6787,4.9,"( 4.2,  5.6)",3.4,"( 3.0,  3.9)",29,0,0,0,0,0,0,False,0.0,0.0,False,0.0,0.0,True,True,True,5,1
MO,Missouri,Montgomery,29139,11459,8974,4.4,"( 3.8,  5.0)",3.4,"( 2.9,  3.8)",29,0,0,0,0,0,0,False,0.0,0.0,False,0.0,0.0,True,True,True,4,2
MO,Missouri,Morgan,29141,21970,16914,5.1,"( 4.4,  5.9)",3.7,"( 3.2,  4.2)",29,0,0,0,0,0,0,False,0.0,0.0,False,0.0,0.0,True,True,True,5,3
MO,Missouri,New Madrid,29143,15424,11775,5.1,"( 4.5,  5.7)",4.0,"( 3.5,  4.5)",29,0,0,0,0,0,0,False,0.0,0.0,False,0.0,0.0,True,True,True,5,2
MO,Missouri,Newton,29145,60677,46193,4.1,"( 3.6,  4.7)",3.3,"( 2.9,  3.8)",29,0,0,0,0,0,0,False,0.0,0.0,False,0.0,0.0,True,True,True,3,4
MO,Missouri,Nodaway,29147,20695,17134,3.3,"( 2.9,  3.8)",3.1,"( 2.8,  3.6)",29,0,0,0,0,0,0,False,0.0,0.0,False,0.0,0.0,False,False,False,1,3
MO,Missouri,Oregon,29149,8720,6668,5.4,"( 4.7,  6.1)",3.9,"( 3.4,  4.4)",29,0,0,0,0,0,0,False,0.0,0.0,False,0.0,0.0,True,True,True,5,2
MO,Missouri,Osage,29151,13468,10389,3.5,"( 3.0,  4.0)",2.8,"( 2.5,  3.2)",29,0,0,0,0,0,0,False,0.0,0.0,False,0.0,0.0,False,False,False,2,2
MO,Missouri,Ozark,29153,8970,7255,6.1,"( 5.3,  6.9)",4.0,"( 3.6,  4.5)",29,0,0,0,0,0,0,False,0.0,0.0,False,0.0,0.0,True,True,True,5,2
MO,Missouri,Pemiscot,29155,14613,10795,5.6,"( 5.1,  6.3)",4.6,"( 4.1,  5.1)",29,0,0,0,0,0,0,False,0.0,0.0,False,0.0,0.0,True,True,True,5,2
MO,Missouri,Perry,29157,18950,14765,3.9,"( 3.4,  4.5)",3.1,"( 2.7,  3.5)",29,0,0,0,0,0,0,False,0.0,0.0,False,0.0,0.0,False,False,False,3,3
MO,Missouri,Pettis,29159,43530,32613,3.9,"( 3.4,  4.4)",3.2,"( 2.8,  3.6)",29,0,0,0,0,0,0,False,0.0,0.0,False,0.0,0.0,False,False,True,3,4
MO,Missouri,Phelps,29161,45284,35710,3.6,"( 3.1,  4.1)",3.2,"( 2.8,  3.7)",29,0,0,0,0,0,0,False,0.0,0.0,False,0.0,0.0,False,False,True,2,4
MO,Missouri,Pike,29163,17935,13889,4.3,"( 3.8,  4.9)",3.5,"( 3.1,  4.0)",29,0,0,0,0,0,0,False,0.0,0.0,False,0.0,0.0,True,True,True,4,2
MO,Missouri,Platte,29165,111940,86325,2.8,"( 2.5,  3.3)",2.5,"( 2.2,  2.9)",29,0,0,0,0,0,0,False,0.0,0.0,False,0.0,0.0,False,False,False,1,5
MO,Missouri,Polk,29167,32780,25174,4.1,"( 3.6,  4.8)",3.5,"( 3.0,  3.9)",29,0,0,0,0,0,0,False,0.0,0.0,False,0.0,0.0,True,True,True,3,3
MO,Missouri,Pulaski,29169,53812,42066,2.5,"( 2.2,  2.7)",3.2,"( 2.8,  3.5)",29,0,0,0,0,0,0,False,0.0,0.0,False,0.0,0.0,False,False,True,1,4
MO,Missouri,Putnam,29171,4638,3551,4.3,"( 3.8,  4.9)",3.1,"( 2.7,  3.5)",29,0,0,0,0,0,0,False,0.0,0.0,False,0.0,0.0,True,True,False,4,1
MO,Missouri,Ralls,29173,10489,8338,4.5,"( 3.9,  5.1)",3.2,"( 2.8,  3.7)",29,0,0,0,0,0,0,False,0.0,0.0,False,0.0,0.0,True,True,True,4,2
MO,Missouri,Randolph,29175,24109,18724,4.0,"( 3.5,  4.5)",3.4,"( 3.0,  3.8)",29,0,0,0,0,0,0,False,0.0,0.0,False,0.0,0.0,False,False,True,3,3
MO,Missouri,Ray,29177,23182,17877,4.0,"( 3.5,  4.6)",3.2,"( 2.8,  3.6)",29,0,0,0,0,0,0,False,0.0,0.0,False,0.0,0.0,False,False,True,3,3
MO,Missouri,Reynolds,29179,5950,4821,5.2,"( 4.5,  6.0)",3.8,"( 3.3,  4.3)",29,0,0,0,0,0,0,False,0.0,0.0,False,0.0,0.0,True,True,True,5,1
MO,Missouri,Ripley,29181,10806,8128,5.0,"( 4.4,  5.7)",3.9,"( 3.5,  4.4)",29,0,0,0,0,0,0,False,0.0,0.0,False,0.0,0.0,True,True,True,5,2
MO,Missouri,St. Charles,29183,416659,323865,2.8,"( 2.4,  3.2)",2.4,"( 2.1,  2.7)",29,1,1,1,1,1,1,True,0.2400044160812559,0.30877062973769936,True,0.2400044160812559,0.30877062973769936,False,False,False,1,5
MO,Missouri,St. Clair,29185,9752,7697,5.3,"( 4.6,  6.0)",3.6,"( 3.2,  4.1)",29,0,0,0,0,0,0,False,0.0,0.0,False,0.0,0.0,True,True,True,5,2
MO,Missouri,Ste. Genevieve,29186,18642,14648,3.9,"( 3.4,  4.5)",3.0,"( 2.6,  3.4)",29,0,0,0,0,0,0,False,0.0,0.0,False,0.0,0.0,False,False,False,3,2
MO,Missouri,St. Francois,29187,67058,53194,4.0,"( 3.5,  4.6)",3.5,"( 3.1,  4.0)",29,0,0,0,0,0,0,False,0.0,0.0,False,0.0,0.0,False,False,True,3,4
MO,Missouri,St. Louis,29189,987059,771815,3.4,"( 3.0,  3.8)",2.8,"( 2.5,  3.1)",29,1,1,1,1,1,1,True,0.10131106651172828,0.12956472729864021,True,0.10131106651172828,0.12956472729864021,False,False,False,1,5
MO,Missouri,Saline,29195,23049,18077,3.7,"( 3.2,  4.2)",3.2,"( 2.9,  3.6)",29,0,0,0,0,0,0,False,0.0,0.0,False,0.0,0.0,False,False,True,2,3
MO,Missouri,Schuyler,29197,4053,2951,3.9,"( 3.4,  4.4)",3.0,"( 2.7,  3.4)",29,0,0,0,0,0,0,False,0.0,0.0,False,0.0,0.0,False,False,False,3,1
MO,Missouri,Scotland,29199,4676,3300,4.3,"( 3.7,  5.0)",3.3,"( 2.9,  3.8)",29,0,0,0,0,0,0,False,0.0,0.0,False,0.0,0.0,True,True,True,4,1
MO,Missouri,Scott,29201,37889,28776,4.2,"( 3.7,  4.8)",3.4,"( 3.0,  3.9)",29,0,0,0,0,0,0,False,0.0,0.0,False,0.0,0.0,True,True,True,3,4
MO,Missouri,Shannon,29203,7238,5590,4.9,"( 4.2,  5.5)",3.5,"( 3.1,  4.0)",29,0,0,0,0,0,0,False,0.0,0.0,False,0.0,0.0,True,True,True,5,1
MO,Missouri,Shelby,29205,5931,4506,4.8,"( 4.2,  5.5)",3.6,"( 3.2,  4.1)",29,0,0,0,0,0,0,False,0.0,0.0,False,0.0,0.0,True,True,True,5,1
MO,Missouri,Stoddard,29207,28397,22190,4.6,"( 3.9,  5.3)",3.6,"( 3.1,  4.1)",29,0,0,0,0,0,0,False,0.0,0.0,False,0.0,0.0,True,True,True,4,3
MO,Missouri,Stone,29209,32658,27152,5.0,"( 4.2,  5.8)",3.2,"( 2.7,  3.6)",29,0,0,0,0,0,0,False,0.0,0.0,False,0.0,0.0,True,True,True,5,3
MO,Missouri,Sullivan,29211,5797,4514,4.5,"( 3.9,  5.1)",3.4,"( 3.0,  3.9)",29,0,0,0,0,0,0,False,0.0,0.0,False,0.0,0.0,True,True,True,4,1
MO,Missouri,Taney,29213,56775,45069,4.2,"( 3.6,  4.8)",3.2,"( 2.8,  3.7)",29,0,0,0,0,0,0,False,0.0,0.0,False,0.0,0.0,True,True,True,3,4
MO,Missouri,Texas,29215,25619,20067,4.9,"( 4.3,  5.6)",3.9,"( 3.4,  4.3)",29,0,0,0,0,0,0,False,0.0,0.0,False,0.0,0.0,True,True,True,5,3
MO,Missouri,Vernon,29217,19710,15019,4.6,"( 4.0,  5.3)",3.6,"( 3.1,  4.1)",29,0,0,0,0,0,0,False,0.0,0.0,False,0.0,0.0,True,True,True,4,3
MO,Missouri,Warren,29219,37806,29200,3.7,"( 3.2,  4.2)",3.0,"( 2.6,  3.4)",29,0,0,0,0,0,0,False,0.0,0.0,False,0.0,0.0,False,False,False,2,4
MO,Missouri,Washington,29221,23534,18183,4.6,"( 4.0,  5.2)",3.8,"( 3.4,  4.3)",29,0,0,0,0,0,0,False,0.0,0.0,False,0.0,0.0,True,True,True,4,3
MO,Missouri,Wayne,29223,10811,8628,5.7,"( 5.0,  6.5)",4.0,"( 3.5,  4.6)",29,0,0,0,0,0,0,False,0.0,0.0,False,0.0,0.0,True,True,True,5,2
MO,Missouri,Webster,29225,41472,29983,3.8,"( 3.3,  4.3)",3.3,"( 2.9,  3.8)",29,0,0,0,0,0,0,False,0.0,0.0,False,0.0,0.0,False,False,True,2,4
MO,Missouri,Worth,29227,1907,1536,5.0,"( 4.3,  5.6)",3.4,"( 3.0,  3.8)",29,0,0,0,0,0,0,False,0.0,0.0,False,0.0,0.0,True,True,True,5,1
MO,Missouri,Wright,29229,19403,14305,5.0,"( 4.3,  5.7)",3.9,"( 3.4,  4.5)",29,0,0,0,0,0,0,False,0.0,0.0,False,0.0,0.0,True,True,True,5,3
MO,Missouri,St. Louis,29510,281754,230905,3.9,"( 3.5,  4.4)",3.8,"( 3.4,  4.2)",29,20,17,11,20,17,11,True,7.098390794806817,8.661570775860202,True,7.098390794806817,8.661570775860202,False,False,False,3,5
MT,Montana,Beaverhead,30001,9885,8156,3.8,"( 3.2,  4.3)",2.9,"( 2.6,  3.3)",30,0,0,0,0,0,0,False,0.0,0.0,False,0.0,0.0,False,False,False,2,2
MT,Montana,Big Horn,30003,12751,8784,5.0,"( 4.5,  5.6)",4.6,"( 4.1,  5.1)",30,0,0,0,0,0,0,False,0.0,0.0,False,0.0,0.0,True,True,True,5,2
MT,Montana,Blaine,30005,6899,4948,4.7,"( 4.2,  5.2)",4.0,"( 3.5,  4.4)",30,0,0,0,0,0,0,False,0.0,0.0,False,0.0,0.0,True,True,True,4,1
MT,Montana,Broadwater,30007,8032,6410,3.7,"( 3.2,  4.3)",2.8,"( 2.4,  3.2)",30,0,0,0,0,0,0,False,0.0,0.0,False,0.0,0.0,False,False,False,2,1
MT,Montana,Carbon,30009,11419,9474,4.1,"( 3.5,  4.7)",2.8,"( 2.4,  3.1)",30,0,0,0,0,0,0,False,0.0,0.0,False,0.0,0.0,True,True,False,3,2
MT,Montana,Carter,30011,1418,1121,4.7,"( 4.0,  5.5)",3.1,"( 2.7,  3.5)",30,0,0,0,0,0,0,False,0.0,0.0,False,0.0,0.0,True,True,False,4,1
MT,Montana,Cascade,30013,84900,66139,3.6,"( 3.1,  4.1)",3.0,"( 2.6,  3.4)",30,0,0,0,0,0,0,False,0.0,0.0,False,0.0,0.0,False,False,False,2,4
MT,Montana,Chouteau,30015,5847,4657,4.2,"( 3.7,  4.8)",3.2,"( 2.8,  3.6)",30,0,0,0,0,0,0,False,0.0,0.0,False,0.0,0.0,True,True,True,3,1
MT,Montana,Custer,30017,11985,9637,3.6,"( 3.1,  4.1)",2.9,"( 2.5,  3.3)",30,0,0,0,0,0,0,False,0.0,0.0,False,0.0,0.0,False,False,False,2,2
MT,Montana,Daniels,30019,1633,1289,4.1,"( 3.5,  4.7)",2.8,"( 2.5,  3.2)",30,0,0,0,0,0,0,False,0.0,0.0,False,0.0,0.0,True,True,False,3,1
MT,Montana,Dawson,30021,8810,6918,3.5,"( 3.0,  4.0)",2.8,"( 2.4,  3.2)",30,0,0,0,0,0,0,False,0.0,0.0,False,0.0,0.0,False,False,False,2,2
MT,Montana,Deer Lodge,30023,9673,8546,4.6,"( 3.9,  5.2)",3.3,"( 2.9,  3.8)",30,0,0,0,0,0,0,False,0.0,0.0,False,0.0,0.0,True,True,True,4,2
MT,Montana,Fallon,30025,2994,2225,3.6,"( 3.1,  4.1)",2.9,"( 2.5,  3.3)",30,0,0,0,0,0,0,False,0.0,0.0,False,0.0,0.0,False,False,False,2,1
MT,Montana,Fergus,30027,11772,9316,4.2,"( 3.6,  4.8)",3.0,"( 2.7,  3.4)",30,0,0,0,0,0,0,False,0.0,0.0,False,0.0,0.0,True,True,False,3,2
MT,Montana,Flathead,30029,113679,89230,3.4,"( 2.9,  3.9)",2.7,"( 2.3,  3.1)",30,0,0,0,0,0,0,False,0.0,0.0,False,0.0,0.0,False,False,False,1,5
MT,Montana,Gallatin,30031,126409,102868,2.3,"( 2.0,  2.7)",2.5,"( 2.1,  2.9)",30,0,0,0,0,0,0,False,0.0,0.0,False,0.0,0.0,False,False,False,1,5
MT,Montana,Garfield,30033,1211,917,4.3,"( 3.7,  4.9)",3.0,"( 2.7,  3.4)",30,0,0,0,0,0,0,False,0.0,0.0,False,0.0,0.0,True,True,False,4,1
MT,Montana,Glacier,30035,13609,9584,5.3,"( 4.7,  5.9)",5.0,"( 4.4,  5.5)",30,0,0,0,0,0,0,False,0.0,0.0,False,0.0,0.0,True,True,True,5,2
MT,Montana,Golden Valley,30037,835,693,5.4,"( 4.6,  6.3)",3.3,"( 2.9,  3.8)",30,0,0,0,0,0,0,False,0.0,0.0,False,0.0,0.0,True,True,True,5,1
MT,Montana,Granite,30039,3595,3047,4.6,"( 3.9,  5.3)",3.0,"( 2.6,  3.4)",30,0,0,0,0,0,0,False,0.0,0.0,False,0.0,0.0,True,True,False,4,1
MT,Montana,Hill,30041,16276,11705,4.0,"( 3.5,  4.6)",3.6,"( 3.2,  4.1)",30,0,0,0,0,0,0,False,0.0,0.0,False,0.0,0.0,False,False,True,3,2
MT,Montana,Jefferson,30043,13048,10436,3.5,"( 3.0,  4.0)",2.6,"( 2.3,  3.0)",30,0,0,0,0,0,0,False,0.0,0.0,False,0.0,0.0,False,False,False,2,2
MT,Montana,Judith Basin,30045,2093,1704,4.7,"( 4.0,  5.4)",3.2,"( 2.8,  3.6)",30,0,0,0,0,0,0,False,0.0,0.0,False,0.0,0.0,True,True,True,4,1
MT,Montana,Lake,30047,33338,26163,4.5,"( 3.9,  5.1)",3.3,"( 2.9,  3.7)",30,0,0,0,0,0,0,False,0.0,0.0,False,0.0,0.0,True,True,True,4,3
MT,Montana,Lewis and Clark,30049,75011,59205,3.2,"( 2.7,  3.7)",2.6,"( 2.2,  2.9)",30,0,0,0,0,0,0,False,0.0,0.0,False,0.0,0.0,False,False,False,1,4
MT,Montana,Liberty,30051,1974,1533,5.1,"( 4.3,  6.0)",3.6,"( 3.1,  4.2)",30,0,0,0,0,0,0,False,0.0,0.0,False,0.0,0.0,True,True,True,5,1
MT,Montana,Lincoln,30053,21895,18010,5.1,"( 4.4,  5.8)",3.4,"( 2.9,  3.8)",30,0,0,0,0,0,0,False,0.0,0.0,False,0.0,0.0,True,True,True,5,3
MT,Montana,McCone,30055,1676,1334,4.1,"( 3.5,  4.7)",2.7,"( 2.4,  3.1)",30,0,0,0,0,0,0,False,0.0,0.0,False,0.0,0.0,True,True,False,3,1
MT,Montana,Madison,30057,9521,8033,3.8,"( 3.3,  4.5)",2.6,"( 2.2,  3.0)",30,0,0,0,0,0,0,False,0.0,0.0,False,0.0,0.0,False,False,False,2,2
MT,Montana,Meagher,30059,2071,1699,4.6,"( 3.9,  5.2)",2.9,"( 2.5,  3.3)",30,0,0,0,0,0,0,False,0.0,0.0,False,0.0,0.0,True,True,False,4,1
MT,Montana,Mineral,30061,5090,4134,4.6,"( 4.0,  5.3)",3.1,"( 2.7,  3.5)",30,0,0,0,0,0,0,False,0.0,0.0,False,0.0,0.0,True,True,False,4,1
MT,Montana,Missoula,30063,121849,100124,2.8,"( 2.4,  3.2)",2.6,"( 2.3,  3.0)",30,0,0,0,0,0,0,False,0.0,0.0,False,0.0,0.0,False,False,False,1,5
MT,Montana,Musselshell,30065,5308,4266,4.5,"( 3.9,  5.1)",3.1,"( 2.7,  3.5)",30,0,0,0,0,0,0,False,0.0,0.0,False,0.0,0.0,True,True,False,4,1
MT,Montana,Park,30067,17903,14881,3.7,"( 3.2,  4.3)",2.8,"( 2.4,  3.2)",30,0,0,0,0,0,0,False,0.0,0.0,False,0.0,0.0,False,False,False,2,2
MT,Montana,Petroleum,30069,554,454,4.5,"( 3.8,  5.2)",2.8,"( 2.5,  3.2)",30,0,0,0,0,0,0,False,0.0,0.0,False,0.0,0.0,True,True,False,4,1
MT,Montana,Phillips,30071,4249,3245,4.3,"( 3.8,  4.9)",3.1,"( 2.8,  3.5)",30,0,0,0,0,0,0,False,0.0,0.0,False,0.0,0.0,True,True,False,4,1
MT,Montana,Pondera,30073,6125,4691,4.9,"( 4.2,  5.6)",3.7,"( 3.2,  4.2)",30,0,0,0,0,0,0,False,0.0,0.0,False,0.0,0.0,True,True,True,5,1
MT,Montana,Powder River,30075,1743,1437,4.2,"( 3.6,  5.0)",2.8,"( 2.4,  3.2)",30,0,0,0,0,0,0,False,0.0,0.0,False,0.0,0.0,True,True,False,3,1
MT,Montana,Powell,30077,7133,6094,3.9,"( 3.4,  4.5)",3.2,"( 2.8,  3.6)",30,0,0,0,0,0,0,False,0.0,0.0,False,0.0,0.0,False,False,True,3,1
MT,Montana,Prairie,30079,1112,902,6.3,"( 5.4,  7.3)",3.6,"( 3.2,  4.1)",30,0,0,0,0,0,0,False,0.0,0.0,False,0.0,0.0,True,True,True,5,1
MT,Montana,Ravalli,30081,47738,38925,3.8,"( 3.3,  4.5)",2.7,"( 2.3,  3.1)",30,0,0,0,0,0,0,False,0.0,0.0,False,0.0,0.0,False,False,False,2,4
MT,Montana,Richland,30083,11173,8358,3.2,"( 2.8,  3.6)",2.7,"( 2.4,  3.0)",30,0,0,0,0,0,0,False,0.0,0.0,False,0.0,0.0,False,False,False,1,2
MT,Montana,Roosevelt,30085,10319,6918,4.6,"( 4.1,  5.1)",4.5,"( 4.0,  5.0)",30,0,0,0,0,0,0,False,0.0,0.0,False,0.0,0.0,True,True,True,4,2
MT,Montana,Rosebud,30087,8160,5803,4.6,"( 4.1,  5.1)",3.8,"( 3.4,  4.3)",30,0,0,0,0,0,0,False,0.0,0.0,False,0.0,0.0,True,True,True,4,1
MT,Montana,Sanders,30089,13684,11386,5.2,"( 4.5,  6.0)",3.4,"( 2.9,  3.8)",30,0,0,0,0,0,0,False,0.0,0.0,False,0.0,0.0,True,True,True,5,2
MT,Montana,Sheridan,30091,3498,2775,4.1,"( 3.6,  4.7)",2.9,"( 2.6,  3.4)",30,0,0,0,0,0,0,False,0.0,0.0,False,0.0,0.0,True,True,False,3,1
MT,Montana,Silver Bow,30093,36360,29065,3.6,"( 3.1,  4.1)",3.0,"( 2.7,  3.4)",30,0,0,0,0,0,0,False,0.0,0.0,False,0.0,0.0,False,False,False,2,3
MT,Montana,Stillwater,30095,9173,7300,3.8,"( 3.2,  4.4)",2.7,"( 2.3,  3.1)",30,0,0,0,0,0,0,False,0.0,0.0,False,0.0,0.0,False,False,False,2,2
MT,Montana,Sweet Grass,30097,3763,3087,4.0,"( 3.5,  4.6)",2.7,"( 2.4,  3.1)",30,0,0,0,0,0,0,False,0.0,0.0,False,0.0,0.0,False,False,False,3,1
MT,Montana,Teton,30099,6430,4837,4.1,"( 3.5,  4.7)",2.9,"( 2.6,  3.4)",30,0,0,0,0,0,0,False,0.0,0.0,False,0.0,0.0,True,True,False,3,1
MT,Montana,Toole,30101,5133,4036,4.0,"( 3.5,  4.6)",3.6,"( 3.1,  4.1)",30,0,0,0,0,0,0,False,0.0,0.0,False,0.0,0.0,False,False,True,3,1
MT,Montana,Treasure,30103,772,586,4.6,"( 3.8,  5.3)",2.9,"( 2.5,  3.3)",30,0,0,0,0,0,0,False,0.0,0.0,False,0.0,0.0,True,True,False,4,1
MT,Montana,Valley,30105,7474,5820,4.3,"( 3.7,  4.9)",3.1,"( 2.7,  3.4)",30,0,0,0,0,0,0,False,0.0,0.0,False,0.0,0.0,True,True,False,4,1
MT,Montana,Wheatland,30107,2057,1534,4.7,"( 4.1,  5.5)",3.4,"( 3.0,  3.9)",30,0,0,0,0,0,0,False,0.0,0.0,False,0.0,0.0,True,True,True,4,1
MT,Montana,Wibaux,30109,910,719,4.2,"( 3.6,  4.8)",3.0,"( 2.6,  3.4)",30,0,0,0,0,0,0,False,0.0,0.0,False,0.0,0.0,True,True,False,3,1
MT,Montana,Yellowstone,30111,170843,132003,3.2,"( 2.8,  3.7)",2.8,"( 2.4,  3.2)",30,0,0,0,0,0,0,False,0.0,0.0,False,0.0,0.0,False,False,False,1,5
NE,Nebraska,Adams,31001,30899,23578,3.4,"( 3.0,  4.0)",2.8,"( 2.5,  3.2)",31,0,0,0,0,0,0,False,0.0,0.0,False,0.0,0.0,False,False,False,1,3
NE,Nebraska,Antelope,31003,6302,4745,4.0,"( 3.5,  4.7)",2.8,"( 2.5,  3.2)",31,0,0,0,0,0,0,False,0.0,0.0,False,0.0,0.0,False,False,False,3,1
NE,Nebraska,Arthur,31005,412,313,3.9,"( 3.3,  4.5)",2.9,"( 2.5,  3.3)",31,0,0,0,0,0,0,False,0.0,0.0,False,0.0,0.0,False,False,False,3,1
NE,Nebraska,Banner,31007,674,520,3.9,"( 3.3,  4.6)",2.6,"( 2.3,  3.1)",31,0,0,0,0,0,0,False,0.0,0.0,False,0.0,0.0,False,False,False,3,1
NE,Nebraska,Blaine,31009,436,344,4.0,"( 3.5,  4.6)",2.8,"( 2.5,  3.2)",31,0,0,0,0,0,0,False,0.0,0.0,False,0.0,0.0,False,False,False,3,1
NE,Nebraska,Boone,31011,5310,4024,4.1,"( 3.5,  4.7)",2.9,"( 2.5,  3.3)",31,0,0,0,0,0,0,False,0.0,0.0,False,0.0,0.0,True,True,False,3,1
NE,Nebraska,Box Butte,31013,10692,8035,3.8,"( 3.4,  4.3)",3.0,"( 2.6,  3.3)",31,0,0,0,0,0,0,False,0.0,0.0,False,0.0,0.0,False,False,False,2,2
NE,Nebraska,Boyd,31015,1725,1404,4.8,"( 4.1,  5.5)",3.0,"( 2.6,  3.4)",31,0,0,0,0,0,0,False,0.0,0.0,False,0.0,0.0,True,True,False,5,1
NE,Nebraska,Brown,31017,2853,2242,4.2,"( 3.6,  4.9)",3.0,"( 2.6,  3.4)",31,0,0,0,0,0,0,False,0.0,0.0,False,0.0,0.0,True,True,False,3,1
NE,Nebraska,Buffalo,31019,50697,39269,2.9,"( 2.5,  3.4)",2.7,"( 2.4,  3.1)",31,0,0,0,0,0,0,False,0.0,0.0,False,0.0,0.0,False,False,False,1,4
NE,Nebraska,Burt,31021,6727,5218,4.1,"( 3.5,  4.7)",2.9,"( 2.5,  3.3)",31,0,0,0,0,0,0,False,0.0,0.0,False,0.0,0.0,True,True,False,3,1
NE,Nebraska,Butler,31023,8459,6408,3.5,"( 3.0,  4.0)",2.7,"( 2.3,  3.1)",31,0,0,0,0,0,0,False,0.0,0.0,False,0.0,0.0,False,False,False,2,1
NE,Nebraska,Cass,31025,27446,21215,3.2,"( 2.7,  3.7)",2.5,"( 2.2,  3.0)",31,0,0,0,0,0,0,False,0.0,0.0,False,0.0,0.0,False,False,False,1,3
NE,Nebraska,Cedar,31027,8262,6180,3.6,"( 3.1,  4.1)",2.6,"( 2.3,  2.9)",31,0,0,0,0,0,0,False,0.0,0.0,False,0.0,0.0,False,False,False,2,1
NE,Nebraska,Chase,31029,3724,2808,4.0,"( 3.4,  4.7)",2.9,"( 2.5,  3.3)",31,0,0,0,0,0,0,False,0.0,0.0,False,0.0,0.0,False,False,False,3,1
NE,Nebraska,Cherry,31031,5492,4162,4.1,"( 3.5,  4.6)",3.0,"( 2.6,  3.4)",31,0,0,0,0,0,0,False,0.0,0.0,False,0.0,0.0,True,True,False,3,1
NE,Nebraska,Cheyenne,31033,9541,7351,4.0,"( 3.4,  4.6)",3.0,"( 2.6,  3.4)",31,0,0,0,0,0,0,False,0.0,0.0,False,0.0,0.0,False,False,False,3,2
NE,Nebraska,Clay,31035,6116,4559,3.6,"( 3.1,  4.1)",2.8,"( 2.4,  3.2)",31,0,0,0,0,0,0,False,0.0,0.0,False,0.0,0.0,False,False,False,2,1
NE,Nebraska,Colfax,31037,10566,7357,3.5,"( 3.0,  3.9)",3.1,"( 2.7,  3.4)",31,0,0,0,0,0,0,False,0.0,0.0,False,0.0,0.0,False,False,False,2,2
NE,Nebraska,Cuming,31039,8918,6695,3.8,"( 3.2,  4.3)",2.8,"( 2.4,  3.2)",31,0,0,0,0,0,0,False,0.0,0.0,False,0.0,0.0,False,False,False,2,2
NE,Nebraska,Custer,31041,10581,8019,3.8,"( 3.2,  4.4)",2.8,"( 2.4,  3.2)",31,0,0,0,0,0,0,False,0.0,0.0,False,0.0,0.0,False,False,False,2,2
NE,Nebraska,Dakota,31043,21268,15010,3.3,"( 3.0,  3.8)",3.1,"( 2.7,  3.5)",31,0,0,0,0,0,0,False,0.0,0.0,False,0.0,0.0,False,False,False,1,3
NE,Nebraska,Dawes,31045,8133,6654,3.2,"( 2.8,  3.8)",2.8,"( 2.5,  3.2)",31,0,0,0,0,0,0,False,0.0,0.0,False,0.0,0.0,False,False,False,1,1
NE,Nebraska,Dawson,31047,24085,17395,3.6,"( 3.2,  4.1)",3.1,"( 2.7,  3.5)",31,0,0,0,0,0,0,False,0.0,0.0,False,0.0,0.0,False,False,False,2,3
NE,Nebraska,Deuel,31049,1871,1493,4.4,"( 3.8,  5.1)",2.9,"( 2.5,  3.3)",31,0,0,0,0,0,0,False,0.0,0.0,False,0.0,0.0,True,True,False,4,1
NE,Nebraska,Dixon,31051,5491,4099,4.1,"( 3.4,  4.7)",3.0,"( 2.6,  3.4)",31,0,0,0,0,0,0,False,0.0,0.0,False,0.0,0.0,True,True,False,3,1
NE,Nebraska,Dodge,31053,37187,27891,3.6,"( 3.1,  4.1)",2.9,"( 2.5,  3.3)",31,0,0,0,0,0,0,False,0.0,0.0,False,0.0,0.0,False,False,False,2,4
NE,Nebraska,Douglas,31055,589540,441789,2.9,"( 2.6,  3.3)",2.8,"( 2.4,  3.1)",31,3,3,3,4,4,4,True,0.5088713234046884,0.6790571969877023,True,0.6784950978729178,0.905409595983603,False,False,False,1,5
NE,Nebraska,Dundy,31057,1561,1277,4.4,"( 3.8,  5.1)",2.9,"( 2.5,  3.3)",31,0,0,0,0,0,0,False,0.0,0.0,False,0.0,0.0,True,True,False,4,1
NE,Nebraska,Fillmore,31059,5548,4435,3.7,"( 3.2,  4.3)",2.7,"( 2.3,  3.1)",31,0,0,0,0,0,0,False,0.0,0.0,False,0.0,0.0,False,False,False,2,1
NE,Nebraska,Franklin,31061,2825,2223,4.6,"( 4.0,  5.3)",3.1,"( 2.7,  3.5)",31,0,0,0,0,0,0,False,0.0,0.0,False,0.0,0.0,True,True,False,4,1
NE,Nebraska,Frontier,31063,2585,2060,3.8,"( 3.3,  4.5)",2.8,"( 2.4,  3.1)",31,0,0,0,0,0,0,False,0.0,0.0,False,0.0,0.0,False,False,False,2,1
NE,Nebraska,Furnas,31065,4556,3583,4.2,"( 3.6,  4.9)",3.0,"( 2.6,  3.4)",31,0,0,0,0,0,0,False,0.0,0.0,False,0.0,0.0,True,True,False,3,1
NE,Nebraska,Gage,31067,21634,16755,3.9,"( 3.4,  4.5)",2.9,"( 2.6,  3.3)",31,0,0,0,0,0,0,False,0.0,0.0,False,0.0,0.0,False,False,False,3,3
NE,Nebraska,Garden,31069,1794,1468,5.0,"( 4.3,  5.8)",3.2,"( 2.8,  3.6)",31,0,0,0,0,0,0,False,0.0,0.0,False,0.0,0.0,True,True,True,5,1
NE,Nebraska,Garfield,31071,1763,1422,4.0,"( 3.4,  4.7)",2.6,"( 2.3,  3.0)",31,0,0,0,0,0,0,False,0.0,0.0,False,0.0,0.0,False,False,False,3,1
NE,Nebraska,Gosper,31073,1847,1454,3.8,"( 3.2,  4.4)",2.7,"( 2.3,  3.1)",31,0,0,0,0,0,0,False,0.0,0.0,False,0.0,0.0,False,False,False,2,1
NE,Nebraska,Grant,31075,565,427,3.8,"( 3.2,  4.3)",2.7,"( 2.3,  3.0)",31,0,0,0,0,0,0,False,0.0,0.0,False,0.0,0.0,False,False,False,2,1
NE,Nebraska,Greeley,31077,2219,1694,4.1,"( 3.5,  4.7)",2.9,"( 2.5,  3.2)",31,0,0,0,0,0,0,False,0.0,0.0,False,0.0,0.0,True,True,False,3,1
NE,Nebraska,Hall,31079,62197,45205,3.5,"( 3.1,  4.0)",3.0,"( 2.7,  3.4)",31,0,0,0,0,0,0,False,0.0,0.0,False,0.0,0.0,False,False,False,2,4
NE,Nebraska,Hamilton,31081,9537,7226,3.3,"( 2.9,  3.8)",2.5,"( 2.2,  2.9)",31,0,0,0,0,0,0,False,0.0,0.0,False,0.0,0.0,False,False,False,1,2
NE,Nebraska,Harlan,31083,3045,2375,4.1,"( 3.5,  4.7)",2.7,"( 2.4,  3.1)",31,0,0,0,0,0,0,False,0.0,0.0,False,0.0,0.0,True,True,False,3,1
NE,Nebraska,Hayes,31085,846,629,4.5,"( 3.9,  5.3)",2.9,"( 2.6,  3.3)",31,0,0,0,0,0,0,False,0.0,0.0,False,0.0,0.0,True,True,False,4,1
NE,Nebraska,Hitchcock,31087,2552,1964,4.3,"( 3.7,  5.0)",3.0,"( 2.6,  3.4)",31,0,0,0,0,0,0,False,0.0,0.0,False,0.0,0.0,True,True,False,4,1
NE,Nebraska,Holt,31089,10093,7493,4.0,"( 3.4,  4.7)",2.9,"( 2.5,  3.3)",31,0,0,0,0,0,0,False,0.0,0.0,False,0.0,0.0,False,False,False,3,2
NE,Nebraska,Hooker,31091,679,529,4.3,"( 3.7,  4.9)",2.9,"( 2.5,  3.2)",31,0,0,0,0,0,0,False,0.0,0.0,False,0.0,0.0,True,True,False,4,1
NE,Nebraska,Howard,31093,6527,4978,3.6,"( 3.1,  4.2)",2.7,"( 2.3,  3.0)",31,0,0,0,0,0,0,False,0.0,0.0,False,0.0,0.0,False,False,False,2,1
NE,Nebraska,Jefferson,31095,7054,5436,4.0,"( 3.4,  4.5)",2.8,"( 2.4,  3.2)",31,0,0,0,0,0,0,False,0.0,0.0,False,0.0,0.0,False,False,False,3,1
NE,Nebraska,Johnson,31097,5198,4248,3.5,"( 3.0,  4.0)",3.0,"( 2.6,  3.4)",31,0,0,0,0,0,0,False,0.0,0.0,False,0.0,0.0,False,False,False,2,1
NE,Nebraska,Kearney,31099,6770,5096,3.3,"( 2.8,  3.8)",2.5,"( 2.2,  2.9)",31,0,0,0,0,0,0,False,0.0,0.0,False,0.0,0.0,False,False,False,1,1
NE,Nebraska,Keith,31101,8113,6429,4.2,"( 3.6,  4.8)",2.8,"( 2.4,  3.2)",31,0,0,0,0,0,0,False,0.0,0.0,False,0.0,0.0,True,True,False,3,1
NE,Nebraska,Keya Paha,31103,805,656,4.8,"( 4.0,  5.6)",2.9,"( 2.5,  3.4)",31,0,0,0,0,0,0,False,0.0,0.0,False,0.0,0.0,True,True,False,5,1
NE,Nebraska,Kimball,31105,3289,2640,4.9,"( 4.3,  5.6)",3.3,"( 2.9,  3.7)",31,0,0,0,0,0,0,False,0.0,0.0,False,0.0,0.0,True,True,True,5,1
NE,Nebraska,Knox,31107,8298,6275,4.5,"( 3.9,  5.1)",3.1,"( 2.8,  3.5)",31,0,0,0,0,0,0,False,0.0,0.0,False,0.0,0.0,True,True,False,4,1
NE,Nebraska,Lancaster,31109,326716,254106,2.8,"( 2.4,  3.2)",2.7,"( 2.3,  3.1)",31,0,0,0,0,0,0,False,0.0,0.0,False,0.0,0.0,False,False,False,1,5
NE,Nebraska,Lincoln,31111,33365,25829,4.0,"( 3.4,  4.5)",3.1,"( 2.7,  3.5)",31,0,0,0,0,0,0,False,0.0,0.0,False,0.0,0.0,False,False,False,3,3
NE,Nebraska,Logan,31113,655,518,3.8,"( 3.2,  4.4)",2.6,"( 2.2,  2.9)",31,0,0,0,0,0,0,False,0.0,0.0,False,0.0,0.0,False,False,False,2,1
NE,Nebraska,Loup,31115,592,479,4.2,"( 3.6,  4.8)",2.7,"( 2.3,  3.0)",31,0,0,0,0,0,0,False,0.0,0.0,False,0.0,0.0,True,True,False,3,1
NE,Nebraska,McPherson,31117,383,316,4.4,"( 3.7,  5.1)",2.8,"( 2.4,  3.2)",31,0,0,0,0,0,0,False,0.0,0.0,False,0.0,0.0,True,True,False,4,1
NE,Nebraska,Madison,31119,35627,26650,3.4,"( 2.9,  3.8)",2.8,"( 2.5,  3.2)",31,0,0,0,0,0,0,False,0.0,0.0,False,0.0,0.0,False,False,False,1,3
NE,Nebraska,Merrick,31121,7755,5997,3.7,"( 3.2,  4.3)",2.8,"( 2.5,  3.2)",31,0,0,0,0,0,0,False,0.0,0.0,False,0.0,0.0,False,False,False,2,1
NE,Nebraska,Morrill,31123,4504,3482,4.2,"( 3.6,  4.7)",3.1,"( 2.7,  3.5)",31,0,0,0,0,0,0,False,0.0,0.0,False,0.0,0.0,True,True,False,3,1
NE,Nebraska,Nance,31125,3274,2505,3.9,"( 3.4,  4.5)",3.1,"( 2.7,  3.4)",31,0,0,0,0,0,0,False,0.0,0.0,False,0.0,0.0,False,False,False,3,1
NE,Nebraska,Nemaha,31127,7076,5443,3.7,"( 3.1,  4.2)",3.0,"( 2.6,  3.4)",31,0,0,0,0,0,0,False,0.0,0.0,False,0.0,0.0,False,False,False,2,1
NE,Nebraska,Nuckolls,31129,4095,3260,4.1,"( 3.5,  4.8)",2.7,"( 2.4,  3.1)",31,0,0,0,0,0,0,False,0.0,0.0,False,0.0,0.0,True,True,False,3,1
NE,Nebraska,Otoe,31131,16335,12426,3.4,"( 2.9,  3.9)",2.6,"( 2.3,  3.0)",31,0,0,0,0,0,0,False,0.0,0.0,False,0.0,0.0,False,False,False,1,2
NE,Nebraska,Pawnee,31133,2512,1933,4.9,"( 4.2,  5.7)",3.1,"( 2.7,  3.6)",31,0,0,0,0,0,0,False,0.0,0.0,False,0.0,0.0,True,True,False,5,1
NE,Nebraska,Perkins,31135,2795,2130,3.7,"( 3.2,  4.3)",2.7,"( 2.4,  3.1)",31,0,0,0,0,0,0,False,0.0,0.0,False,0.0,0.0,False,False,False,2,1
NE,Nebraska,Phelps,31137,9057,6814,3.7,"( 3.1,  4.2)",2.8,"( 2.4,  3.2)",31,0,0,0,0,0,0,False,0.0,0.0,False,0.0,0.0,False,False,False,2,2
NE,Nebraska,Pierce,31139,7299,5430,3.5,"( 3.0,  4.0)",2.7,"( 2.3,  3.0)",31,0,0,0,0,0,0,False,0.0,0.0,False,0.0,0.0,False,False,False,2,1
NE,Nebraska,Platte,31141,34609,25501,3.4,"( 3.0,  4.0)",2.8,"( 2.4,  3.2)",31,0,0,0,0,0,0,False,0.0,0.0,False,0.0,0.0,False,False,False,1,3
NE,Nebraska,Polk,31143,5228,4066,3.7,"( 3.2,  4.2)",2.7,"( 2.4,  3.0)",31,0,0,0,0,0,0,False,0.0,0.0,False,0.0,0.0,False,False,False,2,1
NE,Nebraska,Red Willow,31145,10457,8110,3.8,"( 3.3,  4.3)",2.9,"( 2.5,  3.3)",31,0,0,0,0,0,0,False,0.0,0.0,False,0.0,0.0,False,False,False,2,2
NE,Nebraska,Richardson,31147,7689,6032,4.2,"( 3.6,  4.8)",2.9,"( 2.6,  3.3)",31,0,0,0,0,0,0,False,0.0,0.0,False,0.0,0.0,True,True,False,3,1
NE,Nebraska,Rock,31149,1271,987,3.9,"( 3.4,  4.6)",2.7,"( 2.3,  3.1)",31,0,0,0,0,0,0,False,0.0,0.0,False,0.0,0.0,False,False,False,3,1
NE,Nebraska,Saline,31151,14555,10731,3.3,"( 2.9,  3.8)",2.9,"( 2.5,  3.3)",31,0,0,0,0,0,0,False,0.0,0.0,False,0.0,0.0,False,False,False,1,2
NE,Nebraska,Sarpy,31153,199886,148082,2.5,"( 2.1,  2.8)",2.4,"( 2.1,  2.7)",31,0,0,0,0,0,0,False,0.0,0.0,False,0.0,0.0,False,False,False,1,5
NE,Nebraska,Saunders,31155,23463,17644,3.1,"( 2.7,  3.6)",2.5,"( 2.2,  2.9)",31,0,0,0,0,0,0,False,0.0,0.0,False,0.0,0.0,False,False,False,1,3
NE,Nebraska,Scotts Bluff,31157,35699,27153,3.8,"( 3.3,  4.4)",2.9,"( 2.6,  3.4)",31,0,0,0,0,0,0,False,0.0,0.0,False,0.0,0.0,False,False,False,2,3
NE,Nebraska,Seward,31159,17671,13590,3.0,"( 2.6,  3.5)",2.6,"( 2.2,  2.9)",31,0,0,0,0,0,0,False,0.0,0.0,False,0.0,0.0,False,False,False,1,2
NE,Nebraska,Sheridan,31161,4928,3887,4.5,"( 3.9,  5.1)",3.0,"( 2.7,  3.5)",31,0,0,0,0,0,0,False,0.0,0.0,False,0.0,0.0,True,True,False,4,1
NE,Nebraska,Sherman,31163,2983,2327,4.4,"( 3.8,  5.1)",3.0,"( 2.6,  3.3)",31,0,0,0,0,0,0,False,0.0,0.0,False,0.0,0.0,True,True,False,4,1
NE,Nebraska,Sioux,31165,1154,947,5.2,"( 4.5,  6.1)",3.4,"( 3.0,  3.9)",31,0,0,0,0,0,0,False,0.0,0.0,False,0.0,0.0,True,True,True,5,1
NE,Nebraska,Stanton,31167,5856,4443,3.5,"( 3.1,  4.0)",2.7,"( 2.3,  3.0)",31,0,0,0,0,0,0,False,0.0,0.0,False,0.0,0.0,False,False,False,2,1
NE,Nebraska,Thayer,31169,4829,3720,4.2,"( 3.6,  4.8)",3.0,"( 2.6,  3.4)",31,0,0,0,0,0,0,False,0.0,0.0,False,0.0,0.0,True,True,False,3,1
NE,Nebraska,Thomas,31171,677,525,3.6,"( 3.0,  4.1)",2.5,"( 2.2,  2.9)",31,0,0,0,0,0,0,False,0.0,0.0,False,0.0,0.0,False,False,False,2,1
NE,Nebraska,Thurston,31173,6557,4284,3.9,"( 3.5,  4.3)",3.8,"( 3.4,  4.2)",31,0,0,0,0,0,0,False,0.0,0.0,False,0.0,0.0,False,False,True,3,1
NE,Nebraska,Valley,31175,4012,3070,4.2,"( 3.5,  4.8)",2.9,"( 2.5,  3.3)",31,0,0,0,0,0,0,False,0.0,0.0,False,0.0,0.0,True,True,False,3,1
NE,Nebraska,Washington,31177,21152,16193,3.1,"( 2.7,  3.6)",2.5,"( 2.1,  2.8)",31,0,0,0,0,0,0,False,0.0,0.0,False,0.0,0.0,False,False,False,1,3
NE,Nebraska,Wayne,31179,9874,7832,2.9,"( 2.5,  3.3)",2.9,"( 2.5,  3.3)",31,0,0,0,0,0,0,False,0.0,0.0,False,0.0,0.0,False,False,False,1,2
NE,Nebraska,Webster,31181,3351,2578,3.8,"( 3.3,  4.4)",2.8,"( 2.5,  3.2)",31,0,0,0,0,0,0,False,0.0,0.0,False,0.0,0.0,False,False,False,2,1
NE,Nebraska,Wheeler,31183,775,603,4.0,"( 3.4,  4.7)",2.6,"( 2.3,  3.0)",31,0,0,0,0,0,0,False,0.0,0.0,False,0.0,0.0,False,False,False,3,1
NE,Nebraska,York,31185,14356,11004,3.5,"( 3.0,  4.0)",2.8,"( 2.4,  3.2)",31,0,0,0,0,0,0,False,0.0,0.0,False,0.0,0.0,False,False,False,2,2
NV,Nevada,Churchill,32001,25803,19917,3.8,"( 3.3,  4.2)",3.1,"( 2.7,  3.5)",32,0,0,0,0,0,0,False,0.0,0.0,False,0.0,0.0,False,False,False,2,3
NV,Nevada,Clark,32003,2336573,1824661,3.4,"( 3.1,  3.8)",3.1,"( 2.8,  3.4)",32,1,1,1,1,1,1,True,0.04279772127812827,0.05480470070878919,True,0.04279772127812827,0.05480470070878919,False,False,False,1,5
NV,Nevada,Douglas,32005,49545,42375,4.2,"( 3.6,  4.7)",2.6,"( 2.3,  2.9)",32,0,0,0,0,0,0,False,0.0,0.0,False,0.0,0.0,True,True,False,3,4
NV,Nevada,Elko,32007,54293,40093,3.3,"( 2.9,  3.7)",3.2,"( 2.8,  3.5)",32,0,0,0,0,0,0,False,0.0,0.0,False,0.0,0.0,False,False,True,1,4
NV,Nevada,Esmeralda,32009,736,636,6.1,"( 5.3,  7.0)",3.8,"( 3.4,  4.3)",32,0,0,0,0,0,0,False,0.0,0.0,False,0.0,0.0,True,True,True,5,1
NV,Nevada,Eureka,32011,1917,1480,5.2,"( 4.5,  5.8)",4.0,"( 3.5,  4.4)",32,0,0,0,0,0,0,False,0.0,0.0,False,0.0,0.0,True,True,True,5,1
NV,Nevada,Humboldt,32013,17136,12652,3.5,"( 3.1,  3.9)",3.0,"( 2.7,  3.4)",32,0,0,0,0,0,0,False,0.0,0.0,False,0.0,0.0,False,False,False,2,2
NV,Nevada,Lander,32015,5769,4270,4.1,"( 3.6,  4.6)",3.4,"( 3.0,  3.8)",32,0,0,0,0,0,0,False,0.0,0.0,False,0.0,0.0,True,True,True,3,1
NV,Nevada,Lincoln,32017,4452,3519,4.0,"( 3.5,  4.5)",2.8,"( 2.5,  3.2)",32,0,0,0,0,0,0,False,0.0,0.0,False,0.0,0.0,False,False,False,3,1
NV,Nevada,Lyon,32019,62583,49698,3.9,"( 3.4,  4.4)",3.0,"( 2.7,  3.4)",32,0,0,0,0,0,0,False,0.0,0.0,False,0.0,0.0,False,False,False,3,4
NV,Nevada,Mineral,32021,4528,3656,6.0,"( 5.3,  6.6)",4.1,"( 3.7,  4.5)",32,0,0,0,0,0,0,False,0.0,0.0,False,0.0,0.0,True,True,True,5,1
NV,Nevada,Nye,32023,55720,46506,5.2,"( 4.5,  5.8)",3.4,"( 3.0,  3.8)",32,0,0,0,0,0,0,False,0.0,0.0,False,0.0,0.0,True,True,True,5,4
NV,Nevada,Pershing,32027,6364,5279,3.8,"( 3.3,  4.2)",3.2,"( 2.8,  3.5)",32,0,0,0,0,0,0,False,0.0,0.0,False,0.0,0.0,False,False,True,2,1
NV,Nevada,Storey,32029,4177,3662,4.1,"( 3.5,  4.8)",2.6,"( 2.3,  2.9)",32,0,0,0,0,0,0,False,0.0,0.0,False,0.0,0.0,True,True,False,3,1
NV,Nevada,Washoe,32031,498022,396438,3.2,"( 2.8,  3.6)",2.8,"( 2.4,  3.1)",32,0,0,0,0,0,0,False,0.0,0.0,False,0.0,0.0,False,False,False,1,5
NV,Nevada,White Pine,32033,8522,6803,4.2,"( 3.7,  4.7)",3.3,"( 2.9,  3.7)",32,0,0,0,0,0,0,False,0.0,0.0,False,0.0,0.0,True,True,True,3,1
NV,Nevada,Carson City,32510,58036,46575,3.7,"( 3.3,  4.2)",3.0,"( 2.6,  3.3)",32,0,0,0,0,0,0,False,0.0,0.0,False,0.0,0.0,False,False,False,2,4
NH,New Hampshire,Belknap,33001,65027,53990,3.6,"( 3.0,  4.2)",2.6,"( 2.2,  3.0)",33,0,0,0,0,0,0,False,0.0,0.0,False,0.0,0.0,False,False,False,2,4
NH,New Hampshire,Carroll,33003,52448,44871,3.8,"( 3.3,  4.5)",2.5,"( 2.2,  2.9)",33,0,0,0,0,0,0,False,0.0,0.0,False,0.0,0.0,False,False,False,2,4
NH,New Hampshire,Cheshire,33005,77703,63936,3.4,"( 2.9,  3.9)",2.6,"( 2.3,  3.0)",33,0,0,0,0,0,0,False,0.0,0.0,False,0.0,0.0,False,False,False,1,4
NH,New Hampshire,Coos,33007,31372,26302,4.4,"( 3.7,  5.0)",3.1,"( 2.7,  3.5)",33,0,0,0,0,0,0,False,0.0,0.0,False,0.0,0.0,True,True,False,4,3
NH,New Hampshire,Grafton,33009,93146,78967,3.2,"( 2.7,  3.7)",2.5,"( 2.2,  2.9)",33,3,3,2,3,3,2,True,3.2207502200845983,3.7990553015816735,True,3.2207502200845983,3.7990553015816735,False,False,False,1,4
NH,New Hampshire,Hillsborough,33011,427354,344717,2.9,"( 2.5,  3.4)",2.5,"( 2.2,  2.9)",33,0,0,0,0,0,0,False,0.0,0.0,False,0.0,0.0,False,False,False,1,5
NH,New Hampshire,Merrimack,33013,157103,128587,3.1,"( 2.6,  3.5)",2.5,"( 2.1,  2.9)",33,0,0,0,0,0,0,False,0.0,0.0,False,0.0,0.0,False,False,False,1,5
NH,New Hampshire,Rockingham,33015,320689,262293,2.9,"( 2.5,  3.4)",2.3,"( 2.0,  2.6)",33,0,0,0,0,0,0,False,0.0,0.0,False,0.0,0.0,False,False,False,1,5
NH,New Hampshire,Strafford,33017,133243,110001,2.8,"( 2.4,  3.2)",2.5,"( 2.2,  2.9)",33,0,0,0,0,0,0,False,0.0,0.0,False,0.0,0.0,False,False,False,1,5
NH,New Hampshire,Sullivan,33019,43969,36340,3.8,"( 3.3,  4.4)",2.8,"( 2.5,  3.2)",33,0,0,0,0,0,0,False,0.0,0.0,False,0.0,0.0,False,False,False,2,4
NJ,New Jersey,Atlantic,34001,275213,218623,3.7,"( 3.3,  4.2)",3.0,"( 2.7,  3.3)",34,1,1,1,1,1,1,True,0.36335492872793074,0.4574084154000265,True,0.36335492872793074,0.4574084154000265,False,False,False,2,5
NJ,New Jersey,Bergen,34003,957736,759402,2.8,"( 2.4,  3.2)",2.2,"( 2.0,  2.6)",34,7,6,6,7,6,6,True,0.7308903497414736,0.9217779252622458,True,0.7308903497414736,0.9217779252622458,False,False,False,1,5
NJ,New Jersey,Burlington,34005,469167,373419,3.1,"( 2.7,  3.5)",2.5,"( 2.3,  2.8)",34,0,0,0,0,0,0,False,0.0,0.0,False,0.0,0.0,False,False,False,1,5
NJ,New Jersey,Camden,34007,527196,407842,3.3,"( 2.9,  3.7)",2.9,"( 2.6,  3.2)",34,3,3,2,3,3,2,True,0.5690483235836388,0.7355789742106011,True,0.5690483235836388,0.7355789742106011,False,False,False,1,5
NJ,New Jersey,Cape May,34009,94610,78642,3.9,"( 3.3,  4.5)",2.6,"( 2.2,  2.9)",34,0,0,0,0,0,0,False,0.0,0.0,False,0.0,0.0,False,False,False,3,4
NJ,New Jersey,Cumberland,34011,152326,115216,4.0,"( 3.6,  4.4)",3.6,"( 3.2,  3.9)",34,0,0,0,0,0,0,False,0.0,0.0,False,0.0,0.0,False,False,True,3,5
NJ,New Jersey,Essex,34013,851117,652264,3.6,"( 3.2,  4.0)",3.3,"( 3.0,  3.7)",34,9,9,4,9,9,4,True,1.0574339368147976,1.3798094023278917,True,1.0574339368147976,1.3798094023278917,False,False,False,2,5
NJ,New Jersey,Gloucester,34015,308423,243231,3.0,"( 2.6,  3.4)",2.6,"( 2.2,  2.9)",34,0,0,0,0,0,0,False,0.0,0.0,False,0.0,0.0,False,False,False,1,5
NJ,New Jersey,Hudson,34017,705472,568317,2.6,"( 2.3,  2.9)",2.7,"( 2.4,  3.0)",34,0,0,0,0,0,0,False,0.0,0.0,False,0.0,0.0,False,False,False,1,5
NJ,New Jersey,Hunterdon,34019,130183,105457,2.8,"( 2.4,  3.3)",2.1,"( 1.8,  2.5)",34,1,1,1,1,1,1,True,0.7681494511572171,0.9482537906445281,True,0.7681494511572171,0.9482537906445281,False,False,False,1,5
NJ,New Jersey,Mercer,34021,381671,298044,3.1,"( 2.8,  3.5)",2.7,"( 2.5,  3.1)",34,0,0,0,0,0,0,False,0.0,0.0,False,0.0,0.0,False,False,False,1,5
NJ,New Jersey,Middlesex,34023,863623,680119,2.8,"( 2.5,  3.1)",2.5,"( 2.2,  2.7)",34,7,6,6,7,6,6,True,0.8105388578117998,1.0292316491672782,True,0.8105388578117998,1.0292316491672782,False,False,False,1,5
NJ,New Jersey,Monmouth,34025,642799,510015,2.9,"( 2.5,  3.3)",2.3,"( 2.0,  2.6)",34,2,2,1,2,2,1,True,0.3111392519278966,0.3921453290589492,True,0.3111392519278966,0.3921453290589492,False,False,False,1,5
NJ,New Jersey,Morris,34027,514423,409159,2.6,"( 2.3,  3.0)",2.1,"( 1.8,  2.4)",34,1,1,1,1,1,1,True,0.1943925524325312,0.24440376479559292,True,0.1943925524325312,0.24440376479559292,False,False,False,1,5
NJ,New Jersey,Ocean,34029,659197,494303,3.6,"( 3.1,  4.2)",2.7,"( 2.3,  3.0)",34,0,0,0,0,0,0,False,0.0,0.0,False,0.0,0.0,False,False,False,2,5
NJ,New Jersey,Passaic,34031,513395,392936,3.4,"( 3.1,  3.8)",3.0,"( 2.7,  3.3)",34,0,0,0,0,0,0,False,0.0,0.0,False,0.0,0.0,False,False,False,1,5
NJ,New Jersey,Salem,34033,65338,50965,3.8,"( 3.3,  4.3)",3.1,"( 2.7,  3.5)",34,0,0,0,0,0,0,False,0.0,0.0,False,0.0,0.0,False,False,False,2,4
NJ,New Jersey,Somerset,34035,348842,275979,2.6,"( 2.3,  3.0)",2.2,"( 2.0,  2.5)",34,0,0,0,0,0,0,False,0.0,0.0,False,0.0,0.0,False,False,False,1,5
NJ,New Jersey,Sussex,34037,146132,117673,2.9,"( 2.5,  3.4)",2.4,"( 2.0,  2.7)",34,0,0,0,0,0,0,False,0.0,0.0,False,0.0,0.0,False,False,False,1,5
NJ,New Jersey,Union,34039,572726,439083,3.2,"( 2.9,  3.6)",2.8,"( 2.5,  3.1)",34,2,2,1,2,2,1,True,0.34920712522218306,0.4554947470068301,True,0.34920712522218306,0.4554947470068301,False,False,False,1,5
NJ,New Jersey,Warren,34041,111252,89862,3.2,"( 2.8,  3.6)",2.5,"( 2.2,  2.8)",34,0,0,0,0,0,0,False,0.0,0.0,False,0.0,0.0,False,False,False,1,5
NM,New Mexico,Bernalillo,35001,671586,538537,3.4,"( 3.0,  3.8)",2.9,"( 2.6,  3.2)",35,6,6,4,7,6,5,True,0.8934075457201311,1.1141295769835684,True,1.042308803340153,1.299817839814163,False,False,False,1,5
NM,New Mexico,Catron,35003,3825,3386,6.1,"( 5.4,  6.9)",3.4,"( 3.0,  3.8)",35,0,0,0,0,0,0,False,0.0,0.0,False,0.0,0.0,True,True,True,5,1
NM,New Mexico,Chaves,35005,63561,47930,4.0,"( 3.6,  4.5)",3.5,"( 3.2,  3.9)",35,0,0,0,0,0,0,False,0.0,0.0,False,0.0,0.0,False,False,True,3,4
NM,New Mexico,Cibola,35006,26780,20607,4.7,"( 4.3,  5.2)",4.1,"( 3.7,  4.5)",35,0,0,0,0,0,0,False,0.0,0.0,False,0.0,0.0,True,True,True,4,3
NM,New Mexico,Colfax,35007,12255,10226,4.7,"( 4.2,  5.3)",3.2,"( 2.9,  3.6)",35,0,0,0,0,0,0,False,0.0,0.0,False,0.0,0.0,True,True,True,4,2
NM,New Mexico,Curry,35009,47222,34741,3.5,"( 3.1,  3.9)",3.5,"( 3.2,  3.9)",35,0,0,0,0,0,0,False,0.0,0.0,False,0.0,0.0,False,False,True,2,4
NM,New Mexico,De Baca,35011,1657,1294,4.9,"( 4.3,  5.5)",3.3,"( 2.9,  3.6)",35,0,0,0,0,0,0,False,0.0,0.0,False,0.0,0.0,True,True,True,5,1
NM,New Mexico,DoÃ±a Ana,35013,225210,174328,3.6,"( 3.1,  4.0)",3.3,"( 2.9,  3.7)",35,0,0,0,0,0,0,False,0.0,0.0,False,0.0,0.0,False,False,True,2,5
NM,New Mexico,Eddy,35015,60275,44384,3.3,"( 2.9,  3.7)",3.0,"( 2.7,  3.4)",35,0,0,0,0,0,0,False,0.0,0.0,False,0.0,0.0,False,False,False,1,4
NM,New Mexico,Grant,35017,27472,22591,4.9,"( 4.3,  5.6)",3.2,"( 2.9,  3.6)",35,0,0,0,0,0,0,False,0.0,0.0,False,0.0,0.0,True,True,True,5,3
NM,New Mexico,Guadalupe,35019,4292,3499,4.3,"( 3.8,  4.7)",3.5,"( 3.1,  3.9)",35,0,0,0,0,0,0,False,0.0,0.0,False,0.0,0.0,True,True,True,4,1
NM,New Mexico,Harding,35021,624,540,6.4,"( 5.5,  7.3)",3.6,"( 3.1,  4.0)",35,0,0,0,0,0,0,False,0.0,0.0,False,0.0,0.0,True,True,True,5,1
NM,New Mexico,Hidalgo,35023,3965,3115,4.8,"( 4.3,  5.3)",3.5,"( 3.2,  3.9)",35,0,0,0,0,0,0,False,0.0,0.0,False,0.0,0.0,True,True,True,5,1
NM,New Mexico,Lea,35025,72101,51363,3.4,"( 3.1,  3.8)",3.5,"( 3.1,  3.9)",35,0,0,0,0,0,0,False,0.0,0.0,False,0.0,0.0,False,False,True,1,4
NM,New Mexico,Lincoln,35027,20029,16497,4.7,"( 4.1,  5.4)",3.0,"( 2.6,  3.4)",35,0,0,0,0,0,0,False,0.0,0.0,False,0.0,0.0,True,True,False,4,3
NM,New Mexico,Los Alamos,35028,19444,15411,2.4,"( 2.1,  2.7)",2.0,"( 1.8,  2.3)",35,0,0,0,0,0,0,False,0.0,0.0,False,0.0,0.0,False,False,False,1,3
NM,New Mexico,Luna,35029,25316,18862,5.3,"( 4.7,  5.9)",4.2,"( 3.7,  4.7)",35,0,0,0,0,0,0,False,0.0,0.0,False,0.0,0.0,True,True,True,5,3
NM,New Mexico,McKinley,35031,68797,50466,6.0,"( 5.4,  6.7)",5.7,"( 5.1,  6.3)",35,0,0,0,0,0,0,False,0.0,0.0,False,0.0,0.0,True,True,True,5,4
NM,New Mexico,Mora,35033,4123,3454,4.7,"( 4.2,  5.4)",3.0,"( 2.7,  3.4)",35,0,0,0,0,0,0,False,0.0,0.0,False,0.0,0.0,True,True,False,4,1
NM,New Mexico,Otero,35035,68835,54011,3.9,"( 3.4,  4.3)",3.5,"( 3.1,  3.9)",35,0,0,0,0,0,0,False,0.0,0.0,False,0.0,0.0,False,False,True,3,4
NM,New Mexico,Quay,35037,8510,6759,5.4,"( 4.7,  6.0)",3.7,"( 3.3,  4.1)",35,0,0,0,0,0,0,False,0.0,0.0,False,0.0,0.0,True,True,True,5,1
NM,New Mexico,Rio Arriba,35039,39876,30988,4.5,"( 4.0,  5.0)",3.5,"( 3.1,  3.8)",35,0,0,0,0,0,0,False,0.0,0.0,False,0.0,0.0,True,True,True,4,4
NM,New Mexico,Roosevelt,35041,18787,14317,3.4,"( 3.0,  3.8)",3.4,"( 3.0,  3.8)",35,0,0,0,0,0,0,False,0.0,0.0,False,0.0,0.0,False,False,True,1,3
NM,New Mexico,Sandoval,35043,155936,122649,3.4,"( 3.0,  3.7)",2.7,"( 2.4,  3.0)",35,0,0,0,0,0,0,False,0.0,0.0,False,0.0,0.0,False,False,False,1,5
NM,New Mexico,San Juan,35045,120675,90972,4.7,"( 4.3,  5.3)",4.1,"( 3.7,  4.6)",35,0,0,0,0,0,0,False,0.0,0.0,False,0.0,0.0,True,True,True,4,5
NM,New Mexico,San Miguel,35047,26668,22308,4.4,"( 3.8,  5.0)",3.2,"( 2.8,  3.6)",35,0,0,0,0,0,0,False,0.0,0.0,False,0.0,0.0,True,True,True,4,3
NM,New Mexico,Santa Fe,35049,155956,131762,3.8,"( 3.3,  4.4)",2.6,"( 2.3,  3.0)",35,0,0,0,0,0,0,False,0.0,0.0,False,0.0,0.0,False,False,False,2,5
NM,New Mexico,Sierra,35051,11488,9643,6.4,"( 5.6,  7.3)",3.7,"( 3.3,  4.1)",35,0,0,0,0,0,0,False,0.0,0.0,False,0.0,0.0,True,True,True,5,2
NM,New Mexico,Socorro,35053,15963,12594,4.6,"( 4.1,  5.1)",3.7,"( 3.4,  4.1)",35,0,0,0,0,0,0,False,0.0,0.0,False,0.0,0.0,True,True,True,4,2
NM,New Mexico,Taos,35055,34405,29128,4.4,"( 3.9,  4.9)",2.9,"( 2.6,  3.2)",35,0,0,0,0,0,0,False,0.0,0.0,False,0.0,0.0,True,True,False,4,3
NM,New Mexico,Torrance,35057,15633,12406,5.0,"( 4.5,  5.6)",3.8,"( 3.4,  4.2)",35,0,0,0,0,0,0,False,0.0,0.0,False,0.0,0.0,True,True,True,5,2
NM,New Mexico,Union,35059,3964,3169,4.5,"( 4.1,  5.1)",3.5,"( 3.1,  3.9)",35,0,0,0,0,0,0,False,0.0,0.0,False,0.0,0.0,True,True,True,4,1
NM,New Mexico,Valencia,35061,79141,61087,3.9,"( 3.5,  4.4)",3.2,"( 2.9,  3.6)",35,0,0,0,0,0,0,False,0.0,0.0,False,0.0,0.0,False,False,True,3,4
NY,New York,Albany,36001,316659,260123,3.0,"( 2.6,  3.4)",2.6,"( 2.3,  3.0)",36,3,3,2,4,4,2,True,0.9473913578960332,1.1533005539686993,True,1.263188477194711,1.537734071958266,False,False,False,1,5
NY,New York,Allegany,36003,46651,37430,3.7,"( 3.2,  4.2)",3.1,"( 2.6,  3.5)",36,0,0,0,0,0,0,False,0.0,0.0,False,0.0,0.0,False,False,False,2,4
NY,New York,Bronx,36005,1356476,1031703,4.4,"( 4.0,  5.0)",4.0,"( 3.6,  4.5)",36,5,5,1,5,5,1,True,0.36860217209887974,0.48463559764777264,True,0.36860217209887974,0.48463559764777264,False,False,False,4,5
NY,New York,Broome,36007,196077,158802,3.7,"( 3.2,  4.2)",3.1,"( 2.7,  3.5)",36,0,0,0,0,0,0,False,0.0,0.0,False,0.0,0.0,False,False,False,2,5
NY,New York,Cattaraugus,36009,75600,59190,4.1,"( 3.6,  4.7)",3.2,"( 2.8,  3.7)",36,0,0,0,0,0,0,False,0.0,0.0,False,0.0,0.0,True,True,True,3,4
NY,New York,Cayuga,36011,74485,60227,3.9,"( 3.4,  4.5)",3.0,"( 2.6,  3.5)",36,0,0,0,0,0,0,False,0.0,0.0,False,0.0,0.0,False,False,False,3,4
NY,New York,Chautauqua,36013,124891,99281,4.0,"( 3.5,  4.6)",3.1,"( 2.8,  3.5)",36,0,0,0,0,0,0,False,0.0,0.0,False,0.0,0.0,False,False,False,3,5
NY,New York,Chemung,36015,81325,64334,3.8,"( 3.3,  4.4)",3.0,"( 2.6,  3.5)",36,0,0,0,0,0,0,False,0.0,0.0,False,0.0,0.0,False,False,False,2,4
NY,New York,Chenango,36017,45920,36448,4.1,"( 3.6,  4.8)",3.1,"( 2.7,  3.5)",36,0,0,0,0,0,0,False,0.0,0.0,False,0.0,0.0,True,True,False,3,4
NY,New York,Clinton,36019,78115,63935,3.5,"( 3.0,  4.1)",3.0,"( 2.6,  3.4)",36,0,0,0,0,0,0,False,0.0,0.0,False,0.0,0.0,False,False,False,2,4
NY,New York,Columbia,36021,60470,51121,3.9,"( 3.3,  4.5)",2.7,"( 2.3,  3.1)",36,0,0,0,0,0,0,False,0.0,0.0,False,0.0,0.0,False,False,False,3,4
NY,New York,Cortland,36023,45752,37332,3.1,"( 2.7,  3.6)",2.9,"( 2.5,  3.3)",36,0,0,0,0,0,0,False,0.0,0.0,False,0.0,0.0,False,False,False,1,4
NY,New York,Delaware,36025,44410,37417,4.3,"( 3.7,  4.9)",3.1,"( 2.7,  3.5)",36,0,0,0,0,0,0,False,0.0,0.0,False,0.0,0.0,True,True,False,4,4
NY,New York,Dutchess,36027,297150,243026,3.1,"( 2.8,  3.6)",2.6,"( 2.3,  2.9)",36,0,0,0,0,0,0,False,0.0,0.0,False,0.0,0.0,False,False,False,1,5
NY,New York,Erie,36029,946147,756717,3.4,"( 3.0,  3.9)",2.8,"( 2.5,  3.2)",36,7,7,7,8,8,7,True,0.7398427517077156,0.9250485980888496,True,0.8455345733802464,1.0571983978158281,False,False,False,1,5
NY,New York,Essex,36031,36775,31123,4.0,"( 3.4,  4.7)",2.8,"( 2.4,  3.2)",36,0,0,0,0,0,0,False,0.0,0.0,False,0.0,0.0,False,False,False,3,3
NY,New York,Franklin,36033,46502,37193,3.9,"( 3.4,  4.5)",3.2,"( 2.8,  3.6)",36,0,0,0,0,0,0,False,0.0,0.0,False,0.0,0.0,False,False,True,3,4
NY,New York,Fulton,36035,52234,41853,4.0,"( 3.4,  4.6)",3.1,"( 2.7,  3.5)",36,0,0,0,0,0,0,False,0.0,0.0,False,0.0,0.0,False,False,False,3,4
NY,New York,Genesee,36037,57529,45851,3.5,"( 3.0,  4.0)",2.8,"( 2.4,  3.2)",36,0,0,0,0,0,0,False,0.0,0.0,False,0.0,0.0,False,False,False,2,4
NY,New York,Greene,36039,47062,39543,3.9,"( 3.3,  4.5)",2.8,"( 2.5,  3.3)",36,0,0,0,0,0,0,False,0.0,0.0,False,0.0,0.0,False,False,False,3,4
NY,New York,Hamilton,36041,5082,4455,4.5,"( 3.8,  5.3)",2.8,"( 2.4,  3.3)",36,0,0,0,0,0,0,False,0.0,0.0,False,0.0,0.0,True,True,False,4,1
NY,New York,Herkimer,36043,59484,47406,3.9,"( 3.4,  4.4)",2.9,"( 2.5,  3.3)",36,0,0,0,0,0,0,False,0.0,0.0,False,0.0,0.0,False,False,False,3,4
NY,New York,Jefferson,36045,114787,87280,3.1,"( 2.7,  3.5)",3.0,"( 2.6,  3.4)",36,0,0,0,0,0,0,False,0.0,0.0,False,0.0,0.0,False,False,False,1,5
NY,New York,Kings,36047,2561225,2003937,3.6,"( 3.2,  4.0)",3.3,"( 3.0,  3.7)",36,5,4,5,5,4,5,True,0.19521908461771223,0.24950884184482847,True,0.19521908461771223,0.24950884184482847,False,False,False,2,5
NY,New York,Lewis,36049,26548,20528,3.9,"( 3.4,  4.4)",3.0,"( 2.6,  3.4)",36,0,0,0,0,0,0,False,0.0,0.0,False,0.0,0.0,False,False,False,3,3
NY,New York,Livingston,36051,61158,50385,3.4,"( 2.9,  3.9)",2.8,"( 2.4,  3.2)",36,0,0,0,0,0,0,False,0.0,0.0,False,0.0,0.0,False,False,False,1,4
NY,New York,Madison,36053,66921,54640,3.4,"( 3.0,  3.9)",2.7,"( 2.4,  3.1)",36,0,0,0,0,0,0,False,0.0,0.0,False,0.0,0.0,False,False,False,1,4
NY,New York,Monroe,36055,748482,597520,3.3,"( 2.9,  3.8)",2.8,"( 2.5,  3.1)",36,3,3,3,3,3,3,True,0.4008112419537143,0.5020752443432855,True,0.4008112419537143,0.5020752443432855,False,False,False,1,5
NY,New York,Montgomery,36057,49368,37918,3.8,"( 3.3,  4.4)",3.1,"( 2.7,  3.5)",36,0,0,0,0,0,0,False,0.0,0.0,False,0.0,0.0,False,False,False,2,4
NY,New York,Nassau,36059,1381715,1086193,2.9,"( 2.5,  3.3)",2.3,"( 2.0,  2.6)",36,8,8,6,8,8,6,True,0.5789906022587871,0.7365173592538342,True,0.5789906022587871,0.7365173592538342,False,False,False,1,5
NY,New York,New York,36061,1597451,1381420,2.7,"( 2.4,  3.1)",2.5,"( 2.2,  2.8)",36,46,33,30,46,33,30,True,2.8795875429042894,3.3299069073851544,True,2.8795875429042894,3.3299069073851544,False,False,False,1,5
NY,New York,Niagara,36063,209457,168091,3.7,"( 3.2,  4.2)",2.9,"( 2.5,  3.3)",36,0,0,0,0,0,0,False,0.0,0.0,False,0.0,0.0,False,False,False,2,5
NY,New York,Oneida,36065,227555,178989,3.7,"( 3.3,  4.3)",3.0,"( 2.6,  3.4)",36,0,0,0,0,0,0,False,0.0,0.0,False,0.0,0.0,False,False,False,2,5
NY,New York,Onondaga,36067,467873,370637,3.4,"( 2.9,  3.8)",2.8,"( 2.5,  3.2)",36,4,4,2,4,4,2,True,0.8549328557108447,1.0792230673138408,True,0.8549328557108447,1.0792230673138408,False,False,False,1,5
NY,New York,Ontario,36069,112494,91175,3.4,"( 2.9,  4.0)",2.6,"( 2.2,  3.0)",36,0,0,0,0,0,0,False,0.0,0.0,False,0.0,0.0,False,False,False,1,5
NY,New York,Orange,36071,407470,303262,3.2,"( 2.8,  3.6)",2.9,"( 2.6,  3.3)",36,0,0,0,0,0,0,False,0.0,0.0,False,0.0,0.0,False,False,False,1,5
NY,New York,Orleans,36073,39124,31736,3.9,"( 3.4,  4.4)",3.1,"( 2.7,  3.5)",36,0,0,0,0,0,0,False,0.0,0.0,False,0.0,0.0,False,False,False,3,4
NY,New York,Oswego,36075,118162,94079,3.7,"( 3.2,  4.2)",3.1,"( 2.7,  3.5)",36,0,0,0,0,0,0,False,0.0,0.0,False,0.0,0.0,False,False,False,2,5
NY,New York,Otsego,36077,60126,51237,3.4,"( 2.9,  3.9)",2.9,"( 2.5,  3.3)",36,0,0,0,0,0,0,False,0.0,0.0,False,0.0,0.0,False,False,False,1,4
NY,New York,Putnam,36079,98060,79093,2.9,"( 2.5,  3.4)",2.3,"( 2.0,  2.6)",36,0,0,0,0,0,0,False,0.0,0.0,False,0.0,0.0,False,False,False,1,5
NY,New York,Queens,36081,2252196,1821507,3.5,"( 3.1,  3.8)",2.9,"( 2.6,  3.2)",36,2,2,2,2,2,2,True,0.08880221792419488,0.10979919374452034,True,0.08880221792419488,0.10979919374452034,False,False,False,2,5
NY,New York,Rensselaer,36083,159305,129327,3.1,"( 2.7,  3.6)",2.7,"( 2.3,  3.1)",36,0,0,0,0,0,0,False,0.0,0.0,False,0.0,0.0,False,False,False,1,5
NY,New York,Richmond,36085,490687,385428,3.2,"( 2.8,  3.6)",2.7,"( 2.4,  3.0)",36,3,3,2,3,3,2,True,0.6113877074387543,0.7783554905196302,True,0.6113877074387543,0.7783554905196302,False,False,False,1,5
NY,New York,Rockland,36087,340807,238842,3.4,"( 2.9,  3.8)",2.9,"( 2.5,  3.2)",36,0,0,0,0,0,0,False,0.0,0.0,False,0.0,0.0,False,False,False,1,5
NY,New York,St. Lawrence,36089,106940,85802,3.8,"( 3.3,  4.3)",3.2,"( 2.8,  3.6)",36,0,0,0,0,0,0,False,0.0,0.0,False,0.0,0.0,False,False,True,2,5
NY,New York,Saratoga,36091,238711,193626,3.0,"( 2.5,  3.4)",2.4,"( 2.0,  2.7)",36,0,0,0,0,0,0,False,0.0,0.0,False,0.0,0.0,False,False,False,1,5
NY,New York,Schenectady,36093,159902,125778,3.3,"( 2.8,  3.7)",2.8,"( 2.4,  3.2)",36,0,0,0,0,0,0,False,0.0,0.0,False,0.0,0.0,False,False,False,1,5
NY,New York,Schoharie,36095,30105,24919,3.8,"( 3.3,  4.3)",2.8,"( 2.5,  3.2)",36,0,0,0,0,0,0,False,0.0,0.0,False,0.0,0.0,False,False,False,2,3
NY,New York,Schuyler,36097,17507,14192,4.1,"( 3.6,  4.8)",3.0,"( 2.7,  3.4)",36,0,0,0,0,0,0,False,0.0,0.0,False,0.0,0.0,True,True,False,3,2
NY,New York,Seneca,36099,32349,25660,4.0,"( 3.3,  4.5)",3.1,"( 2.6,  3.5)",36,0,0,0,0,0,0,False,0.0,0.0,False,0.0,0.0,False,False,False,3,3
NY,New York,Steuben,36101,92162,72423,3.8,"( 3.3,  4.5)",3.0,"( 2.6,  3.4)",36,0,0,0,0,0,0,False,0.0,0.0,False,0.0,0.0,False,False,False,2,4
NY,New York,Suffolk,36103,1523170,1210387,3.0,"( 2.6,  3.4)",2.4,"( 2.1,  2.8)",36,8,8,4,8,8,4,True,0.5252204284485645,0.6609456314385399,True,0.5252204284485645,0.6609456314385399,False,False,False,1,5
NY,New York,Sullivan,36105,79920,62695,3.7,"( 3.3,  4.2)",3.0,"( 2.7,  3.4)",36,0,0,0,0,0,0,False,0.0,0.0,False,0.0,0.0,False,False,False,2,4
NY,New York,Tioga,36107,47715,38115,3.8,"( 3.3,  4.4)",2.9,"( 2.5,  3.3)",36,0,0,0,0,0,0,False,0.0,0.0,False,0.0,0.0,False,False,False,2,4
NY,New York,Tompkins,36109,103558,89113,2.4,"( 2.1,  2.8)",2.5,"( 2.2,  2.9)",36,0,0,0,0,0,0,False,0.0,0.0,False,0.0,0.0,False,False,False,1,5
NY,New York,Ulster,36111,182333,151636,3.5,"( 3.0,  4.0)",2.8,"( 2.4,  3.2)",36,0,0,0,0,0,0,False,0.0,0.0,False,0.0,0.0,False,False,False,2,5
NY,New York,Warren,36113,65380,54087,3.6,"( 3.0,  4.2)",2.6,"( 2.2,  3.0)",36,0,0,0,0,0,0,False,0.0,0.0,False,0.0,0.0,False,False,False,2,4
NY,New York,Washington,36115,60047,49075,3.8,"( 3.3,  4.4)",2.9,"( 2.5,  3.3)",36,0,0,0,0,0,0,False,0.0,0.0,False,0.0,0.0,False,False,False,2,4
NY,New York,Wayne,36117,90829,71935,3.7,"( 3.2,  4.2)",2.8,"( 2.5,  3.2)",36,0,0,0,0,0,0,False,0.0,0.0,False,0.0,0.0,False,False,False,2,4
NY,New York,Westchester,36119,990817,782936,3.0,"( 2.6,  3.4)",2.4,"( 2.2,  2.8)",36,7,5,4,7,5,4,True,0.7064876763317545,0.8940705242829554,True,0.7064876763317545,0.8940705242829554,False,False,False,1,5
NY,New York,Wyoming,36121,39532,32281,3.7,"( 3.2,  4.2)",3.0,"( 2.6,  3.4)",36,0,0,0,0,0,0,False,0.0,0.0,False,0.0,0.0,False,False,False,2,4
NY,New York,Yates,36123,24472,18914,4.0,"( 3.4,  4.6)",3.0,"( 2.6,  3.5)",36,0,0,0,0,0,0,False,0.0,0.0,False,0.0,0.0,False,False,False,3,3
NC,North Carolina,Alamance,37001,179165,139859,3.8,"( 3.3,  4.2)",3.3,"( 2.9,  3.6)",37,0,0,0,0,0,0,False,0.0,0.0,False,0.0,0.0,False,False,True,2,5
NC,North Carolina,Alexander,37003,36473,29341,4.1,"( 3.6,  4.7)",3.3,"( 2.9,  3.7)",37,0,0,0,0,0,0,False,0.0,0.0,False,0.0,0.0,True,True,True,3,3
NC,North Carolina,Alleghany,37005,11342,9426,5.3,"( 4.5,  6.1)",3.5,"( 3.1,  4.0)",37,0,0,0,0,0,0,False,0.0,0.0,False,0.0,0.0,True,True,True,5,2
NC,North Carolina,Anson,37007,21897,17493,5.5,"( 5.0,  6.1)",4.6,"( 4.1,  5.0)",37,0,0,0,0,0,0,False,0.0,0.0,False,0.0,0.0,True,True,True,5,3
NC,North Carolina,Ashe,37009,27063,22627,4.6,"( 3.9,  5.4)",3.2,"( 2.8,  3.7)",37,0,0,0,0,0,0,False,0.0,0.0,False,0.0,0.0,True,True,True,4,3
NC,North Carolina,Avery,37011,17561,15011,4.2,"( 3.6,  4.8)",3.2,"( 2.9,  3.7)",37,0,0,0,0,0,0,False,0.0,0.0,False,0.0,0.0,True,True,True,3,2
NC,North Carolina,Beaufort,37013,44481,35939,5.0,"( 4.5,  5.7)",3.6,"( 3.2,  4.0)",37,0,0,0,0,0,0,False,0.0,0.0,False,0.0,0.0,True,True,True,5,4
NC,North Carolina,Bertie,37015,16922,14112,6.3,"( 5.6,  7.0)",4.6,"( 4.1,  5.2)",37,0,0,0,0,0,0,False,0.0,0.0,False,0.0,0.0,True,True,True,5,2
NC,North Carolina,Bladen,37017,29484,23400,5.3,"( 4.8,  6.0)",4.0,"( 3.6,  4.4)",37,0,0,0,0,0,0,False,0.0,0.0,False,0.0,0.0,True,True,True,5,3
NC,North Carolina,Brunswick,37019,159964,137936,4.3,"( 3.8,  5.1)",2.8,"( 2.4,  3.1)",37,0,0,0,0,0,0,False,0.0,0.0,False,0.0,0.0,True,True,False,4,5
NC,North Carolina,Buncombe,37021,275901,227608,3.4,"( 2.9,  3.9)",2.8,"( 2.4,  3.1)",37,2,2,2,2,2,2,True,0.7248976988122551,0.8787037362482866,True,0.7248976988122551,0.8787037362482866,False,False,False,1,5
NC,North Carolina,Burke,37023,88338,72201,4.4,"( 3.9,  5.1)",3.4,"( 3.0,  3.9)",37,0,0,0,0,0,0,False,0.0,0.0,False,0.0,0.0,True,True,True,4,4
NC,North Carolina,Cabarrus,37025,240016,180188,3.1,"( 2.7,  3.4)",2.8,"( 2.5,  3.2)",37,2,2,1,2,2,1,True,0.8332777814812345,1.1099518280906608,True,0.8332777814812345,1.1099518280906608,False,False,False,1,5
NC,North Carolina,Caldwell,37027,80574,64820,4.3,"( 3.7,  5.0)",3.4,"( 2.9,  3.8)",37,0,0,0,0,0,0,False,0.0,0.0,False,0.0,0.0,True,True,True,4,4
NC,North Carolina,Camden,37029,11137,8653,3.3,"( 2.9,  3.6)",2.7,"( 2.4,  3.0)",37,0,0,0,0,0,0,False,0.0,0.0,False,0.0,0.0,False,False,False,1,2
NC,North Carolina,Carteret,37031,69615,58070,4.0,"( 3.4,  4.6)",2.8,"( 2.4,  3.1)",37,0,0,0,0,0,0,False,0.0,0.0,False,0.0,0.0,False,False,False,3,4
NC,North Carolina,Caswell,37033,22807,18569,5.0,"( 4.5,  5.6)",3.8,"( 3.4,  4.2)",37,0,0,0,0,0,0,False,0.0,0.0,False,0.0,0.0,True,True,True,5,3
NC,North Carolina,Catawba,37035,164645,129398,3.7,"( 3.3,  4.2)",3.1,"( 2.7,  3.5)",37,0,0,0,0,0,0,False,0.0,0.0,False,0.0,0.0,False,False,False,2,5
NC,North Carolina,Chatham,37037,81624,66141,4.0,"( 3.4,  4.6)",2.8,"( 2.4,  3.2)",37,0,0,0,0,0,0,False,0.0,0.0,False,0.0,0.0,False,False,False,3,4
NC,North Carolina,Cherokee,37039,29959,25195,5.1,"( 4.4,  5.8)",3.2,"( 2.8,  3.7)",37,0,0,0,0,0,0,False,0.0,0.0,False,0.0,0.0,True,True,True,5,3
NC,North Carolina,Chowan,37041,13891,11123,5.5,"( 4.8,  6.2)",3.9,"( 3.4,  4.3)",37,0,0,0,0,0,0,False,0.0,0.0,False,0.0,0.0,True,True,True,5,2
NC,North Carolina,Clay,37043,11864,10069,4.8,"( 4.0,  5.6)",3.0,"( 2.5,  3.4)",37,0,0,0,0,0,0,False,0.0,0.0,False,0.0,0.0,True,True,False,5,2
NC,North Carolina,Cleveland,37045,101378,78793,4.4,"( 3.9,  4.9)",3.6,"( 3.2,  4.0)",37,0,0,0,0,0,0,False,0.0,0.0,False,0.0,0.0,True,True,True,4,5
NC,North Carolina,Columbus,37047,50121,39774,5.1,"( 4.5,  5.6)",4.0,"( 3.6,  4.5)",37,0,0,0,0,0,0,False,0.0,0.0,False,0.0,0.0,True,True,True,5,4
NC,North Carolina,Craven,37049,102391,80675,4.0,"( 3.5,  4.5)",3.2,"( 2.9,  3.6)",37,0,0,0,0,0,0,False,0.0,0.0,False,0.0,0.0,False,False,True,3,5
NC,North Carolina,Cumberland,37051,337890,252626,3.6,"( 3.2,  4.0)",3.7,"( 3.3,  4.1)",37,0,0,0,0,0,0,False,0.0,0.0,False,0.0,0.0,False,False,True,2,5
NC,North Carolina,Currituck,37053,31593,24619,3.2,"( 2.8,  3.7)",2.7,"( 2.3,  3.0)",37,0,0,0,0,0,0,False,0.0,0.0,False,0.0,0.0,False,False,False,1,3
NC,North Carolina,Dare,37055,38110,31485,3.5,"( 3.0,  4.1)",2.5,"( 2.2,  2.9)",37,0,0,0,0,0,0,False,0.0,0.0,False,0.0,0.0,False,False,False,2,4
NC,North Carolina,Davidson,37057,174804,137346,4.1,"( 3.6,  4.6)",3.3,"( 2.9,  3.7)",37,0,0,0,0,0,0,False,0.0,0.0,False,0.0,0.0,True,True,True,3,5
NC,North Carolina,Davie,37059,44599,35409,3.9,"( 3.3,  4.4)",2.9,"( 2.5,  3.2)",37,0,0,0,0,0,0,False,0.0,0.0,False,0.0,0.0,False,False,False,3,4
NC,North Carolina,Duplin,37061,49520,37683,4.9,"( 4.4,  5.4)",3.9,"( 3.5,  4.3)",37,0,0,0,0,0,0,False,0.0,0.0,False,0.0,0.0,True,True,True,5,4
NC,North Carolina,Durham,37063,336892,271458,3.0,"( 2.7,  3.4)",3.0,"( 2.6,  3.3)",37,12,11,7,12,11,7,True,3.561972382840792,4.420573348363282,True,3.561972382840792,4.420573348363282,False,False,False,1,5
NC,North Carolina,Edgecombe,37065,48832,37653,5.7,"( 5.1,  6.4)",4.5,"( 4.0,  5.0)",37,0,0,0,0,0,0,False,0.0,0.0,False,0.0,0.0,True,True,True,5,4
NC,North Carolina,Forsyth,37067,392921,304926,3.7,"( 3.2,  4.2)",3.2,"( 2.8,  3.6)",37,7,6,5,7,6,5,True,1.7815286024417123,2.295638941907217,True,1.7815286024417123,2.295638941907217,False,False,False,2,5
NC,North Carolina,Franklin,37069,77001,60292,3.9,"( 3.5,  4.4)",3.3,"( 3.0,  3.7)",37,0,0,0,0,0,0,False,0.0,0.0,False,0.0,0.0,False,False,True,3,4
NC,North Carolina,Gaston,37071,237242,184354,3.7,"( 3.3,  4.2)",3.2,"( 2.9,  3.6)",37,0,0,0,0,0,0,False,0.0,0.0,False,0.0,0.0,False,False,True,2,5
NC,North Carolina,Gates,37073,10343,8363,5.1,"( 4.6,  5.6)",3.7,"( 3.3,  4.1)",37,0,0,0,0,0,0,False,0.0,0.0,False,0.0,0.0,True,True,True,5,2
NC,North Carolina,Graham,37075,8052,6517,4.3,"( 3.8,  5.0)",3.1,"( 2.8,  3.6)",37,0,0,0,0,0,0,False,0.0,0.0,False,0.0,0.0,True,True,False,4,1
NC,North Carolina,Granville,37077,62192,49581,4.2,"( 3.8,  4.7)",3.5,"( 3.1,  3.9)",37,0,0,0,0,0,0,False,0.0,0.0,False,0.0,0.0,True,True,True,3,4
NC,North Carolina,Greene,37079,20530,16688,4.9,"( 4.4,  5.5)",4.4,"( 4.0,  4.8)",37,0,0,0,0,0,0,False,0.0,0.0,False,0.0,0.0,True,True,True,5,3
NC,North Carolina,Guilford,37081,549866,430053,3.6,"( 3.2,  4.0)",3.3,"( 2.9,  3.7)",37,4,4,4,4,4,4,True,0.7274499605358397,0.9301179156987627,True,0.7274499605358397,0.9301179156987627,False,False,False,2,5
NC,North Carolina,Halifax,37083,47298,37177,6.3,"( 5.7,  7.0)",4.8,"( 4.3,  5.3)",37,0,0,0,0,0,0,False,0.0,0.0,False,0.0,0.0,True,True,True,5,4
NC,North Carolina,Harnett,37085,141477,105764,3.5,"( 3.1,  4.0)",3.4,"( 3.0,  3.8)",37,0,0,0,0,0,0,False,0.0,0.0,False,0.0,0.0,False,False,True,2,5
NC,North Carolina,Haywood,37087,62969,52105,4.1,"( 3.5,  4.7)",2.9,"( 2.6,  3.4)",37,0,0,0,0,0,0,False,0.0,0.0,False,0.0,0.0,True,True,False,3,4
NC,North Carolina,Henderson,37089,119230,97324,4.1,"( 3.5,  4.7)",2.8,"( 2.5,  3.2)",37,0,0,0,0,0,0,False,0.0,0.0,False,0.0,0.0,True,True,False,3,5
NC,North Carolina,Hertford,37091,19453,15694,6.0,"( 5.3,  6.7)",4.6,"( 4.2,  5.2)",37,0,0,0,0,0,0,False,0.0,0.0,False,0.0,0.0,True,True,True,5,3
NC,North Carolina,Hoke,37093,54446,39888,3.8,"( 3.5,  4.2)",3.9,"( 3.5,  4.3)",37,0,0,0,0,0,0,False,0.0,0.0,False,0.0,0.0,False,False,True,2,4
NC,North Carolina,Hyde,37095,4607,3922,5.5,"( 4.9,  6.1)",4.1,"( 3.7,  4.6)",37,0,0,0,0,0,0,False,0.0,0.0,False,0.0,0.0,True,True,True,5,1
NC,North Carolina,Iredell,37097,199710,155704,3.3,"( 2.9,  3.7)",2.8,"( 2.4,  3.2)",37,0,0,0,0,0,0,False,0.0,0.0,False,0.0,0.0,False,False,False,1,5
NC,North Carolina,Jackson,37099,44574,37282,3.8,"( 3.3,  4.3)",3.3,"( 2.9,  3.8)",37,1,1,1,1,1,1,True,2.2434603131870596,2.6822595354326486,True,2.2434603131870596,2.6822595354326486,False,False,False,2,4
NC,North Carolina,Johnston,37101,241955,182582,3.3,"( 2.9,  3.7)",3.1,"( 2.7,  3.4)",37,0,0,0,0,0,0,False,0.0,0.0,False,0.0,0.0,False,False,False,1,5
NC,North Carolina,Jones,37103,9401,7647,5.5,"( 4.9,  6.1)",4.0,"( 3.6,  4.5)",37,0,0,0,0,0,0,False,0.0,0.0,False,0.0,0.0,True,True,True,5,2
NC,North Carolina,Lee,37105,67059,51479,4.0,"( 3.5,  4.5)",3.4,"( 3.1,  3.8)",37,0,0,0,0,0,0,False,0.0,0.0,False,0.0,0.0,False,False,True,3,4
NC,North Carolina,Lenoir,37107,54895,42399,5.8,"( 5.2,  6.5)",4.5,"( 4.0,  5.0)",37,0,0,0,0,0,0,False,0.0,0.0,False,0.0,0.0,True,True,True,5,4
NC,North Carolina,Lincoln,37109,95675,76148,3.6,"( 3.1,  4.1)",2.9,"( 2.5,  3.3)",37,0,0,0,0,0,0,False,0.0,0.0,False,0.0,0.0,False,False,False,2,4
NC,North Carolina,McDowell,37111,44893,36301,4.3,"( 3.7,  4.9)",3.3,"( 2.9,  3.8)",37,0,0,0,0,0,0,False,0.0,0.0,False,0.0,0.0,True,True,True,4,4
NC,North Carolina,Macon,37113,38412,31394,4.7,"( 4.0,  5.4)",3.2,"( 2.8,  3.6)",37,0,0,0,0,0,0,False,0.0,0.0,False,0.0,0.0,True,True,True,4,4
NC,North Carolina,Madison,37115,22071,18349,3.8,"( 3.3,  4.4)",2.9,"( 2.5,  3.3)",37,0,0,0,0,0,0,False,0.0,0.0,False,0.0,0.0,False,False,False,2,3
NC,North Carolina,Martin,37117,21447,17125,5.8,"( 5.2,  6.4)",4.1,"( 3.7,  4.5)",37,0,0,0,0,0,0,False,0.0,0.0,False,0.0,0.0,True,True,True,5,3
NC,North Carolina,Mecklenburg,37119,1163701,901633,2.8,"( 2.5,  3.2)",2.9,"( 2.6,  3.3)",37,8,7,6,8,7,6,True,0.6874618136445703,0.8872789704902105,True,0.6874618136445703,0.8872789704902105,False,False,False,1,5
NC,North Carolina,Mitchell,37121,14999,12283,4.2,"( 3.6,  4.8)",3.0,"( 2.6,  3.4)",37,0,0,0,0,0,0,False,0.0,0.0,False,0.0,0.0,True,True,False,3,2
NC,North Carolina,Montgomery,37123,26085,20705,4.8,"( 4.2,  5.4)",3.6,"( 3.2,  4.0)",37,0,0,0,0,0,0,False,0.0,0.0,False,0.0,0.0,True,True,True,5,3
NC,North Carolina,Moore,37125,106898,83707,3.7,"( 3.2,  4.3)",2.7,"( 2.4,  3.1)",37,0,0,0,0,0,0,False,0.0,0.0,False,0.0,0.0,False,False,False,2,5
NC,North Carolina,Nash,37127,96551,75392,4.6,"( 4.1,  5.1)",3.7,"( 3.3,  4.1)",37,0,0,0,0,0,0,False,0.0,0.0,False,0.0,0.0,True,True,True,4,4
NC,North Carolina,New Hanover,37129,238852,197058,3.3,"( 2.9,  3.7)",2.8,"( 2.5,  3.2)",37,1,1,1,1,1,1,True,0.4186693014921374,0.5074648073156126,True,0.4186693014921374,0.5074648073156126,False,False,False,1,5
NC,North Carolina,Northampton,37131,16715,13758,6.7,"( 5.9,  7.5)",4.4,"( 3.9,  4.9)",37,0,0,0,0,0,0,False,0.0,0.0,False,0.0,0.0,True,True,True,5,2
NC,North Carolina,Onslow,37133,213676,160933,2.6,"( 2.3,  2.9)",3.2,"( 2.9,  3.6)",37,0,0,0,0,0,0,False,0.0,0.0,False,0.0,0.0,False,False,True,1,5
NC,North Carolina,Orange,37135,150626,122940,2.7,"( 2.4,  3.1)",2.6,"( 2.3,  2.9)",37,5,5,4,5,5,4,True,3.3194800366470596,4.067024564828372,True,3.3194800366470596,4.067024564828372,False,False,False,1,5
NC,North Carolina,Pamlico,37137,12423,10683,5.0,"( 4.3,  5.7)",3.2,"( 2.9,  3.7)",37,0,0,0,0,0,0,False,0.0,0.0,False,0.0,0.0,True,True,True,5,2
NC,North Carolina,Pasquotank,37139,41444,32807,4.0,"( 3.6,  4.5)",3.4,"( 3.1,  3.8)",37,0,0,0,0,0,0,False,0.0,0.0,False,0.0,0.0,False,False,True,3,4
NC,North Carolina,Pender,37141,68521,53105,3.6,"( 3.2,  4.1)",3.0,"( 2.6,  3.4)",37,0,0,0,0,0,0,False,0.0,0.0,False,0.0,0.0,False,False,False,2,4
NC,North Carolina,Perquimans,37143,13377,10937,5.0,"( 4.4,  5.6)",3.4,"( 3.0,  3.8)",37,0,0,0,0,0,0,False,0.0,0.0,False,0.0,0.0,True,True,True,5,2
NC,North Carolina,Person,37145,39737,31541,4.7,"( 4.1,  5.2)",3.6,"( 3.2,  4.0)",37,0,0,0,0,0,0,False,0.0,0.0,False,0.0,0.0,True,True,True,4,4
NC,North Carolina,Pitt,37147,175119,137875,3.6,"( 3.2,  4.0)",3.6,"( 3.2,  4.0)",37,3,3,3,3,3,3,True,1.7131207921470544,2.175883952855848,True,1.7131207921470544,2.175883952855848,False,False,False,2,5
NC,North Carolina,Polk,37149,20060,17006,4.7,"( 4.0,  5.5)",2.9,"( 2.5,  3.4)",37,0,0,0,0,0,0,False,0.0,0.0,False,0.0,0.0,True,True,False,4,3
NC,North Carolina,Randolph,37151,147458,114881,4.1,"( 3.6,  4.7)",3.4,"( 3.0,  3.9)",37,0,0,0,0,0,0,False,0.0,0.0,False,0.0,0.0,True,True,True,3,5
NC,North Carolina,Richmond,37153,42324,32370,5.2,"( 4.7,  5.8)",4.3,"( 3.9,  4.8)",37,0,0,0,0,0,0,False,0.0,0.0,False,0.0,0.0,True,True,True,5,4
NC,North Carolina,Robeson,37155,117365,86828,5.8,"( 5.3,  6.4)",5.2,"( 4.7,  5.7)",37,0,0,0,0,0,0,False,0.0,0.0,False,0.0,0.0,True,True,True,5,5
NC,North Carolina,Rockingham,37157,92518,73816,4.7,"( 4.2,  5.3)",3.6,"( 3.2,  4.0)",37,0,0,0,0,0,0,False,0.0,0.0,False,0.0,0.0,True,True,True,4,4
NC,North Carolina,Rowan,37159,151661,118284,4.0,"( 3.5,  4.5)",3.4,"( 3.0,  3.8)",37,0,0,0,0,0,0,False,0.0,0.0,False,0.0,0.0,False,False,True,3,5
NC,North Carolina,Rutherford,37161,65507,52439,4.7,"( 4.1,  5.3)",3.5,"( 3.1,  4.0)",37,0,0,0,0,0,0,False,0.0,0.0,False,0.0,0.0,True,True,True,4,4
NC,North Carolina,Sampson,37163,59601,44966,4.7,"( 4.3,  5.3)",3.9,"( 3.5,  4.4)",37,0,0,0,0,0,0,False,0.0,0.0,False,0.0,0.0,True,True,True,4,4
NC,North Carolina,Scotland,37165,34376,26528,5.6,"( 5.0,  6.2)",4.8,"( 4.3,  5.3)",37,0,0,0,0,0,0,False,0.0,0.0,False,0.0,0.0,True,True,True,5,3
NC,North Carolina,Stanly,37167,65699,51434,4.0,"( 3.5,  4.5)",3.3,"( 2.9,  3.7)",37,0,0,0,0,0,0,False,0.0,0.0,False,0.0,0.0,False,False,True,3,4
NC,North Carolina,Stokes,37169,45532,37073,4.3,"( 3.8,  4.9)",3.2,"( 2.8,  3.6)",37,0,0,0,0,0,0,False,0.0,0.0,False,0.0,0.0,True,True,True,4,4
NC,North Carolina,Surry,37171,71462,56528,4.5,"( 3.9,  5.1)",3.4,"( 3.0,  3.9)",37,0,0,0,0,0,0,False,0.0,0.0,False,0.0,0.0,True,True,True,4,4
NC,North Carolina,Swain,37173,13916,10906,4.8,"( 4.2,  5.3)",3.8,"( 3.4,  4.3)",37,0,0,0,0,0,0,False,0.0,0.0,False,0.0,0.0,True,True,True,5,2
NC,North Carolina,Transylvania,37175,33549,28383,4.3,"( 3.6,  5.0)",2.8,"( 2.4,  3.2)",37,0,0,0,0,0,0,False,0.0,0.0,False,0.0,0.0,True,True,False,4,3
NC,North Carolina,Tyrrell,37177,3461,2772,5.7,"( 5.1,  6.4)",4.1,"( 3.7,  4.6)",37,0,0,0,0,0,0,False,0.0,0.0,False,0.0,0.0,True,True,True,5,1
NC,North Carolina,Union,37179,256452,191719,2.9,"( 2.6,  3.4)",2.7,"( 2.3,  3.1)",37,0,0,0,0,0,0,False,0.0,0.0,False,0.0,0.0,False,False,False,1,5
NC,North Carolina,Vance,37181,42301,32113,5.2,"( 4.7,  5.8)",4.2,"( 3.8,  4.7)",37,0,0,0,0,0,0,False,0.0,0.0,False,0.0,0.0,True,True,True,5,4
NC,North Carolina,Wake,37183,1190275,919538,2.6,"( 2.3,  2.9)",2.5,"( 2.2,  2.8)",37,3,3,3,3,3,3,True,0.25204259519858857,0.3262507911581686,True,0.25204259519858857,0.3262507911581686,False,False,False,1,5
NC,North Carolina,Warren,37185,18836,15503,6.5,"( 5.8,  7.2)",4.6,"( 4.1,  5.1)",37,0,0,0,0,0,0,False,0.0,0.0,False,0.0,0.0,True,True,True,5,3
NC,North Carolina,Washington,37187,10713,8617,6.8,"( 6.1,  7.5)",4.6,"( 4.2,  5.1)",37,0,0,0,0,0,0,False,0.0,0.0,False,0.0,0.0,True,True,True,5,2
NC,North Carolina,Watauga,37189,54748,48121,3.1,"( 2.7,  3.6)",3.2,"( 2.8,  3.7)",37,0,0,0,0,0,0,False,0.0,0.0,False,0.0,0.0,False,False,True,1,4
NC,North Carolina,Wayne,37191,118686,90368,4.4,"( 3.9,  4.9)",3.8,"( 3.4,  4.3)",37,0,0,0,0,0,0,False,0.0,0.0,False,0.0,0.0,True,True,True,4,5
NC,North Carolina,Wilkes,37193,66013,52999,4.7,"( 4.0,  5.4)",3.5,"( 3.0,  4.0)",37,0,0,0,0,0,0,False,0.0,0.0,False,0.0,0.0,True,True,True,4,4
NC,North Carolina,Wilson,37195,78970,60928,5.2,"( 4.6,  5.8)",4.3,"( 3.8,  4.7)",37,0,0,0,0,0,0,False,0.0,0.0,False,0.0,0.0,True,True,True,5,4
NC,North Carolina,Yadkin,37197,37774,30051,4.3,"( 3.8,  4.9)",3.3,"( 2.9,  3.7)",37,0,0,0,0,0,0,False,0.0,0.0,False,0.0,0.0,True,True,True,4,4
NC,North Carolina,Yancey,37199,18938,15582,4.5,"( 3.9,  5.3)",3.2,"( 2.8,  3.7)",37,0,0,0,0,0,0,False,0.0,0.0,False,0.0,0.0,True,True,True,4,3
ND,North Dakota,Adams,38001,2163,1737,4.8,"( 4.1,  5.7)",3.1,"( 2.7,  3.5)",38,0,0,0,0,0,0,False,0.0,0.0,False,0.0,0.0,True,True,False,5,1
ND,North Dakota,Barnes,38003,10726,8591,3.7,"( 3.2,  4.2)",2.8,"( 2.4,  3.1)",38,0,0,0,0,0,0,False,0.0,0.0,False,0.0,0.0,False,False,False,2,2
ND,North Dakota,Benson,38005,5745,3810,4.8,"( 4.3,  5.4)",4.1,"( 3.7,  4.6)",38,0,0,0,0,0,0,False,0.0,0.0,False,0.0,0.0,True,True,True,5,1
ND,North Dakota,Billings,38007,1034,812,3.9,"( 3.3,  4.6)",2.8,"( 2.4,  3.2)",38,0,0,0,0,0,0,False,0.0,0.0,False,0.0,0.0,False,False,False,3,1
ND,North Dakota,Bottineau,38009,6349,4933,3.9,"( 3.3,  4.4)",2.7,"( 2.4,  3.1)",38,0,0,0,0,0,0,False,0.0,0.0,False,0.0,0.0,False,False,False,3,1
ND,North Dakota,Bowman,38011,2867,2165,3.8,"( 3.3,  4.5)",2.7,"( 2.3,  3.1)",38,0,0,0,0,0,0,False,0.0,0.0,False,0.0,0.0,False,False,False,2,1
ND,North Dakota,Burke,38013,2134,1599,3.5,"( 3.0,  4.1)",2.6,"( 2.2,  2.9)",38,0,0,0,0,0,0,False,0.0,0.0,False,0.0,0.0,False,False,False,2,1
ND,North Dakota,Burleigh,38015,100012,76833,2.9,"( 2.5,  3.4)",2.5,"( 2.2,  2.9)",38,0,0,0,0,0,0,False,0.0,0.0,False,0.0,0.0,False,False,False,1,5
ND,North Dakota,Cass,38017,196362,152955,2.4,"( 2.0,  2.7)",2.5,"( 2.2,  2.9)",38,0,0,0,0,0,0,False,0.0,0.0,False,0.0,0.0,False,False,False,1,5
ND,North Dakota,Cavalier,38019,3596,2772,4.0,"( 3.4,  4.6)",2.6,"( 2.3,  3.0)",38,0,0,0,0,0,0,False,0.0,0.0,False,0.0,0.0,False,False,False,3,1
ND,North Dakota,Dickey,38021,4900,3734,3.6,"( 3.1,  4.1)",2.8,"( 2.5,  3.3)",38,0,0,0,0,0,0,False,0.0,0.0,False,0.0,0.0,False,False,False,2,1
ND,North Dakota,Divide,38023,2135,1615,4.1,"( 3.5,  4.8)",2.8,"( 2.5,  3.3)",38,0,0,0,0,0,0,False,0.0,0.0,False,0.0,0.0,True,True,False,3,1
ND,North Dakota,Dunn,38025,4019,2975,3.6,"( 3.1,  4.0)",2.9,"( 2.5,  3.2)",38,0,0,0,0,0,0,False,0.0,0.0,False,0.0,0.0,False,False,False,2,1
ND,North Dakota,Eddy,38027,2263,1680,4.4,"( 3.8,  5.1)",3.2,"( 2.8,  3.6)",38,0,0,0,0,0,0,False,0.0,0.0,False,0.0,0.0,True,True,True,4,1
ND,North Dakota,Emmons,38029,3224,2561,4.6,"( 3.9,  5.4)",2.9,"( 2.5,  3.4)",38,0,0,0,0,0,0,False,0.0,0.0,False,0.0,0.0,True,True,False,4,1
ND,North Dakota,Foster,38031,3309,2554,3.8,"( 3.3,  4.4)",2.7,"( 2.3,  3.1)",38,0,0,0,0,0,0,False,0.0,0.0,False,0.0,0.0,False,False,False,2,1
ND,North Dakota,Golden Valley,38033,1743,1411,4.5,"( 4.0,  5.2)",3.1,"( 2.7,  3.5)",38,0,0,0,0,0,0,False,0.0,0.0,False,0.0,0.0,True,True,False,4,1
ND,North Dakota,Grand Forks,38035,72708,57336,2.7,"( 2.3,  3.1)",2.8,"( 2.5,  3.2)",38,0,0,0,0,0,0,False,0.0,0.0,False,0.0,0.0,False,False,False,1,4
ND,North Dakota,Grant,38037,2215,1740,5.3,"( 4.5,  6.1)",3.3,"( 2.9,  3.8)",38,0,0,0,0,0,0,False,0.0,0.0,False,0.0,0.0,True,True,True,5,1
ND,North Dakota,Griggs,38039,2248,1789,4.3,"( 3.6,  5.0)",2.7,"( 2.3,  3.0)",38,0,0,0,0,0,0,False,0.0,0.0,False,0.0,0.0,True,True,False,4,1
ND,North Dakota,Hettinger,38041,2415,1825,3.9,"( 3.3,  4.5)",2.8,"( 2.4,  3.2)",38,0,0,0,0,0,0,False,0.0,0.0,False,0.0,0.0,False,False,False,3,1
ND,North Dakota,Kidder,38043,2342,1833,4.3,"( 3.7,  4.8)",2.9,"( 2.5,  3.2)",38,0,0,0,0,0,0,False,0.0,0.0,False,0.0,0.0,True,True,False,4,1
ND,North Dakota,LaMoure,38045,4096,3206,4.2,"( 3.6,  4.9)",2.8,"( 2.4,  3.2)",38,0,0,0,0,0,0,False,0.0,0.0,False,0.0,0.0,True,True,False,3,1
ND,North Dakota,Logan,38047,1869,1414,4.6,"( 3.9,  5.4)",3.1,"( 2.7,  3.5)",38,0,0,0,0,0,0,False,0.0,0.0,False,0.0,0.0,True,True,False,4,1
ND,North Dakota,McHenry,38049,5131,3898,3.8,"( 3.3,  4.4)",2.9,"( 2.5,  3.2)",38,0,0,0,0,0,0,False,0.0,0.0,False,0.0,0.0,False,False,False,2,1
ND,North Dakota,McIntosh,38051,2488,1958,5.0,"( 4.3,  5.9)",3.1,"( 2.8,  3.6)",38,0,0,0,0,0,0,False,0.0,0.0,False,0.0,0.0,True,True,False,5,1
ND,North Dakota,McKenzie,38053,14252,9705,2.8,"( 2.5,  3.1)",2.9,"( 2.6,  3.3)",38,0,0,0,0,0,0,False,0.0,0.0,False,0.0,0.0,False,False,False,1,2
ND,North Dakota,McLean,38055,9832,7747,3.9,"( 3.4,  4.4)",2.7,"( 2.3,  3.0)",38,0,0,0,0,0,0,False,0.0,0.0,False,0.0,0.0,False,False,False,3,2
ND,North Dakota,Mercer,38057,8309,6371,4.0,"( 3.4,  4.6)",2.9,"( 2.6,  3.3)",38,0,0,0,0,0,0,False,0.0,0.0,False,0.0,0.0,False,False,False,3,1
ND,North Dakota,Morton,38059,33895,25862,3.0,"( 2.6,  3.5)",2.6,"( 2.3,  3.0)",38,0,0,0,0,0,0,False,0.0,0.0,False,0.0,0.0,False,False,False,1,3
ND,North Dakota,Mountrail,38061,9383,6651,3.7,"( 3.3,  4.1)",3.4,"( 3.1,  3.9)",38,0,0,0,0,0,0,False,0.0,0.0,False,0.0,0.0,False,False,True,2,2
ND,North Dakota,Nelson,38063,2991,2397,4.0,"( 3.5,  4.7)",2.7,"( 2.3,  3.1)",38,0,0,0,0,0,0,False,0.0,0.0,False,0.0,0.0,False,False,False,3,1
ND,North Dakota,Oliver,38065,1879,1434,3.8,"( 3.3,  4.3)",2.6,"( 2.3,  3.0)",38,0,0,0,0,0,0,False,0.0,0.0,False,0.0,0.0,False,False,False,2,1
ND,North Dakota,Pembina,38067,6661,5261,4.1,"( 3.5,  4.8)",2.9,"( 2.5,  3.3)",38,0,0,0,0,0,0,False,0.0,0.0,False,0.0,0.0,True,True,False,3,1
ND,North Dakota,Pierce,38069,3902,3000,3.9,"( 3.4,  4.6)",2.8,"( 2.4,  3.2)",38,0,0,0,0,0,0,False,0.0,0.0,False,0.0,0.0,False,False,False,3,1
ND,North Dakota,Ramsey,38071,11463,8724,4.0,"( 3.5,  4.7)",3.1,"( 2.7,  3.5)",38,0,0,0,0,0,0,False,0.0,0.0,False,0.0,0.0,False,False,False,3,2
ND,North Dakota,Ransom,38073,5603,4390,3.8,"( 3.3,  4.5)",2.9,"( 2.5,  3.3)",38,0,0,0,0,0,0,False,0.0,0.0,False,0.0,0.0,False,False,False,2,1
ND,North Dakota,Renville,38075,2279,1757,3.5,"( 3.0,  4.0)",2.7,"( 2.3,  3.0)",38,0,0,0,0,0,0,False,0.0,0.0,False,0.0,0.0,False,False,False,2,1
ND,North Dakota,Richland,38077,16558,13011,3.4,"( 3.0,  3.9)",2.8,"( 2.5,  3.2)",38,0,0,0,0,0,0,False,0.0,0.0,False,0.0,0.0,False,False,False,1,2
ND,North Dakota,Rolette,38079,11728,7935,5.0,"( 4.5,  5.6)",4.7,"( 4.2,  5.3)",38,0,0,0,0,0,0,False,0.0,0.0,False,0.0,0.0,True,True,True,5,2
ND,North Dakota,Sargent,38081,3776,2992,3.7,"( 3.2,  4.2)",2.7,"( 2.4,  3.1)",38,0,0,0,0,0,0,False,0.0,0.0,False,0.0,0.0,False,False,False,2,1
ND,North Dakota,Sheridan,38083,1266,1018,5.0,"( 4.2,  5.9)",2.9,"( 2.5,  3.3)",38,0,0,0,0,0,0,False,0.0,0.0,False,0.0,0.0,True,True,False,5,1
ND,North Dakota,Sioux,38085,3643,2396,6.0,"( 5.4,  6.7)",6.1,"( 5.5,  6.8)",38,0,0,0,0,0,0,False,0.0,0.0,False,0.0,0.0,True,True,True,5,1
ND,North Dakota,Slope,38087,674,550,4.9,"( 4.2,  5.7)",3.0,"( 2.6,  3.4)",38,0,0,0,0,0,0,False,0.0,0.0,False,0.0,0.0,True,True,False,5,1
ND,North Dakota,Stark,38089,33001,23903,3.0,"( 2.6,  3.4)",2.8,"( 2.4,  3.2)",38,0,0,0,0,0,0,False,0.0,0.0,False,0.0,0.0,False,False,False,1,3
ND,North Dakota,Steele,38091,1782,1384,4.1,"( 3.5,  4.8)",2.9,"( 2.5,  3.3)",38,0,0,0,0,0,0,False,0.0,0.0,False,0.0,0.0,True,True,False,3,1
ND,North Dakota,Stutsman,38093,21392,17062,3.6,"( 3.1,  4.2)",2.9,"( 2.6,  3.4)",38,0,0,0,0,0,0,False,0.0,0.0,False,0.0,0.0,False,False,False,2,3
ND,North Dakota,Towner,38095,2030,1581,4.9,"( 4.2,  5.7)",3.3,"( 2.9,  3.8)",38,0,0,0,0,0,0,False,0.0,0.0,False,0.0,0.0,True,True,True,5,1
ND,North Dakota,Traill,38097,7908,6099,3.3,"( 2.9,  3.8)",2.6,"( 2.3,  2.9)",38,0,0,0,0,0,0,False,0.0,0.0,False,0.0,0.0,False,False,False,1,1
ND,North Dakota,Walsh,38099,10305,7893,4.1,"( 3.5,  4.7)",3.0,"( 2.6,  3.4)",38,0,0,0,0,0,0,False,0.0,0.0,False,0.0,0.0,True,True,False,3,2
ND,North Dakota,Ward,38101,68332,51945,2.7,"( 2.3,  3.1)",2.6,"( 2.3,  3.0)",38,0,0,0,0,0,0,False,0.0,0.0,False,0.0,0.0,False,False,False,1,4
ND,North Dakota,Wells,38103,3876,3059,4.6,"( 4.0,  5.4)",3.0,"( 2.6,  3.4)",38,0,0,0,0,0,0,False,0.0,0.0,False,0.0,0.0,True,True,False,4,1
ND,North Dakota,Williams,38105,39113,27329,2.7,"( 2.4,  3.0)",2.9,"( 2.5,  3.2)",38,0,0,0,0,0,0,False,0.0,0.0,False,0.0,0.0,False,False,False,1,4
OH,Ohio,Adams,39001,27521,20867,4.6,"( 4.0,  5.2)",3.7,"( 3.3,  4.2)",39,0,0,0,0,0,0,False,0.0,0.0,False,0.0,0.0,True,True,True,4,3
OH,Ohio,Allen,39003,100838,77234,3.9,"( 3.4,  4.4)",3.2,"( 2.8,  3.6)",39,0,0,0,0,0,0,False,0.0,0.0,False,0.0,0.0,False,False,True,3,5
OH,Ohio,Ashland,39005,52190,40545,4.0,"( 3.4,  4.6)",3.2,"( 2.7,  3.6)",39,0,0,0,0,0,0,False,0.0,0.0,False,0.0,0.0,False,False,True,3,4
OH,Ohio,Ashtabula,39007,96845,75784,4.5,"( 4.0,  5.1)",3.6,"( 3.1,  4.0)",39,0,0,0,0,0,0,False,0.0,0.0,False,0.0,0.0,True,True,True,4,4
OH,Ohio,Athens,39009,62706,53669,3.1,"( 2.7,  3.5)",3.4,"( 2.9,  3.8)",39,0,0,0,0,0,0,False,0.0,0.0,False,0.0,0.0,False,False,True,1,4
OH,Ohio,Auglaize,39011,46050,35144,3.5,"( 3.0,  4.0)",2.8,"( 2.4,  3.1)",39,0,0,0,0,0,0,False,0.0,0.0,False,0.0,0.0,False,False,False,2,4
OH,Ohio,Belmont,39013,64918,52858,4.1,"( 3.6,  4.7)",3.2,"( 2.8,  3.7)",39,0,0,0,0,0,0,False,0.0,0.0,False,0.0,0.0,True,True,True,3,4
OH,Ohio,Brown,39015,43777,33846,4.2,"( 3.7,  4.8)",3.3,"( 2.9,  3.8)",39,0,0,0,0,0,0,False,0.0,0.0,False,0.0,0.0,True,True,True,3,4
OH,Ohio,Butler,39017,393043,302288,3.3,"( 2.9,  3.7)",2.9,"( 2.6,  3.3)",39,0,0,0,0,0,0,False,0.0,0.0,False,0.0,0.0,False,False,False,1,5
OH,Ohio,Carroll,39019,26758,21195,4.4,"( 3.8,  5.0)",3.3,"( 2.8,  3.7)",39,0,0,0,0,0,0,False,0.0,0.0,False,0.0,0.0,True,True,True,4,3
OH,Ohio,Champaign,39021,38845,30357,3.6,"( 3.2,  4.2)",2.9,"( 2.6,  3.3)",39,0,0,0,0,0,0,False,0.0,0.0,False,0.0,0.0,False,False,False,2,4
OH,Ohio,Clark,39023,134610,104368,4.2,"( 3.7,  4.7)",3.3,"( 2.9,  3.7)",39,0,0,0,0,0,0,False,0.0,0.0,False,0.0,0.0,True,True,True,3,5
OH,Ohio,Clermont,39025,211972,165743,3.3,"( 2.9,  3.9)",2.8,"( 2.4,  3.2)",39,0,0,0,0,0,0,False,0.0,0.0,False,0.0,0.0,False,False,False,1,5
OH,Ohio,Clinton,39027,41938,32506,3.9,"( 3.4,  4.5)",3.2,"( 2.8,  3.7)",39,0,0,0,0,0,0,False,0.0,0.0,False,0.0,0.0,False,False,True,3,4
OH,Ohio,Columbiana,39029,100182,80055,4.3,"( 3.7,  4.9)",3.3,"( 2.9,  3.7)",39,0,0,0,0,0,0,False,0.0,0.0,False,0.0,0.0,True,True,True,4,5
OH,Ohio,Coshocton,39031,36869,28085,4.5,"( 3.8,  5.1)",3.5,"( 3.0,  4.0)",39,0,0,0,0,0,0,False,0.0,0.0,False,0.0,0.0,True,True,True,4,3
OH,Ohio,Crawford,39033,41529,32618,4.2,"( 3.7,  4.8)",3.3,"( 2.9,  3.7)",39,0,0,0,0,0,0,False,0.0,0.0,False,0.0,0.0,True,True,True,3,4
OH,Ohio,Cuyahoga,39035,1233088,982384,4.0,"( 3.5,  4.5)",3.3,"( 2.9,  3.7)",39,19,15,7,19,15,7,True,1.540847044168786,1.9340705874688513,True,1.540847044168786,1.9340705874688513,False,False,False,3,5
OH,Ohio,Darke,39037,51415,39329,4.1,"( 3.6,  4.6)",3.2,"( 2.8,  3.6)",39,0,0,0,0,0,0,False,0.0,0.0,False,0.0,0.0,True,True,True,3,4
OH,Ohio,Defiance,39039,38315,29722,3.6,"( 3.2,  4.1)",2.9,"( 2.5,  3.3)",39,0,0,0,0,0,0,False,0.0,0.0,False,0.0,0.0,False,False,False,2,4
OH,Ohio,Delaware,39041,231636,175070,2.5,"( 2.2,  2.8)",2.2,"( 1.9,  2.5)",39,0,0,0,0,0,0,False,0.0,0.0,False,0.0,0.0,False,False,False,1,5
OH,Ohio,Erie,39043,74035,59711,4.0,"( 3.5,  4.6)",3.0,"( 2.6,  3.3)",39,0,0,0,0,0,0,False,0.0,0.0,False,0.0,0.0,False,False,False,3,4
OH,Ohio,Fairfield,39045,165360,125997,3.3,"( 2.8,  3.7)",2.8,"( 2.4,  3.2)",39,0,0,0,0,0,0,False,0.0,0.0,False,0.0,0.0,False,False,False,1,5
OH,Ohio,Fayette,39047,28817,22051,4.1,"( 3.6,  4.7)",3.4,"( 3.0,  3.8)",39,0,0,0,0,0,0,False,0.0,0.0,False,0.0,0.0,True,True,True,3,3
OH,Ohio,Franklin,39049,1326063,1019364,3.1,"( 2.8,  3.5)",3.1,"( 2.8,  3.5)",39,14,11,7,17,14,7,True,1.0557567777699852,1.3734053782554612,True,1.2819903730064106,1.6677065307387744,False,False,False,1,5
OH,Ohio,Fulton,39051,42007,32339,3.6,"( 3.1,  4.0)",2.8,"( 2.5,  3.2)",39,0,0,0,0,0,0,False,0.0,0.0,False,0.0,0.0,False,False,False,2,4
OH,Ohio,Gallia,39053,28986,22229,4.4,"( 3.9,  5.1)",3.5,"( 3.1,  4.0)",39,0,0,0,0,0,0,False,0.0,0.0,False,0.0,0.0,True,True,True,4,3
OH,Ohio,Geauga,39055,95407,74443,3.5,"( 2.9,  4.0)",2.5,"( 2.2,  2.9)",39,0,0,0,0,0,0,False,0.0,0.0,False,0.0,0.0,False,False,False,2,4
OH,Ohio,Greene,39057,169691,135071,3.1,"( 2.7,  3.5)",2.7,"( 2.3,  3.0)",39,0,0,0,0,0,0,False,0.0,0.0,False,0.0,0.0,False,False,False,1,5
OH,Ohio,Guernsey,39059,38089,29668,4.3,"( 3.7,  4.9)",3.4,"( 2.9,  3.9)",39,0,0,0,0,0,0,False,0.0,0.0,False,0.0,0.0,True,True,True,4,4
OH,Ohio,Hamilton,39061,827058,638290,3.5,"( 3.1,  4.0)",3.1,"( 2.8,  3.5)",39,14,11,7,15,12,8,True,1.6927470624792942,2.193360384778079,True,1.813657566942101,2.350028983690799,False,False,False,2,5
OH,Ohio,Hancock,39063,74704,58554,3.3,"( 2.9,  3.8)",2.8,"( 2.5,  3.2)",39,0,0,0,0,0,0,False,0.0,0.0,False,0.0,0.0,False,False,False,1,4
OH,Ohio,Hardin,39065,30368,23282,3.6,"( 3.2,  4.2)",3.3,"( 3.0,  3.8)",39,0,0,0,0,0,0,False,0.0,0.0,False,0.0,0.0,False,False,True,2,3
OH,Ohio,Harrison,39067,14159,11246,4.4,"( 3.9,  5.0)",3.3,"( 2.9,  3.7)",39,0,0,0,0,0,0,False,0.0,0.0,False,0.0,0.0,True,True,True,4,2
OH,Ohio,Henry,39069,27520,21192,3.7,"( 3.2,  4.2)",2.9,"( 2.5,  3.3)",39,0,0,0,0,0,0,False,0.0,0.0,False,0.0,0.0,False,False,False,2,3
OH,Ohio,Highland,39071,43614,33239,4.2,"( 3.7,  4.8)",3.4,"( 2.9,  3.8)",39,0,0,0,0,0,0,False,0.0,0.0,False,0.0,0.0,True,True,True,3,4
OH,Ohio,Hocking,39073,27540,21637,4.4,"( 3.9,  5.1)",3.4,"( 3.0,  3.9)",39,0,0,0,0,0,0,False,0.0,0.0,False,0.0,0.0,True,True,True,4,3
OH,Ohio,Holmes,39075,44386,31037,3.9,"( 3.4,  4.5)",3.6,"( 3.1,  4.1)",39,0,0,0,0,0,0,False,0.0,0.0,False,0.0,0.0,False,False,True,3,4
OH,Ohio,Huron,39077,58199,44611,3.8,"( 3.3,  4.3)",3.1,"( 2.7,  3.5)",39,0,0,0,0,0,0,False,0.0,0.0,False,0.0,0.0,False,False,False,2,4
OH,Ohio,Jackson,39079,32606,24867,4.1,"( 3.6,  4.7)",3.5,"( 3.1,  3.9)",39,0,0,0,0,0,0,False,0.0,0.0,False,0.0,0.0,True,True,True,3,3
OH,Ohio,Jefferson,39081,64026,51564,4.2,"( 3.7,  4.8)",3.3,"( 2.9,  3.7)",39,0,0,0,0,0,0,False,0.0,0.0,False,0.0,0.0,True,True,True,3,4
OH,Ohio,Knox,39083,63320,48925,3.6,"( 3.1,  4.1)",2.9,"( 2.6,  3.4)",39,0,0,0,0,0,0,False,0.0,0.0,False,0.0,0.0,False,False,False,2,4
OH,Ohio,Lake,39085,231640,187614,3.5,"( 3.0,  4.0)",2.7,"( 2.4,  3.1)",39,0,0,0,0,0,0,False,0.0,0.0,False,0.0,0.0,False,False,False,2,5
OH,Ohio,Lawrence,39087,56118,44136,4.3,"( 3.7,  4.9)",3.4,"( 3.0,  3.9)",39,0,0,0,0,0,0,False,0.0,0.0,False,0.0,0.0,True,True,True,4,4
OH,Ohio,Licking,39089,183201,141689,3.4,"( 2.9,  3.8)",2.8,"( 2.5,  3.2)",39,0,0,0,0,0,0,False,0.0,0.0,False,0.0,0.0,False,False,False,1,5
OH,Ohio,Logan,39091,46057,35588,3.9,"( 3.4,  4.3)",3.1,"( 2.7,  3.4)",39,0,0,0,0,0,0,False,0.0,0.0,False,0.0,0.0,False,False,False,3,4
OH,Ohio,Lorain,39093,317910,249779,3.7,"( 3.3,  4.2)",3.0,"( 2.6,  3.4)",39,0,0,0,0,0,0,False,0.0,0.0,False,0.0,0.0,False,False,False,2,5
OH,Ohio,Lucas,39095,425484,329145,3.9,"( 3.5,  4.4)",3.4,"( 3.0,  3.8)",39,10,9,5,10,9,5,True,2.3502646397984415,3.0381746646614713,True,2.3502646397984415,3.0381746646614713,False,False,False,3,5
OH,Ohio,Madison,39097,44602,35840,3.4,"( 2.9,  3.8)",3.0,"( 2.6,  3.4)",39,0,0,0,0,0,0,False,0.0,0.0,False,0.0,0.0,False,False,False,1,4
OH,Ohio,Mahoning,39099,225596,179979,4.3,"( 3.8,  4.9)",3.3,"( 2.9,  3.8)",39,0,0,0,0,0,0,False,0.0,0.0,False,0.0,0.0,True,True,True,4,5
OH,Ohio,Marion,39101,64851,50931,4.1,"( 3.6,  4.6)",3.5,"( 3.0,  3.9)",39,4,4,2,4,4,2,True,6.167985073476122,7.853762934165832,True,6.167985073476122,7.853762934165832,False,False,False,3,4
OH,Ohio,Medina,39103,184042,145211,3.2,"( 2.8,  3.8)",2.5,"( 2.2,  2.9)",39,0,0,0,0,0,0,False,0.0,0.0,False,0.0,0.0,False,False,False,1,5
OH,Ohio,Meigs,39105,21767,17309,5.0,"( 4.4,  5.6)",3.8,"( 3.4,  4.3)",39,0,0,0,0,0,0,False,0.0,0.0,False,0.0,0.0,True,True,True,5,3
OH,Ohio,Mercer,39107,42439,31313,3.5,"( 3.0,  3.9)",2.7,"( 2.4,  3.1)",39,0,0,0,0,0,0,False,0.0,0.0,False,0.0,0.0,False,False,False,2,4
OH,Ohio,Miami,39109,110876,85630,3.5,"( 3.1,  4.0)",2.8,"( 2.5,  3.2)",39,0,0,0,0,0,0,False,0.0,0.0,False,0.0,0.0,False,False,False,2,5
OH,Ohio,Monroe,39111,13153,10468,4.8,"( 4.2,  5.4)",3.5,"( 3.1,  3.9)",39,0,0,0,0,0,0,False,0.0,0.0,False,0.0,0.0,True,True,True,5,2
OH,Ohio,Montgomery,39113,533796,415836,3.9,"( 3.4,  4.3)",3.3,"( 2.9,  3.7)",39,1,1,1,1,1,1,True,0.187337484731995,0.24047941977125598,True,0.187337484731995,0.24047941977125598,False,False,False,3,5
OH,Ohio,Morgan,39115,13646,10828,4.6,"( 4.1,  5.2)",3.5,"( 3.1,  3.9)",39,0,0,0,0,0,0,False,0.0,0.0,False,0.0,0.0,True,True,True,4,2
OH,Ohio,Morrow,39117,35595,27894,3.8,"( 3.3,  4.3)",3.0,"( 2.7,  3.4)",39,0,0,0,0,0,0,False,0.0,0.0,False,0.0,0.0,False,False,False,2,3
OH,Ohio,Muskingum,39119,86305,66808,3.9,"( 3.4,  4.5)",3.3,"( 2.8,  3.7)",39,0,0,0,0,0,0,False,0.0,0.0,False,0.0,0.0,False,False,True,3,4
OH,Ohio,Noble,39121,14311,11564,5.4,"( 4.6,  6.2)",3.4,"( 3.0,  3.8)",39,0,0,0,0,0,0,False,0.0,0.0,False,0.0,0.0,True,True,True,5,2
OH,Ohio,Ottawa,39123,39803,32975,3.9,"( 3.3,  4.5)",2.7,"( 2.3,  3.0)",39,0,0,0,0,0,0,False,0.0,0.0,False,0.0,0.0,False,False,False,3,4
OH,Ohio,Paulding,39125,18706,14290,3.9,"( 3.4,  4.5)",3.1,"( 2.7,  3.5)",39,0,0,0,0,0,0,False,0.0,0.0,False,0.0,0.0,False,False,False,3,2
OH,Ohio,Perry,39127,35551,27260,4.0,"( 3.5,  4.6)",3.3,"( 2.9,  3.8)",39,0,0,0,0,0,0,False,0.0,0.0,False,0.0,0.0,False,False,True,3,3
OH,Ohio,Pickaway,39129,61086,47959,3.5,"( 3.0,  4.0)",3.1,"( 2.7,  3.5)",39,0,0,0,0,0,0,False,0.0,0.0,False,0.0,0.0,False,False,False,2,4
OH,Ohio,Pike,39131,27001,20683,4.8,"( 4.2,  5.5)",3.9,"( 3.4,  4.4)",39,0,0,0,0,0,0,False,0.0,0.0,False,0.0,0.0,True,True,True,5,3
OH,Ohio,Portage,39133,162665,133435,3.3,"( 2.9,  3.7)",2.9,"( 2.5,  3.3)",39,0,0,0,0,0,0,False,0.0,0.0,False,0.0,0.0,False,False,False,1,5
OH,Ohio,Preble,39135,40556,31595,3.8,"( 3.3,  4.3)",3.0,"( 2.6,  3.3)",39,0,0,0,0,0,0,False,0.0,0.0,False,0.0,0.0,False,False,False,2,4
OH,Ohio,Putnam,39137,34199,25492,3.3,"( 2.9,  3.8)",2.6,"( 2.3,  3.0)",39,0,0,0,0,0,0,False,0.0,0.0,False,0.0,0.0,False,False,False,1,3
OH,Ohio,Richland,39139,125064,97954,4.1,"( 3.6,  4.7)",3.4,"( 3.0,  3.8)",39,0,0,0,0,0,0,False,0.0,0.0,False,0.0,0.0,True,True,True,3,5
OH,Ohio,Ross,39141,76501,60465,4.1,"( 3.6,  4.7)",3.4,"( 3.0,  3.9)",39,0,0,0,0,0,0,False,0.0,0.0,False,0.0,0.0,True,True,True,3,4
OH,Ohio,Sandusky,39143,58709,46050,3.9,"( 3.4,  4.4)",3.1,"( 2.7,  3.4)",39,0,0,0,0,0,0,False,0.0,0.0,False,0.0,0.0,False,False,False,3,4
OH,Ohio,Scioto,39145,71969,56470,4.4,"( 3.8,  5.0)",3.7,"( 3.2,  4.2)",39,0,0,0,0,0,0,False,0.0,0.0,False,0.0,0.0,True,True,True,4,4
OH,Ohio,Seneca,39147,54527,42948,3.6,"( 3.2,  4.1)",3.0,"( 2.6,  3.4)",39,0,0,0,0,0,0,False,0.0,0.0,False,0.0,0.0,False,False,False,2,4
OH,Ohio,Shelby,39149,47765,36087,3.7,"( 3.3,  4.3)",3.1,"( 2.7,  3.5)",39,0,0,0,0,0,0,False,0.0,0.0,False,0.0,0.0,False,False,False,2,4
OH,Ohio,Stark,39151,372716,292739,3.9,"( 3.4,  4.4)",3.1,"( 2.7,  3.5)",39,2,2,1,2,2,1,True,0.5366015947799397,0.6832024431319367,True,0.5366015947799397,0.6832024431319367,False,False,False,3,5
OH,Ohio,Summit,39153,535733,425767,3.6,"( 3.2,  4.1)",3.0,"( 2.6,  3.4)",39,3,3,3,3,3,3,True,0.5599804380166986,0.7046107377979035,True,0.5599804380166986,0.7046107377979035,False,False,False,2,5
OH,Ohio,Trumbull,39155,200373,159197,4.4,"( 3.9,  5.1)",3.4,"( 3.0,  3.8)",39,0,0,0,0,0,0,False,0.0,0.0,False,0.0,0.0,True,True,True,4,5
OH,Ohio,Tuscarawas,39157,91874,70742,4.0,"( 3.5,  4.6)",3.2,"( 2.8,  3.6)",39,0,0,0,0,0,0,False,0.0,0.0,False,0.0,0.0,False,False,True,3,4
OH,Ohio,Union,39159,69637,53037,2.6,"( 2.2,  2.9)",2.4,"( 2.1,  2.8)",39,0,0,0,0,0,0,False,0.0,0.0,False,0.0,0.0,False,False,False,1,4
OH,Ohio,Van Wert,39161,28704,22097,3.7,"( 3.3,  4.2)",2.9,"( 2.6,  3.3)",39,0,0,0,0,0,0,False,0.0,0.0,False,0.0,0.0,False,False,False,2,3
OH,Ohio,Vinton,39163,12474,9815,4.4,"( 3.8,  5.0)",3.5,"( 3.1,  4.0)",39,0,0,0,0,0,0,False,0.0,0.0,False,0.0,0.0,True,True,True,4,2
OH,Ohio,Warren,39165,252148,192654,2.8,"( 2.4,  3.2)",2.4,"( 2.1,  2.7)",39,0,0,0,0,0,0,False,0.0,0.0,False,0.0,0.0,False,False,False,1,5
OH,Ohio,Washington,39167,58577,47177,4.1,"( 3.6,  4.6)",3.1,"( 2.7,  3.5)",39,0,0,0,0,0,0,False,0.0,0.0,False,0.0,0.0,True,True,False,3,4
OH,Ohio,Wayne,39169,116510,88780,3.7,"( 3.2,  4.2)",3.0,"( 2.6,  3.4)",39,1,1,1,1,1,1,True,0.8582954252853833,1.1263798152737103,True,0.8582954252853833,1.1263798152737103,False,False,False,2,5
OH,Ohio,Williams,39171,36591,28607,4.0,"( 3.5,  4.5)",3.2,"( 2.8,  3.6)",39,0,0,0,0,0,0,False,0.0,0.0,False,0.0,0.0,False,False,True,3,3
OH,Ohio,Wood,39173,132650,106092,2.9,"( 2.5,  3.4)",2.8,"( 2.4,  3.2)",39,0,0,0,0,0,0,False,0.0,0.0,False,0.0,0.0,False,False,False,1,5
OH,Ohio,Wyandot,39175,21457,16768,3.6,"( 3.2,  4.1)",2.8,"( 2.5,  3.2)",39,0,0,0,0,0,0,False,0.0,0.0,False,0.0,0.0,False,False,False,2,3
OK,Oklahoma,Adair,40001,19627,14357,5.3,"( 4.8,  5.8)",4.6,"( 4.2,  5.0)",40,0,0,0,0,0,0,False,0.0,0.0,False,0.0,0.0,True,True,True,5,3
OK,Oklahoma,Alfalfa,40003,5673,4620,4.0,"( 3.5,  4.6)",3.2,"( 2.8,  3.7)",40,0,0,0,0,0,0,False,0.0,0.0,False,0.0,0.0,False,False,True,3,1
OK,Oklahoma,Atoka,40005,14525,11475,4.6,"( 4.1,  5.2)",3.9,"( 3.5,  4.4)",40,0,0,0,0,0,0,False,0.0,0.0,False,0.0,0.0,True,True,True,4,2
OK,Oklahoma,Beaver,40007,5018,3798,4.1,"( 3.6,  4.7)",3.2,"( 2.8,  3.6)",40,0,0,0,0,0,0,False,0.0,0.0,False,0.0,0.0,True,True,True,3,1
OK,Oklahoma,Beckham,40009,22042,16887,4.0,"( 3.5,  4.6)",3.8,"( 3.3,  4.2)",40,0,0,0,0,0,0,False,0.0,0.0,False,0.0,0.0,False,False,True,3,3
OK,Oklahoma,Blaine,40011,8539,6321,4.3,"( 3.8,  4.9)",3.4,"( 3.0,  3.8)",40,0,0,0,0,0,0,False,0.0,0.0,False,0.0,0.0,True,True,True,4,1
OK,Oklahoma,Bryan,40013,48967,37465,4.2,"( 3.6,  4.7)",3.7,"( 3.2,  4.1)",40,0,0,0,0,0,0,False,0.0,0.0,False,0.0,0.0,True,True,True,3,4
OK,Oklahoma,Caddo,40015,26214,20174,4.3,"( 3.9,  4.8)",4.0,"( 3.6,  4.4)",40,0,0,0,0,0,0,False,0.0,0.0,False,0.0,0.0,True,True,True,4,3
OK,Oklahoma,Canadian,40017,175829,131131,2.8,"( 2.5,  3.2)",2.7,"( 2.4,  3.1)",40,0,0,0,0,0,0,False,0.0,0.0,False,0.0,0.0,False,False,False,1,5
OK,Oklahoma,Carter,40019,48596,36523,4.0,"( 3.6,  4.6)",3.5,"( 3.1,  3.9)",40,0,0,0,0,0,0,False,0.0,0.0,False,0.0,0.0,False,False,True,3,4
OK,Oklahoma,Cherokee,40021,48185,37972,4.2,"( 3.8,  4.7)",3.8,"( 3.4,  4.2)",40,0,0,0,0,0,0,False,0.0,0.0,False,0.0,0.0,True,True,True,3,4
OK,Oklahoma,Choctaw,40023,14276,10723,5.3,"( 4.8,  5.9)",4.1,"( 3.7,  4.5)",40,0,0,0,0,0,0,False,0.0,0.0,False,0.0,0.0,True,True,True,5,2
OK,Oklahoma,Cimarron,40025,2191,1605,4.1,"( 3.5,  4.8)",2.8,"( 2.4,  3.2)",40,0,0,0,0,0,0,False,0.0,0.0,False,0.0,0.0,True,True,False,3,1
OK,Oklahoma,Cleveland,40027,301193,240814,3.0,"( 2.6,  3.4)",2.9,"( 2.6,  3.3)",40,0,0,0,0,0,0,False,0.0,0.0,False,0.0,0.0,False,False,False,1,5
OK,Oklahoma,Coal,40029,5266,4013,5.4,"( 4.9,  6.1)",4.3,"( 3.9,  4.7)",40,0,0,0,0,0,0,False,0.0,0.0,False,0.0,0.0,True,True,True,5,1
OK,Oklahoma,Comanche,40031,121574,92715,3.6,"( 3.2,  4.0)",3.5,"( 3.2,  3.9)",40,0,0,0,0,0,0,False,0.0,0.0,False,0.0,0.0,False,False,True,2,5
OK,Oklahoma,Cotton,40033,5427,4179,4.7,"( 4.1,  5.3)",3.6,"( 3.2,  4.1)",40,0,0,0,0,0,0,False,0.0,0.0,False,0.0,0.0,True,True,True,4,1
OK,Oklahoma,Craig,40035,14494,11115,5.1,"( 4.5,  5.7)",4.1,"( 3.7,  4.5)",40,0,0,0,0,0,0,False,0.0,0.0,False,0.0,0.0,True,True,True,5,2
OK,Oklahoma,Creek,40037,73332,56335,4.1,"( 3.6,  4.6)",3.3,"( 3.0,  3.8)",40,0,0,0,0,0,0,False,0.0,0.0,False,0.0,0.0,True,True,True,3,4
OK,Oklahoma,Custer,40039,28266,21204,3.4,"( 3.0,  3.9)",3.4,"( 3.0,  3.8)",40,0,0,0,0,0,0,False,0.0,0.0,False,0.0,0.0,False,False,True,1,3
OK,Oklahoma,Delaware,40041,41703,33484,5.3,"( 4.7,  5.9)",3.8,"( 3.4,  4.2)",40,0,0,0,0,0,0,False,0.0,0.0,False,0.0,0.0,True,True,True,5,4
OK,Oklahoma,Dewey,40043,4286,3145,4.1,"( 3.6,  4.7)",3.3,"( 2.9,  3.7)",40,0,0,0,0,0,0,False,0.0,0.0,False,0.0,0.0,True,True,True,3,1
OK,Oklahoma,Ellis,40045,3648,2849,4.4,"( 3.8,  5.0)",3.2,"( 2.8,  3.6)",40,0,0,0,0,0,0,False,0.0,0.0,False,0.0,0.0,True,True,True,4,1
OK,Oklahoma,Garfield,40047,62023,46027,3.7,"( 3.3,  4.2)",3.2,"( 2.9,  3.7)",40,0,0,0,0,0,0,False,0.0,0.0,False,0.0,0.0,False,False,True,2,4
OK,Oklahoma,Garvin,40049,25865,19354,4.2,"( 3.7,  4.8)",3.5,"( 3.1,  4.0)",40,0,0,0,0,0,0,False,0.0,0.0,False,0.0,0.0,True,True,True,3,3
OK,Oklahoma,Grady,40051,57375,44065,3.6,"( 3.1,  4.0)",3.1,"( 2.7,  3.5)",40,0,0,0,0,0,0,False,0.0,0.0,False,0.0,0.0,False,False,False,2,4
OK,Oklahoma,Grant,40053,4083,3090,4.3,"( 3.7,  4.9)",3.2,"( 2.8,  3.6)",40,0,0,0,0,0,0,False,0.0,0.0,False,0.0,0.0,True,True,True,4,1
OK,Oklahoma,Greer,40055,5466,4363,3.9,"( 3.4,  4.4)",3.4,"( 3.0,  3.8)",40,0,0,0,0,0,0,False,0.0,0.0,False,0.0,0.0,False,False,True,3,1
OK,Oklahoma,Harmon,40057,2392,1769,4.8,"( 4.3,  5.5)",3.7,"( 3.4,  4.2)",40,0,0,0,0,0,0,False,0.0,0.0,False,0.0,0.0,True,True,True,5,1
OK,Oklahoma,Harper,40059,3190,2450,4.1,"( 3.6,  4.8)",3.2,"( 2.8,  3.7)",40,0,0,0,0,0,0,False,0.0,0.0,False,0.0,0.0,True,True,True,3,1
OK,Oklahoma,Haskell,40061,11832,9053,4.9,"( 4.3,  5.4)",3.8,"( 3.4,  4.2)",40,0,0,0,0,0,0,False,0.0,0.0,False,0.0,0.0,True,True,True,5,2
OK,Oklahoma,Hughes,40063,13436,10505,4.7,"( 4.2,  5.3)",4.0,"( 3.6,  4.5)",40,0,0,0,0,0,0,False,0.0,0.0,False,0.0,0.0,True,True,True,4,2
OK,Oklahoma,Jackson,40065,24669,18482,3.7,"( 3.3,  4.2)",3.4,"( 3.0,  3.8)",40,0,0,0,0,0,0,False,0.0,0.0,False,0.0,0.0,False,False,True,2,3
OK,Oklahoma,Jefferson,40067,5347,4030,5.1,"( 4.5,  5.7)",3.9,"( 3.5,  4.4)",40,0,0,0,0,0,0,False,0.0,0.0,False,0.0,0.0,True,True,True,5,1
OK,Oklahoma,Johnston,40069,10216,7851,4.8,"( 4.2,  5.4)",4.0,"( 3.6,  4.5)",40,0,0,0,0,0,0,False,0.0,0.0,False,0.0,0.0,True,True,True,5,2
OK,Oklahoma,Kay,40071,43641,32842,4.3,"( 3.8,  4.9)",3.5,"( 3.2,  4.0)",40,0,0,0,0,0,0,False,0.0,0.0,False,0.0,0.0,True,True,True,4,4
OK,Oklahoma,Kingfisher,40073,15481,11404,3.6,"( 3.1,  4.1)",3.0,"( 2.7,  3.4)",40,0,0,0,0,0,0,False,0.0,0.0,False,0.0,0.0,False,False,False,2,2
OK,Oklahoma,Kiowa,40075,8398,6366,5.1,"( 4.5,  5.7)",3.9,"( 3.5,  4.4)",40,0,0,0,0,0,0,False,0.0,0.0,False,0.0,0.0,True,True,True,5,1
OK,Oklahoma,Latimer,40077,9526,7375,5.5,"( 4.9,  6.1)",4.2,"( 3.8,  4.7)",40,0,0,0,0,0,0,False,0.0,0.0,False,0.0,0.0,True,True,True,5,2
OK,Oklahoma,Le Flore,40079,49596,37373,4.7,"( 4.1,  5.2)",3.9,"( 3.5,  4.4)",40,0,0,0,0,0,0,False,0.0,0.0,False,0.0,0.0,True,True,True,4,4
OK,Oklahoma,Lincoln,40081,34562,26523,4.3,"( 3.9,  4.9)",3.5,"( 3.1,  3.9)",40,0,0,0,0,0,0,False,0.0,0.0,False,0.0,0.0,True,True,True,4,3
OK,Oklahoma,Logan,40083,53029,41523,3.5,"( 3.1,  4.0)",3.0,"( 2.7,  3.4)",40,0,0,0,0,0,0,False,0.0,0.0,False,0.0,0.0,False,False,False,2,4
OK,Oklahoma,Love,40085,10296,7849,4.3,"( 3.8,  4.8)",3.5,"( 3.1,  3.9)",40,0,0,0,0,0,0,False,0.0,0.0,False,0.0,0.0,True,True,True,4,2
OK,Oklahoma,McClain,40087,47072,35436,3.3,"( 2.9,  3.8)",2.9,"( 2.6,  3.3)",40,0,0,0,0,0,0,False,0.0,0.0,False,0.0,0.0,False,False,False,1,4
OK,Oklahoma,McCurtain,40089,30660,22566,4.8,"( 4.2,  5.3)",4.0,"( 3.6,  4.5)",40,0,0,0,0,0,0,False,0.0,0.0,False,0.0,0.0,True,True,True,5,3
OK,Oklahoma,McIntosh,40091,19603,15584,5.6,"( 5.0,  6.3)",4.1,"( 3.6,  4.5)",40,0,0,0,0,0,0,False,0.0,0.0,False,0.0,0.0,True,True,True,5,3
OK,Oklahoma,Major,40093,7581,5641,4.1,"( 3.6,  4.7)",3.1,"( 2.7,  3.5)",40,0,0,0,0,0,0,False,0.0,0.0,False,0.0,0.0,True,True,False,3,1
OK,Oklahoma,Marshall,40095,15970,12272,4.8,"( 4.3,  5.5)",3.6,"( 3.2,  4.0)",40,0,0,0,0,0,0,False,0.0,0.0,False,0.0,0.0,True,True,True,5,2
OK,Oklahoma,Mayes,40097,39889,30559,4.5,"( 4.0,  5.0)",3.7,"( 3.3,  4.1)",40,0,0,0,0,0,0,False,0.0,0.0,False,0.0,0.0,True,True,True,4,4
OK,Oklahoma,Murray,40099,13754,10683,4.4,"( 3.9,  4.9)",3.4,"( 3.0,  3.8)",40,0,0,0,0,0,0,False,0.0,0.0,False,0.0,0.0,True,True,True,4,2
OK,Oklahoma,Muskogee,40101,66677,50493,4.6,"( 4.1,  5.1)",4.0,"( 3.6,  4.5)",40,0,0,0,0,0,0,False,0.0,0.0,False,0.0,0.0,True,True,True,4,4
OK,Oklahoma,Noble,40103,10832,8403,4.1,"( 3.6,  4.7)",3.2,"( 2.8,  3.5)",40,0,0,0,0,0,0,False,0.0,0.0,False,0.0,0.0,True,True,True,3,2
OK,Oklahoma,Nowata,40105,9438,7235,4.7,"( 4.2,  5.2)",3.7,"( 3.3,  4.1)",40,0,0,0,0,0,0,False,0.0,0.0,False,0.0,0.0,True,True,True,4,2
OK,Oklahoma,Okfuskee,40107,11300,8773,5.4,"( 4.8,  6.0)",4.5,"( 4.0,  5.0)",40,0,0,0,0,0,0,False,0.0,0.0,False,0.0,0.0,True,True,True,5,2
OK,Oklahoma,Oklahoma,40109,808866,605014,3.5,"( 3.1,  3.9)",3.3,"( 2.9,  3.7)",40,9,8,8,9,8,8,True,1.1126688474976079,1.4875688827035407,True,1.1126688474976079,1.4875688827035407,False,False,False,2,5
OK,Oklahoma,Okmulgee,40111,37035,28317,4.6,"( 4.1,  5.1)",3.9,"( 3.5,  4.3)",40,0,0,0,0,0,0,False,0.0,0.0,False,0.0,0.0,True,True,True,4,4
OK,Oklahoma,Osage,40113,46130,36541,4.5,"( 4.1,  5.1)",3.5,"( 3.2,  3.9)",40,0,0,0,0,0,0,False,0.0,0.0,False,0.0,0.0,True,True,True,4,4
OK,Oklahoma,Ottawa,40115,30287,22537,4.7,"( 4.2,  5.3)",4.0,"( 3.6,  4.5)",40,0,0,0,0,0,0,False,0.0,0.0,False,0.0,0.0,True,True,True,4,3
OK,Oklahoma,Pawnee,40117,15864,12110,4.4,"( 3.9,  5.0)",3.5,"( 3.1,  3.9)",40,0,0,0,0,0,0,False,0.0,0.0,False,0.0,0.0,True,True,True,4,2
OK,Oklahoma,Payne,40119,83352,68128,2.9,"( 2.6,  3.3)",3.4,"( 3.0,  3.8)",40,0,0,0,0,0,0,False,0.0,0.0,False,0.0,0.0,False,False,True,1,4
OK,Oklahoma,Pittsburg,40121,43479,33556,4.5,"( 4.0,  5.1)",3.6,"( 3.3,  4.1)",40,0,0,0,0,0,0,False,0.0,0.0,False,0.0,0.0,True,True,True,4,4
OK,Oklahoma,Pontotoc,40123,38396,28720,3.8,"( 3.3,  4.2)",3.2,"( 2.9,  3.6)",40,0,0,0,0,0,0,False,0.0,0.0,False,0.0,0.0,False,False,True,2,4
OK,Oklahoma,Pottawatomie,40125,73791,56848,3.9,"( 3.5,  4.4)",3.5,"( 3.1,  3.9)",40,0,0,0,0,0,0,False,0.0,0.0,False,0.0,0.0,False,False,True,3,4
OK,Oklahoma,Pushmataha,40127,10800,8446,5.6,"( 5.0,  6.3)",4.2,"( 3.8,  4.7)",40,0,0,0,0,0,0,False,0.0,0.0,False,0.0,0.0,True,True,True,5,2
OK,Oklahoma,Roger Mills,40129,3295,2502,4.5,"( 3.9,  5.1)",3.4,"( 2.9,  3.8)",40,0,0,0,0,0,0,False,0.0,0.0,False,0.0,0.0,True,True,True,4,1
OK,Oklahoma,Rogers,40131,100248,77057,3.6,"( 3.2,  4.0)",3.0,"( 2.7,  3.4)",40,0,0,0,0,0,0,False,0.0,0.0,False,0.0,0.0,False,False,False,2,5
OK,Oklahoma,Seminole,40133,23565,17848,5.0,"( 4.5,  5.6)",4.2,"( 3.7,  4.6)",40,0,0,0,0,0,0,False,0.0,0.0,False,0.0,0.0,True,True,True,5,3
OK,Oklahoma,Sequoyah,40135,40291,30639,5.1,"( 4.6,  5.7)",4.2,"( 3.8,  4.6)",40,0,0,0,0,0,0,False,0.0,0.0,False,0.0,0.0,True,True,True,5,4
OK,Oklahoma,Stephens,40137,44014,33994,4.4,"( 3.9,  5.0)",3.5,"( 3.1,  3.9)",40,0,0,0,0,0,0,False,0.0,0.0,False,0.0,0.0,True,True,True,4,4
OK,Oklahoma,Texas,40139,20371,14549,3.5,"( 3.1,  3.9)",3.5,"( 3.1,  3.9)",40,0,0,0,0,0,0,False,0.0,0.0,False,0.0,0.0,False,False,True,2,3
OK,Oklahoma,Tillman,40141,6869,5259,4.7,"( 4.1,  5.3)",3.6,"( 3.2,  4.0)",40,0,0,0,0,0,0,False,0.0,0.0,False,0.0,0.0,True,True,True,4,1
OK,Oklahoma,Tulsa,40143,682868,513124,3.4,"( 3.0,  3.9)",3.2,"( 2.8,  3.6)",40,7,6,5,8,7,5,True,1.0250883040353334,1.364192670777434,True,1.1715294903260953,1.559077338031353,False,False,False,1,5
OK,Oklahoma,Wagoner,40145,89280,68338,3.5,"( 3.1,  3.9)",3.0,"( 2.7,  3.4)",40,0,0,0,0,0,0,False,0.0,0.0,False,0.0,0.0,False,False,False,2,4
OK,Oklahoma,Washington,40147,53706,40761,4.1,"( 3.6,  4.7)",3.3,"( 2.9,  3.7)",40,0,0,0,0,0,0,False,0.0,0.0,False,0.0,0.0,True,True,True,3,4
OK,Oklahoma,Washita,40149,10736,8159,4.1,"( 3.6,  4.7)",3.3,"( 2.8,  3.7)",40,0,0,0,0,0,0,False,0.0,0.0,False,0.0,0.0,True,True,True,3,2
OK,Oklahoma,Woods,40151,8564,6777,3.5,"( 3.0,  4.0)",3.2,"( 2.8,  3.6)",40,0,0,0,0,0,0,False,0.0,0.0,False,0.0,0.0,False,False,True,2,1
OK,Oklahoma,Woodward,40153,19947,15150,3.7,"( 3.3,  4.2)",3.2,"( 2.8,  3.6)",40,0,0,0,0,0,0,False,0.0,0.0,False,0.0,0.0,False,False,True,2,3
OR,Oregon,Baker,41001,16912,13632,4.4,"( 3.8,  5.1)",3.0,"( 2.6,  3.5)",41,0,0,0,0,0,0,False,0.0,0.0,False,0.0,0.0,True,True,False,4,2
OR,Oregon,Benton,41003,97713,82818,2.8,"( 2.5,  3.3)",2.8,"( 2.4,  3.1)",41,0,0,0,0,0,0,False,0.0,0.0,False,0.0,0.0,False,False,False,1,5
OR,Oregon,Clackamas,41005,423173,336240,3.1,"( 2.7,  3.5)",2.5,"( 2.2,  2.8)",41,0,0,0,0,0,0,False,0.0,0.0,False,0.0,0.0,False,False,False,1,5
OR,Oregon,Clatsop,41007,41102,33906,4.0,"( 3.4,  4.6)",2.9,"( 2.6,  3.3)",41,0,0,0,0,0,0,False,0.0,0.0,False,0.0,0.0,False,False,False,3,4
OR,Oregon,Columbia,41009,53880,43031,3.7,"( 3.2,  4.2)",2.9,"( 2.6,  3.3)",41,0,0,0,0,0,0,False,0.0,0.0,False,0.0,0.0,False,False,False,2,4
OR,Oregon,Coos,41011,64212,53139,4.7,"( 4.1,  5.4)",3.3,"( 2.9,  3.7)",41,0,0,0,0,0,0,False,0.0,0.0,False,0.0,0.0,True,True,True,4,4
OR,Oregon,Crook,41013,26952,21698,3.9,"( 3.4,  4.5)",2.8,"( 2.5,  3.2)",41,0,0,0,0,0,0,False,0.0,0.0,False,0.0,0.0,False,False,False,3,3
OR,Oregon,Curry,41015,23296,20052,5.2,"( 4.5,  6.0)",3.1,"( 2.7,  3.5)",41,0,0,0,0,0,0,False,0.0,0.0,False,0.0,0.0,True,True,False,5,3
OR,Oregon,Deschutes,41017,208513,169747,3.2,"( 2.7,  3.7)",2.5,"( 2.2,  2.9)",41,0,0,0,0,0,0,False,0.0,0.0,False,0.0,0.0,False,False,False,1,5
OR,Oregon,Douglas,41019,112435,90938,4.5,"( 4.0,  5.2)",3.2,"( 2.9,  3.6)",41,0,0,0,0,0,0,False,0.0,0.0,False,0.0,0.0,True,True,True,4,5
OR,Oregon,Gilliam,41021,2026,1628,4.9,"( 4.1,  5.7)",3.2,"( 2.8,  3.7)",41,0,0,0,0,0,0,False,0.0,0.0,False,0.0,0.0,True,True,True,5,1
OR,Oregon,Grant,41023,7215,5880,4.9,"( 4.3,  5.7)",3.2,"( 2.8,  3.6)",41,0,0,0,0,0,0,False,0.0,0.0,False,0.0,0.0,True,True,True,5,1
OR,Oregon,Harney,41025,7440,5975,4.9,"( 4.4,  5.6)",3.4,"( 3.1,  3.9)",41,0,0,0,0,0,0,False,0.0,0.0,False,0.0,0.0,True,True,True,5,1
OR,Oregon,Hood River,41027,23745,18605,3.2,"( 2.8,  3.7)",2.7,"( 2.3,  3.1)",41,0,0,0,0,0,0,False,0.0,0.0,False,0.0,0.0,False,False,False,1,3
OR,Oregon,Jackson,41029,220768,176206,3.8,"( 3.3,  4.4)",2.9,"( 2.5,  3.3)",41,0,0,0,0,0,0,False,0.0,0.0,False,0.0,0.0,False,False,False,2,5
OR,Oregon,Jefferson,41031,25454,19812,3.9,"( 3.5,  4.4)",3.2,"( 2.8,  3.6)",41,0,0,0,0,0,0,False,0.0,0.0,False,0.0,0.0,False,False,True,3,3
OR,Oregon,Josephine,41033,87821,70969,4.9,"( 4.2,  5.5)",3.4,"( 3.0,  3.8)",41,0,0,0,0,0,0,False,0.0,0.0,False,0.0,0.0,True,True,True,5,4
OR,Oregon,Klamath,41035,70003,54838,4.3,"( 3.8,  4.9)",3.3,"( 3.0,  3.8)",41,0,0,0,0,0,0,False,0.0,0.0,False,0.0,0.0,True,True,True,4,4
OR,Oregon,Lake,41037,8293,6626,4.7,"( 4.1,  5.4)",3.4,"( 3.0,  3.8)",41,0,0,0,0,0,0,False,0.0,0.0,False,0.0,0.0,True,True,True,4,1
OR,Oregon,Lane,41039,381181,315520,3.6,"( 3.1,  4.0)",3.0,"( 2.6,  3.4)",41,1,1,1,1,1,1,True,0.26234256167017767,0.3169371196754564,True,0.26234256167017767,0.3169371196754564,False,False,False,2,5
OR,Oregon,Lincoln,41041,50821,43034,4.7,"( 4.0,  5.4)",3.1,"( 2.7,  3.5)",41,0,0,0,0,0,0,False,0.0,0.0,False,0.0,0.0,True,True,False,4,4
OR,Oregon,Linn,41043,131496,102778,3.7,"( 3.2,  4.2)",3.1,"( 2.7,  3.4)",41,0,0,0,0,0,0,False,0.0,0.0,False,0.0,0.0,False,False,False,2,5
OR,Oregon,Malheur,41045,32044,23797,4.0,"( 3.6,  4.6)",3.6,"( 3.1,  4.0)",41,0,0,0,0,0,0,False,0.0,0.0,False,0.0,0.0,False,False,True,3,3
OR,Oregon,Marion,41047,346741,266110,3.5,"( 3.0,  3.9)",3.1,"( 2.7,  3.5)",41,0,0,0,0,0,0,False,0.0,0.0,False,0.0,0.0,False,False,False,2,5
OR,Oregon,Morrow,41049,12302,8929,4.1,"( 3.7,  4.7)",3.6,"( 3.2,  4.0)",41,0,0,0,0,0,0,False,0.0,0.0,False,0.0,0.0,True,True,True,3,2
OR,Oregon,Multnomah,41051,789698,653269,2.7,"( 2.4,  3.1)",2.7,"( 2.4,  3.1)",41,9,8,6,10,9,7,True,1.1396761800080537,1.377686680372098,True,1.2663068666756152,1.5307629781912198,False,False,False,1,5
OR,Oregon,Polk,41053,89805,70598,3.4,"( 2.9,  3.8)",2.9,"( 2.5,  3.3)",41,0,0,0,0,0,0,False,0.0,0.0,False,0.0,0.0,False,False,False,1,4
OR,Oregon,Sherman,41055,1951,1533,4.7,"( 4.1,  5.4)",3.3,"( 2.9,  3.7)",41,0,0,0,0,0,0,False,0.0,0.0,False,0.0,0.0,True,True,True,4,1
OR,Oregon,Tillamook,41057,27417,22499,4.3,"( 3.7,  5.0)",3.0,"( 2.6,  3.4)",41,0,0,0,0,0,0,False,0.0,0.0,False,0.0,0.0,True,True,False,4,3
OR,Oregon,Umatilla,41059,80053,60628,3.6,"( 3.2,  4.1)",3.2,"( 2.9,  3.6)",41,0,0,0,0,0,0,False,0.0,0.0,False,0.0,0.0,False,False,True,2,4
OR,Oregon,Union,41061,25944,20317,3.9,"( 3.4,  4.5)",3.1,"( 2.7,  3.6)",41,0,0,0,0,0,0,False,0.0,0.0,False,0.0,0.0,False,False,False,3,3
OR,Oregon,Wallowa,41063,7674,6171,4.1,"( 3.4,  4.8)",2.7,"( 2.3,  3.2)",41,0,0,0,0,0,0,False,0.0,0.0,False,0.0,0.0,True,True,False,3,1
OR,Oregon,Wasco,41065,26333,20804,4.0,"( 3.5,  4.6)",3.2,"( 2.8,  3.6)",41,0,0,0,0,0,0,False,0.0,0.0,False,0.0,0.0,False,False,True,3,3
OR,Oregon,Washington,41067,598865,472361,2.6,"( 2.3,  3.0)",2.4,"( 2.1,  2.8)",41,0,0,0,0,0,0,False,0.0,0.0,False,0.0,0.0,False,False,False,1,5
OR,Oregon,Wheeler,41069,1436,1267,5.6,"( 4.9,  6.4)",3.3,"( 2.9,  3.7)",41,0,0,0,0,0,0,False,0.0,0.0,False,0.0,0.0,True,True,True,5,1
OR,Oregon,Yamhill,41071,108644,86173,3.3,"( 2.8,  3.8)",2.8,"( 2.5,  3.2)",41,0,0,0,0,0,0,False,0.0,0.0,False,0.0,0.0,False,False,False,1,5
PA,Pennsylvania,Adams,42001,106748,86261,,,,,42,0,0,0,0,0,0,False,0.0,0.0,False,0.0,0.0,,,,,5
PA,Pennsylvania,Allegheny,42003,1224825,998667,,,,,42,24,23,10,26,25,12,True,1.9594635968403649,2.403203470225811,True,2.1227522299103954,2.603470426077962,,,,,5
PA,Pennsylvania,Armstrong,42005,64074,52021,,,,,42,0,0,0,0,0,0,False,0.0,0.0,False,0.0,0.0,,,,,4
PA,Pennsylvania,Beaver,42007,165631,133840,,,,,42,0,0,0,0,0,0,False,0.0,0.0,False,0.0,0.0,,,,,5
PA,Pennsylvania,Bedford,42009,47350,38115,,,,,42,0,0,0,0,0,0,False,0.0,0.0,False,0.0,0.0,,,,,4
PA,Pennsylvania,Berks,42011,432821,338644,,,,,42,1,1,1,1,1,1,True,0.23104239396886936,0.29529535441348437,True,0.23104239396886936,0.29529535441348437,,,,,5
PA,Pennsylvania,Blair,42013,120273,96265,,,,,42,0,0,0,0,0,0,False,0.0,0.0,False,0.0,0.0,,,,,5
PA,Pennsylvania,Bradford,42015,59695,46501,,,,,42,0,0,0,0,0,0,False,0.0,0.0,False,0.0,0.0,,,,,4
PA,Pennsylvania,Bucks,42017,645984,518476,,,,,42,0,0,0,1,1,1,False,0.0,0.0,True,0.1548025957299252,0.19287295843973493,,,,,5
PA,Pennsylvania,Butler,42019,198413,160653,,,,,42,0,0,0,0,0,0,False,0.0,0.0,False,0.0,0.0,,,,,5
PA,Pennsylvania,Cambria,42021,130668,105683,,,,,42,0,0,0,0,0,0,False,0.0,0.0,False,0.0,0.0,,,,,5
PA,Pennsylvania,Cameron,42023,4380,3604,,,,,42,0,0,0,0,0,0,False,0.0,0.0,False,0.0,0.0,,,,,1
PA,Pennsylvania,Carbon,42025,65458,53158,,,,,42,0,0,0,0,0,0,False,0.0,0.0,False,0.0,0.0,,,,,4
PA,Pennsylvania,Centre,42027,157795,134873,,,,,42,0,0,0,0,0,0,False,0.0,0.0,False,0.0,0.0,,,,,5
PA,Pennsylvania,Chester,42029,549784,430192,,,,,42,0,0,0,0,0,0,False,0.0,0.0,False,0.0,0.0,,,,,5
PA,Pennsylvania,Clarion,42031,36970,29971,,,,,42,0,0,0,0,0,0,False,0.0,0.0,False,0.0,0.0,,,,,3
PA,Pennsylvania,Clearfield,42033,77090,62920,,,,,42,0,0,0,0,0,0,False,0.0,0.0,False,0.0,0.0,,,,,4
PA,Pennsylvania,Clinton,42035,37607,30135,,,,,42,0,0,0,0,0,0,False,0.0,0.0,False,0.0,0.0,,,,,4
PA,Pennsylvania,Columbia,42037,65439,54026,,,,,42,0,0,0,0,0,0,False,0.0,0.0,False,0.0,0.0,,,,,4
PA,Pennsylvania,Crawford,42039,82001,65155,,,,,42,0,0,0,0,0,0,False,0.0,0.0,False,0.0,0.0,,,,,4
PA,Pennsylvania,Cumberland,42041,270738,215666,,,,,42,0,0,0,0,0,0,False,0.0,0.0,False,0.0,0.0,,,,,5
PA,Pennsylvania,Dauphin,42043,289234,224963,,,,,42,3,3,3,3,3,3,True,1.0372224565576662,1.3335526286544899,True,1.0372224565576662,1.3335526286544899,,,,,5
PA,Pennsylvania,Delaware,42045,576720,450488,,,,,42,0,0,0,0,0,0,False,0.0,0.0,False,0.0,0.0,,,,,5
PA,Pennsylvania,Elk,42047,30198,24436,,,,,42,0,0,0,0,0,0,False,0.0,0.0,False,0.0,0.0,,,,,3
PA,Pennsylvania,Erie,42049,267571,212685,,,,,42,0,0,0,0,0,0,False,0.0,0.0,False,0.0,0.0,,,,,5
PA,Pennsylvania,Fayette,42051,123915,100555,,,,,42,0,0,0,0,0,0,False,0.0,0.0,False,0.0,0.0,,,,,5
PA,Pennsylvania,Forest,42053,6449,6206,,,,,42,0,0,0,0,0,0,False,0.0,0.0,False,0.0,0.0,,,,,1
PA,Pennsylvania,Franklin,42055,157854,123358,,,,,42,0,0,0,0,0,0,False,0.0,0.0,False,0.0,0.0,,,,,5
PA,Pennsylvania,Fulton,42057,14468,11638,,,,,42,0,0,0,0,0,0,False,0.0,0.0,False,0.0,0.0,,,,,2
PA,Pennsylvania,Greene,42059,34357,27940,,,,,42,0,0,0,0,0,0,False,0.0,0.0,False,0.0,0.0,,,,,3
PA,Pennsylvania,Huntingdon,42061,43514,35764,,,,,42,0,0,0,0,0,0,False,0.0,0.0,False,0.0,0.0,,,,,4
PA,Pennsylvania,Indiana,42063,83094,68240,,,,,42,0,0,0,0,0,0,False,0.0,0.0,False,0.0,0.0,,,,,4
PA,Pennsylvania,Jefferson,42065,43612,34394,,,,,42,0,0,0,0,0,0,False,0.0,0.0,False,0.0,0.0,,,,,4
PA,Pennsylvania,Juniata,42067,23243,18146,,,,,42,0,0,0,0,0,0,False,0.0,0.0,False,0.0,0.0,,,,,3
PA,Pennsylvania,Lackawanna,42069,216123,172016,,,,,42,0,0,0,0,0,0,False,0.0,0.0,False,0.0,0.0,,,,,5
PA,Pennsylvania,Lancaster,42071,558589,430649,,,,,42,1,1,1,1,1,1,True,0.1790225013381932,0.23220766796161144,True,0.1790225013381932,0.23220766796161144,,,,,5
PA,Pennsylvania,Lawrence,42073,84472,67727,,,,,42,0,0,0,0,0,0,False,0.0,0.0,False,0.0,0.0,,,,,4
PA,Pennsylvania,Lebanon,42075,144252,111962,,,,,42,0,0,0,0,0,0,False,0.0,0.0,False,0.0,0.0,,,,,5
PA,Pennsylvania,Lehigh,42077,377754,294023,,,,,42,1,1,1,1,1,1,True,0.2647225443013178,0.34010944722011544,True,0.2647225443013178,0.34010944722011544,,,,,5
PA,Pennsylvania,Luzerne,42079,327388,260845,,,,,42,0,0,0,0,0,0,False,0.0,0.0,False,0.0,0.0,,,,,5
PA,Pennsylvania,Lycoming,42081,112724,89871,,,,,42,0,0,0,0,0,0,False,0.0,0.0,False,0.0,0.0,,,,,5
PA,Pennsylvania,McKean,42083,39519,32001,,,,,42,0,0,0,0,0,0,False,0.0,0.0,False,0.0,0.0,,,,,4
PA,Pennsylvania,Mercer,42085,108503,88049,,,,,42,0,0,0,0,0,0,False,0.0,0.0,False,0.0,0.0,,,,,5
PA,Pennsylvania,Mifflin,42087,45922,35538,,,,,42,0,0,0,0,0,0,False,0.0,0.0,False,0.0,0.0,,,,,4
PA,Pennsylvania,Monroe,42089,166053,134807,,,,,42,0,0,0,0,0,0,False,0.0,0.0,False,0.0,0.0,,,,,5
PA,Pennsylvania,Montgomery,42091,868742,685549,,,,,42,4,4,4,4,4,4,True,0.460435894661476,0.5834739748726933,True,0.460435894661476,0.5834739748726933,,,,,5
PA,Pennsylvania,Montour,42093,17860,14344,,,,,42,0,0,0,0,0,0,False,0.0,0.0,False,0.0,0.0,,,,,2
PA,Pennsylvania,Northampton,42095,319091,258654,,,,,42,1,1,1,1,1,1,True,0.3133902241053493,0.38661687041375736,True,0.3133902241053493,0.38661687041375736,,,,,5
PA,Pennsylvania,Northumberland,42097,90120,72338,,,,,42,0,0,0,0,0,0,False,0.0,0.0,False,0.0,0.0,,,,,4
PA,Pennsylvania,Perry,42099,46083,36495,,,,,42,0,0,0,0,0,0,False,0.0,0.0,False,0.0,0.0,,,,,4
PA,Pennsylvania,Philadelphia,42101,1550542,1226065,,,,,42,24,23,11,24,23,11,True,1.5478458500317953,1.9574818627071158,True,1.5478458500317953,1.9574818627071158,,,,,5
PA,Pennsylvania,Pike,42103,61247,50875,,,,,42,0,0,0,0,0,0,False,0.0,0.0,False,0.0,0.0,,,,,4
PA,Pennsylvania,Potter,42105,15999,12797,,,,,42,0,0,0,0,0,0,False,0.0,0.0,False,0.0,0.0,,,,,2
PA,Pennsylvania,Schuylkill,42107,143786,115159,,,,,42,0,0,0,0,0,0,False,0.0,0.0,False,0.0,0.0,,,,,5
PA,Pennsylvania,Snyder,42109,39717,31550,,,,,42,0,0,0,0,0,0,False,0.0,0.0,False,0.0,0.0,,,,,4
PA,Pennsylvania,Somerset,42111,72197,59202,,,,,42,0,0,0,0,0,0,False,0.0,0.0,False,0.0,0.0,,,,,4
PA,Pennsylvania,Sullivan,42113,5834,5235,,,,,42,0,0,0,0,0,0,False,0.0,0.0,False,0.0,0.0,,,,,1
PA,Pennsylvania,Susquehanna,42115,38109,31006,,,,,42,0,0,0,0,0,0,False,0.0,0.0,False,0.0,0.0,,,,,4
PA,Pennsylvania,Tioga,42117,40840,32882,,,,,42,0,0,0,0,0,0,False,0.0,0.0,False,0.0,0.0,,,,,4
PA,Pennsylvania,Union,42119,42042,34751,,,,,42,0,0,0,0,0,0,False,0.0,0.0,False,0.0,0.0,,,,,4
PA,Pennsylvania,Venango,42121,49431,39983,,,,,42,0,0,0,0,0,0,False,0.0,0.0,False,0.0,0.0,,,,,4
PA,Pennsylvania,Warren,42123,37572,30176,,,,,42,0,0,0,0,0,0,False,0.0,0.0,False,0.0,0.0,,,,,4
PA,Pennsylvania,Washington,42125,210232,169190,,,,,42,0,0,0,0,0,0,False,0.0,0.0,False,0.0,0.0,,,,,5
PA,Pennsylvania,Wayne,42127,51262,42777,,,,,42,0,0,0,0,0,0,False,0.0,0.0,False,0.0,0.0,,,,,4
PA,Pennsylvania,Westmoreland,42129,351163,287864,,,,,42,0,0,0,0,0,0,False,0.0,0.0,False,0.0,0.0,,,,,5
PA,Pennsylvania,Wyoming,42131,25902,20959,,,,,42,0,0,0,0,0,0,False,0.0,0.0,False,0.0,0.0,,,,,3
PA,Pennsylvania,York,42133,464640,363700,,,,,42,1,1,1,1,1,1,True,0.21522038567493113,0.27495188342040144,True,0.21522038567493113,0.27495188342040144,,,,,5
RI,Rhode Island,Bristol,44001,50255,41462,2.9,"( 2.5,  3.4)",2.3,"( 2.0,  2.7)",44,0,0,0,0,0,0,False,0.0,0.0,False,0.0,0.0,False,False,False,1,4
RI,Rhode Island,Kent,44003,171278,140721,3.3,"( 2.8,  3.7)",2.6,"( 2.3,  3.0)",44,0,0,0,0,0,0,False,0.0,0.0,False,0.0,0.0,False,False,False,1,5
RI,Rhode Island,Newport,44005,83832,70797,3.3,"( 2.8,  3.8)",2.4,"( 2.1,  2.7)",44,0,0,0,0,0,0,False,0.0,0.0,False,0.0,0.0,False,False,False,1,4
RI,Rhode Island,Providence,44007,660615,528665,3.2,"( 2.8,  3.7)",2.9,"( 2.6,  3.3)",44,8,8,3,8,8,3,True,1.2109927870242123,1.5132456281388025,True,1.2109927870242123,1.5132456281388025,False,False,False,1,5
RI,Rhode Island,Washington,44009,129982,110479,3.1,"( 2.6,  3.6)",2.4,"( 2.0,  2.8)",44,0,0,0,0,0,0,False,0.0,0.0,False,0.0,0.0,False,False,False,1,5
SC,South Carolina,Abbeville,45001,24434,19650,5.0,"( 4.4,  5.6)",3.8,"( 3.4,  4.2)",45,0,0,0,0,0,0,False,0.0,0.0,False,0.0,0.0,True,True,True,5,3
SC,South Carolina,Aiken,45003,177130,139026,4.1,"( 3.6,  4.7)",3.3,"( 2.9,  3.7)",45,0,0,0,0,0,0,False,0.0,0.0,False,0.0,0.0,True,True,True,3,5
SC,South Carolina,Allendale,45005,7369,6040,6.4,"( 5.7,  7.1)",5.2,"( 4.6,  5.7)",45,0,0,0,0,0,0,False,0.0,0.0,False,0.0,0.0,True,True,True,5,1
SC,South Carolina,Anderson,45007,213076,165138,4.0,"( 3.5,  4.5)",3.3,"( 2.9,  3.7)",45,1,1,1,1,1,1,True,0.46931611256077643,0.6055541425958895,True,0.46931611256077643,0.6055541425958895,False,False,False,3,5
SC,South Carolina,Bamberg,45009,12974,10549,5.9,"( 5.2,  6.6)",4.5,"( 4.0,  5.0)",45,0,0,0,0,0,0,False,0.0,0.0,False,0.0,0.0,True,True,True,5,2
SC,South Carolina,Barnwell,45011,20447,15569,5.9,"( 5.3,  6.6)",4.7,"( 4.3,  5.2)",45,0,0,0,0,0,0,False,0.0,0.0,False,0.0,0.0,True,True,True,5,3
SC,South Carolina,Beaufort,45013,198979,165010,4.0,"( 3.4,  4.6)",2.7,"( 2.4,  3.1)",45,0,0,0,0,0,0,False,0.0,0.0,False,0.0,0.0,False,False,False,3,5
SC,South Carolina,Berkeley,45015,255217,195733,3.3,"( 2.9,  3.7)",3.1,"( 2.7,  3.4)",45,0,0,0,0,0,0,False,0.0,0.0,False,0.0,0.0,False,False,False,1,5
SC,South Carolina,Calhoun,45017,14186,11559,5.0,"( 4.4,  5.6)",3.6,"( 3.2,  4.0)",45,0,0,0,0,0,0,False,0.0,0.0,False,0.0,0.0,True,True,True,5,2
SC,South Carolina,Charleston,45019,424367,342698,3.2,"( 2.8,  3.7)",2.8,"( 2.5,  3.2)",45,22,22,7,22,22,7,True,5.184191984767901,6.4196464525617305,True,5.184191984767901,6.4196464525617305,False,False,False,1,5
SC,South Carolina,Cherokee,45021,56714,43778,4.4,"( 3.9,  4.9)",3.7,"( 3.3,  4.2)",45,0,0,0,0,0,0,False,0.0,0.0,False,0.0,0.0,True,True,True,4,4
SC,South Carolina,Chester,45023,32226,25136,5.1,"( 4.5,  5.7)",4.1,"( 3.7,  4.5)",45,0,0,0,0,0,0,False,0.0,0.0,False,0.0,0.0,True,True,True,5,3
SC,South Carolina,Chesterfield,45025,44031,34239,5.2,"( 4.6,  5.8)",4.2,"( 3.8,  4.6)",45,0,0,0,0,0,0,False,0.0,0.0,False,0.0,0.0,True,True,True,5,4
SC,South Carolina,Clarendon,45027,31004,25502,5.8,"( 5.1,  6.5)",4.3,"( 3.8,  4.7)",45,0,0,0,0,0,0,False,0.0,0.0,False,0.0,0.0,True,True,True,5,3
SC,South Carolina,Colleton,45029,38874,29998,5.2,"( 4.6,  5.8)",4.1,"( 3.7,  4.5)",45,0,0,0,0,0,0,False,0.0,0.0,False,0.0,0.0,True,True,True,5,4
SC,South Carolina,Darlington,45031,62416,48521,5.0,"( 4.5,  5.6)",4.1,"( 3.7,  4.5)",45,0,0,0,0,0,0,False,0.0,0.0,False,0.0,0.0,True,True,True,5,4
SC,South Carolina,Dillon,45033,27698,20691,6.0,"( 5.4,  6.6)",5.0,"( 4.6,  5.6)",45,0,0,0,0,0,0,False,0.0,0.0,False,0.0,0.0,True,True,True,5,3
SC,South Carolina,Dorchester,45035,169833,129270,3.4,"( 3.0,  3.9)",3.1,"( 2.8,  3.5)",45,0,0,0,0,0,0,False,0.0,0.0,False,0.0,0.0,False,False,False,1,5
SC,South Carolina,Edgefield,45037,27607,23040,4.6,"( 4.1,  5.1)",3.8,"( 3.4,  4.2)",45,0,0,0,0,0,0,False,0.0,0.0,False,0.0,0.0,True,True,True,4,3
SC,South Carolina,Fairfield,45039,20422,16771,5.9,"( 5.3,  6.7)",4.4,"( 3.9,  4.9)",45,0,0,0,0,0,0,False,0.0,0.0,False,0.0,0.0,True,True,True,5,3
SC,South Carolina,Florence,45041,137214,104925,4.5,"( 4.0,  5.0)",3.8,"( 3.4,  4.2)",45,1,1,1,1,1,1,True,0.7287886075764863,0.9530617107457708,True,0.7287886075764863,0.9530617107457708,False,False,False,4,5
SC,South Carolina,Georgetown,45043,65731,54866,4.8,"( 4.2,  5.5)",3.2,"( 2.8,  3.5)",45,0,0,0,0,0,0,False,0.0,0.0,False,0.0,0.0,True,True,True,5,4
SC,South Carolina,Greenville,45045,558036,430899,3.3,"( 2.9,  3.8)",2.9,"( 2.6,  3.3)",45,5,5,4,5,5,4,True,0.8959995412482349,1.1603647258406262,True,0.8959995412482349,1.1603647258406262,False,False,False,1,5
SC,South Carolina,Greenwood,45047,69460,54014,4.5,"( 4.0,  5.1)",3.7,"( 3.3,  4.1)",45,0,0,0,0,0,0,False,0.0,0.0,False,0.0,0.0,True,True,True,4,4
SC,South Carolina,Hampton,45049,18122,14442,5.6,"( 5.0,  6.2)",4.6,"( 4.2,  5.1)",45,0,0,0,0,0,0,False,0.0,0.0,False,0.0,0.0,True,True,True,5,2
SC,South Carolina,Horry,45051,397478,331067,4.3,"( 3.7,  4.9)",3.1,"( 2.7,  3.5)",45,0,0,0,0,0,0,False,0.0,0.0,False,0.0,0.0,True,True,False,4,5
SC,South Carolina,Jasper,45053,33544,27540,4.8,"( 4.3,  5.5)",3.7,"( 3.3,  4.1)",45,0,0,0,0,0,0,False,0.0,0.0,False,0.0,0.0,True,True,True,5,3
SC,South Carolina,Kershaw,45055,69905,53629,4.1,"( 3.7,  4.6)",3.4,"( 3.0,  3.8)",45,0,0,0,0,0,0,False,0.0,0.0,False,0.0,0.0,True,True,True,3,4
SC,South Carolina,Lancaster,45057,108215,84913,3.9,"( 3.5,  4.5)",3.1,"( 2.7,  3.5)",45,0,0,0,0,0,0,False,0.0,0.0,False,0.0,0.0,False,False,False,3,5
SC,South Carolina,Laurens,45059,68873,53894,4.5,"( 4.1,  5.1)",3.7,"( 3.3,  4.2)",45,0,0,0,0,0,0,False,0.0,0.0,False,0.0,0.0,True,True,True,4,4
SC,South Carolina,Lee,45061,15967,12947,5.9,"( 5.3,  6.6)",4.8,"( 4.4,  5.4)",45,0,0,0,0,0,0,False,0.0,0.0,False,0.0,0.0,True,True,True,5,2
SC,South Carolina,Lexington,45063,309528,238788,3.5,"( 3.1,  4.0)",3.0,"( 2.6,  3.4)",45,0,0,0,0,0,0,False,0.0,0.0,False,0.0,0.0,False,False,False,2,5
SC,South Carolina,McCormick,45065,9941,8927,6.3,"( 5.5,  7.1)",3.8,"( 3.3,  4.3)",45,0,0,0,0,0,0,False,0.0,0.0,False,0.0,0.0,True,True,True,5,2
SC,South Carolina,Marion,45067,28508,22259,6.4,"( 5.8,  7.1)",5.0,"( 4.5,  5.5)",45,0,0,0,0,0,0,False,0.0,0.0,False,0.0,0.0,True,True,True,5,3
SC,South Carolina,Marlboro,45069,25704,20526,6.0,"( 5.5,  6.6)",5.0,"( 4.6,  5.5)",45,0,0,0,0,0,0,False,0.0,0.0,False,0.0,0.0,True,True,True,5,3
SC,South Carolina,Newberry,45071,38825,30495,4.5,"( 4.1,  5.1)",3.6,"( 3.2,  4.1)",45,0,0,0,0,0,0,False,0.0,0.0,False,0.0,0.0,True,True,True,4,4
SC,South Carolina,Oconee,45073,81221,65941,4.6,"( 3.9,  5.2)",3.3,"( 2.8,  3.8)",45,0,0,0,0,0,0,False,0.0,0.0,False,0.0,0.0,True,True,True,4,4
SC,South Carolina,Orangeburg,45075,82820,65211,5.7,"( 5.1,  6.3)",4.5,"( 4.1,  5.1)",45,0,0,0,0,0,0,False,0.0,0.0,False,0.0,0.0,True,True,True,5,4
SC,South Carolina,Pickens,45077,135495,110529,3.6,"( 3.1,  4.1)",3.3,"( 2.9,  3.7)",45,0,0,0,0,0,0,False,0.0,0.0,False,0.0,0.0,False,False,True,2,5
SC,South Carolina,Richland,45079,425138,334065,3.5,"( 3.1,  3.9)",3.5,"( 3.1,  3.9)",45,7,7,5,7,7,5,True,1.6465241874403136,2.095400595692455,True,1.6465241874403136,2.095400595692455,False,False,False,2,5
SC,South Carolina,Saluda,45081,19123,14912,4.9,"( 4.4,  5.5)",3.7,"( 3.3,  4.2)",45,0,0,0,0,0,0,False,0.0,0.0,False,0.0,0.0,True,True,True,5,3
SC,South Carolina,Spartanburg,45083,356698,273436,3.7,"( 3.3,  4.3)",3.3,"( 2.9,  3.8)",45,0,0,0,0,0,0,False,0.0,0.0,False,0.0,0.0,False,False,True,2,5
SC,South Carolina,Sumter,45085,104165,79564,4.6,"( 4.1,  5.0)",3.9,"( 3.5,  4.3)",45,0,0,0,0,0,0,False,0.0,0.0,False,0.0,0.0,True,True,True,4,5
SC,South Carolina,Union,45087,26629,21101,5.8,"( 5.1,  6.4)",4.4,"( 4.0,  4.9)",45,0,0,0,0,0,0,False,0.0,0.0,False,0.0,0.0,True,True,True,5,3
SC,South Carolina,Williamsburg,45089,29891,24199,6.0,"( 5.3,  6.7)",4.6,"( 4.2,  5.2)",45,0,0,0,0,0,0,False,0.0,0.0,False,0.0,0.0,True,True,True,5,3
SC,South Carolina,York,45091,298320,228347,3.1,"( 2.7,  3.5)",2.8,"( 2.4,  3.1)",45,0,0,0,0,0,0,False,0.0,0.0,False,0.0,0.0,False,False,False,1,5
SD,South Dakota,Aurora,46003,2782,2073,3.8,"( 3.3,  4.3)",2.9,"( 2.6,  3.3)",46,0,0,0,0,0,0,False,0.0,0.0,False,0.0,0.0,False,False,False,2,1
SD,South Dakota,Beadle,46005,19591,13979,4.0,"( 3.5,  4.7)",3.3,"( 2.8,  3.7)",46,0,0,0,0,0,0,False,0.0,0.0,False,0.0,0.0,False,False,True,3,3
SD,South Dakota,Bennett,46007,3305,2277,5.7,"( 5.1,  6.3)",5.1,"( 4.6,  5.7)",46,0,0,0,0,0,0,False,0.0,0.0,False,0.0,0.0,True,True,True,5,1
SD,South Dakota,Bon Homme,46009,7065,5697,4.1,"( 3.6,  4.7)",3.3,"( 2.9,  3.7)",46,0,0,0,0,0,0,False,0.0,0.0,False,0.0,0.0,True,True,True,3,1
SD,South Dakota,Brookings,46011,35980,28513,2.5,"( 2.2,  2.9)",2.8,"( 2.4,  3.2)",46,0,0,0,0,0,0,False,0.0,0.0,False,0.0,0.0,False,False,False,1,3
SD,South Dakota,Brown,46013,37733,28884,3.3,"( 2.8,  3.8)",2.8,"( 2.4,  3.1)",46,0,0,0,0,0,0,False,0.0,0.0,False,0.0,0.0,False,False,False,1,4
SD,South Dakota,Brule,46015,5311,4007,4.2,"( 3.6,  4.8)",3.1,"( 2.7,  3.6)",46,0,0,0,0,0,0,False,0.0,0.0,False,0.0,0.0,True,True,False,3,1
SD,South Dakota,Buffalo,46017,1884,1197,4.9,"( 4.4,  5.4)",5.5,"( 4.9,  6.0)",46,0,0,0,0,0,0,False,0.0,0.0,False,0.0,0.0,True,True,True,5,1
SD,South Dakota,Butte,46019,10863,8174,4.0,"( 3.5,  4.5)",3.1,"( 2.7,  3.5)",46,0,0,0,0,0,0,False,0.0,0.0,False,0.0,0.0,False,False,False,3,2
SD,South Dakota,Campbell,46021,1340,1094,4.5,"( 3.8,  5.3)",2.7,"( 2.4,  3.2)",46,0,0,0,0,0,0,False,0.0,0.0,False,0.0,0.0,True,True,False,4,1
SD,South Dakota,Charles Mix,46023,9240,6401,4.7,"( 4.1,  5.4)",3.7,"( 3.3,  4.2)",46,0,0,0,0,0,0,False,0.0,0.0,False,0.0,0.0,True,True,True,4,2
SD,South Dakota,Clark,46025,3948,2819,4.3,"( 3.7,  4.9)",3.0,"( 2.7,  3.5)",46,0,0,0,0,0,0,False,0.0,0.0,False,0.0,0.0,True,True,False,4,1
SD,South Dakota,Clay,46027,15431,12763,2.5,"( 2.1,  2.8)",3.1,"( 2.7,  3.5)",46,0,0,0,0,0,0,False,0.0,0.0,False,0.0,0.0,False,False,False,1,2
SD,South Dakota,Codington,46029,28971,22438,3.8,"( 3.3,  4.3)",3.0,"( 2.6,  3.4)",46,0,0,0,0,0,0,False,0.0,0.0,False,0.0,0.0,False,False,False,2,3
SD,South Dakota,Corson,46031,3782,2464,6.0,"( 5.4,  6.7)",5.5,"( 4.9,  6.1)",46,0,0,0,0,0,0,False,0.0,0.0,False,0.0,0.0,True,True,True,5,1
SD,South Dakota,Custer,46033,9117,7850,4.3,"( 3.7,  5.0)",2.7,"( 2.3,  3.1)",46,0,0,0,0,0,0,False,0.0,0.0,False,0.0,0.0,True,True,False,4,2
SD,South Dakota,Davison,46035,19922,15293,3.8,"( 3.3,  4.4)",3.0,"( 2.6,  3.4)",46,0,0,0,0,0,0,False,0.0,0.0,False,0.0,0.0,False,False,False,2,3
SD,South Dakota,Day,46037,5451,4249,4.7,"( 4.1,  5.4)",3.2,"( 2.8,  3.6)",46,0,0,0,0,0,0,False,0.0,0.0,False,0.0,0.0,True,True,True,4,1
SD,South Dakota,Deuel,46039,4354,3280,3.8,"( 3.2,  4.4)",2.8,"( 2.4,  3.2)",46,0,0,0,0,0,0,False,0.0,0.0,False,0.0,0.0,False,False,False,2,1
SD,South Dakota,Dewey,46041,5208,3180,5.1,"( 4.6,  5.7)",5.2,"( 4.7,  5.8)",46,0,0,0,0,0,0,False,0.0,0.0,False,0.0,0.0,True,True,True,5,1
SD,South Dakota,Douglas,46043,2838,2065,4.4,"( 3.8,  5.1)",3.1,"( 2.7,  3.5)",46,0,0,0,0,0,0,False,0.0,0.0,False,0.0,0.0,True,True,False,4,1
SD,South Dakota,Edmunds,46045,4057,3140,4.0,"( 3.4,  4.6)",2.8,"( 2.4,  3.2)",46,0,0,0,0,0,0,False,0.0,0.0,False,0.0,0.0,False,False,False,3,1
SD,South Dakota,Fall River,46047,7393,6194,5.2,"( 4.5,  5.9)",3.4,"( 3.0,  3.8)",46,0,0,0,0,0,0,False,0.0,0.0,False,0.0,0.0,True,True,True,5,1
SD,South Dakota,Faulk,46049,2151,1581,4.7,"( 4.0,  5.4)",3.4,"( 2.9,  3.8)",46,0,0,0,0,0,0,False,0.0,0.0,False,0.0,0.0,True,True,True,4,1
SD,South Dakota,Grant,46051,7553,5865,4.1,"( 3.5,  4.7)",2.9,"( 2.5,  3.3)",46,0,0,0,0,0,0,False,0.0,0.0,False,0.0,0.0,True,True,False,3,1
SD,South Dakota,Gregory,46053,4018,3034,4.6,"( 4.0,  5.3)",3.1,"( 2.8,  3.6)",46,0,0,0,0,0,0,False,0.0,0.0,False,0.0,0.0,True,True,False,4,1
SD,South Dakota,Haakon,46055,1851,1404,4.5,"( 3.8,  5.1)",3.1,"( 2.7,  3.5)",46,0,0,0,0,0,0,False,0.0,0.0,False,0.0,0.0,True,True,False,4,1
SD,South Dakota,Hamlin,46057,6451,4294,3.1,"( 2.7,  3.6)",2.8,"( 2.4,  3.2)",46,0,0,0,0,0,0,False,0.0,0.0,False,0.0,0.0,False,False,False,1,1
SD,South Dakota,Hand,46059,3107,2369,3.8,"( 3.3,  4.4)",2.7,"( 2.3,  3.0)",46,0,0,0,0,0,0,False,0.0,0.0,False,0.0,0.0,False,False,False,2,1
SD,South Dakota,Hanson,46061,3471,2506,3.5,"( 3.1,  4.0)",3.1,"( 2.7,  3.5)",46,0,0,0,0,0,0,False,0.0,0.0,False,0.0,0.0,False,False,False,2,1
SD,South Dakota,Harding,46063,1324,1009,3.4,"( 2.9,  3.9)",2.6,"( 2.2,  2.9)",46,0,0,0,0,0,0,False,0.0,0.0,False,0.0,0.0,False,False,False,1,1
SD,South Dakota,Hughes,46065,17624,13336,3.2,"( 2.8,  3.7)",2.6,"( 2.3,  3.0)",46,0,0,0,0,0,0,False,0.0,0.0,False,0.0,0.0,False,False,False,1,2
SD,South Dakota,Hutchinson,46067,7394,5430,3.8,"( 3.3,  4.5)",2.8,"( 2.5,  3.3)",46,0,0,0,0,0,0,False,0.0,0.0,False,0.0,0.0,False,False,False,2,1
SD,South Dakota,Hyde,46069,1186,913,4.4,"( 3.7,  5.0)",3.1,"( 2.7,  3.6)",46,0,0,0,0,0,0,False,0.0,0.0,False,0.0,0.0,True,True,False,4,1
SD,South Dakota,Jackson,46071,2776,1799,6.0,"( 5.4,  6.7)",5.4,"( 4.8,  5.9)",46,0,0,0,0,0,0,False,0.0,0.0,False,0.0,0.0,True,True,True,5,1
SD,South Dakota,Jerauld,46073,1660,1275,4.4,"( 3.7,  5.1)",2.8,"( 2.5,  3.2)",46,0,0,0,0,0,0,False,0.0,0.0,False,0.0,0.0,True,True,False,4,1
SD,South Dakota,Jones,46075,855,664,4.6,"( 4.0,  5.3)",3.1,"( 2.7,  3.5)",46,0,0,0,0,0,0,False,0.0,0.0,False,0.0,0.0,True,True,False,4,1
SD,South Dakota,Kingsbury,46077,5276,3947,3.9,"( 3.3,  4.5)",2.8,"( 2.5,  3.2)",46,0,0,0,0,0,0,False,0.0,0.0,False,0.0,0.0,False,False,False,3,1
SD,South Dakota,Lake,46079,11031,8766,3.6,"( 3.1,  4.2)",2.7,"( 2.4,  3.1)",46,0,0,0,0,0,0,False,0.0,0.0,False,0.0,0.0,False,False,False,2,2
SD,South Dakota,Lawrence,46081,28053,23472,3.8,"( 3.2,  4.3)",2.9,"( 2.5,  3.3)",46,0,0,0,0,0,0,False,0.0,0.0,False,0.0,0.0,False,False,False,2,3
SD,South Dakota,Lincoln,46083,73238,54161,2.6,"( 2.2,  3.0)",2.4,"( 2.1,  2.7)",46,0,0,0,0,0,0,False,0.0,0.0,False,0.0,0.0,False,False,False,1,4
SD,South Dakota,Lyman,46085,3705,2689,4.8,"( 4.2,  5.5)",3.9,"( 3.4,  4.4)",46,0,0,0,0,0,0,False,0.0,0.0,False,0.0,0.0,True,True,True,5,1
SD,South Dakota,McCook,46087,5809,4149,3.4,"( 2.9,  3.9)",2.7,"( 2.3,  3.0)",46,0,0,0,0,0,0,False,0.0,0.0,False,0.0,0.0,False,False,False,1,1
SD,South Dakota,McPherson,46089,2334,1826,5.1,"( 4.2,  6.0)",3.2,"( 2.7,  3.7)",46,0,0,0,0,0,0,False,0.0,0.0,False,0.0,0.0,True,True,True,5,1
SD,South Dakota,Marshall,46091,4390,3294,3.9,"( 3.4,  4.5)",2.8,"( 2.5,  3.2)",46,0,0,0,0,0,0,False,0.0,0.0,False,0.0,0.0,False,False,False,3,1
SD,South Dakota,Meade,46093,30954,24546,3.0,"( 2.6,  3.5)",2.8,"( 2.4,  3.1)",46,0,0,0,0,0,0,False,0.0,0.0,False,0.0,0.0,False,False,False,1,3
SD,South Dakota,Mellette,46095,1851,1291,6.6,"( 5.9,  7.2)",5.6,"( 5.1,  6.2)",46,0,0,0,0,0,0,False,0.0,0.0,False,0.0,0.0,True,True,True,5,1
SD,South Dakota,Miner,46097,2280,1744,4.3,"( 3.7,  4.9)",3.0,"( 2.7,  3.4)",46,0,0,0,0,0,0,False,0.0,0.0,False,0.0,0.0,True,True,False,4,1
SD,South Dakota,Minnehaha,46099,206930,154695,2.8,"( 2.4,  3.2)",2.7,"( 2.4,  3.1)",46,1,1,1,1,1,1,True,0.48325520707485625,0.6464333042438346,True,0.48325520707485625,0.6464333042438346,False,False,False,1,5
SD,South Dakota,Moody,46101,6450,4742,3.7,"( 3.2,  4.1)",2.8,"( 2.5,  3.2)",46,0,0,0,0,0,0,False,0.0,0.0,False,0.0,0.0,False,False,False,2,1
SD,South Dakota,Oglala Lakota,46102,13434,8652,6.3,"( 5.7,  7.0)",7.4,"( 6.6,  8.2)",46,0,0,0,0,0,0,False,0.0,0.0,False,0.0,0.0,True,True,True,5,2
SD,South Dakota,Pennington,46103,115903,90529,3.5,"( 3.0,  4.0)",2.9,"( 2.5,  3.2)",46,3,3,2,4,4,2,True,2.5883713104923944,3.3138552287112417,True,3.4511617473231926,4.418473638281656,False,False,False,2,5
SD,South Dakota,Perkins,46105,2834,2172,4.6,"( 4.0,  5.3)",3.1,"( 2.7,  3.5)",46,0,0,0,0,0,0,False,0.0,0.0,False,0.0,0.0,True,True,False,4,1
SD,South Dakota,Potter,46107,2413,1889,4.1,"( 3.5,  4.7)",2.7,"( 2.4,  3.1)",46,0,0,0,0,0,0,False,0.0,0.0,False,0.0,0.0,True,True,False,3,1
SD,South Dakota,Roberts,46109,10206,7288,5.0,"( 4.4,  5.6)",3.8,"( 3.4,  4.2)",46,0,0,0,0,0,0,False,0.0,0.0,False,0.0,0.0,True,True,True,5,2
SD,South Dakota,Sanborn,46111,2399,1801,3.9,"( 3.4,  4.5)",2.9,"( 2.6,  3.4)",46,0,0,0,0,0,0,False,0.0,0.0,False,0.0,0.0,False,False,False,3,1
SD,South Dakota,Spink,46115,6166,4773,4.2,"( 3.5,  4.8)",2.9,"( 2.5,  3.3)",46,0,0,0,0,0,0,False,0.0,0.0,False,0.0,0.0,True,True,False,3,1
SD,South Dakota,Stanley,46117,3043,2361,3.4,"( 3.0,  3.9)",2.6,"( 2.2,  2.9)",46,0,0,0,0,0,0,False,0.0,0.0,False,0.0,0.0,False,False,False,1,1
SD,South Dakota,Sully,46119,1494,1195,3.9,"( 3.4,  4.5)",2.7,"( 2.4,  3.1)",46,0,0,0,0,0,0,False,0.0,0.0,False,0.0,0.0,False,False,False,3,1
SD,South Dakota,Todd,46121,9199,5411,6.2,"( 5.5,  7.0)",7.0,"( 6.2,  7.9)",46,0,0,0,0,0,0,False,0.0,0.0,False,0.0,0.0,True,True,True,5,2
SD,South Dakota,Tripp,46123,5621,4341,5.0,"( 4.3,  5.8)",3.6,"( 3.1,  4.0)",46,0,0,0,0,0,0,False,0.0,0.0,False,0.0,0.0,True,True,True,5,1
SD,South Dakota,Turner,46125,9027,6748,3.6,"( 3.1,  4.2)",2.8,"( 2.4,  3.2)",46,0,0,0,0,0,0,False,0.0,0.0,False,0.0,0.0,False,False,False,2,2
SD,South Dakota,Union,46127,17183,13101,3.2,"( 2.7,  3.7)",2.5,"( 2.2,  3.0)",46,0,0,0,0,0,0,False,0.0,0.0,False,0.0,0.0,False,False,False,1,2
SD,South Dakota,Walworth,46129,5269,4009,4.2,"( 3.6,  4.9)",3.1,"( 2.7,  3.5)",46,0,0,0,0,0,0,False,0.0,0.0,False,0.0,0.0,True,True,False,3,1
SD,South Dakota,Yankton,46135,23517,18574,3.6,"( 3.0,  4.1)",2.8,"( 2.4,  3.1)",46,0,0,0,0,0,0,False,0.0,0.0,False,0.0,0.0,False,False,False,2,3
SD,South Dakota,Ziebach,46137,2322,1744,5.5,"( 5.0,  6.2)",5.4,"( 4.9,  6.1)",46,0,0,0,0,0,0,False,0.0,0.0,False,0.0,0.0,True,True,True,5,1
TN,Tennessee,Anderson,47001,80234,63394,3.9,"( 3.5,  4.5)",3.2,"( 2.8,  3.6)",47,0,0,0,0,0,0,False,0.0,0.0,False,0.0,0.0,False,False,True,3,4
TN,Tennessee,Bedford,47003,53055,39707,3.7,"( 3.3,  4.2)",3.4,"( 3.0,  3.8)",47,0,0,0,0,0,0,False,0.0,0.0,False,0.0,0.0,False,False,True,2,4
TN,Tennessee,Benton,47005,16103,12855,5.0,"( 4.4,  5.7)",3.7,"( 3.2,  4.1)",47,0,0,0,0,0,0,False,0.0,0.0,False,0.0,0.0,True,True,True,5,2
TN,Tennessee,Bledsoe,47007,15060,12741,5.2,"( 4.5,  5.9)",4.1,"( 3.6,  4.6)",47,0,0,0,0,0,0,False,0.0,0.0,False,0.0,0.0,True,True,True,5,2
TN,Tennessee,Blount,47009,141456,113587,3.7,"( 3.2,  4.3)",2.9,"( 2.5,  3.3)",47,0,0,0,0,0,0,False,0.0,0.0,False,0.0,0.0,False,False,False,2,5
TN,Tennessee,Bradley,47011,111579,87424,3.7,"( 3.2,  4.2)",3.2,"( 2.7,  3.6)",47,0,0,0,0,0,0,False,0.0,0.0,False,0.0,0.0,False,False,True,2,5
TN,Tennessee,Campbell,47013,40223,31958,4.7,"( 4.1,  5.3)",3.7,"( 3.3,  4.2)",47,0,0,0,0,0,0,False,0.0,0.0,False,0.0,0.0,True,True,True,4,4
TN,Tennessee,Cannon,47015,15063,11758,4.2,"( 3.6,  4.8)",3.4,"( 3.0,  3.9)",47,0,0,0,0,0,0,False,0.0,0.0,False,0.0,0.0,True,True,True,3,2
TN,Tennessee,Carroll,47017,28860,22607,4.4,"( 3.8,  4.9)",3.5,"( 3.1,  4.0)",47,0,0,0,0,0,0,False,0.0,0.0,False,0.0,0.0,True,True,True,4,3
TN,Tennessee,Carter,47019,57022,47175,4.6,"( 4.0,  5.3)",3.5,"( 3.1,  4.0)",47,0,0,0,0,0,0,False,0.0,0.0,False,0.0,0.0,True,True,True,4,4
TN,Tennessee,Cheatham,47021,42254,33283,3.3,"( 2.9,  3.8)",2.9,"( 2.5,  3.3)",47,0,0,0,0,0,0,False,0.0,0.0,False,0.0,0.0,False,False,False,1,4
TN,Tennessee,Chester,47023,17606,13796,3.9,"( 3.4,  4.5)",3.5,"( 3.1,  4.0)",47,0,0,0,0,0,0,False,0.0,0.0,False,0.0,0.0,False,False,True,3,2
TN,Tennessee,Claiborne,47025,32654,26424,4.3,"( 3.8,  4.9)",3.5,"( 3.0,  4.0)",47,0,0,0,0,0,0,False,0.0,0.0,False,0.0,0.0,True,True,True,4,3
TN,Tennessee,Clay,47027,7714,6190,5.4,"( 4.7,  6.2)",3.8,"( 3.4,  4.3)",47,0,0,0,0,0,0,False,0.0,0.0,False,0.0,0.0,True,True,True,5,1
TN,Tennessee,Cocke,47029,37404,29763,5.1,"( 4.5,  5.8)",3.9,"( 3.4,  4.4)",47,0,0,0,0,0,0,False,0.0,0.0,False,0.0,0.0,True,True,True,5,4
TN,Tennessee,Coffee,47031,60633,46066,4.0,"( 3.5,  4.6)",3.3,"( 2.9,  3.8)",47,2,2,1,2,2,1,True,3.2985338017251333,4.341596839317501,True,3.2985338017251333,4.341596839317501,False,False,False,3,4
TN,Tennessee,Crockett,47033,13982,10774,4.4,"( 3.9,  4.9)",3.5,"( 3.2,  3.9)",47,0,0,0,0,0,0,False,0.0,0.0,False,0.0,0.0,True,True,True,4,2
TN,Tennessee,Cumberland,47035,64760,53834,5.3,"( 4.5,  6.0)",3.4,"( 3.0,  3.8)",47,0,0,0,0,0,0,False,0.0,0.0,False,0.0,0.0,True,True,True,5,4
TN,Tennessee,Davidson,47037,712334,566997,2.9,"( 2.6,  3.3)",3.1,"( 2.7,  3.4)",47,8,8,3,8,8,3,True,1.1230686728416726,1.4109422095707738,True,1.1230686728416726,1.4109422095707738,False,False,False,1,5
TN,Tennessee,Decatur,47039,11656,9281,5.3,"( 4.6,  6.0)",3.9,"( 3.4,  4.4)",47,0,0,0,0,0,0,False,0.0,0.0,False,0.0,0.0,True,True,True,5,2
TN,Tennessee,DeKalb,47041,21225,16657,4.5,"( 3.9,  5.2)",3.7,"( 3.2,  4.2)",47,0,0,0,0,0,0,False,0.0,0.0,False,0.0,0.0,True,True,True,4,3
TN,Tennessee,Dickson,47043,56729,44005,3.5,"( 3.0,  3.9)",3.0,"( 2.6,  3.4)",47,0,0,0,0,0,0,False,0.0,0.0,False,0.0,0.0,False,False,False,2,4
TN,Tennessee,Dyer,47045,36498,27693,4.2,"( 3.7,  4.7)",3.6,"( 3.1,  4.0)",47,0,0,0,0,0,0,False,0.0,0.0,False,0.0,0.0,True,True,True,3,3
TN,Tennessee,Fayette,47047,44175,36250,4.3,"( 3.8,  4.9)",3.2,"( 2.9,  3.6)",47,0,0,0,0,0,0,False,0.0,0.0,False,0.0,0.0,True,True,True,4,4
TN,Tennessee,Fentress,47049,19696,15620,5.1,"( 4.4,  5.8)",3.7,"( 3.2,  4.2)",47,0,0,0,0,0,0,False,0.0,0.0,False,0.0,0.0,True,True,True,5,3
TN,Tennessee,Franklin,47051,44654,36041,3.9,"( 3.5,  4.5)",3.2,"( 2.8,  3.6)",47,0,0,0,0,0,0,False,0.0,0.0,False,0.0,0.0,False,False,True,3,4
TN,Tennessee,Gibson,47053,51045,38625,4.2,"( 3.7,  4.7)",3.5,"( 3.1,  4.0)",47,0,0,0,0,0,0,False,0.0,0.0,False,0.0,0.0,True,True,True,3,4
TN,Tennessee,Giles,47055,30721,24414,4.4,"( 3.8,  5.0)",3.4,"( 3.0,  3.9)",47,0,0,0,0,0,0,False,0.0,0.0,False,0.0,0.0,True,True,True,4,3
TN,Tennessee,Grainger,47057,24681,19943,4.5,"( 4.0,  5.1)",3.5,"( 3.1,  3.9)",47,0,0,0,0,0,0,False,0.0,0.0,False,0.0,0.0,True,True,True,4,3
TN,Tennessee,Greene,47059,72577,58898,4.4,"( 3.9,  5.1)",3.4,"( 3.0,  3.9)",47,0,0,0,0,0,0,False,0.0,0.0,False,0.0,0.0,True,True,True,4,4
TN,Tennessee,Grundy,47061,13955,10952,5.0,"( 4.3,  5.6)",3.9,"( 3.4,  4.4)",47,0,0,0,0,0,0,False,0.0,0.0,False,0.0,0.0,True,True,True,5,2
TN,Tennessee,Hamblen,47063,66216,50439,4.3,"( 3.7,  4.9)",3.6,"( 3.2,  4.0)",47,0,0,0,0,0,0,False,0.0,0.0,False,0.0,0.0,True,True,True,4,4
TN,Tennessee,Hamilton,47065,379864,299790,3.6,"( 3.1,  4.0)",3.0,"( 2.6,  3.4)",47,4,3,4,4,3,4,True,1.05300844512773,1.3342673204576536,True,1.05300844512773,1.3342673204576536,False,False,False,2,5
TN,Tennessee,Hancock,47067,6956,5496,6.3,"( 5.4,  7.1)",4.8,"( 4.2,  5.4)",47,0,0,0,0,0,0,False,0.0,0.0,False,0.0,0.0,True,True,True,5,1
TN,Tennessee,Hardeman,47069,25567,20544,4.9,"( 4.4,  5.4)",4.2,"( 3.8,  4.7)",47,0,0,0,0,0,0,False,0.0,0.0,False,0.0,0.0,True,True,True,5,3
TN,Tennessee,Hardin,47071,27229,21759,5.1,"( 4.5,  5.8)",3.7,"( 3.3,  4.2)",47,0,0,0,0,0,0,False,0.0,0.0,False,0.0,0.0,True,True,True,5,3
TN,Tennessee,Hawkins,47073,58600,47494,4.6,"( 4.0,  5.3)",3.5,"( 3.1,  4.0)",47,0,0,0,0,0,0,False,0.0,0.0,False,0.0,0.0,True,True,True,4,4
TN,Tennessee,Haywood,47075,17328,13485,5.9,"( 5.3,  6.6)",4.6,"( 4.2,  5.1)",47,0,0,0,0,0,0,False,0.0,0.0,False,0.0,0.0,True,True,True,5,2
TN,Tennessee,Henderson,47077,28070,21781,4.4,"( 3.9,  5.0)",3.6,"( 3.2,  4.0)",47,0,0,0,0,0,0,False,0.0,0.0,False,0.0,0.0,True,True,True,4,3
TN,Tennessee,Henry,47079,32554,26072,5.0,"( 4.3,  5.6)",3.6,"( 3.2,  4.1)",47,0,0,0,0,0,0,False,0.0,0.0,False,0.0,0.0,True,True,True,5,3
TN,Tennessee,Hickman,47081,25826,20399,4.1,"( 3.6,  4.6)",3.4,"( 3.0,  3.9)",47,0,0,0,0,0,0,False,0.0,0.0,False,0.0,0.0,True,True,True,3,3
TN,Tennessee,Houston,47083,8393,6642,4.2,"( 3.7,  4.8)",3.3,"( 3.0,  3.7)",47,0,0,0,0,0,0,False,0.0,0.0,False,0.0,0.0,True,True,True,3,1
TN,Tennessee,Humphreys,47085,19209,15251,4.3,"( 3.8,  4.9)",3.4,"( 3.0,  3.9)",47,0,0,0,0,0,0,False,0.0,0.0,False,0.0,0.0,True,True,True,4,3
TN,Tennessee,Jackson,47087,12363,10099,5.0,"( 4.4,  5.8)",3.7,"( 3.3,  4.2)",47,0,0,0,0,0,0,False,0.0,0.0,False,0.0,0.0,True,True,True,5,2
TN,Tennessee,Jefferson,47089,57838,46748,4.0,"( 3.4,  4.5)",3.1,"( 2.7,  3.5)",47,1,1,1,1,1,1,True,1.7289671150454717,2.1391289466929067,True,1.7289671150454717,2.1391289466929067,False,False,False,3,4
TN,Tennessee,Johnson,47091,18375,15348,5.1,"( 4.4,  5.8)",3.8,"( 3.3,  4.4)",47,0,0,0,0,0,0,False,0.0,0.0,False,0.0,0.0,True,True,True,5,2
TN,Tennessee,Knox,47093,500669,396548,3.2,"( 2.8,  3.6)",2.9,"( 2.5,  3.3)",47,2,2,2,2,2,2,True,0.3994655151407417,0.5043525626153706,True,0.3994655151407417,0.5043525626153706,False,False,False,1,5
TN,Tennessee,Lake,47095,6347,5362,5.6,"( 5.0,  6.2)",5.2,"( 4.6,  5.8)",47,0,0,0,0,0,0,False,0.0,0.0,False,0.0,0.0,True,True,True,5,1
TN,Tennessee,Lauderdale,47097,24610,19169,4.9,"( 4.4,  5.4)",4.3,"( 3.8,  4.8)",47,0,0,0,0,0,0,False,0.0,0.0,False,0.0,0.0,True,True,True,5,3
TN,Tennessee,Lawrence,47099,46114,34552,4.3,"( 3.8,  4.9)",3.6,"( 3.1,  4.0)",47,0,0,0,0,0,0,False,0.0,0.0,False,0.0,0.0,True,True,True,4,4
TN,Tennessee,Lewis,47101,13066,10217,4.4,"( 3.8,  5.0)",3.4,"( 3.0,  3.8)",47,0,0,0,0,0,0,False,0.0,0.0,False,0.0,0.0,True,True,True,4,2
TN,Tennessee,Lincoln,47103,36169,28065,4.2,"( 3.6,  4.7)",3.2,"( 2.9,  3.7)",47,0,0,0,0,0,0,False,0.0,0.0,False,0.0,0.0,True,True,True,3,3
TN,Tennessee,Loudon,47105,60591,49273,4.3,"( 3.7,  5.0)",2.9,"( 2.6,  3.4)",47,0,0,0,0,0,0,False,0.0,0.0,False,0.0,0.0,True,True,False,4,4
TN,Tennessee,McMinn,47107,55678,43829,4.2,"( 3.7,  4.8)",3.3,"( 2.9,  3.7)",47,0,0,0,0,0,0,False,0.0,0.0,False,0.0,0.0,True,True,True,3,4
TN,Tennessee,McNairy,47109,26163,20543,4.7,"( 4.1,  5.3)",3.7,"( 3.2,  4.1)",47,0,0,0,0,0,0,False,0.0,0.0,False,0.0,0.0,True,True,True,4,3
TN,Tennessee,Macon,47111,26793,20137,4.1,"( 3.6,  4.6)",3.6,"( 3.2,  4.0)",47,0,0,0,0,0,0,False,0.0,0.0,False,0.0,0.0,True,True,True,3,3
TN,Tennessee,Madison,47113,99193,77007,4.3,"( 3.9,  4.9)",3.7,"( 3.3,  4.2)",47,1,1,1,1,1,1,True,1.008135654733701,1.2985832456789643,True,1.008135654733701,1.2985832456789643,False,False,False,4,5
TN,Tennessee,Marion,47115,29382,23402,4.7,"( 4.0,  5.3)",3.6,"( 3.1,  4.1)",47,0,0,0,0,0,0,False,0.0,0.0,False,0.0,0.0,True,True,True,4,3
TN,Tennessee,Marshall,47117,36961,28299,3.7,"( 3.2,  4.2)",3.2,"( 2.8,  3.6)",47,0,0,0,0,0,0,False,0.0,0.0,False,0.0,0.0,False,False,True,2,3
TN,Tennessee,Maury,47119,110760,85543,3.4,"( 3.0,  3.9)",3.0,"( 2.6,  3.3)",47,0,0,0,0,0,0,False,0.0,0.0,False,0.0,0.0,False,False,False,1,5
TN,Tennessee,Meigs,47121,13691,10945,4.7,"( 4.1,  5.3)",3.6,"( 3.1,  4.0)",47,0,0,0,0,0,0,False,0.0,0.0,False,0.0,0.0,True,True,True,4,2
TN,Tennessee,Monroe,47123,48594,38727,4.7,"( 4.1,  5.4)",3.5,"( 3.1,  4.0)",47,0,0,0,0,0,0,False,0.0,0.0,False,0.0,0.0,True,True,True,4,4
TN,Tennessee,Montgomery,47125,239872,176143,2.7,"( 2.4,  3.0)",3.1,"( 2.8,  3.4)",47,0,0,0,0,0,0,False,0.0,0.0,False,0.0,0.0,False,False,False,1,5
TN,Tennessee,Moore,47127,6748,5434,4.2,"( 3.7,  4.8)",3.2,"( 2.8,  3.6)",47,0,0,0,0,0,0,False,0.0,0.0,False,0.0,0.0,True,True,True,3,1
TN,Tennessee,Morgan,47129,21573,17352,4.3,"( 3.7,  4.9)",3.6,"( 3.1,  4.1)",47,0,0,0,0,0,0,False,0.0,0.0,False,0.0,0.0,True,True,True,4,3
TN,Tennessee,Obion,47131,30411,23747,4.7,"( 4.1,  5.3)",3.6,"( 3.2,  4.1)",47,0,0,0,0,0,0,False,0.0,0.0,False,0.0,0.0,True,True,True,4,3
TN,Tennessee,Overton,47133,23327,18448,4.6,"( 4.0,  5.3)",3.7,"( 3.2,  4.2)",47,0,0,0,0,0,0,False,0.0,0.0,False,0.0,0.0,True,True,True,4,3
TN,Tennessee,Perry,47135,8891,6896,4.9,"( 4.3,  5.6)",3.8,"( 3.4,  4.3)",47,0,0,0,0,0,0,False,0.0,0.0,False,0.0,0.0,True,True,True,5,2
TN,Tennessee,Pickett,47137,5128,4278,5.9,"( 5.1,  6.9)",3.9,"( 3.5,  4.5)",47,0,0,0,0,0,0,False,0.0,0.0,False,0.0,0.0,True,True,True,5,1
TN,Tennessee,Polk,47139,18033,14655,4.3,"( 3.7,  4.9)",3.3,"( 2.9,  3.8)",47,0,0,0,0,0,0,False,0.0,0.0,False,0.0,0.0,True,True,True,4,2
TN,Tennessee,Putnam,47141,83844,66450,3.5,"( 3.1,  4.1)",3.3,"( 2.9,  3.8)",47,0,0,0,0,0,0,False,0.0,0.0,False,0.0,0.0,False,False,True,2,4
TN,Tennessee,Rhea,47143,33924,26584,4.4,"( 3.8,  5.1)",3.6,"( 3.1,  4.1)",47,0,0,0,0,0,0,False,0.0,0.0,False,0.0,0.0,True,True,True,4,3
TN,Tennessee,Roane,47145,56096,45557,4.4,"( 3.7,  5.0)",3.2,"( 2.8,  3.7)",47,0,0,0,0,0,0,False,0.0,0.0,False,0.0,0.0,True,True,True,4,4
TN,Tennessee,Robertson,47147,76776,58419,3.4,"( 3.0,  3.9)",3.0,"( 2.7,  3.4)",47,0,0,0,0,0,0,False,0.0,0.0,False,0.0,0.0,False,False,False,1,4
TN,Tennessee,Rutherford,47149,367101,277198,2.7,"( 2.4,  3.1)",2.9,"( 2.5,  3.3)",47,0,0,0,0,0,0,False,0.0,0.0,False,0.0,0.0,False,False,False,1,5
TN,Tennessee,Scott,47151,22171,17051,4.9,"( 4.3,  5.6)",4.2,"( 3.7,  4.7)",47,0,0,0,0,0,0,False,0.0,0.0,False,0.0,0.0,True,True,True,5,3
TN,Tennessee,Sequatchie,47153,17161,13711,4.9,"( 4.3,  5.6)",3.8,"( 3.3,  4.3)",47,0,0,0,0,0,0,False,0.0,0.0,False,0.0,0.0,True,True,True,5,2
TN,Tennessee,Sevier,47155,99415,78781,4.1,"( 3.5,  4.7)",3.2,"( 2.8,  3.6)",47,0,0,0,0,0,0,False,0.0,0.0,False,0.0,0.0,True,True,True,3,5
TN,Tennessee,Shelby,47157,910042,678990,4.2,"( 3.7,  4.6)",3.8,"( 3.4,  4.3)",47,7,6,6,9,7,7,True,0.7691952679107118,1.0309430183066024,True,0.9889653444566294,1.3254981663942031,False,False,False,3,5
TN,Tennessee,Smith,47159,20538,15962,3.8,"( 3.3,  4.3)",3.2,"( 2.8,  3.6)",47,0,0,0,0,0,0,False,0.0,0.0,False,0.0,0.0,False,False,True,2,3
TN,Tennessee,Stewart,47161,14222,11296,4.0,"( 3.5,  4.5)",3.1,"( 2.7,  3.5)",47,0,0,0,0,0,0,False,0.0,0.0,False,0.0,0.0,False,False,False,3,2
TN,Tennessee,Sullivan,47163,162135,131383,4.2,"( 3.7,  4.9)",3.2,"( 2.8,  3.7)",47,0,0,0,0,0,0,False,0.0,0.0,False,0.0,0.0,True,True,True,3,5
TN,Tennessee,Sumner,47165,207994,160636,3.3,"( 2.8,  3.7)",2.8,"( 2.5,  3.2)",47,0,0,0,0,0,0,False,0.0,0.0,False,0.0,0.0,False,False,False,1,5
TN,Tennessee,Tipton,47167,62015,47484,3.8,"( 3.4,  4.3)",3.4,"( 3.0,  3.8)",47,0,0,0,0,0,0,False,0.0,0.0,False,0.0,0.0,False,False,True,2,4
TN,Tennessee,Trousdale,47169,12271,9953,3.2,"( 2.9,  3.6)",3.5,"( 3.1,  3.9)",47,0,0,0,0,0,0,False,0.0,0.0,False,0.0,0.0,False,False,True,1,2
TN,Tennessee,Unicoi,47171,17756,14576,4.8,"( 4.2,  5.5)",3.6,"( 3.2,  4.1)",47,0,0,0,0,0,0,False,0.0,0.0,False,0.0,0.0,True,True,True,5,2
TN,Tennessee,Union,47173,20741,16391,4.2,"( 3.7,  4.7)",3.4,"( 3.0,  3.8)",47,0,0,0,0,0,0,False,0.0,0.0,False,0.0,0.0,True,True,True,3,3
TN,Tennessee,Van Buren,47175,6493,5159,4.7,"( 4.1,  5.4)",3.4,"( 3.0,  3.9)",47,0,0,0,0,0,0,False,0.0,0.0,False,0.0,0.0,True,True,True,4,1
TN,Tennessee,Warren,47177,42638,32817,4.2,"( 3.7,  4.8)",3.6,"( 3.1,  4.0)",47,0,0,0,0,0,0,False,0.0,0.0,False,0.0,0.0,True,True,True,3,4
TN,Tennessee,Washington,47179,138420,112911,3.6,"( 3.2,  4.2)",3.1,"( 2.7,  3.6)",47,0,0,0,0,0,0,False,0.0,0.0,False,0.0,0.0,False,False,False,2,5
TN,Tennessee,Wayne,47181,16066,13393,4.6,"( 4.0,  5.2)",3.7,"( 3.3,  4.2)",47,0,0,0,0,0,0,False,0.0,0.0,False,0.0,0.0,True,True,True,4,2
TN,Tennessee,Weakley,47183,33084,26870,4.0,"( 3.6,  4.6)",3.6,"( 3.2,  4.1)",47,0,0,0,0,0,0,False,0.0,0.0,False,0.0,0.0,False,False,True,3,3
TN,Tennessee,White,47185,28692,22572,4.6,"( 4.0,  5.2)",3.6,"( 3.1,  4.1)",47,0,0,0,0,0,0,False,0.0,0.0,False,0.0,0.0,True,True,True,4,3
TN,Tennessee,Williamson,47187,264460,197303,2.5,"( 2.1,  2.9)",2.2,"( 1.9,  2.5)",47,0,0,0,0,0,0,False,0.0,0.0,False,0.0,0.0,False,False,False,1,5
TN,Tennessee,Wilson,47189,163674,125684,3.0,"( 2.6,  3.5)",2.7,"( 2.3,  3.1)",47,0,0,0,0,0,0,False,0.0,0.0,False,0.0,0.0,False,False,False,1,5
TX,Texas,Anderson,48001,57736,46379,3.9,"( 3.5,  4.4)",3.7,"( 3.3,  4.1)",48,0,0,0,0,0,0,False,0.0,0.0,False,0.0,0.0,False,False,True,3,4
TX,Texas,Andrews,48003,18664,12871,3.1,"( 2.7,  3.4)",3.2,"( 2.8,  3.6)",48,0,0,0,0,0,0,False,0.0,0.0,False,0.0,0.0,False,False,True,1,2
TX,Texas,Angelina,48005,87319,65255,4.2,"( 3.8,  4.7)",3.6,"( 3.2,  4.0)",48,1,1,1,1,1,1,True,1.1452261248983613,1.5324496207187188,True,1.1452261248983613,1.5324496207187188,False,False,False,3,4
TX,Texas,Aransas,48007,25374,20864,4.6,"( 4.0,  5.3)",3.1,"( 2.7,  3.5)",48,0,0,0,0,0,0,False,0.0,0.0,False,0.0,0.0,True,True,False,4,3
TX,Texas,Archer,48009,9029,6979,3.8,"( 3.4,  4.3)",2.9,"( 2.6,  3.3)",48,0,0,0,0,0,0,False,0.0,0.0,False,0.0,0.0,False,False,False,2,2
TX,Texas,Armstrong,48011,1832,1422,3.7,"( 3.2,  4.3)",2.7,"( 2.4,  3.0)",48,0,0,0,0,0,0,False,0.0,0.0,False,0.0,0.0,False,False,False,2,1
TX,Texas,Atascosa,48013,51784,38008,3.5,"( 3.2,  3.9)",3.2,"( 2.9,  3.6)",48,0,0,0,0,0,0,False,0.0,0.0,False,0.0,0.0,False,False,True,2,4
TX,Texas,Austin,48015,31677,24216,4.2,"( 3.7,  4.7)",3.2,"( 2.9,  3.6)",48,0,0,0,0,0,0,False,0.0,0.0,False,0.0,0.0,True,True,True,3,3
TX,Texas,Bailey,48017,6672,4676,3.8,"( 3.4,  4.2)",3.4,"( 3.1,  3.8)",48,0,0,0,0,0,0,False,0.0,0.0,False,0.0,0.0,False,False,True,2,1
TX,Texas,Bandera,48019,22637,18811,4.5,"( 4.0,  5.1)",3.0,"( 2.7,  3.4)",48,0,0,0,0,0,0,False,0.0,0.0,False,0.0,0.0,True,True,False,4,3
TX,Texas,Bastrop,48021,110778,82035,3.5,"( 3.1,  4.0)",3.2,"( 2.8,  3.5)",48,0,0,0,0,0,0,False,0.0,0.0,False,0.0,0.0,False,False,True,2,5
TX,Texas,Baylor,48023,3463,2691,4.6,"( 4.0,  5.4)",3.4,"( 3.0,  3.9)",48,0,0,0,0,0,0,False,0.0,0.0,False,0.0,0.0,True,True,True,4,1
TX,Texas,Bee,48025,30850,24638,3.2,"( 2.9,  3.6)",3.4,"( 3.1,  3.8)",48,0,0,0,0,0,0,False,0.0,0.0,False,0.0,0.0,False,False,True,1,3
TX,Texas,Bell,48027,393193,285194,3.2,"( 2.9,  3.5)",3.3,"( 3.0,  3.7)",48,1,1,1,1,1,1,True,0.2543280272029258,0.3506385127316844,True,0.2543280272029258,0.3506385127316844,False,False,False,1,5
TX,Texas,Bexar,48029,2087679,1577040,3.0,"( 2.7,  3.3)",3.0,"( 2.7,  3.4)",48,4,4,4,5,5,5,True,0.19160033702499282,0.25363973012732716,True,0.23950042128124102,0.3170496626591589,False,False,False,1,5
TX,Texas,Blanco,48031,13048,10896,3.7,"( 3.2,  4.3)",2.6,"( 2.2,  2.9)",48,0,0,0,0,0,0,False,0.0,0.0,False,0.0,0.0,False,False,False,2,2
TX,Texas,Borden,48033,572,455,3.9,"( 3.4,  4.6)",2.7,"( 2.3,  3.0)",48,0,0,0,0,0,0,False,0.0,0.0,False,0.0,0.0,False,False,False,3,1
TX,Texas,Bosque,48035,18996,15064,4.3,"( 3.7,  4.9)",3.0,"( 2.6,  3.4)",48,0,0,0,0,0,0,False,0.0,0.0,False,0.0,0.0,True,True,False,4,3
TX,Texas,Bowie,48037,91687,69941,4.1,"( 3.7,  4.6)",3.5,"( 3.2,  4.0)",48,0,0,0,0,0,0,False,0.0,0.0,False,0.0,0.0,True,True,True,3,4
TX,Texas,Brazoria,48039,398938,297394,2.9,"( 2.6,  3.2)",2.8,"( 2.5,  3.2)",48,0,0,0,0,0,0,False,0.0,0.0,False,0.0,0.0,False,False,False,1,5
TX,Texas,Brazos,48041,244703,195226,2.6,"( 2.3,  2.8)",3.3,"( 2.9,  3.7)",48,0,0,0,0,0,0,False,0.0,0.0,False,0.0,0.0,False,False,True,1,5
TX,Texas,Brewster,48043,9513,7906,3.3,"( 2.8,  3.7)",2.5,"( 2.3,  2.9)",48,0,0,0,0,0,0,False,0.0,0.0,False,0.0,0.0,False,False,False,1,2
TX,Texas,Briscoe,48045,1445,1128,5.2,"( 4.6,  6.0)",3.7,"( 3.3,  4.1)",48,0,0,0,0,0,0,False,0.0,0.0,False,0.0,0.0,True,True,True,5,1
TX,Texas,Brooks,48047,6848,5111,4.4,"( 3.9,  5.0)",3.9,"( 3.5,  4.4)",48,0,0,0,0,0,0,False,0.0,0.0,False,0.0,0.0,True,True,True,4,1
TX,Texas,Brown,48049,38709,30770,4.1,"( 3.6,  4.6)",3.2,"( 2.9,  3.6)",48,0,0,0,0,0,0,False,0.0,0.0,False,0.0,0.0,True,True,True,3,4
TX,Texas,Burleson,48051,19475,15139,4.0,"( 3.5,  4.6)",3.1,"( 2.7,  3.5)",48,0,0,0,0,0,0,False,0.0,0.0,False,0.0,0.0,False,False,False,3,3
TX,Texas,Burnet,48053,53991,43122,3.9,"( 3.4,  4.5)",2.9,"( 2.5,  3.3)",48,0,0,0,0,0,0,False,0.0,0.0,False,0.0,0.0,False,False,False,3,4
TX,Texas,Caldwell,48055,49859,38288,3.6,"( 3.2,  4.0)",3.3,"( 3.0,  3.7)",48,0,0,0,0,0,0,False,0.0,0.0,False,0.0,0.0,False,False,True,2,4
TX,Texas,Calhoun,48057,19696,15174,3.8,"( 3.3,  4.2)",3.0,"( 2.7,  3.4)",48,0,0,0,0,0,0,False,0.0,0.0,False,0.0,0.0,False,False,False,2,3
TX,Texas,Callahan,48059,14374,11235,3.9,"( 3.4,  4.5)",3.0,"( 2.6,  3.4)",48,0,0,0,0,0,0,False,0.0,0.0,False,0.0,0.0,False,False,False,3,2
TX,Texas,Cameron,48061,426710,306297,3.9,"( 3.4,  4.4)",3.6,"( 3.2,  4.1)",48,4,4,2,4,4,2,True,0.9374047948255255,1.3059220299252032,True,0.9374047948255255,1.3059220299252032,False,False,False,3,5
TX,Texas,Camp,48063,13000,9495,4.7,"( 4.1,  5.2)",3.9,"( 3.5,  4.3)",48,0,0,0,0,0,0,False,0.0,0.0,False,0.0,0.0,True,True,True,4,2
TX,Texas,Carson,48065,5878,4511,3.4,"( 3.0,  3.9)",2.7,"( 2.4,  3.0)",48,0,0,0,0,0,0,False,0.0,0.0,False,0.0,0.0,False,False,False,1,1
TX,Texas,Cass,48067,28659,22102,4.9,"( 4.3,  5.4)",3.6,"( 3.2,  4.0)",48,0,0,0,0,0,0,False,0.0,0.0,False,0.0,0.0,True,True,True,5,3
TX,Texas,Castro,48069,7227,5107,3.8,"( 3.3,  4.3)",3.2,"( 2.9,  3.6)",48,0,0,0,0,0,0,False,0.0,0.0,False,0.0,0.0,False,False,True,2,1
TX,Texas,Chambers,48071,53876,38951,2.9,"( 2.5,  3.2)",2.9,"( 2.6,  3.3)",48,0,0,0,0,0,0,False,0.0,0.0,False,0.0,0.0,False,False,False,1,4
TX,Texas,Cherokee,48073,52217,39032,4.3,"( 3.8,  4.8)",3.6,"( 3.2,  4.0)",48,0,0,0,0,0,0,False,0.0,0.0,False,0.0,0.0,True,True,True,4,4
TX,Texas,Childress,48075,6788,5492,3.4,"( 3.1,  3.8)",3.3,"( 3.0,  3.6)",48,0,0,0,0,0,0,False,0.0,0.0,False,0.0,0.0,False,False,True,1,1
TX,Texas,Clay,48077,10738,8542,4.0,"( 3.5,  4.6)",2.9,"( 2.5,  3.3)",48,0,0,0,0,0,0,False,0.0,0.0,False,0.0,0.0,False,False,False,3,2
TX,Texas,Cochran,48079,2509,1832,4.9,"( 4.4,  5.4)",4.4,"( 3.9,  4.8)",48,0,0,0,0,0,0,False,0.0,0.0,False,0.0,0.0,True,True,True,5,1
TX,Texas,Coke,48081,3352,2630,4.9,"( 4.2,  5.7)",3.3,"( 2.9,  3.7)",48,0,0,0,0,0,0,False,0.0,0.0,False,0.0,0.0,True,True,True,5,1
TX,Texas,Coleman,48083,7842,6188,4.6,"( 4.0,  5.2)",3.2,"( 2.9,  3.6)",48,0,0,0,0,0,0,False,0.0,0.0,False,0.0,0.0,True,True,True,4,1
TX,Texas,Collin,48085,1195359,903972,2.3,"( 2.1,  2.6)",2.3,"( 2.1,  2.6)",48,5,4,4,5,4,4,True,0.41828438151216496,0.5531144769970752,True,0.41828438151216496,0.5531144769970752,False,False,False,1,5
TX,Texas,Collingsworth,48087,2563,1897,4.4,"( 3.9,  5.0)",3.6,"( 3.2,  4.0)",48,0,0,0,0,0,0,False,0.0,0.0,False,0.0,0.0,True,True,True,4,1
TX,Texas,Colorado,48089,21117,16091,4.2,"( 3.7,  4.8)",3.1,"( 2.8,  3.5)",48,0,0,0,0,0,0,False,0.0,0.0,False,0.0,0.0,True,True,False,3,3
TX,Texas,Comal,48091,193928,151068,3.0,"( 2.6,  3.4)",2.4,"( 2.1,  2.8)",48,0,0,0,0,0,0,False,0.0,0.0,False,0.0,0.0,False,False,False,1,5
TX,Texas,Comanche,48093,14050,10881,4.3,"( 3.8,  4.9)",3.1,"( 2.8,  3.5)",48,0,0,0,0,0,0,False,0.0,0.0,False,0.0,0.0,True,True,False,4,2
TX,Texas,Concho,48095,3297,2894,4.0,"( 3.6,  4.5)",3.4,"( 3.1,  3.8)",48,0,0,0,0,0,0,False,0.0,0.0,False,0.0,0.0,False,False,True,3,1
TX,Texas,Cooke,48097,43782,33539,3.8,"( 3.3,  4.3)",3.1,"( 2.7,  3.5)",48,0,0,0,0,0,0,False,0.0,0.0,False,0.0,0.0,False,False,False,2,4
TX,Texas,Coryell,48099,84878,65792,2.8,"( 2.6,  3.1)",3.2,"( 2.9,  3.5)",48,0,0,0,0,0,0,False,0.0,0.0,False,0.0,0.0,False,False,True,1,4
TX,Texas,Cottle,48101,1294,1043,5.5,"( 4.8,  6.2)",3.9,"( 3.4,  4.3)",48,0,0,0,0,0,0,False,0.0,0.0,False,0.0,0.0,True,True,True,5,1
TX,Texas,Crane,48103,4574,3247,3.5,"( 3.1,  3.9)",3.4,"( 3.0,  3.7)",48,0,0,0,0,0,0,False,0.0,0.0,False,0.0,0.0,False,False,True,2,1
TX,Texas,Crockett,48105,2858,2119,4.1,"( 3.6,  4.5)",3.2,"( 2.9,  3.6)",48,0,0,0,0,0,0,False,0.0,0.0,False,0.0,0.0,True,True,True,3,1
TX,Texas,Crosby,48107,4917,3652,4.5,"( 4.1,  5.0)",3.7,"( 3.3,  4.0)",48,0,0,0,0,0,0,False,0.0,0.0,False,0.0,0.0,True,True,True,4,1
TX,Texas,Culberson,48109,2196,1675,4.7,"( 4.1,  5.2)",3.7,"( 3.3,  4.2)",48,0,0,0,0,0,0,False,0.0,0.0,False,0.0,0.0,True,True,True,4,1
TX,Texas,Dallam,48111,7237,4733,3.6,"( 3.3,  4.0)",3.7,"( 3.3,  4.1)",48,0,0,0,0,0,0,False,0.0,0.0,False,0.0,0.0,False,False,True,2,1
TX,Texas,Dallas,48113,2606358,1960720,3.2,"( 2.9,  3.6)",3.3,"( 3.0,  3.7)",48,17,14,15,17,14,15,True,0.6522511489212149,0.8670284385327839,True,0.6522511489212149,0.8670284385327839,False,False,False,1,5
TX,Texas,Dawson,48115,12004,9004,3.9,"( 3.5,  4.3)",3.8,"( 3.4,  4.2)",48,0,0,0,0,0,0,False,0.0,0.0,False,0.0,0.0,False,False,True,3,2
TX,Texas,Deaf Smith,48117,18347,12613,3.9,"( 3.4,  4.3)",3.8,"( 3.3,  4.2)",48,0,0,0,0,0,0,False,0.0,0.0,False,0.0,0.0,False,False,True,3,2
TX,Texas,Delta,48119,5520,4187,4.1,"( 3.7,  4.6)",3.2,"( 2.9,  3.6)",48,0,0,0,0,0,0,False,0.0,0.0,False,0.0,0.0,True,True,True,3,1
TX,Texas,Denton,48121,1007703,775771,2.4,"( 2.1,  2.7)",2.4,"( 2.1,  2.7)",48,0,0,0,0,0,0,False,0.0,0.0,False,0.0,0.0,False,False,False,1,5
TX,Texas,DeWitt,48123,19929,15349,4.4,"( 4.0,  4.9)",3.5,"( 3.1,  3.8)",48,0,0,0,0,0,0,False,0.0,0.0,False,0.0,0.0,True,True,True,4,3
TX,Texas,Dickens,48125,1711,1399,5.0,"( 4.3,  5.7)",3.3,"( 3.0,  3.7)",48,0,0,0,0,0,0,False,0.0,0.0,False,0.0,0.0,True,True,True,5,1
TX,Texas,Dimmit,48127,8257,5890,5.5,"( 4.8,  6.2)",4.8,"( 4.3,  5.4)",48,0,0,0,0,0,0,False,0.0,0.0,False,0.0,0.0,True,True,True,5,1
TX,Texas,Donley,48129,3214,2573,4.4,"( 3.8,  5.0)",3.2,"( 2.9,  3.6)",48,0,0,0,0,0,0,False,0.0,0.0,False,0.0,0.0,True,True,True,4,1
TX,Texas,Duval,48131,9604,7139,4.3,"( 3.8,  4.9)",3.7,"( 3.3,  4.2)",48,0,0,0,0,0,0,False,0.0,0.0,False,0.0,0.0,True,True,True,4,2
TX,Texas,Eastland,48133,18037,14154,4.3,"( 3.7,  4.9)",3.3,"( 2.9,  3.7)",48,0,0,0,0,0,0,False,0.0,0.0,False,0.0,0.0,True,True,True,4,2
TX,Texas,Ector,48135,164494,114193,3.0,"( 2.7,  3.3)",3.3,"( 2.9,  3.6)",48,2,2,1,2,2,1,True,1.2158498182304522,1.751420840156577,True,1.2158498182304522,1.751420840156577,False,False,False,1,5
TX,Texas,Edwards,48137,1393,1097,5.3,"( 4.6,  6.0)",3.5,"( 3.1,  3.9)",48,0,0,0,0,0,0,False,0.0,0.0,False,0.0,0.0,True,True,True,5,1
TX,Texas,Ellis,48139,222829,164247,3.0,"( 2.7,  3.4)",2.9,"( 2.6,  3.2)",48,0,0,0,0,0,0,False,0.0,0.0,False,0.0,0.0,False,False,False,1,5
TX,Texas,El Paso,48141,869880,646273,3.2,"( 2.8,  3.6)",3.1,"( 2.8,  3.6)",48,3,1,3,3,1,3,True,0.34487515519381984,0.46420011357429447,True,0.34487515519381984,0.46420011357429447,False,False,False,1,5
TX,Texas,Erath,48143,44195,35075,3.1,"( 2.7,  3.5)",3.1,"( 2.7,  3.5)",48,0,0,0,0,0,0,False,0.0,0.0,False,0.0,0.0,False,False,False,1,4
TX,Texas,Falls,48145,17286,13585,4.7,"( 4.2,  5.2)",3.9,"( 3.5,  4.3)",48,0,0,0,0,0,0,False,0.0,0.0,False,0.0,0.0,True,True,True,4,2
TX,Texas,Fannin,48147,37571,29614,3.9,"( 3.4,  4.5)",3.3,"( 2.9,  3.8)",48,0,0,0,0,0,0,False,0.0,0.0,False,0.0,0.0,False,False,True,3,4
TX,Texas,Fayette,48149,25474,20303,4.1,"( 3.5,  4.7)",2.8,"( 2.5,  3.1)",48,0,0,0,0,0,0,False,0.0,0.0,False,0.0,0.0,True,True,False,3,3
TX,Texas,Fisher,48151,3612,2830,4.1,"( 3.6,  4.6)",2.9,"( 2.6,  3.3)",48,0,0,0,0,0,0,False,0.0,0.0,False,0.0,0.0,True,True,False,3,1
TX,Texas,Floyd,48153,5090,3788,4.4,"( 4.0,  4.9)",3.6,"( 3.2,  3.9)",48,0,0,0,0,0,0,False,0.0,0.0,False,0.0,0.0,True,True,True,4,1
TX,Texas,Foard,48155,1079,854,5.7,"( 5.0,  6.6)",3.9,"( 3.4,  4.4)",48,0,0,0,0,0,0,False,0.0,0.0,False,0.0,0.0,True,True,True,5,1
TX,Texas,Fort Bend,48157,916778,674906,2.7,"( 2.4,  3.0)",2.6,"( 2.3,  2.8)",48,3,3,1,3,3,1,True,0.32723298333947803,0.444506346068934,True,0.32723298333947803,0.444506346068934,False,False,False,1,5
TX,Texas,Franklin,48159,10735,8409,3.8,"( 3.3,  4.4)",2.8,"( 2.5,  3.2)",48,0,0,0,0,0,0,False,0.0,0.0,False,0.0,0.0,False,False,False,2,2
TX,Texas,Freestone,48161,20441,15822,4.4,"( 3.9,  4.9)",3.4,"( 3.1,  3.8)",48,0,0,0,0,0,0,False,0.0,0.0,False,0.0,0.0,True,True,True,4,3
TX,Texas,Frio,48163,17987,13345,3.4,"( 3.0,  3.8)",3.6,"( 3.3,  4.1)",48,0,0,0,0,0,0,False,0.0,0.0,False,0.0,0.0,False,False,True,1,2
TX,Texas,Gaines,48165,22523,14406,3.1,"( 2.7,  3.4)",3.3,"( 2.9,  3.7)",48,0,0,0,0,0,0,False,0.0,0.0,False,0.0,0.0,False,False,True,1,3
TX,Texas,Galveston,48167,361744,277060,3.3,"( 2.9,  3.7)",2.9,"( 2.6,  3.2)",48,3,3,2,3,3,2,True,0.8293157592109337,1.0827979499025482,True,0.8293157592109337,1.0827979499025482,False,False,False,1,5
TX,Texas,Garza,48169,4517,3597,3.8,"( 3.4,  4.2)",3.7,"( 3.3,  4.1)",48,0,0,0,0,0,0,False,0.0,0.0,False,0.0,0.0,False,False,True,2,1
TX,Texas,Gillespie,48171,27733,22412,4.1,"( 3.5,  4.8)",2.6,"( 2.3,  3.0)",48,0,0,0,0,0,0,False,0.0,0.0,False,0.0,0.0,True,True,False,3,3
TX,Texas,Glasscock,48173,1141,853,2.8,"( 2.5,  3.2)",2.5,"( 2.2,  2.9)",48,0,0,0,0,0,0,False,0.0,0.0,False,0.0,0.0,False,False,False,1,1
TX,Texas,Goliad,48175,7144,5744,4.4,"( 3.9,  4.9)",3.1,"( 2.8,  3.5)",48,0,0,0,0,0,0,False,0.0,0.0,False,0.0,0.0,True,True,False,4,1
TX,Texas,Gonzales,48177,19930,14670,4.3,"( 3.8,  4.8)",3.5,"( 3.2,  3.9)",48,0,0,0,0,0,0,False,0.0,0.0,False,0.0,0.0,True,True,True,4,3
TX,Texas,Gray,48179,20916,15662,3.9,"( 3.4,  4.4)",3.4,"( 3.0,  3.9)",48,0,0,0,0,0,0,False,0.0,0.0,False,0.0,0.0,False,False,True,3,3
TX,Texas,Grayson,48181,146907,111562,3.6,"( 3.2,  4.0)",3.0,"( 2.7,  3.4)",48,0,0,0,0,0,0,False,0.0,0.0,False,0.0,0.0,False,False,False,2,5
TX,Texas,Gregg,48183,126243,93766,3.9,"( 3.4,  4.4)",3.5,"( 3.1,  3.9)",48,0,0,0,0,0,0,False,0.0,0.0,False,0.0,0.0,False,False,True,3,5
TX,Texas,Grimes,48185,32384,25008,4.1,"( 3.6,  4.6)",3.4,"( 3.0,  3.8)",48,0,0,0,0,0,0,False,0.0,0.0,False,0.0,0.0,True,True,True,3,3
TX,Texas,Guadalupe,48187,188454,143773,3.0,"( 2.7,  3.4)",2.8,"( 2.5,  3.1)",48,0,0,0,0,0,0,False,0.0,0.0,False,0.0,0.0,False,False,False,1,5
TX,Texas,Hale,48189,31761,23506,3.8,"( 3.4,  4.3)",3.7,"( 3.3,  4.1)",48,0,0,0,0,0,0,False,0.0,0.0,False,0.0,0.0,False,False,True,2,3
TX,Texas,Hall,48191,2818,2210,5.1,"( 4.5,  5.7)",3.6,"( 3.3,  4.0)",48,0,0,0,0,0,0,False,0.0,0.0,False,0.0,0.0,True,True,True,5,1
TX,Texas,Hamilton,48193,8619,6752,4.6,"( 3.9,  5.2)",3.2,"( 2.8,  3.6)",48,0,0,0,0,0,0,False,0.0,0.0,False,0.0,0.0,True,True,True,4,1
TX,Texas,Hansford,48195,5071,3618,3.6,"( 3.1,  4.1)",3.2,"( 2.8,  3.6)",48,0,0,0,0,0,0,False,0.0,0.0,False,0.0,0.0,False,False,True,2,1
TX,Texas,Hardeman,48197,3490,2702,4.5,"( 4.0,  5.1)",3.4,"( 3.0,  3.7)",48,0,0,0,0,0,0,False,0.0,0.0,False,0.0,0.0,True,True,True,4,1
TX,Texas,Hardin,48199,58261,43697,3.7,"( 3.2,  4.1)",3.1,"( 2.7,  3.5)",48,0,0,0,0,0,0,False,0.0,0.0,False,0.0,0.0,False,False,False,2,4
TX,Texas,Harris,48201,4835125,3595915,3.3,"( 2.9,  3.6)",3.3,"( 3.0,  3.7)",48,46,34,28,46,34,28,True,0.9513714743672604,1.279229347745984,True,0.9513714743672604,1.279229347745984,False,False,False,1,5
TX,Texas,Harrison,48203,70895,53891,4.1,"( 3.6,  4.6)",3.5,"( 3.1,  3.9)",48,1,1,1,1,1,1,True,1.4105367092178573,1.8555974095860162,True,1.4105367092178573,1.8555974095860162,False,False,False,3,4
TX,Texas,Hartley,48205,5145,4012,3.3,"( 2.9,  3.8)",2.9,"( 2.5,  3.3)",48,0,0,0,0,0,0,False,0.0,0.0,False,0.0,0.0,False,False,False,1,1
TX,Texas,Haskell,48207,5385,4416,4.3,"( 3.8,  4.9)",3.4,"( 3.0,  3.9)",48,0,0,0,0,0,0,False,0.0,0.0,False,0.0,0.0,True,True,True,4,1
TX,Texas,Hays,48209,280486,218510,2.5,"( 2.2,  2.8)",2.7,"( 2.4,  3.1)",48,0,0,0,0,0,0,False,0.0,0.0,False,0.0,0.0,False,False,False,1,5
TX,Texas,Hemphill,48211,3189,2336,3.3,"( 2.8,  3.7)",2.6,"( 2.3,  3.0)",48,0,0,0,0,0,0,False,0.0,0.0,False,0.0,0.0,False,False,False,1,1
TX,Texas,Henderson,48213,86158,67684,4.4,"( 3.8,  5.0)",3.3,"( 2.9,  3.7)",48,0,0,0,0,0,0,False,0.0,0.0,False,0.0,0.0,True,True,True,4,4
TX,Texas,Hidalgo,48215,898471,624451,3.6,"( 3.2,  4.1)",3.7,"( 3.3,  4.2)",48,0,0,0,0,0,0,False,0.0,0.0,False,0.0,0.0,False,False,True,2,5
TX,Texas,Hill,48217,38101,29280,4.1,"( 3.6,  4.6)",3.2,"( 2.9,  3.6)",48,0,0,0,0,0,0,False,0.0,0.0,False,0.0,0.0,True,True,True,3,4
TX,Texas,Hockley,48219,21460,15783,3.6,"( 3.2,  4.0)",3.3,"( 2.9,  3.6)",48,0,0,0,0,0,0,False,0.0,0.0,False,0.0,0.0,False,False,True,2,3
TX,Texas,Hood,48221,67774,53986,3.7,"( 3.2,  4.3)",2.6,"( 2.3,  3.0)",48,0,0,0,0,0,0,False,0.0,0.0,False,0.0,0.0,False,False,False,2,4
TX,Texas,Hopkins,48223,38172,28933,4.0,"( 3.5,  4.5)",3.2,"( 2.9,  3.7)",48,0,0,0,0,0,0,False,0.0,0.0,False,0.0,0.0,False,False,True,3,4
TX,Texas,Houston,48225,22066,17552,5.1,"( 4.5,  5.7)",3.9,"( 3.5,  4.4)",48,0,0,0,0,0,0,False,0.0,0.0,False,0.0,0.0,True,True,True,5,3
TX,Texas,Howard,48227,30554,23509,3.4,"( 3.0,  3.8)",3.3,"( 2.9,  3.7)",48,0,0,0,0,0,0,False,0.0,0.0,False,0.0,0.0,False,False,True,1,3
TX,Texas,Hudspeth,48229,3451,3036,3.3,"( 3.1,  3.6)",4.2,"( 3.9,  4.6)",48,0,0,0,0,0,0,False,0.0,0.0,False,0.0,0.0,False,False,True,1,1
TX,Texas,Hunt,48231,113347,85368,3.5,"( 3.1,  4.0)",3.2,"( 2.8,  3.6)",48,0,0,0,0,0,0,False,0.0,0.0,False,0.0,0.0,False,False,True,2,5
TX,Texas,Hutchinson,48233,20033,15111,3.7,"( 3.2,  4.1)",3.1,"( 2.7,  3.4)",48,0,0,0,0,0,0,False,0.0,0.0,False,0.0,0.0,False,False,False,2,3
TX,Texas,Irion,48235,1549,1190,3.7,"( 3.3,  4.3)",2.8,"( 2.5,  3.1)",48,0,0,0,0,0,0,False,0.0,0.0,False,0.0,0.0,False,False,False,2,1
TX,Texas,Jack,48237,8875,6909,4.0,"( 3.5,  4.6)",3.5,"( 3.0,  3.9)",48,0,0,0,0,0,0,False,0.0,0.0,False,0.0,0.0,False,False,True,3,2
TX,Texas,Jackson,48239,15221,11330,4.2,"( 3.7,  4.6)",3.3,"( 2.9,  3.6)",48,0,0,0,0,0,0,False,0.0,0.0,False,0.0,0.0,True,True,True,3,2
TX,Texas,Jasper,48241,32694,25039,5.0,"( 4.4,  5.6)",3.9,"( 3.4,  4.3)",48,0,0,0,0,0,0,False,0.0,0.0,False,0.0,0.0,True,True,True,5,3
TX,Texas,Jeff Davis,48243,1856,1764,6.1,"( 5.3,  7.0)",3.4,"( 3.0,  3.9)",48,0,0,0,0,0,0,False,0.0,0.0,False,0.0,0.0,True,True,True,5,1
TX,Texas,Jefferson,48245,251496,189667,4.3,"( 3.8,  4.8)",3.9,"( 3.5,  4.3)",48,0,0,0,0,0,0,False,0.0,0.0,False,0.0,0.0,True,True,True,4,5
TX,Texas,Jim Hogg,48247,4720,3365,5.3,"( 4.7,  6.0)",4.4,"( 4.0,  5.0)",48,0,0,0,0,0,0,False,0.0,0.0,False,0.0,0.0,True,True,True,5,1
TX,Texas,Jim Wells,48249,38662,28172,4.0,"( 3.5,  4.6)",3.6,"( 3.1,  4.0)",48,0,0,0,0,0,0,False,0.0,0.0,False,0.0,0.0,False,False,True,3,4
TX,Texas,Johnson,48251,202906,150832,3.2,"( 2.8,  3.6)",3.0,"( 2.6,  3.4)",48,0,0,0,0,0,0,False,0.0,0.0,False,0.0,0.0,False,False,False,1,5
TX,Texas,Jones,48253,20381,16924,3.6,"( 3.2,  4.0)",3.6,"( 3.2,  4.0)",48,0,0,0,0,0,0,False,0.0,0.0,False,0.0,0.0,False,False,True,2,3
TX,Texas,Karnes,48255,15018,12017,3.5,"( 3.1,  3.9)",3.6,"( 3.2,  4.0)",48,0,0,0,0,0,0,False,0.0,0.0,False,0.0,0.0,False,False,True,2,2
TX,Texas,Kaufman,48257,185690,132239,2.9,"( 2.6,  3.3)",3.1,"( 2.8,  3.5)",48,0,0,0,0,0,0,False,0.0,0.0,False,0.0,0.0,False,False,False,1,5
TX,Texas,Kendall,48259,50537,39429,3.1,"( 2.7,  3.5)",2.4,"( 2.1,  2.7)",48,0,0,0,0,0,0,False,0.0,0.0,False,0.0,0.0,False,False,False,1,4
TX,Texas,Kenedy,48261,343,289,4.4,"( 3.8,  5.0)",3.4,"( 3.0,  3.9)",48,0,0,0,0,0,0,False,0.0,0.0,False,0.0,0.0,True,True,True,4,1
TX,Texas,Kent,48263,734,557,4.0,"( 3.3,  4.6)",2.6,"( 2.3,  2.9)",48,0,0,0,0,0,0,False,0.0,0.0,False,0.0,0.0,False,False,False,3,1
TX,Texas,Kerr,48265,53915,44017,4.4,"( 3.7,  5.1)",2.9,"( 2.6,  3.3)",48,0,0,0,0,0,0,False,0.0,0.0,False,0.0,0.0,True,True,False,4,4
TX,Texas,Kimble,48267,4442,3628,5.0,"( 4.3,  5.8)",3.3,"( 2.9,  3.7)",48,0,0,0,0,0,0,False,0.0,0.0,False,0.0,0.0,True,True,True,5,1
TX,Texas,King,48269,217,168,5.3,"( 4.5,  6.1)",3.5,"( 3.1,  4.0)",48,0,0,0,0,0,0,False,0.0,0.0,False,0.0,0.0,True,True,True,5,1
TX,Texas,Kinney,48271,3148,2597,4.3,"( 3.8,  4.9)",3.2,"( 2.9,  3.6)",48,0,0,0,0,0,0,False,0.0,0.0,False,0.0,0.0,True,True,True,4,1
TX,Texas,Kleberg,48273,30069,22867,3.2,"( 2.9,  3.6)",3.4,"( 3.0,  3.8)",48,0,0,0,0,0,0,False,0.0,0.0,False,0.0,0.0,False,False,True,1,3
TX,Texas,Knox,48275,3302,2408,4.4,"( 3.9,  4.9)",3.4,"( 3.0,  3.7)",48,0,0,0,0,0,0,False,0.0,0.0,False,0.0,0.0,True,True,True,4,1
TX,Texas,Lamar,48277,51127,38549,4.3,"( 3.8,  4.9)",3.5,"( 3.1,  4.0)",48,0,0,0,0,0,0,False,0.0,0.0,False,0.0,0.0,True,True,True,4,4
TX,Texas,Lamb,48279,12711,9252,4.2,"( 3.7,  4.7)",3.5,"( 3.1,  3.9)",48,0,0,0,0,0,0,False,0.0,0.0,False,0.0,0.0,True,True,True,3,2
TX,Texas,Lampasas,48281,23262,18331,3.9,"( 3.5,  4.5)",3.0,"( 2.7,  3.4)",48,0,0,0,0,0,0,False,0.0,0.0,False,0.0,0.0,False,False,False,3,3
TX,Texas,La Salle,48283,6537,5295,3.8,"( 3.4,  4.2)",3.9,"( 3.5,  4.3)",48,0,0,0,0,0,0,False,0.0,0.0,False,0.0,0.0,False,False,True,2,1
TX,Texas,Lavaca,48285,20571,15741,4.4,"( 3.8,  5.0)",3.1,"( 2.8,  3.5)",48,0,0,0,0,0,0,False,0.0,0.0,False,0.0,0.0,True,True,False,4,3
TX,Texas,Lee,48287,18240,14389,4.4,"( 3.9,  5.0)",3.5,"( 3.1,  3.9)",48,0,0,0,0,0,0,False,0.0,0.0,False,0.0,0.0,True,True,True,4,2
TX,Texas,Leon,48289,16538,12726,4.6,"( 4.1,  5.3)",3.3,"( 3.0,  3.7)",48,0,0,0,0,0,0,False,0.0,0.0,False,0.0,0.0,True,True,True,4,2
TX,Texas,Liberty,48291,108272,75346,3.7,"( 3.3,  4.1)",3.8,"( 3.4,  4.2)",48,0,0,0,0,0,0,False,0.0,0.0,False,0.0,0.0,False,False,True,2,5
TX,Texas,Limestone,48293,22250,17239,4.7,"( 4.1,  5.2)",3.7,"( 3.3,  4.1)",48,0,0,0,0,0,0,False,0.0,0.0,False,0.0,0.0,True,True,True,4,3
TX,Texas,Lipscomb,48295,2906,2179,4.1,"( 3.6,  4.7)",3.2,"( 2.8,  3.6)",48,0,0,0,0,0,0,False,0.0,0.0,False,0.0,0.0,True,True,True,3,1
TX,Texas,Live Oak,48297,11584,9407,4.4,"( 3.9,  5.0)",3.7,"( 3.3,  4.1)",48,0,0,0,0,0,0,False,0.0,0.0,False,0.0,0.0,True,True,True,4,2
TX,Texas,Llano,48299,22875,19317,4.9,"( 4.2,  5.8)",2.9,"( 2.5,  3.3)",48,0,0,0,0,0,0,False,0.0,0.0,False,0.0,0.0,True,True,False,5,3
TX,Texas,Lubbock,48303,320940,245983,3.0,"( 2.6,  3.3)",3.1,"( 2.8,  3.5)",48,1,1,1,1,1,1,True,0.3115847198853368,0.40653215872641607,True,0.3115847198853368,0.40653215872641607,False,False,False,1,5
TX,Texas,Lynn,48305,5761,4156,4.0,"( 3.5,  4.5)",3.5,"( 3.1,  3.9)",48,0,0,0,0,0,0,False,0.0,0.0,False,0.0,0.0,False,False,True,3,1
TX,Texas,McCulloch,48307,7452,5892,4.4,"( 3.9,  5.1)",3.3,"( 2.9,  3.7)",48,0,0,0,0,0,0,False,0.0,0.0,False,0.0,0.0,True,True,True,4,1
TX,Texas,McLennan,48309,268583,204435,3.5,"( 3.1,  3.9)",3.3,"( 3.0,  3.7)",48,0,0,0,0,0,0,False,0.0,0.0,False,0.0,0.0,False,False,True,2,5
TX,Texas,McMullen,48311,568,445,4.9,"( 4.3,  5.4)",3.6,"( 3.2,  4.0)",48,0,0,0,0,0,0,False,0.0,0.0,False,0.0,0.0,True,True,True,5,1
TX,Texas,Madison,48313,13742,10656,3.8,"( 3.4,  4.2)",3.6,"( 3.2,  4.1)",48,0,0,0,0,0,0,False,0.0,0.0,False,0.0,0.0,False,False,True,2,2
TX,Texas,Marion,48315,9571,7838,5.6,"( 5.0,  6.4)",3.8,"( 3.4,  4.3)",48,0,0,0,0,0,0,False,0.0,0.0,False,0.0,0.0,True,True,True,5,2
TX,Texas,Martin,48317,5216,3571,3.0,"( 2.7,  3.3)",2.9,"( 2.7,  3.2)",48,0,0,0,0,0,0,False,0.0,0.0,False,0.0,0.0,False,False,False,1,1
TX,Texas,Mason,48319,3931,3203,4.3,"( 3.7,  5.0)",2.7,"( 2.4,  3.1)",48,0,0,0,0,0,0,False,0.0,0.0,False,0.0,0.0,True,True,False,4,1
TX,Texas,Matagorda,48321,36359,26887,4.3,"( 3.9,  4.8)",3.6,"( 3.2,  4.0)",48,0,0,0,0,0,0,False,0.0,0.0,False,0.0,0.0,True,True,True,4,3
TX,Texas,Maverick,48323,57762,39943,3.6,"( 3.1,  4.1)",3.7,"( 3.2,  4.2)",48,0,0,0,0,0,0,False,0.0,0.0,False,0.0,0.0,False,False,True,2,4
TX,Texas,Medina,48325,54797,42472,3.4,"( 3.1,  3.8)",2.9,"( 2.6,  3.2)",48,0,0,0,0,0,0,False,0.0,0.0,False,0.0,0.0,False,False,False,1,4
TX,Texas,Menard,48327,1958,1592,5.2,"( 4.5,  6.0)",3.2,"( 2.8,  3.6)",48,0,0,0,0,0,0,False,0.0,0.0,False,0.0,0.0,True,True,True,5,1
TX,Texas,Midland,48329,177108,125208,2.6,"( 2.3,  2.9)",2.8,"( 2.5,  3.1)",48,0,0,0,0,0,0,False,0.0,0.0,False,0.0,0.0,False,False,False,1,5
TX,Texas,Milam,48331,25951,20070,4.3,"( 3.8,  4.8)",3.3,"( 2.9,  3.7)",48,0,0,0,0,0,0,False,0.0,0.0,False,0.0,0.0,True,True,True,4,3
TX,Texas,Mills,48333,4548,3625,4.3,"( 3.7,  4.9)",2.8,"( 2.4,  3.2)",48,0,0,0,0,0,0,False,0.0,0.0,False,0.0,0.0,True,True,False,4,1
TX,Texas,Mitchell,48335,9075,7271,3.5,"( 3.2,  3.9)",3.6,"( 3.2,  3.9)",48,0,0,0,0,0,0,False,0.0,0.0,False,0.0,0.0,False,False,True,2,2
TX,Texas,Montague,48337,21598,16711,4.1,"( 3.6,  4.7)",3.1,"( 2.8,  3.5)",48,0,0,0,0,0,0,False,0.0,0.0,False,0.0,0.0,True,True,False,3,3
TX,Texas,Montgomery,48339,711354,528013,2.9,"( 2.5,  3.3)",2.7,"( 2.3,  3.1)",48,0,0,0,0,0,0,False,0.0,0.0,False,0.0,0.0,False,False,False,1,5
TX,Texas,Moore,48341,21190,14480,3.6,"( 3.3,  3.9)",3.6,"( 3.3,  3.9)",48,0,0,0,0,0,0,False,0.0,0.0,False,0.0,0.0,False,False,True,2,3
TX,Texas,Morris,48343,12066,9326,4.8,"( 4.3,  5.3)",3.7,"( 3.3,  4.0)",48,0,0,0,0,0,0,False,0.0,0.0,False,0.0,0.0,True,True,True,5,2
TX,Texas,Motley,48345,1020,819,4.5,"( 3.9,  5.2)",3.0,"( 2.7,  3.4)",48,0,0,0,0,0,0,False,0.0,0.0,False,0.0,0.0,True,True,False,4,1
TX,Texas,Nacogdoches,48347,65375,50065,3.8,"( 3.4,  4.3)",3.7,"( 3.3,  4.1)",48,0,0,0,0,0,0,False,0.0,0.0,False,0.0,0.0,False,False,True,2,4
TX,Texas,Navarro,48349,55635,40762,4.2,"( 3.8,  4.7)",3.7,"( 3.3,  4.1)",48,0,0,0,0,0,0,False,0.0,0.0,False,0.0,0.0,True,True,True,3,4
TX,Texas,Newton,48351,12039,9669,6.0,"( 5.3,  6.6)",4.4,"( 3.9,  4.9)",48,0,0,0,0,0,0,False,0.0,0.0,False,0.0,0.0,True,True,True,5,2
TX,Texas,Nolan,48353,14306,10732,4.6,"( 4.1,  5.1)",3.7,"( 3.4,  4.2)",48,0,0,0,0,0,0,False,0.0,0.0,False,0.0,0.0,True,True,True,4,2
TX,Texas,Nueces,48355,352289,269148,3.5,"( 3.1,  3.9)",3.1,"( 2.8,  3.5)",48,0,0,0,0,0,0,False,0.0,0.0,False,0.0,0.0,False,False,False,2,5
TX,Texas,Ochiltree,48357,9704,6797,3.6,"( 3.2,  3.9)",3.4,"( 3.1,  3.8)",48,0,0,0,0,0,0,False,0.0,0.0,False,0.0,0.0,False,False,True,2,2
TX,Texas,Oldham,48359,1783,1398,3.6,"( 3.1,  4.1)",3.1,"( 2.7,  3.5)",48,0,0,0,0,0,0,False,0.0,0.0,False,0.0,0.0,False,False,False,2,1
TX,Texas,Orange,48361,85722,63756,3.6,"( 3.2,  4.1)",3.2,"( 2.8,  3.6)",48,0,0,0,0,0,0,False,0.0,0.0,False,0.0,0.0,False,False,True,2,4
TX,Texas,Palo Pinto,48363,29747,22840,4.2,"( 3.7,  4.8)",3.3,"( 2.9,  3.7)",48,0,0,0,0,0,0,False,0.0,0.0,False,0.0,0.0,True,True,True,3,3
TX,Texas,Panola,48365,22838,17537,4.2,"( 3.7,  4.7)",3.3,"( 3.0,  3.7)",48,0,0,0,0,0,0,False,0.0,0.0,False,0.0,0.0,True,True,True,3,3
TX,Texas,Parker,48367,173494,131016,3.1,"( 2.7,  3.5)",2.7,"( 2.3,  3.0)",48,0,0,0,0,0,0,False,0.0,0.0,False,0.0,0.0,False,False,False,1,5
TX,Texas,Parmer,48369,9617,6935,3.6,"( 3.2,  4.0)",3.2,"( 2.8,  3.5)",48,0,0,0,0,0,0,False,0.0,0.0,False,0.0,0.0,False,False,True,2,2
TX,Texas,Pecos,48371,14623,11009,3.7,"( 3.3,  4.1)",3.6,"( 3.2,  4.0)",48,0,0,0,0,0,0,False,0.0,0.0,False,0.0,0.0,False,False,True,2,2
TX,Texas,Polk,48373,54186,43059,4.3,"( 3.8,  4.9)",3.6,"( 3.2,  4.1)",48,0,0,0,0,0,0,False,0.0,0.0,False,0.0,0.0,True,True,True,4,4
TX,Texas,Potter,48375,114647,84112,4.1,"( 3.6,  4.6)",3.8,"( 3.4,  4.3)",48,3,3,1,3,3,1,True,2.616727869024048,3.5666730074186797,True,2.616727869024048,3.5666730074186797,False,False,False,3,5
TX,Texas,Presidio,48377,5795,4219,5.5,"( 4.7,  6.3)",3.9,"( 3.4,  4.4)",48,0,0,0,0,0,0,False,0.0,0.0,False,0.0,0.0,True,True,True,5,1
TX,Texas,Rains,48379,12986,10414,4.3,"( 3.6,  4.9)",3.0,"( 2.6,  3.4)",48,0,0,0,0,0,0,False,0.0,0.0,False,0.0,0.0,True,True,False,4,2
TX,Texas,Randall,48381,148255,113132,3.0,"( 2.6,  3.4)",2.7,"( 2.4,  3.1)",48,0,0,0,0,0,0,False,0.0,0.0,False,0.0,0.0,False,False,False,1,5
TX,Texas,Reagan,48383,3141,2250,3.2,"( 2.9,  3.5)",3.1,"( 2.8,  3.4)",48,0,0,0,0,0,0,False,0.0,0.0,False,0.0,0.0,False,False,False,1,1
TX,Texas,Real,48385,2854,2328,5.4,"( 4.7,  6.1)",3.5,"( 3.1,  3.9)",48,0,0,0,0,0,0,False,0.0,0.0,False,0.0,0.0,True,True,True,5,1
TX,Texas,Red River,48387,11678,9261,5.3,"( 4.7,  6.0)",3.7,"( 3.4,  4.1)",48,0,0,0,0,0,0,False,0.0,0.0,False,0.0,0.0,True,True,True,5,2
TX,Texas,Reeves,48389,11770,8503,3.8,"( 3.3,  4.2)",3.7,"( 3.3,  4.2)",48,0,0,0,0,0,0,False,0.0,0.0,False,0.0,0.0,False,False,True,2,2
TX,Texas,Refugio,48391,6666,5209,4.6,"( 4.1,  5.1)",3.5,"( 3.1,  3.8)",48,0,0,0,0,0,0,False,0.0,0.0,False,0.0,0.0,True,True,True,4,1
TX,Texas,Roberts,48393,840,631,3.5,"( 3.0,  4.0)",2.6,"( 2.3,  2.9)",48,0,0,0,0,0,0,False,0.0,0.0,False,0.0,0.0,False,False,False,2,1
TX,Texas,Robertson,48395,17267,13118,4.5,"( 4.0,  5.0)",3.5,"( 3.1,  3.8)",48,0,0,0,0,0,0,False,0.0,0.0,False,0.0,0.0,True,True,True,4,2
TX,Texas,Rockwall,48397,131307,96606,2.5,"( 2.2,  2.8)",2.4,"( 2.1,  2.7)",48,0,0,0,0,0,0,False,0.0,0.0,False,0.0,0.0,False,False,False,1,5
TX,Texas,Runnels,48399,9868,7542,4.1,"( 3.5,  4.6)",3.1,"( 2.7,  3.5)",48,0,0,0,0,0,0,False,0.0,0.0,False,0.0,0.0,True,True,False,3,2
TX,Texas,Rusk,48401,53079,41108,4.0,"( 3.6,  4.5)",3.5,"( 3.1,  3.9)",48,0,0,0,0,0,0,False,0.0,0.0,False,0.0,0.0,False,False,True,3,4
TX,Texas,Sabine,48403,10106,8293,5.4,"( 4.6,  6.1)",3.4,"( 3.0,  3.8)",48,0,0,0,0,0,0,False,0.0,0.0,False,0.0,0.0,True,True,True,5,2
TX,Texas,San Augustine,48405,7833,6232,6.8,"( 5.9,  7.7)",4.6,"( 4.1,  5.2)",48,0,0,0,0,0,0,False,0.0,0.0,False,0.0,0.0,True,True,True,5,1
TX,Texas,San Jacinto,48407,28936,22772,4.8,"( 4.3,  5.5)",3.6,"( 3.2,  4.1)",48,0,0,0,0,0,0,False,0.0,0.0,False,0.0,0.0,True,True,True,5,3
TX,Texas,San Patricio,48409,70660,52520,3.6,"( 3.3,  4.0)",3.3,"( 2.9,  3.6)",48,0,0,0,0,0,0,False,0.0,0.0,False,0.0,0.0,False,False,True,2,4
TX,Texas,San Saba,48411,5845,4743,4.2,"( 3.7,  4.8)",3.3,"( 3.0,  3.7)",48,0,0,0,0,0,0,False,0.0,0.0,False,0.0,0.0,True,True,True,3,1
TX,Texas,Schleicher,48413,2391,1809,3.8,"( 3.4,  4.2)",2.9,"( 2.6,  3.2)",48,0,0,0,0,0,0,False,0.0,0.0,False,0.0,0.0,False,False,False,2,1
TX,Texas,Scurry,48415,16212,11981,3.6,"( 3.2,  4.0)",3.2,"( 2.8,  3.6)",48,0,0,0,0,0,0,False,0.0,0.0,False,0.0,0.0,False,False,True,2,2
TX,Texas,Shackelford,48417,3229,2477,3.6,"( 3.1,  4.1)",2.7,"( 2.4,  3.1)",48,0,0,0,0,0,0,False,0.0,0.0,False,0.0,0.0,False,False,False,2,1
TX,Texas,Shelby,48419,24179,17790,4.8,"( 4.3,  5.3)",4.0,"( 3.6,  4.3)",48,0,0,0,0,0,0,False,0.0,0.0,False,0.0,0.0,True,True,True,5,3
TX,Texas,Sherman,48421,2678,1950,3.3,"( 3.0,  3.7)",2.8,"( 2.6,  3.2)",48,0,0,0,0,0,0,False,0.0,0.0,False,0.0,0.0,False,False,False,1,1
TX,Texas,Smith,48423,245209,186274,3.7,"( 3.2,  4.1)",3.2,"( 2.8,  3.6)",48,2,2,2,2,2,2,True,0.8156307476479249,1.0736871490385131,True,0.8156307476479249,1.0736871490385131,False,False,False,2,5
TX,Texas,Somervell,48425,9888,7756,3.5,"( 3.1,  4.0)",2.8,"( 2.4,  3.1)",48,0,0,0,0,0,0,False,0.0,0.0,False,0.0,0.0,False,False,False,2,2
TX,Texas,Starr,48427,65934,44621,4.2,"( 3.7,  4.8)",4.4,"( 3.8,  5.0)",48,0,0,0,0,0,0,False,0.0,0.0,False,0.0,0.0,True,True,True,3,4
TX,Texas,Stephens,48429,9343,7416,4.0,"( 3.5,  4.5)",3.3,"( 2.9,  3.7)",48,0,0,0,0,0,0,False,0.0,0.0,False,0.0,0.0,False,False,True,3,2
TX,Texas,Sterling,48431,1397,980,2.7,"( 2.4,  3.0)",2.4,"( 2.1,  2.7)",48,0,0,0,0,0,0,False,0.0,0.0,False,0.0,0.0,False,False,False,1,1
TX,Texas,Stonewall,48433,1218,955,4.9,"( 4.4,  5.5)",3.2,"( 2.9,  3.6)",48,0,0,0,0,0,0,False,0.0,0.0,False,0.0,0.0,True,True,True,5,1
TX,Texas,Sutton,48435,3221,2454,4.2,"( 3.8,  4.7)",3.3,"( 2.9,  3.6)",48,0,0,0,0,0,0,False,0.0,0.0,False,0.0,0.0,True,True,True,3,1
TX,Texas,Swisher,48437,6955,5305,4.4,"( 4.0,  5.0)",4.0,"( 3.6,  4.4)",48,0,0,0,0,0,0,False,0.0,0.0,False,0.0,0.0,True,True,True,4,1
TX,Texas,Tarrant,48439,2182947,1635353,3.0,"( 2.7,  3.4)",3.0,"( 2.7,  3.4)",48,0,0,0,0,0,0,False,0.0,0.0,False,0.0,0.0,False,False,False,1,5
TX,Texas,Taylor,48441,146836,110949,3.1,"( 2.8,  3.5)",3.0,"( 2.7,  3.4)",48,0,0,0,0,0,0,False,0.0,0.0,False,0.0,0.0,False,False,False,1,5
TX,Texas,Terrell,48443,687,556,3.7,"( 3.3,  4.2)",2.4,"( 2.1,  2.7)",48,0,0,0,0,0,0,False,0.0,0.0,False,0.0,0.0,False,False,False,2,1
TX,Texas,Terry,48445,11547,8240,4.2,"( 3.7,  4.7)",3.8,"( 3.4,  4.2)",48,0,0,0,0,0,0,False,0.0,0.0,False,0.0,0.0,True,True,True,3,2
TX,Texas,Throckmorton,48447,1526,1159,4.9,"( 4.2,  5.5)",3.2,"( 2.8,  3.5)",48,0,0,0,0,0,0,False,0.0,0.0,False,0.0,0.0,True,True,True,5,1
TX,Texas,Titus,48449,31357,22569,4.2,"( 3.7,  4.7)",3.7,"( 3.3,  4.1)",48,0,0,0,0,0,0,False,0.0,0.0,False,0.0,0.0,True,True,True,3,3
TX,Texas,Tom Green,48451,119057,90938,3.4,"( 3.0,  3.8)",3.0,"( 2.7,  3.4)",48,0,0,0,0,0,0,False,0.0,0.0,False,0.0,0.0,False,False,False,1,5
TX,Texas,Travis,48453,1334961,1071849,2.2,"( 2.0,  2.5)",2.5,"( 2.2,  2.8)",48,3,3,3,3,3,3,True,0.22472566614305586,0.2798901710968616,True,0.22472566614305586,0.2798901710968616,False,False,False,1,5
TX,Texas,Trinity,48455,14228,11401,5.0,"( 4.5,  5.7)",3.5,"( 3.1,  3.9)",48,0,0,0,0,0,0,False,0.0,0.0,False,0.0,0.0,True,True,True,5,2
TX,Texas,Tyler,48457,20382,16475,4.8,"( 4.3,  5.5)",3.9,"( 3.4,  4.3)",48,0,0,0,0,0,0,False,0.0,0.0,False,0.0,0.0,True,True,True,5,3
TX,Texas,Upshur,48459,43281,32998,4.2,"( 3.7,  4.8)",3.4,"( 3.0,  3.8)",48,0,0,0,0,0,0,False,0.0,0.0,False,0.0,0.0,True,True,True,3,4
TX,Texas,Upton,48461,3109,2293,4.2,"( 3.8,  4.6)",3.7,"( 3.4,  4.0)",48,0,0,0,0,0,0,False,0.0,0.0,False,0.0,0.0,True,True,True,3,1
TX,Texas,Uvalde,48463,24960,18337,3.7,"( 3.3,  4.2)",3.3,"( 3.0,  3.7)",48,0,0,0,0,0,0,False,0.0,0.0,False,0.0,0.0,False,False,True,2,3
TX,Texas,Val Verde,48465,47720,34333,3.4,"( 3.0,  3.9)",3.4,"( 2.9,  3.8)",48,0,0,0,0,0,0,False,0.0,0.0,False,0.0,0.0,False,False,True,1,4
TX,Texas,Van Zandt,48467,64000,49331,4.0,"( 3.6,  4.6)",3.1,"( 2.8,  3.5)",48,0,0,0,0,0,0,False,0.0,0.0,False,0.0,0.0,False,False,False,3,4
TX,Texas,Victoria,48469,91664,68723,3.7,"( 3.3,  4.1)",3.2,"( 2.9,  3.6)",48,0,0,0,0,0,0,False,0.0,0.0,False,0.0,0.0,False,False,True,2,4
TX,Texas,Walker,48471,81268,69285,3.6,"( 3.3,  4.0)",3.8,"( 3.4,  4.2)",48,0,0,0,0,0,0,False,0.0,0.0,False,0.0,0.0,False,False,True,2,4
TX,Texas,Waller,48473,63553,48491,2.9,"( 2.6,  3.2)",3.2,"( 2.9,  3.6)",48,0,0,0,0,0,0,False,0.0,0.0,False,0.0,0.0,False,False,True,1,4
TX,Texas,Ward,48475,10966,7825,3.5,"( 3.1,  3.9)",3.3,"( 2.9,  3.6)",48,0,0,0,0,0,0,False,0.0,0.0,False,0.0,0.0,False,False,True,2,2
TX,Texas,Washington,48477,37007,29213,3.8,"( 3.4,  4.4)",3.0,"( 2.6,  3.3)",48,0,0,0,0,0,0,False,0.0,0.0,False,0.0,0.0,False,False,False,2,4
TX,Texas,Webb,48479,269148,186022,3.2,"( 2.8,  3.7)",3.4,"( 3.0,  3.9)",48,0,0,0,0,0,0,False,0.0,0.0,False,0.0,0.0,False,False,True,1,5
TX,Texas,Wharton,48481,41739,31173,4.0,"( 3.6,  4.5)",3.4,"( 3.0,  3.7)",48,0,0,0,0,0,0,False,0.0,0.0,False,0.0,0.0,False,False,True,3,4
TX,Texas,Wheeler,48483,4804,3606,4.3,"( 3.9,  4.8)",3.3,"( 3.0,  3.7)",48,0,0,0,0,0,0,False,0.0,0.0,False,0.0,0.0,True,True,True,4,1
TX,Texas,Wichita,48485,130180,100315,3.4,"( 3.0,  3.8)",3.2,"( 2.9,  3.6)",48,0,0,0,0,0,0,False,0.0,0.0,False,0.0,0.0,False,False,True,1,5
TX,Texas,Wilbarger,48487,12522,9895,4.7,"( 4.2,  5.3)",3.9,"( 3.5,  4.4)",48,0,0,0,0,0,0,False,0.0,0.0,False,0.0,0.0,True,True,True,4,2
TX,Texas,Willacy,48489,20037,15371,4.2,"( 3.7,  4.7)",4.2,"( 3.6,  4.7)",48,0,0,0,0,0,0,False,0.0,0.0,False,0.0,0.0,True,True,True,3,3
TX,Texas,Williamson,48491,697191,532125,2.4,"( 2.1,  2.8)",2.4,"( 2.1,  2.7)",48,0,0,0,0,0,0,False,0.0,0.0,False,0.0,0.0,False,False,False,1,5
TX,Texas,Wilson,48493,54183,41434,3.3,"( 2.9,  3.7)",2.8,"( 2.5,  3.1)",48,0,0,0,0,0,0,False,0.0,0.0,False,0.0,0.0,False,False,False,1,4
TX,Texas,Winkler,48495,7414,5280,3.3,"( 2.9,  3.7)",3.2,"( 2.8,  3.5)",48,0,0,0,0,0,0,False,0.0,0.0,False,0.0,0.0,False,False,True,1,1
TX,Texas,Wise,48497,78097,58924,3.4,"( 3.0,  3.8)",2.9,"( 2.6,  3.3)",48,0,0,0,0,0,0,False,0.0,0.0,False,0.0,0.0,False,False,False,1,4
TX,Texas,Wood,48499,47921,39005,4.5,"( 3.9,  5.2)",3.1,"( 2.8,  3.5)",48,0,0,0,0,0,0,False,0.0,0.0,False,0.0,0.0,True,True,False,4,4
TX,Texas,Yoakum,48501,7468,5012,3.2,"( 2.9,  3.6)",3.1,"( 2.8,  3.5)",48,0,0,0,0,0,0,False,0.0,0.0,False,0.0,0.0,False,False,False,1,1
TX,Texas,Young,48503,18124,13798,3.9,"( 3.4,  4.4)",3.1,"( 2.7,  3.5)",48,0,0,0,0,0,0,False,0.0,0.0,False,0.0,0.0,False,False,False,3,2
TX,Texas,Zapata,48505,13736,9425,4.6,"( 4.1,  5.3)",4.4,"( 3.8,  5.0)",48,0,0,0,0,0,0,False,0.0,0.0,False,0.0,0.0,True,True,True,4,2
TX,Texas,Zavala,48507,9312,6563,4.9,"( 4.4,  5.5)",4.6,"( 4.1,  5.1)",48,0,0,0,0,0,0,False,0.0,0.0,False,0.0,0.0,True,True,True,5,2
UT,Utah,Beaver,49001,7233,5146,3.0,"( 2.6,  3.4)",2.7,"( 2.4,  3.1)",49,0,0,0,0,0,0,False,0.0,0.0,False,0.0,0.0,False,False,False,1,1
UT,Utah,Box Elder,49003,62684,43845,2.9,"( 2.5,  3.3)",2.8,"( 2.4,  3.2)",49,0,0,0,0,0,0,False,0.0,0.0,False,0.0,0.0,False,False,False,1,4
UT,Utah,Cache,49005,142393,101374,2.4,"( 2.0,  2.7)",2.8,"( 2.5,  3.2)",49,0,0,0,0,0,0,False,0.0,0.0,False,0.0,0.0,False,False,False,1,5
UT,Utah,Carbon,49007,20609,15429,3.9,"( 3.4,  4.4)",3.3,"( 2.9,  3.7)",49,0,0,0,0,0,0,False,0.0,0.0,False,0.0,0.0,False,False,True,3,3
UT,Utah,Daggett,49009,992,782,4.4,"( 3.8,  5.0)",3.0,"( 2.6,  3.4)",49,0,0,0,0,0,0,False,0.0,0.0,False,0.0,0.0,True,True,False,4,1
UT,Utah,Davis,49011,373207,263292,2.4,"( 2.1,  2.7)",2.5,"( 2.2,  2.8)",49,2,2,2,2,2,2,True,0.5358956289673024,0.7596129012655151,True,0.5358956289673024,0.7596129012655151,False,False,False,1,5
UT,Utah,Duchesne,49013,20477,14005,3.4,"( 3.0,  3.9)",3.2,"( 2.8,  3.6)",49,0,0,0,0,0,0,False,0.0,0.0,False,0.0,0.0,False,False,True,1,3
UT,Utah,Emery,49015,10144,7361,3.5,"( 3.1,  4.0)",3.0,"( 2.6,  3.4)",49,0,0,0,0,0,0,False,0.0,0.0,False,0.0,0.0,False,False,False,2,2
UT,Utah,Garfield,49017,5314,4137,3.7,"( 3.1,  4.2)",2.8,"( 2.4,  3.1)",49,0,0,0,0,0,0,False,0.0,0.0,False,0.0,0.0,False,False,False,2,1
UT,Utah,Grand,49019,9706,7722,3.6,"( 3.1,  4.1)",2.9,"( 2.6,  3.3)",49,0,0,0,0,0,0,False,0.0,0.0,False,0.0,0.0,False,False,False,2,2
UT,Utah,Iron,49021,64211,47127,3.0,"( 2.6,  3.3)",3.0,"( 2.6,  3.4)",49,0,0,0,0,0,0,False,0.0,0.0,False,0.0,0.0,False,False,False,1,4
UT,Utah,Juab,49023,13023,8695,2.8,"( 2.5,  3.2)",2.8,"( 2.5,  3.2)",49,0,0,0,0,0,0,False,0.0,0.0,False,0.0,0.0,False,False,False,1,2
UT,Utah,Kane,49025,8425,6481,3.7,"( 3.2,  4.3)",2.8,"( 2.4,  3.1)",49,0,0,0,0,0,0,False,0.0,0.0,False,0.0,0.0,False,False,False,2,1
UT,Utah,Millard,49027,13437,9330,3.6,"( 3.2,  4.1)",3.0,"( 2.7,  3.4)",49,0,0,0,0,0,0,False,0.0,0.0,False,0.0,0.0,False,False,False,2,2
UT,Utah,Morgan,49029,13000,8784,2.5,"( 2.2,  2.8)",2.3,"( 2.0,  2.6)",49,0,0,0,0,0,0,False,0.0,0.0,False,0.0,0.0,False,False,False,1,2
UT,Utah,Piute,49031,1550,1221,5.2,"( 4.4,  6.1)",3.5,"( 3.0,  4.1)",49,0,0,0,0,0,0,False,0.0,0.0,False,0.0,0.0,True,True,True,5,1
UT,Utah,Rich,49033,2670,1947,3.7,"( 3.2,  4.2)",2.9,"( 2.5,  3.3)",49,0,0,0,0,0,0,False,0.0,0.0,False,0.0,0.0,False,False,False,2,1
UT,Utah,Salt Lake,49035,1185813,893016,2.5,"( 2.2,  2.8)",2.6,"( 2.3,  2.9)",49,19,16,11,19,16,11,True,1.6022762442307514,2.127621453590977,True,1.6022762442307514,2.127621453590977,False,False,False,1,5
UT,Utah,San Juan,49037,14358,10367,4.7,"( 4.2,  5.3)",4.2,"( 3.8,  4.7)",49,0,0,0,0,0,0,False,0.0,0.0,False,0.0,0.0,True,True,True,4,2
UT,Utah,Sanpete,49039,30277,23084,3.3,"( 2.9,  3.7)",3.3,"( 2.9,  3.7)",49,0,0,0,0,0,0,False,0.0,0.0,False,0.0,0.0,False,False,True,1,3
UT,Utah,Sevier,49041,22344,16249,3.3,"( 2.8,  3.8)",2.9,"( 2.5,  3.3)",49,0,0,0,0,0,0,False,0.0,0.0,False,0.0,0.0,False,False,False,1,3
UT,Utah,Summit,49043,42759,33254,2.5,"( 2.2,  2.9)",2.2,"( 1.9,  2.5)",49,0,0,0,0,0,0,False,0.0,0.0,False,0.0,0.0,False,False,False,1,4
UT,Utah,Tooele,49045,82051,56930,2.4,"( 2.1,  2.7)",2.6,"( 2.3,  3.0)",49,0,0,0,0,0,0,False,0.0,0.0,False,0.0,0.0,False,False,False,1,4
UT,Utah,Uintah,49047,37747,26247,3.2,"( 2.8,  3.5)",3.1,"( 2.8,  3.5)",49,0,0,0,0,0,0,False,0.0,0.0,False,0.0,0.0,False,False,False,1,4
UT,Utah,Utah,49049,719174,495249,2.0,"( 1.8,  2.2)",2.6,"( 2.2,  2.9)",49,0,0,0,0,0,0,False,0.0,0.0,False,0.0,0.0,False,False,False,1,5
UT,Utah,Wasatch,49051,37144,26748,2.6,"( 2.2,  3.0)",2.3,"( 2.0,  2.7)",49,0,0,0,0,0,0,False,0.0,0.0,False,0.0,0.0,False,False,False,1,4
UT,Utah,Washington,49053,202452,153718,3.5,"( 3.0,  4.1)",2.8,"( 2.4,  3.2)",49,0,0,0,0,0,0,False,0.0,0.0,False,0.0,0.0,False,False,False,2,5
UT,Utah,Wayne,49055,2614,2014,4.2,"( 3.6,  4.8)",3.1,"( 2.8,  3.5)",49,0,0,0,0,0,0,False,0.0,0.0,False,0.0,0.0,True,True,False,3,1
UT,Utah,Weber,49057,271926,201028,2.6,"( 2.3,  3.0)",2.7,"( 2.4,  3.0)",49,0,0,0,0,0,0,False,0.0,0.0,False,0.0,0.0,False,False,False,1,5
VT,Vermont,Addison,50001,37720,31723,3.2,"( 2.7,  3.7)",2.5,"( 2.2,  2.9)",50,0,0,0,0,0,0,False,0.0,0.0,False,0.0,0.0,False,False,False,1,4
VT,Vermont,Bennington,50003,37183,30362,3.7,"( 3.1,  4.3)",2.7,"( 2.3,  3.1)",50,0,0,0,0,0,0,False,0.0,0.0,False,0.0,0.0,False,False,False,2,4
VT,Vermont,Caledonia,50005,30610,25067,3.7,"( 3.2,  4.3)",2.9,"( 2.5,  3.3)",50,0,0,0,0,0,0,False,0.0,0.0,False,0.0,0.0,False,False,False,2,3
VT,Vermont,Chittenden,50007,169481,140894,2.6,"( 2.2,  3.0)",2.4,"( 2.0,  2.8)",50,2,2,2,2,2,2,True,1.1800732825508464,1.4195068633156842,True,1.1800732825508464,1.4195068633156842,False,False,False,1,5
VT,Vermont,Essex,50009,6010,4937,4.9,"( 4.2,  5.7)",3.3,"( 2.9,  3.8)",50,0,0,0,0,0,0,False,0.0,0.0,False,0.0,0.0,True,True,True,5,1
VT,Vermont,Franklin,50011,50994,40099,3.4,"( 2.9,  3.9)",2.8,"( 2.5,  3.2)",50,0,0,0,0,0,0,False,0.0,0.0,False,0.0,0.0,False,False,False,1,4
VT,Vermont,Grand Isle,50013,7467,6194,3.4,"( 2.9,  4.0)",2.5,"( 2.2,  2.9)",50,0,0,0,0,0,0,False,0.0,0.0,False,0.0,0.0,False,False,False,1,1
VT,Vermont,Lamoille,50015,26060,20919,3.1,"( 2.7,  3.7)",2.6,"( 2.2,  3.0)",50,0,0,0,0,0,0,False,0.0,0.0,False,0.0,0.0,False,False,False,1,3
VT,Vermont,Orange,50017,29943,24672,3.6,"( 3.1,  4.2)",2.7,"( 2.3,  3.1)",50,0,0,0,0,0,0,False,0.0,0.0,False,0.0,0.0,False,False,False,2,3
VT,Vermont,Orleans,50019,27516,22246,4.0,"( 3.4,  4.6)",3.0,"( 2.6,  3.4)",50,0,0,0,0,0,0,False,0.0,0.0,False,0.0,0.0,False,False,False,3,3
VT,Vermont,Rutland,50021,60271,49934,3.8,"( 3.2,  4.4)",2.8,"( 2.4,  3.2)",50,0,0,0,0,0,0,False,0.0,0.0,False,0.0,0.0,False,False,False,2,4
VT,Vermont,Washington,50023,60142,49442,3.2,"( 2.7,  3.8)",2.5,"( 2.2,  2.9)",50,0,0,0,0,0,0,False,0.0,0.0,False,0.0,0.0,False,False,False,1,4
VT,Vermont,Windham,50025,45966,38295,3.7,"( 3.2,  4.4)",2.7,"( 2.4,  3.1)",50,0,0,0,0,0,0,False,0.0,0.0,False,0.0,0.0,False,False,False,2,4
VT,Vermont,Windsor,50027,58101,48044,3.6,"( 3.0,  4.2)",2.5,"( 2.2,  2.9)",50,0,0,0,0,0,0,False,0.0,0.0,False,0.0,0.0,False,False,False,2,4
VA,Virginia,Accomack,51001,33239,26487,5.3,"( 4.7,  6.0)",3.7,"( 3.3,  4.2)",51,0,0,0,0,0,0,False,0.0,0.0,False,0.0,0.0,True,True,True,5,3
VA,Virginia,Albemarle,51003,115676,93582,2.9,"( 2.5,  3.3)",2.4,"( 2.1,  2.7)",51,0,0,0,0,0,0,False,0.0,0.0,False,0.0,0.0,False,False,False,1,5
VA,Virginia,Alleghany,51005,14595,12022,4.6,"( 4.0,  5.2)",3.2,"( 2.8,  3.6)",51,0,0,0,0,0,0,False,0.0,0.0,False,0.0,0.0,True,True,True,4,2
VA,Virginia,Amelia,51007,13480,10676,4.8,"( 4.3,  5.3)",3.6,"( 3.3,  4.0)",51,0,0,0,0,0,0,False,0.0,0.0,False,0.0,0.0,True,True,True,5,2
VA,Virginia,Amherst,51009,31396,25190,4.4,"( 3.8,  5.0)",3.3,"( 2.9,  3.7)",51,0,0,0,0,0,0,False,0.0,0.0,False,0.0,0.0,True,True,True,4,3
VA,Virginia,Appomattox,51011,16864,13156,4.3,"( 3.9,  4.9)",3.3,"( 3.0,  3.7)",51,0,0,0,0,0,0,False,0.0,0.0,False,0.0,0.0,True,True,True,4,2
VA,Virginia,Arlington,51013,234162,192107,1.9,"( 1.7,  2.2)",2.1,"( 1.9,  2.4)",51,0,0,0,0,0,0,False,0.0,0.0,False,0.0,0.0,False,False,False,1,5
VA,Virginia,Augusta,51015,78247,64233,3.8,"( 3.3,  4.4)",2.9,"( 2.5,  3.3)",51,0,0,0,0,0,0,False,0.0,0.0,False,0.0,0.0,False,False,False,2,4
VA,Virginia,Bath,51017,4051,3378,5.8,"( 5.0,  6.7)",3.8,"( 3.3,  4.3)",51,0,0,0,0,0,0,False,0.0,0.0,False,0.0,0.0,True,True,True,5,1
VA,Virginia,Bedford,51019,81525,65762,3.8,"( 3.3,  4.4)",2.8,"( 2.4,  3.2)",51,0,0,0,0,0,0,False,0.0,0.0,False,0.0,0.0,False,False,False,2,4
VA,Virginia,Bland,51021,6179,5302,4.1,"( 3.6,  4.7)",3.1,"( 2.7,  3.5)",51,0,0,0,0,0,0,False,0.0,0.0,False,0.0,0.0,True,True,False,3,1
VA,Virginia,Botetourt,51023,34125,27833,3.7,"( 3.2,  4.3)",2.7,"( 2.3,  3.0)",51,0,0,0,0,0,0,False,0.0,0.0,False,0.0,0.0,False,False,False,2,3
VA,Virginia,Brunswick,51025,15749,13267,5.4,"( 4.8,  6.0)",4.3,"( 3.9,  4.8)",51,0,0,0,0,0,0,False,0.0,0.0,False,0.0,0.0,True,True,True,5,2
VA,Virginia,Buchanan,51027,19087,15806,5.4,"( 4.7,  6.2)",4.0,"( 3.5,  4.6)",51,0,0,0,0,0,0,False,0.0,0.0,False,0.0,0.0,True,True,True,5,3
VA,Virginia,Buckingham,51029,16978,13997,4.8,"( 4.3,  5.4)",3.9,"( 3.5,  4.3)",51,0,0,0,0,0,0,False,0.0,0.0,False,0.0,0.0,True,True,True,5,2
VA,Virginia,Campbell,51031,55270,44734,4.1,"( 3.6,  4.7)",3.2,"( 2.8,  3.6)",51,0,0,0,0,0,0,False,0.0,0.0,False,0.0,0.0,True,True,True,3,4
VA,Virginia,Caroline,51033,32640,25204,3.9,"( 3.5,  4.3)",3.3,"( 3.0,  3.7)",51,0,0,0,0,0,0,False,0.0,0.0,False,0.0,0.0,False,False,True,3,3
VA,Virginia,Carroll,51035,29239,24074,4.9,"( 4.2,  5.6)",3.4,"( 3.0,  3.9)",51,0,0,0,0,0,0,False,0.0,0.0,False,0.0,0.0,True,True,True,5,3
VA,Virginia,Charles City,51036,6610,5657,5.6,"( 5.0,  6.2)",3.8,"( 3.5,  4.2)",51,0,0,0,0,0,0,False,0.0,0.0,False,0.0,0.0,True,True,True,5,1
VA,Virginia,Charlotte,51037,11336,8826,5.6,"( 5.0,  6.4)",4.1,"( 3.7,  4.6)",51,0,0,0,0,0,0,False,0.0,0.0,False,0.0,0.0,True,True,True,5,2
VA,Virginia,Chesterfield,51041,383876,293524,3.1,"( 2.8,  3.5)",2.7,"( 2.4,  3.1)",51,0,0,0,0,0,0,False,0.0,0.0,False,0.0,0.0,False,False,False,1,5
VA,Virginia,Clarke,51043,15466,12491,3.5,"( 3.0,  4.0)",2.5,"( 2.2,  2.9)",51,0,0,0,0,0,0,False,0.0,0.0,False,0.0,0.0,False,False,False,2,2
VA,Virginia,Craig,51045,4843,4041,4.3,"( 3.7,  4.9)",3.0,"( 2.6,  3.4)",51,0,0,0,0,0,0,False,0.0,0.0,False,0.0,0.0,True,True,False,4,1
VA,Virginia,Culpeper,51047,54973,41294,3.5,"( 3.1,  4.0)",3.0,"( 2.6,  3.3)",51,0,0,0,0,0,0,False,0.0,0.0,False,0.0,0.0,False,False,False,2,4
VA,Virginia,Cumberland,51049,9878,7919,4.7,"( 4.2,  5.3)",3.5,"( 3.1,  3.9)",51,0,0,0,0,0,0,False,0.0,0.0,False,0.0,0.0,True,True,True,4,2
VA,Virginia,Dickenson,51051,13640,11035,5.3,"( 4.6,  6.0)",3.8,"( 3.3,  4.3)",51,0,0,0,0,0,0,False,0.0,0.0,False,0.0,0.0,True,True,True,5,2
VA,Virginia,Dinwiddie,51053,28343,22735,4.1,"( 3.6,  4.5)",3.3,"( 2.9,  3.6)",51,0,0,0,0,0,0,False,0.0,0.0,False,0.0,0.0,True,True,True,3,3
VA,Virginia,Essex,51057,10598,8706,5.2,"( 4.7,  5.8)",3.8,"( 3.4,  4.2)",51,0,0,0,0,0,0,False,0.0,0.0,False,0.0,0.0,True,True,True,5,2
VA,Virginia,Fairfax,51059,1141878,884086,2.5,"( 2.2,  2.9)",2.3,"( 2.0,  2.6)",51,2,2,1,2,2,1,True,0.17515005981374543,0.22622233583610643,True,0.17515005981374543,0.22622233583610643,False,False,False,1,5
VA,Virginia,Fauquier,51061,75165,57749,3.1,"( 2.7,  3.6)",2.5,"( 2.2,  2.9)",51,0,0,0,0,0,0,False,0.0,0.0,False,0.0,0.0,False,False,False,1,4
VA,Virginia,Floyd,51063,15679,12779,4.1,"( 3.5,  4.7)",2.9,"( 2.5,  3.3)",51,0,0,0,0,0,0,False,0.0,0.0,False,0.0,0.0,True,True,False,3,2
VA,Virginia,Fluvanna,51065,28462,22968,3.5,"( 3.1,  4.0)",2.8,"( 2.4,  3.1)",51,0,0,0,0,0,0,False,0.0,0.0,False,0.0,0.0,False,False,False,2,3
VA,Virginia,Franklin,51067,55549,45296,4.4,"( 3.8,  5.0)",3.1,"( 2.7,  3.6)",51,0,0,0,0,0,0,False,0.0,0.0,False,0.0,0.0,True,True,False,4,4
VA,Virginia,Frederick,51069,95994,74555,3.4,"( 2.9,  3.9)",2.7,"( 2.4,  3.1)",51,0,0,0,0,0,0,False,0.0,0.0,False,0.0,0.0,False,False,False,1,4
VA,Virginia,Giles,51071,16457,13231,4.1,"( 3.5,  4.6)",3.1,"( 2.7,  3.5)",51,0,0,0,0,0,0,False,0.0,0.0,False,0.0,0.0,True,True,False,3,2
VA,Virginia,Gloucester,51073,40057,32065,3.6,"( 3.1,  4.2)",2.8,"( 2.4,  3.2)",51,0,0,0,0,0,0,False,0.0,0.0,False,0.0,0.0,False,False,False,2,4
VA,Virginia,Goochland,51075,27197,22738,3.4,"( 2.9,  3.9)",2.4,"( 2.1,  2.7)",51,0,0,0,0,0,0,False,0.0,0.0,False,0.0,0.0,False,False,False,1,3
VA,Virginia,Grayson,51077,15285,12745,5.3,"( 4.6,  6.1)",3.8,"( 3.4,  4.4)",51,0,0,0,0,0,0,False,0.0,0.0,False,0.0,0.0,True,True,True,5,2
VA,Virginia,Greene,51079,21301,16419,3.6,"( 3.1,  4.1)",2.9,"( 2.5,  3.3)",51,0,0,0,0,0,0,False,0.0,0.0,False,0.0,0.0,False,False,False,2,3
VA,Virginia,Greensville,51081,11133,9333,4.8,"( 4.3,  5.3)",4.4,"( 4.0,  4.9)",51,0,0,0,0,0,0,False,0.0,0.0,False,0.0,0.0,True,True,True,5,2
VA,Virginia,Halifax,51083,33432,26643,5.9,"( 5.2,  6.6)",4.2,"( 3.7,  4.6)",51,0,0,0,0,0,0,False,0.0,0.0,False,0.0,0.0,True,True,True,5,3
VA,Virginia,Hanover,51085,114148,89709,3.2,"( 2.7,  3.7)",2.5,"( 2.2,  2.9)",51,0,0,0,0,0,0,False,0.0,0.0,False,0.0,0.0,False,False,False,1,5
VA,Virginia,Henrico,51087,334760,262519,3.3,"( 2.9,  3.7)",2.9,"( 2.5,  3.2)",51,0,0,0,0,0,0,False,0.0,0.0,False,0.0,0.0,False,False,False,1,5
VA,Virginia,Henry,51089,49702,40192,5.4,"( 4.8,  6.1)",3.9,"( 3.4,  4.3)",51,0,0,0,0,0,0,False,0.0,0.0,False,0.0,0.0,True,True,True,5,4
VA,Virginia,Highland,51091,2339,2002,4.6,"( 3.9,  5.5)",2.7,"( 2.3,  3.1)",51,0,0,0,0,0,0,False,0.0,0.0,False,0.0,0.0,True,True,False,4,1
VA,Virginia,Isle of Wight,51093,40711,31981,3.8,"( 3.4,  4.3)",2.9,"( 2.6,  3.3)",51,0,0,0,0,0,0,False,0.0,0.0,False,0.0,0.0,False,False,False,2,4
VA,Virginia,James City,51095,82654,66533,3.5,"( 3.1,  4.1)",2.4,"( 2.1,  2.8)",51,0,0,0,0,0,0,False,0.0,0.0,False,0.0,0.0,False,False,False,2,4
VA,Virginia,King and Queen,51097,6720,5583,4.9,"( 4.4,  5.5)",3.6,"( 3.2,  4.0)",51,0,0,0,0,0,0,False,0.0,0.0,False,0.0,0.0,True,True,True,5,1
VA,Virginia,King George,51099,28568,21638,3.2,"( 2.8,  3.6)",2.8,"( 2.5,  3.2)",51,0,0,0,0,0,0,False,0.0,0.0,False,0.0,0.0,False,False,False,1,3
VA,Virginia,King William,51101,19030,14699,3.4,"( 3.0,  3.8)",2.9,"( 2.6,  3.3)",51,0,0,0,0,0,0,False,0.0,0.0,False,0.0,0.0,False,False,False,1,3
VA,Virginia,Lancaster,51103,10859,9249,5.6,"( 4.8,  6.5)",3.3,"( 2.9,  3.7)",51,0,0,0,0,0,0,False,0.0,0.0,False,0.0,0.0,True,True,True,5,2
VA,Virginia,Lee,51105,21745,17770,5.2,"( 4.6,  5.9)",4.0,"( 3.6,  4.5)",51,0,0,0,0,0,0,False,0.0,0.0,False,0.0,0.0,True,True,True,5,3
VA,Virginia,Loudoun,51107,436347,322393,2.2,"( 1.9,  2.5)",2.1,"( 1.9,  2.4)",51,0,0,0,0,0,0,False,0.0,0.0,False,0.0,0.0,False,False,False,1,5
VA,Virginia,Louisa,51109,41037,32859,4.0,"( 3.5,  4.5)",3.1,"( 2.7,  3.5)",51,0,0,0,0,0,0,False,0.0,0.0,False,0.0,0.0,False,False,False,3,4
VA,Virginia,Lunenburg,51111,12038,9653,5.5,"( 5.0,  6.1)",4.2,"( 3.8,  4.6)",51,0,0,0,0,0,0,False,0.0,0.0,False,0.0,0.0,True,True,True,5,2
VA,Virginia,Madison,51113,14128,11351,4.0,"( 3.4,  4.6)",2.9,"( 2.5,  3.3)",51,0,0,0,0,0,0,False,0.0,0.0,False,0.0,0.0,False,False,False,3,2
VA,Virginia,Mathews,51115,8514,7170,4.6,"( 3.9,  5.2)",2.9,"( 2.5,  3.2)",51,0,0,0,0,0,0,False,0.0,0.0,False,0.0,0.0,True,True,False,4,1
VA,Virginia,Mecklenburg,51117,30648,24987,5.4,"( 4.8,  6.1)",3.8,"( 3.4,  4.2)",51,0,0,0,0,0,0,False,0.0,0.0,False,0.0,0.0,True,True,True,5,3
VA,Virginia,Middlesex,51119,10924,9150,5.0,"( 4.4,  5.8)",3.1,"( 2.7,  3.5)",51,0,0,0,0,0,0,False,0.0,0.0,False,0.0,0.0,True,True,False,5,2
VA,Virginia,Montgomery,51121,98666,83813,2.7,"( 2.4,  3.1)",3.0,"( 2.7,  3.5)",51,1,1,1,1,1,1,True,1.0135203616240651,1.1931323303067543,True,1.0135203616240651,1.1931323303067543,False,False,False,1,5
VA,Virginia,Nelson,51125,14705,12117,4.6,"( 4.0,  5.3)",3.0,"( 2.6,  3.4)",51,0,0,0,0,0,0,False,0.0,0.0,False,0.0,0.0,True,True,False,4,2
VA,Virginia,New Kent,51127,26134,21047,3.2,"( 2.8,  3.6)",2.7,"( 2.3,  3.0)",51,0,0,0,0,0,0,False,0.0,0.0,False,0.0,0.0,False,False,False,1,3
VA,Virginia,Northampton,51131,12021,9854,5.4,"( 4.7,  6.1)",3.5,"( 3.1,  4.0)",51,0,0,0,0,0,0,False,0.0,0.0,False,0.0,0.0,True,True,True,5,2
VA,Virginia,Northumberland,51133,12391,10687,5.0,"( 4.2,  5.7)",3.0,"( 2.6,  3.4)",51,0,0,0,0,0,0,False,0.0,0.0,False,0.0,0.0,True,True,False,5,2
VA,Virginia,Nottoway,51135,15566,12496,4.7,"( 4.2,  5.2)",4.0,"( 3.6,  4.4)",51,0,0,0,0,0,0,False,0.0,0.0,False,0.0,0.0,True,True,True,4,2
VA,Virginia,Orange,51137,38574,30240,3.7,"( 3.3,  4.2)",2.9,"( 2.5,  3.3)",51,0,0,0,0,0,0,False,0.0,0.0,False,0.0,0.0,False,False,False,2,4
VA,Virginia,Page,51139,23741,19159,4.2,"( 3.7,  4.8)",3.2,"( 2.8,  3.6)",51,0,0,0,0,0,0,False,0.0,0.0,False,0.0,0.0,True,True,True,3,3
VA,Virginia,Patrick,51141,17509,14402,5.1,"( 4.4,  5.9)",3.4,"( 3.0,  3.9)",51,0,0,0,0,0,0,False,0.0,0.0,False,0.0,0.0,True,True,True,5,2
VA,Virginia,Pittsylvania,51143,59571,49130,5.2,"( 4.6,  5.8)",3.7,"( 3.3,  4.1)",51,0,0,0,0,0,0,False,0.0,0.0,False,0.0,0.0,True,True,True,5,4
VA,Virginia,Powhatan,51145,32105,26175,3.4,"( 2.9,  3.9)",2.6,"( 2.3,  3.0)",51,0,0,0,0,0,0,False,0.0,0.0,False,0.0,0.0,False,False,False,1,3
VA,Virginia,Prince Edward,51147,22049,18532,3.9,"( 3.5,  4.3)",4.0,"( 3.6,  4.4)",51,0,0,0,0,0,0,False,0.0,0.0,False,0.0,0.0,False,False,True,3,3
VA,Virginia,Prince George,51149,42871,34450,3.1,"( 2.8,  3.5)",3.4,"( 3.0,  3.7)",51,0,0,0,0,0,0,False,0.0,0.0,False,0.0,0.0,False,False,True,1,4
VA,Virginia,Prince William,51153,489640,361424,2.7,"( 2.4,  3.0)",2.7,"( 2.4,  3.0)",51,0,0,0,0,0,0,False,0.0,0.0,False,0.0,0.0,False,False,False,1,5
VA,Virginia,Pulaski,51155,33655,27735,4.2,"( 3.6,  4.8)",3.1,"( 2.7,  3.6)",51,0,0,0,0,0,0,False,0.0,0.0,False,0.0,0.0,True,True,False,3,3
VA,Virginia,Rappahannock,51157,7414,6250,4.4,"( 3.7,  5.0)",2.9,"( 2.5,  3.3)",51,0,0,0,0,0,0,False,0.0,0.0,False,0.0,0.0,True,True,False,4,1
VA,Virginia,Richmond,51159,9184,7501,4.5,"( 4.0,  5.2)",3.6,"( 3.2,  4.1)",51,0,0,0,0,0,0,False,0.0,0.0,False,0.0,0.0,True,True,True,4,2
VA,Virginia,Roanoke,51161,97026,78314,3.4,"( 2.9,  3.9)",2.6,"( 2.3,  3.0)",51,0,0,0,0,0,0,False,0.0,0.0,False,0.0,0.0,False,False,False,1,4
VA,Virginia,Rockbridge,51163,22358,18688,4.2,"( 3.6,  4.9)",2.9,"( 2.5,  3.3)",51,0,0,0,0,0,0,False,0.0,0.0,False,0.0,0.0,True,True,False,3,3
VA,Virginia,Rockingham,51165,86568,67455,3.6,"( 3.1,  4.2)",2.9,"( 2.5,  3.3)",51,0,0,0,0,0,0,False,0.0,0.0,False,0.0,0.0,False,False,False,2,4
VA,Virginia,Russell,51167,25477,20555,4.8,"( 4.2,  5.6)",3.5,"( 3.1,  4.1)",51,0,0,0,0,0,0,False,0.0,0.0,False,0.0,0.0,True,True,True,5,3
VA,Virginia,Scott,51169,21433,17546,5.0,"( 4.3,  5.8)",3.6,"( 3.1,  4.1)",51,0,0,0,0,0,0,False,0.0,0.0,False,0.0,0.0,True,True,True,5,3
VA,Virginia,Shenandoah,51171,45228,35666,4.2,"( 3.6,  4.8)",3.2,"( 2.8,  3.6)",51,0,0,0,0,0,0,False,0.0,0.0,False,0.0,0.0,True,True,True,3,4
VA,Virginia,Smyth,51173,29216,23575,4.7,"( 4.0,  5.4)",3.5,"( 3.1,  4.0)",51,0,0,0,0,0,0,False,0.0,0.0,False,0.0,0.0,True,True,True,4,3
VA,Virginia,Southampton,51175,17975,14690,4.5,"( 4.0,  5.0)",3.4,"( 3.0,  3.7)",51,0,0,0,0,0,0,False,0.0,0.0,False,0.0,0.0,True,True,True,4,2
VA,Virginia,Spotsylvania,51177,149588,113315,3.2,"( 2.8,  3.6)",2.8,"( 2.5,  3.2)",51,0,0,0,0,0,0,False,0.0,0.0,False,0.0,0.0,False,False,False,1,5
VA,Virginia,Stafford,51179,165428,122402,2.7,"( 2.3,  3.0)",2.6,"( 2.3,  3.0)",51,0,0,0,0,0,0,False,0.0,0.0,False,0.0,0.0,False,False,False,1,5
VA,Virginia,Surry,51181,6593,5458,5.0,"( 4.4,  5.6)",3.5,"( 3.1,  3.9)",51,0,0,0,0,0,0,False,0.0,0.0,False,0.0,0.0,True,True,True,5,1
VA,Virginia,Sussex,51183,10757,9043,4.6,"( 4.2,  5.2)",4.0,"( 3.6,  4.5)",51,0,0,0,0,0,0,False,0.0,0.0,False,0.0,0.0,True,True,True,4,2
VA,Virginia,Tazewell,51185,39120,31690,4.7,"( 4.1,  5.4)",3.6,"( 3.1,  4.0)",51,0,0,0,0,0,0,False,0.0,0.0,False,0.0,0.0,True,True,True,4,4
VA,Virginia,Warren,51187,41843,32854,3.5,"( 3.0,  4.0)",3.0,"( 2.6,  3.4)",51,0,0,0,0,0,0,False,0.0,0.0,False,0.0,0.0,False,False,False,2,4
VA,Virginia,Washington,51191,54050,44535,4.1,"( 3.5,  4.7)",3.0,"( 2.6,  3.4)",51,0,0,0,0,0,0,False,0.0,0.0,False,0.0,0.0,True,True,False,3,4
VA,Virginia,Westmoreland,51193,19013,15601,5.5,"( 4.9,  6.1)",3.8,"( 3.4,  4.2)",51,0,0,0,0,0,0,False,0.0,0.0,False,0.0,0.0,True,True,True,5,3
VA,Virginia,Wise,51195,35174,28336,4.4,"( 3.8,  5.0)",3.7,"( 3.2,  4.2)",51,0,0,0,0,0,0,False,0.0,0.0,False,0.0,0.0,True,True,True,4,3
VA,Virginia,Wythe,51197,28104,22650,4.3,"( 3.7,  4.9)",3.2,"( 2.8,  3.6)",51,0,0,0,0,0,0,False,0.0,0.0,False,0.0,0.0,True,True,True,4,3
VA,Virginia,York,51199,70952,54822,2.9,"( 2.6,  3.3)",2.4,"( 2.1,  2.8)",51,0,0,0,0,0,0,False,0.0,0.0,False,0.0,0.0,False,False,False,1,4
VA,Virginia,Alexandria,51510,155230,127357,2.4,"( 2.2,  2.7)",2.4,"( 2.2,  2.8)",51,0,0,0,0,0,0,False,0.0,0.0,False,0.0,0.0,False,False,False,1,5
VA,Virginia,Bristol,51520,16807,13451,4.5,"( 3.9,  5.2)",3.5,"( 3.0,  3.9)",51,0,0,0,0,0,0,False,0.0,0.0,False,0.0,0.0,True,True,True,4,2
VA,Virginia,Buena Vista,51530,6566,5153,3.9,"( 3.4,  4.4)",3.5,"( 3.0,  3.9)",51,0,0,0,0,0,0,False,0.0,0.0,False,0.0,0.0,False,False,True,3,1
VA,Virginia,Charlottesville,51540,44983,37336,2.8,"( 2.4,  3.1)",3.0,"( 2.7,  3.4)",51,7,7,4,7,7,4,True,15.56143431963186,18.748660809942148,True,15.56143431963186,18.748660809942148,False,False,False,1,4
VA,Virginia,Chesapeake,51550,253886,192778,3.2,"( 2.9,  3.6)",3.0,"( 2.6,  3.3)",51,0,0,0,0,0,0,False,0.0,0.0,False,0.0,0.0,False,False,False,1,5
VA,Virginia,Colonial Heights,51570,18393,13796,3.4,"( 3.0,  3.9)",2.8,"( 2.5,  3.2)",51,0,0,0,0,0,0,False,0.0,0.0,False,0.0,0.0,False,False,False,1,2
VA,Virginia,Covington,51580,5545,4241,5.0,"( 4.4,  5.6)",3.9,"( 3.5,  4.4)",51,0,0,0,0,0,0,False,0.0,0.0,False,0.0,0.0,True,True,True,5,1
VA,Virginia,Danville,51590,41837,32396,5.8,"( 5.2,  6.5)",4.6,"( 4.1,  5.2)",51,0,0,0,0,0,0,False,0.0,0.0,False,0.0,0.0,True,True,True,5,4
VA,Virginia,Emporia,51595,5463,4042,5.9,"( 5.2,  6.6)",4.6,"( 4.1,  5.2)",51,0,0,0,0,0,0,False,0.0,0.0,False,0.0,0.0,True,True,True,5,1
VA,Virginia,Fairfax,51600,25144,18626,2.5,"( 2.2,  2.9)",2.4,"( 2.1,  2.7)",51,0,0,0,0,0,0,False,0.0,0.0,False,0.0,0.0,False,False,False,1,3
VA,Virginia,Falls Church,51610,14685,11167,2.2,"( 1.9,  2.5)",1.9,"( 1.7,  2.2)",51,3,2,2,4,3,3,True,20.42900919305414,26.864869705381928,True,27.238678924072182,35.81982627384257,False,False,False,1,2
VA,Virginia,Franklin,51620,8339,6018,5.2,"( 4.6,  5.8)",4.2,"( 3.7,  4.7)",51,0,0,0,0,0,0,False,0.0,0.0,False,0.0,0.0,True,True,True,5,1
VA,Virginia,Fredericksburg,51630,28928,22830,2.7,"( 2.4,  3.0)",3.1,"( 2.7,  3.4)",51,0,0,0,0,0,0,False,0.0,0.0,False,0.0,0.0,False,False,False,1,3
VA,Virginia,Galax,51640,6717,4907,4.7,"( 4.1,  5.3)",3.9,"( 3.4,  4.4)",51,0,0,0,0,0,0,False,0.0,0.0,False,0.0,0.0,True,True,True,4,1
VA,Virginia,Hampton,51650,137098,107586,4.1,"( 3.6,  4.6)",3.7,"( 3.3,  4.2)",51,0,0,0,0,0,0,False,0.0,0.0,False,0.0,0.0,True,True,True,3,5
VA,Virginia,Harrisonburg,51660,51082,42177,2.7,"( 2.4,  3.1)",3.6,"( 3.2,  4.1)",51,0,0,0,0,0,0,False,0.0,0.0,False,0.0,0.0,False,False,True,1,4
VA,Virginia,Hopewell,51670,22752,16949,5.1,"( 4.6,  5.6)",4.6,"( 4.1,  5.1)",51,0,0,0,0,0,0,False,0.0,0.0,False,0.0,0.0,True,True,True,5,3
VA,Virginia,Lexington,51678,7528,6479,2.3,"( 2.0,  2.6)",2.9,"( 2.5,  3.2)",51,0,0,0,0,0,0,False,0.0,0.0,False,0.0,0.0,False,False,False,1,1
VA,Virginia,Lynchburg,51680,79535,64016,3.2,"( 2.8,  3.6)",3.5,"( 3.1,  3.9)",51,0,0,0,0,0,0,False,0.0,0.0,False,0.0,0.0,False,False,True,1,4
VA,Virginia,Manassas,51683,42696,31215,2.7,"( 2.4,  3.0)",2.8,"( 2.5,  3.1)",51,2,2,2,2,2,2,True,4.68427955780401,6.407176037161621,True,4.68427955780401,6.407176037161621,False,False,False,1,4
VA,Virginia,Manassas Park,51685,16361,12682,3.0,"( 2.7,  3.4)",3.2,"( 2.9,  3.6)",51,0,0,0,0,0,0,False,0.0,0.0,False,0.0,0.0,False,False,True,1,2
VA,Virginia,Martinsville,51690,13763,9946,5.3,"( 4.7,  5.9)",4.5,"( 4.0,  5.0)",51,0,0,0,0,0,0,False,0.0,0.0,False,0.0,0.0,True,True,True,5,2
VA,Virginia,Newport News,51700,183118,140716,3.6,"( 3.2,  4.0)",3.5,"( 3.2,  3.9)",51,0,0,0,0,0,0,False,0.0,0.0,False,0.0,0.0,False,False,True,2,5
VA,Virginia,Norfolk,51710,230930,184301,3.4,"( 3.0,  3.8)",3.7,"( 3.3,  4.1)",51,1,1,1,1,1,1,True,0.43303165461395227,0.5425906533334057,True,0.43303165461395227,0.5425906533334057,False,False,False,1,5
VA,Virginia,Norton,51720,3492,2702,4.4,"( 3.9,  5.0)",3.9,"( 3.4,  4.3)",51,0,0,0,0,0,0,False,0.0,0.0,False,0.0,0.0,True,True,True,4,1
VA,Virginia,Petersburg,51730,33309,25028,5.4,"( 4.7,  6.1)",4.7,"( 4.2,  5.3)",51,0,0,0,0,0,0,False,0.0,0.0,False,0.0,0.0,True,True,True,5,3
VA,Virginia,Poquoson,51735,12635,9735,3.1,"( 2.7,  3.5)",2.4,"( 2.1,  2.8)",51,0,0,0,0,0,0,False,0.0,0.0,False,0.0,0.0,False,False,False,1,2
VA,Virginia,Portsmouth,51740,96793,74620,4.3,"( 3.9,  4.8)",4.1,"( 3.7,  4.5)",51,0,0,0,0,0,0,False,0.0,0.0,False,0.0,0.0,True,True,True,4,4
VA,Virginia,Radford,51750,16971,14797,2.6,"( 2.4,  3.0)",3.9,"( 3.5,  4.4)",51,0,0,0,0,0,0,False,0.0,0.0,False,0.0,0.0,False,False,True,1,2
VA,Virginia,Richmond,51760,229247,189438,3.5,"( 3.1,  4.0)",3.6,"( 3.2,  4.1)",51,5,4,5,5,4,5,True,2.1810536233843845,2.6393859732471836,True,2.1810536233843845,2.6393859732471836,False,False,False,2,5
VA,Virginia,Roanoke,51770,97171,75344,4.3,"( 3.8,  4.8)",3.6,"( 3.2,  4.1)",51,0,0,0,0,0,0,False,0.0,0.0,False,0.0,0.0,True,True,True,4,4
VA,Virginia,Salem,51775,25600,20601,3.4,"( 3.0,  3.9)",2.9,"( 2.5,  3.2)",51,0,0,0,0,0,0,False,0.0,0.0,False,0.0,0.0,False,False,False,1,3
VA,Virginia,Staunton,51790,25915,20871,3.7,"( 3.2,  4.2)",3.0,"( 2.6,  3.4)",51,0,0,0,0,0,0,False,0.0,0.0,False,0.0,0.0,False,False,False,2,3
VA,Virginia,Suffolk,51800,100659,77077,3.6,"( 3.3,  4.0)",3.2,"( 2.9,  3.6)",51,0,0,0,0,0,0,False,0.0,0.0,False,0.0,0.0,False,False,True,2,5
VA,Virginia,Virginia Beach,51810,453649,355216,3.1,"( 2.7,  3.4)",2.8,"( 2.4,  3.1)",51,0,0,0,0,0,0,False,0.0,0.0,False,0.0,0.0,False,False,False,1,5
VA,Virginia,Waynesboro,51820,23182,17775,3.8,"( 3.3,  4.3)",3.2,"( 2.8,  3.6)",51,0,0,0,0,0,0,False,0.0,0.0,False,0.0,0.0,False,False,True,2,3
VA,Virginia,Williamsburg,51830,15847,14049,2.7,"( 2.3,  3.0)",3.0,"( 2.7,  3.4)",51,0,0,0,0,0,0,False,0.0,0.0,False,0.0,0.0,False,False,False,1,2
VA,Virginia,Winchester,51840,27617,21446,3.9,"( 3.4,  4.5)",3.5,"( 3.1,  3.9)",51,1,1,1,1,1,1,True,3.620958105514719,4.662874195654202,True,3.620958105514719,4.662874195654202,False,False,False,3,3
WA,Washington,Adams,53001,20820,13641,3.8,"( 3.4,  4.2)",3.7,"( 3.3,  4.2)",53,0,0,0,0,0,0,False,0.0,0.0,False,0.0,0.0,False,False,True,2,3
WA,Washington,Asotin,53003,22549,18182,4.3,"( 3.7,  5.0)",3.0,"( 2.7,  3.5)",53,0,0,0,0,0,0,False,0.0,0.0,False,0.0,0.0,True,True,False,4,3
WA,Washington,Benton,53005,215219,159518,3.1,"( 2.7,  3.5)",2.7,"( 2.4,  3.1)",53,0,0,0,0,0,0,False,0.0,0.0,False,0.0,0.0,False,False,False,1,5
WA,Washington,Chelan,53007,79997,62106,3.5,"( 3.0,  4.1)",2.8,"( 2.4,  3.2)",53,0,0,0,0,0,0,False,0.0,0.0,False,0.0,0.0,False,False,False,2,4
WA,Washington,Clallam,53009,77616,65282,4.4,"( 3.8,  5.1)",2.9,"( 2.5,  3.2)",53,0,0,0,0,0,0,False,0.0,0.0,False,0.0,0.0,True,True,False,4,4
WA,Washington,Clark,53011,521150,405348,3.0,"( 2.6,  3.4)",2.6,"( 2.3,  3.0)",53,0,0,0,0,0,0,False,0.0,0.0,False,0.0,0.0,False,False,False,1,5
WA,Washington,Columbia,53013,4053,3325,4.2,"( 3.6,  4.9)",2.8,"( 2.5,  3.2)",53,0,0,0,0,0,0,False,0.0,0.0,False,0.0,0.0,True,True,False,3,1
WA,Washington,Cowlitz,53015,112864,87722,3.8,"( 3.3,  4.3)",3.0,"( 2.7,  3.4)",53,0,0,0,0,0,0,False,0.0,0.0,False,0.0,0.0,False,False,False,2,5
WA,Washington,Douglas,53017,44798,34090,3.5,"( 3.0,  4.0)",2.9,"( 2.5,  3.3)",53,0,0,0,0,0,0,False,0.0,0.0,False,0.0,0.0,False,False,False,2,4
WA,Washington,Ferry,53019,7497,6217,5.2,"( 4.6,  5.9)",3.5,"( 3.1,  3.9)",53,0,0,0,0,0,0,False,0.0,0.0,False,0.0,0.0,True,True,True,5,1
WA,Washington,Franklin,53021,99034,68864,3.0,"( 2.7,  3.3)",3.2,"( 2.9,  3.6)",53,0,0,0,0,0,0,False,0.0,0.0,False,0.0,0.0,False,False,True,1,5
WA,Washington,Garfield,53023,2363,1865,3.9,"( 3.3,  4.4)",2.7,"( 2.4,  3.1)",53,0,0,0,0,0,0,False,0.0,0.0,False,0.0,0.0,False,False,False,3,1
WA,Washington,Grant,53025,102678,74081,3.5,"( 3.1,  3.9)",3.2,"( 2.8,  3.6)",53,0,0,0,0,0,0,False,0.0,0.0,False,0.0,0.0,False,False,True,2,5
WA,Washington,Grays Harbor,53027,77290,62070,4.2,"( 3.7,  4.7)",3.2,"( 2.8,  3.5)",53,0,0,0,0,0,0,False,0.0,0.0,False,0.0,0.0,True,True,True,3,4
WA,Washington,Island,53029,86267,71614,3.5,"( 3.0,  4.0)",2.5,"( 2.2,  2.9)",53,0,0,0,0,0,0,False,0.0,0.0,False,0.0,0.0,False,False,False,2,4
WA,Washington,Jefferson,53031,33714,30013,4.4,"( 3.7,  5.1)",2.6,"( 2.2,  2.9)",53,0,0,0,0,0,0,False,0.0,0.0,False,0.0,0.0,True,True,False,4,3
WA,Washington,King,53033,2271380,1836529,2.3,"( 2.0,  2.6)",2.3,"( 2.0,  2.5)",53,13,11,7,14,12,7,True,0.5723392827268005,0.7078570499022885,True,0.6163653813980928,0.7623075922024646,False,False,False,1,5
WA,Washington,Kitsap,53035,277658,224070,3.1,"( 2.7,  3.5)",2.6,"( 2.3,  2.9)",53,0,0,0,0,0,0,False,0.0,0.0,False,0.0,0.0,False,False,False,1,5
WA,Washington,Kittitas,53037,45508,37605,3.2,"( 2.8,  3.6)",2.9,"( 2.5,  3.3)",53,0,0,0,0,0,0,False,0.0,0.0,False,0.0,0.0,False,False,False,1,4
WA,Washington,Klickitat,53039,23589,19317,4.0,"( 3.4,  4.5)",2.9,"( 2.5,  3.3)",53,0,0,0,0,0,0,False,0.0,0.0,False,0.0,0.0,False,False,False,3,3
WA,Washington,Lewis,53041,86154,67577,3.9,"( 3.4,  4.5)",3.1,"( 2.7,  3.5)",53,0,0,0,0,0,0,False,0.0,0.0,False,0.0,0.0,False,False,False,3,4
WA,Washington,Lincoln,53043,11738,9253,4.1,"( 3.6,  4.7)",2.9,"( 2.5,  3.2)",53,0,0,0,0,0,0,False,0.0,0.0,False,0.0,0.0,True,True,False,3,2
WA,Washington,Mason,53045,68389,55214,4.0,"( 3.5,  4.6)",3.0,"( 2.6,  3.4)",53,0,0,0,0,0,0,False,0.0,0.0,False,0.0,0.0,False,False,False,3,4
WA,Washington,Okanogan,53047,43712,34205,4.5,"( 4.0,  5.1)",3.4,"( 3.0,  3.9)",53,0,0,0,0,0,0,False,0.0,0.0,False,0.0,0.0,True,True,True,4,4
WA,Washington,Pacific,53049,24200,20677,4.7,"( 4.0,  5.3)",3.0,"( 2.6,  3.3)",53,0,0,0,0,0,0,False,0.0,0.0,False,0.0,0.0,True,True,False,4,3
WA,Washington,Pend Oreille,53051,14361,11514,4.5,"( 4.0,  5.1)",3.1,"( 2.8,  3.5)",53,0,0,0,0,0,0,False,0.0,0.0,False,0.0,0.0,True,True,False,4,2
WA,Washington,Pierce,53053,928696,716813,3.0,"( 2.6,  3.4)",2.8,"( 2.4,  3.2)",53,3,3,3,3,3,3,True,0.3230335868788064,0.4185191953828962,True,0.3230335868788064,0.4185191953828962,False,False,False,1,5
WA,Washington,San Juan,53055,18566,16267,3.9,"( 3.3,  4.6)",2.4,"( 2.1,  2.8)",53,0,0,0,0,0,0,False,0.0,0.0,False,0.0,0.0,False,False,False,3,2
WA,Washington,Skagit,53057,131417,104403,3.6,"( 3.1,  4.2)",2.8,"( 2.4,  3.1)",53,0,0,0,0,0,0,False,0.0,0.0,False,0.0,0.0,False,False,False,2,5
WA,Washington,Skamania,53059,12640,10535,3.8,"( 3.3,  4.4)",2.8,"( 2.4,  3.2)",53,0,0,0,0,0,0,False,0.0,0.0,False,0.0,0.0,False,False,False,2,2
WA,Washington,Snohomish,53061,844761,660415,2.7,"( 2.4,  3.0)",2.5,"( 2.2,  2.8)",53,0,0,0,0,0,0,False,0.0,0.0,False,0.0,0.0,False,False,False,1,5
WA,Washington,Spokane,53063,551455,433863,3.2,"( 2.8,  3.6)",2.8,"( 2.4,  3.2)",53,0,0,0,0,0,0,False,0.0,0.0,False,0.0,0.0,False,False,False,1,5
WA,Washington,Stevens,53065,48837,38686,4.4,"( 3.9,  5.1)",3.1,"( 2.8,  3.5)",53,0,0,0,0,0,0,False,0.0,0.0,False,0.0,0.0,True,True,False,4,4
WA,Washington,Thurston,53067,299003,237569,3.1,"( 2.7,  3.5)",2.6,"( 2.3,  3.0)",53,0,0,0,0,0,0,False,0.0,0.0,False,0.0,0.0,False,False,False,1,5
WA,Washington,Wahkiakum,53069,4765,3987,5.1,"( 4.4,  5.8)",3.2,"( 2.8,  3.6)",53,0,0,0,0,0,0,False,0.0,0.0,False,0.0,0.0,True,True,True,5,1
WA,Washington,Walla Walla,53071,61568,48966,3.4,"( 2.9,  3.9)",2.9,"( 2.5,  3.2)",53,0,0,0,0,0,0,False,0.0,0.0,False,0.0,0.0,False,False,False,1,4
WA,Washington,Whatcom,53073,231919,189784,3.0,"( 2.7,  3.5)",2.7,"( 2.4,  3.1)",53,0,0,0,0,0,0,False,0.0,0.0,False,0.0,0.0,False,False,False,1,5
WA,Washington,Whitman,53075,48012,40463,2.5,"( 2.2,  2.8)",3.2,"( 2.8,  3.7)",53,0,0,0,0,0,0,False,0.0,0.0,False,0.0,0.0,False,False,True,1,4
WA,Washington,Yakima,53077,256643,183160,3.6,"( 3.2,  4.1)",3.4,"( 3.0,  3.8)",53,0,0,0,0,0,0,False,0.0,0.0,False,0.0,0.0,False,False,True,2,5
WV,West Virginia,Barbour,54001,15378,12288,4.5,"( 3.9,  5.1)",3.6,"( 3.2,  4.0)",54,0,0,0,0,0,0,False,0.0,0.0,False,0.0,0.0,True,True,True,4,2
WV,West Virginia,Berkeley,54003,132440,101986,3.4,"( 3.0,  3.8)",3.1,"( 2.7,  3.5)",54,0,0,0,0,0,0,False,0.0,0.0,False,0.0,0.0,False,False,False,1,5
WV,West Virginia,Boone,54005,20576,16396,4.6,"( 4.0,  5.3)",3.5,"( 3.0,  4.0)",54,0,0,0,0,0,0,False,0.0,0.0,False,0.0,0.0,True,True,True,4,3
WV,West Virginia,Braxton,54007,12162,9951,5.4,"( 4.7,  6.1)",3.9,"( 3.4,  4.4)",54,0,0,0,0,0,0,False,0.0,0.0,False,0.0,0.0,True,True,True,5,2
WV,West Virginia,Brooke,54009,21373,17740,4.1,"( 3.5,  4.6)",3.0,"( 2.6,  3.3)",54,0,0,0,0,0,0,False,0.0,0.0,False,0.0,0.0,True,True,False,3,3
WV,West Virginia,Cabell,54011,92082,73859,3.9,"( 3.4,  4.5)",3.4,"( 2.9,  3.9)",54,0,0,0,0,0,0,False,0.0,0.0,False,0.0,0.0,False,False,True,3,4
WV,West Virginia,Calhoun,54013,5959,4871,6.0,"( 5.3,  6.9)",4.2,"( 3.7,  4.7)",54,0,0,0,0,0,0,False,0.0,0.0,False,0.0,0.0,True,True,True,5,1
WV,West Virginia,Clay,54015,7783,6050,5.2,"( 4.6,  5.9)",3.9,"( 3.4,  4.4)",54,0,0,0,0,0,0,False,0.0,0.0,False,0.0,0.0,True,True,True,5,1
WV,West Virginia,Doddridge,54017,7680,6589,4.4,"( 3.8,  5.1)",3.5,"( 3.0,  4.0)",54,0,0,0,0,0,0,False,0.0,0.0,False,0.0,0.0,True,True,True,4,1
WV,West Virginia,Fayette,54019,39072,31056,4.7,"( 4.1,  5.4)",3.5,"( 3.1,  4.0)",54,0,0,0,0,0,0,False,0.0,0.0,False,0.0,0.0,True,True,True,4,4
WV,West Virginia,Gilmer,54021,7254,6147,4.1,"( 3.6,  4.6)",3.7,"( 3.2,  4.1)",54,0,0,0,0,0,0,False,0.0,0.0,False,0.0,0.0,True,True,True,3,1
WV,West Virginia,Grant,54023,10921,8803,4.6,"( 4.0,  5.2)",3.2,"( 2.8,  3.7)",54,0,0,0,0,0,0,False,0.0,0.0,False,0.0,0.0,True,True,True,4,2
WV,West Virginia,Greenbrier,54025,32149,25961,4.8,"( 4.2,  5.5)",3.5,"( 3.0,  3.9)",54,0,0,0,0,0,0,False,0.0,0.0,False,0.0,0.0,True,True,True,5,3
WV,West Virginia,Hampshire,54027,23649,19427,4.5,"( 3.9,  5.1)",3.2,"( 2.8,  3.6)",54,0,0,0,0,0,0,False,0.0,0.0,False,0.0,0.0,True,True,True,4,3
WV,West Virginia,Hancock,54029,28145,22983,4.4,"( 3.8,  5.0)",3.2,"( 2.8,  3.6)",54,0,0,0,0,0,0,False,0.0,0.0,False,0.0,0.0,True,True,True,4,3
WV,West Virginia,Hardy,54031,14251,11484,5.0,"( 4.3,  5.7)",3.6,"( 3.2,  4.1)",54,0,0,0,0,0,0,False,0.0,0.0,False,0.0,0.0,True,True,True,5,2
WV,West Virginia,Harrison,54033,64639,51001,4.0,"( 3.5,  4.7)",3.2,"( 2.7,  3.7)",54,0,0,0,0,0,0,False,0.0,0.0,False,0.0,0.0,False,False,True,3,4
WV,West Virginia,Jackson,54035,27593,21715,4.4,"( 3.8,  5.0)",3.3,"( 2.9,  3.8)",54,0,0,0,0,0,0,False,0.0,0.0,False,0.0,0.0,True,True,True,4,3
WV,West Virginia,Jefferson,54037,59787,47507,3.3,"( 2.9,  3.7)",2.8,"( 2.4,  3.1)",54,0,0,0,0,0,0,False,0.0,0.0,False,0.0,0.0,False,False,False,1,4
WV,West Virginia,Kanawha,54039,174805,140410,4.2,"( 3.6,  4.8)",3.2,"( 2.8,  3.7)",54,1,1,1,1,1,1,True,0.5720660164182947,0.7121999857560003,True,0.5720660164182947,0.7121999857560003,False,False,False,3,5
WV,West Virginia,Lewis,54041,16500,12975,4.4,"( 3.9,  5.0)",3.4,"( 3.0,  3.9)",54,0,0,0,0,0,0,False,0.0,0.0,False,0.0,0.0,True,True,True,4,2
WV,West Virginia,Lincoln,54043,19701,15393,5.1,"( 4.5,  5.7)",3.9,"( 3.5,  4.4)",54,0,0,0,0,0,0,False,0.0,0.0,False,0.0,0.0,True,True,True,5,3
WV,West Virginia,Logan,54045,30827,24401,5.0,"( 4.3,  5.7)",3.8,"( 3.3,  4.4)",54,0,0,0,0,0,0,False,0.0,0.0,False,0.0,0.0,True,True,True,5,3
WV,West Virginia,McDowell,54047,17439,14224,6.1,"( 5.4,  6.8)",4.7,"( 4.2,  5.3)",54,0,0,0,0,0,0,False,0.0,0.0,False,0.0,0.0,True,True,True,5,2
WV,West Virginia,Marion,54049,55807,44759,3.7,"( 3.2,  4.3)",3.1,"( 2.7,  3.6)",54,0,0,0,0,0,0,False,0.0,0.0,False,0.0,0.0,False,False,False,2,4
WV,West Virginia,Marshall,54051,29405,23911,4.4,"( 3.9,  5.0)",3.3,"( 2.9,  3.7)",54,0,0,0,0,0,0,False,0.0,0.0,False,0.0,0.0,True,True,True,4,3
WV,West Virginia,Mason,54053,24765,19716,4.7,"( 4.0,  5.4)",3.5,"( 3.1,  4.0)",54,0,0,0,0,0,0,False,0.0,0.0,False,0.0,0.0,True,True,True,4,3
WV,West Virginia,Mercer,54055,58057,45722,4.7,"( 4.1,  5.4)",3.6,"( 3.1,  4.0)",54,0,0,0,0,0,0,False,0.0,0.0,False,0.0,0.0,True,True,True,4,4
WV,West Virginia,Mineral,54057,26867,21526,4.0,"( 3.5,  4.6)",3.0,"( 2.6,  3.4)",54,0,0,0,0,0,0,False,0.0,0.0,False,0.0,0.0,False,False,False,3,3
WV,West Virginia,Mingo,54059,22023,17103,5.7,"( 5.0,  6.5)",4.4,"( 3.9,  4.9)",54,0,0,0,0,0,0,False,0.0,0.0,False,0.0,0.0,True,True,True,5,3
WV,West Virginia,Monongalia,54061,107718,90427,2.7,"( 2.3,  3.1)",3.0,"( 2.6,  3.4)",54,6,6,4,6,6,4,True,5.570099704784716,6.635186393444436,True,5.570099704784716,6.635186393444436,False,False,False,1,5
WV,West Virginia,Monroe,54063,12382,9940,4.9,"( 4.2,  5.6)",3.4,"( 3.0,  3.9)",54,0,0,0,0,0,0,False,0.0,0.0,False,0.0,0.0,True,True,True,5,2
WV,West Virginia,Morgan,54065,17649,14668,4.4,"( 3.8,  5.1)",3.2,"( 2.8,  3.6)",54,0,0,0,0,0,0,False,0.0,0.0,False,0.0,0.0,True,True,True,4,2
WV,West Virginia,Nicholas,54067,24169,19286,4.6,"( 4.0,  5.3)",3.4,"( 2.9,  3.8)",54,0,0,0,0,0,0,False,0.0,0.0,False,0.0,0.0,True,True,True,4,3
WV,West Virginia,Ohio,54069,41194,33156,3.9,"( 3.4,  4.6)",3.0,"( 2.7,  3.5)",54,0,0,0,0,0,0,False,0.0,0.0,False,0.0,0.0,False,False,False,3,4
WV,West Virginia,Pendleton,54071,6029,4907,5.1,"( 4.3,  5.9)",3.3,"( 2.8,  3.8)",54,0,0,0,0,0,0,False,0.0,0.0,False,0.0,0.0,True,True,True,5,1
WV,West Virginia,Pleasants,54073,7428,6004,3.9,"( 3.4,  4.4)",3.2,"( 2.8,  3.6)",54,0,0,0,0,0,0,False,0.0,0.0,False,0.0,0.0,False,False,True,3,1
WV,West Virginia,Pocahontas,54075,7765,6382,5.4,"( 4.7,  6.2)",3.7,"( 3.2,  4.2)",54,0,0,0,0,0,0,False,0.0,0.0,False,0.0,0.0,True,True,True,5,1
WV,West Virginia,Preston,54077,34099,27943,4.1,"( 3.5,  4.6)",3.3,"( 2.8,  3.7)",54,0,0,0,0,0,0,False,0.0,0.0,False,0.0,0.0,True,True,True,3,3
WV,West Virginia,Putnam,54079,56962,44875,3.6,"( 3.1,  4.1)",2.8,"( 2.5,  3.3)",54,0,0,0,0,0,0,False,0.0,0.0,False,0.0,0.0,False,False,False,2,4
WV,West Virginia,Raleigh,54081,72356,57230,4.7,"( 4.1,  5.3)",3.7,"( 3.2,  4.2)",54,0,0,0,0,0,0,False,0.0,0.0,False,0.0,0.0,True,True,True,4,4
WV,West Virginia,Randolph,54083,27350,22356,4.3,"( 3.7,  5.0)",3.3,"( 2.9,  3.8)",54,0,0,0,0,0,0,False,0.0,0.0,False,0.0,0.0,True,True,True,4,3
WV,West Virginia,Ritchie,54085,8167,6554,5.0,"( 4.4,  5.8)",3.7,"( 3.2,  4.2)",54,0,0,0,0,0,0,False,0.0,0.0,False,0.0,0.0,True,True,True,5,1
WV,West Virginia,Roane,54087,13743,11044,5.3,"( 4.6,  6.1)",3.9,"( 3.3,  4.4)",54,0,0,0,0,0,0,False,0.0,0.0,False,0.0,0.0,True,True,True,5,2
WV,West Virginia,Summers,54089,11581,9749,5.4,"( 4.7,  6.2)",3.8,"( 3.3,  4.3)",54,0,0,0,0,0,0,False,0.0,0.0,False,0.0,0.0,True,True,True,5,2
WV,West Virginia,Taylor,54091,16388,13194,4.3,"( 3.7,  4.9)",3.3,"( 2.9,  3.8)",54,0,0,0,0,0,0,False,0.0,0.0,False,0.0,0.0,True,True,True,4,2
WV,West Virginia,Tucker,54093,6604,5662,4.6,"( 3.9,  5.3)",3.1,"( 2.7,  3.6)",54,0,0,0,0,0,0,False,0.0,0.0,False,0.0,0.0,True,True,False,4,1
WV,West Virginia,Tyler,54095,7919,6382,4.7,"( 4.1,  5.3)",3.3,"( 2.9,  3.7)",54,0,0,0,0,0,0,False,0.0,0.0,False,0.0,0.0,True,True,True,4,1
WV,West Virginia,Upshur,54097,23529,18726,4.4,"( 3.9,  5.1)",3.5,"( 3.0,  3.9)",54,0,0,0,0,0,0,False,0.0,0.0,False,0.0,0.0,True,True,True,4,3
WV,West Virginia,Wayne,54099,37686,30122,4.6,"( 3.9,  5.3)",3.5,"( 3.0,  4.0)",54,0,0,0,0,0,0,False,0.0,0.0,False,0.0,0.0,True,True,True,4,4
WV,West Virginia,Webster,54101,8045,6456,5.5,"( 4.8,  6.4)",3.9,"( 3.4,  4.4)",54,0,0,0,0,0,0,False,0.0,0.0,False,0.0,0.0,True,True,True,5,1
WV,West Virginia,Wetzel,54103,13890,10969,4.6,"( 4.0,  5.1)",3.4,"( 3.0,  3.8)",54,0,0,0,0,0,0,False,0.0,0.0,False,0.0,0.0,True,True,True,4,2
WV,West Virginia,Wirt,54105,5000,3936,4.9,"( 4.2,  5.6)",3.5,"( 3.1,  4.0)",54,0,0,0,0,0,0,False,0.0,0.0,False,0.0,0.0,True,True,True,5,1
WV,West Virginia,Wood,54107,83052,65756,4.2,"( 3.6,  4.8)",3.2,"( 2.8,  3.7)",54,0,0,0,0,0,0,False,0.0,0.0,False,0.0,0.0,True,True,True,3,4
WV,West Virginia,Wyoming,54109,20277,16181,5.1,"( 4.4,  5.8)",3.8,"( 3.4,  4.4)",54,0,0,0,0,0,0,False,0.0,0.0,False,0.0,0.0,True,True,True,5,3
WI,Wisconsin,Adams,55001,21449,18664,5.0,"( 4.3,  5.7)",3.2,"( 2.8,  3.6)",55,0,0,0,0,0,0,False,0.0,0.0,False,0.0,0.0,True,True,True,5,3
WI,Wisconsin,Ashland,55003,16079,12754,4.3,"( 3.7,  4.8)",3.3,"( 2.9,  3.6)",55,0,0,0,0,0,0,False,0.0,0.0,False,0.0,0.0,True,True,True,4,2
WI,Wisconsin,Barron,55005,46833,37064,4.1,"( 3.5,  4.7)",3.0,"( 2.6,  3.4)",55,0,0,0,0,0,0,False,0.0,0.0,False,0.0,0.0,True,True,False,3,4
WI,Wisconsin,Bayfield,55007,16769,14035,4.3,"( 3.6,  5.0)",2.8,"( 2.4,  3.1)",55,0,0,0,0,0,0,False,0.0,0.0,False,0.0,0.0,True,True,False,4,2
WI,Wisconsin,Brown,55009,271417,209911,3.1,"( 2.7,  3.6)",2.8,"( 2.4,  3.1)",55,1,1,1,1,1,1,True,0.36843675967238604,0.4763923758164174,True,0.36843675967238604,0.4763923758164174,False,False,False,1,5
WI,Wisconsin,Buffalo,55011,13419,10742,3.9,"( 3.4,  4.6)",2.8,"( 2.5,  3.2)",55,0,0,0,0,0,0,False,0.0,0.0,False,0.0,0.0,False,False,False,3,2
WI,Wisconsin,Burnett,55013,17092,14468,4.9,"( 4.2,  5.6)",3.1,"( 2.7,  3.4)",55,0,0,0,0,0,0,False,0.0,0.0,False,0.0,0.0,True,True,False,5,2
WI,Wisconsin,Calumet,55015,53199,41590,3.0,"( 2.6,  3.6)",2.5,"( 2.2,  2.9)",55,0,0,0,0,0,0,False,0.0,0.0,False,0.0,0.0,False,False,False,1,4
WI,Wisconsin,Chippewa,55017,66970,52829,3.6,"( 3.1,  4.1)",2.9,"( 2.5,  3.2)",55,0,0,0,0,0,0,False,0.0,0.0,False,0.0,0.0,False,False,False,2,4
WI,Wisconsin,Clark,55019,34774,24557,4.1,"( 3.5,  4.7)",3.3,"( 2.9,  3.8)",55,0,0,0,0,0,0,False,0.0,0.0,False,0.0,0.0,True,True,True,3,3
WI,Wisconsin,Columbia,55021,58091,46376,3.4,"( 2.9,  3.9)",2.7,"( 2.4,  3.1)",55,0,0,0,0,0,0,False,0.0,0.0,False,0.0,0.0,False,False,False,1,4
WI,Wisconsin,Crawford,55023,15944,12868,4.4,"( 3.8,  5.0)",3.1,"( 2.7,  3.5)",55,0,0,0,0,0,0,False,0.0,0.0,False,0.0,0.0,True,True,False,4,2
WI,Wisconsin,Dane,55025,575347,463964,2.4,"( 2.1,  2.8)",2.4,"( 2.1,  2.8)",55,4,4,3,5,5,3,True,0.6952326161429537,0.8621358553680889,True,0.8690407701786922,1.077669819210111,False,False,False,1,5
WI,Wisconsin,Dodge,55027,88231,71376,3.5,"( 3.0,  3.9)",2.8,"( 2.5,  3.2)",55,0,0,0,0,0,0,False,0.0,0.0,False,0.0,0.0,False,False,False,2,4
WI,Wisconsin,Door,55029,30562,25848,4.1,"( 3.4,  4.7)",2.6,"( 2.2,  2.9)",55,0,0,0,0,0,0,False,0.0,0.0,False,0.0,0.0,True,True,False,3,3
WI,Wisconsin,Douglas,55031,44264,35947,3.5,"( 3.0,  4.0)",2.8,"( 2.4,  3.2)",55,0,0,0,0,0,0,False,0.0,0.0,False,0.0,0.0,False,False,False,2,4
WI,Wisconsin,Dunn,55033,45794,37053,3.0,"( 2.6,  3.5)",2.8,"( 2.5,  3.2)",55,0,0,0,0,0,0,False,0.0,0.0,False,0.0,0.0,False,False,False,1,4
WI,Wisconsin,Eau Claire,55035,107903,86787,2.9,"( 2.5,  3.3)",2.7,"( 2.3,  3.0)",55,0,0,0,0,0,0,False,0.0,0.0,False,0.0,0.0,False,False,False,1,5
WI,Wisconsin,Florence,55037,4682,4032,4.3,"( 3.7,  5.0)",2.8,"( 2.4,  3.2)",55,0,0,0,0,0,0,False,0.0,0.0,False,0.0,0.0,True,True,False,4,1
WI,Wisconsin,Fond du Lac,55039,103948,82246,3.5,"( 3.0,  4.0)",2.8,"( 2.4,  3.2)",55,0,0,0,0,0,0,False,0.0,0.0,False,0.0,0.0,False,False,False,2,5
WI,Wisconsin,Forest,55041,9325,7503,5.0,"( 4.4,  5.6)",3.5,"( 3.2,  3.9)",55,0,0,0,0,0,0,False,0.0,0.0,False,0.0,0.0,True,True,True,5,2
WI,Wisconsin,Grant,55043,51409,40536,3.5,"( 3.1,  4.0)",3.1,"( 2.7,  3.5)",55,0,0,0,0,0,0,False,0.0,0.0,False,0.0,0.0,False,False,False,2,4
WI,Wisconsin,Green,55045,36951,29103,3.5,"( 3.0,  4.0)",2.7,"( 2.3,  3.1)",55,0,0,0,0,0,0,False,0.0,0.0,False,0.0,0.0,False,False,False,2,3
WI,Wisconsin,Green Lake,55047,19344,15139,4.3,"( 3.7,  4.9)",3.1,"( 2.7,  3.5)",55,0,0,0,0,0,0,False,0.0,0.0,False,0.0,0.0,True,True,False,4,3
WI,Wisconsin,Iowa,55049,23956,18836,3.4,"( 3.0,  3.9)",2.6,"( 2.3,  3.0)",55,0,0,0,0,0,0,False,0.0,0.0,False,0.0,0.0,False,False,False,1,3
WI,Wisconsin,Iron,55051,6228,5234,4.7,"( 4.0,  5.4)",2.9,"( 2.5,  3.3)",55,0,0,0,0,0,0,False,0.0,0.0,False,0.0,0.0,True,True,False,4,1
WI,Wisconsin,Jackson,55053,20855,16438,4.1,"( 3.6,  4.7)",3.2,"( 2.8,  3.6)",55,0,0,0,0,0,0,False,0.0,0.0,False,0.0,0.0,True,True,True,3,3
WI,Wisconsin,Jefferson,55055,85743,69165,3.2,"( 2.8,  3.6)",2.7,"( 2.3,  3.0)",55,0,0,0,0,0,0,False,0.0,0.0,False,0.0,0.0,False,False,False,1,4
WI,Wisconsin,Juneau,55057,26594,21598,4.3,"( 3.8,  5.0)",3.3,"( 2.9,  3.7)",55,0,0,0,0,0,0,False,0.0,0.0,False,0.0,0.0,True,True,True,4,3
WI,Wisconsin,Kenosha,55059,167488,131659,3.2,"( 2.8,  3.7)",2.8,"( 2.4,  3.2)",55,0,0,0,0,0,0,False,0.0,0.0,False,0.0,0.0,False,False,False,1,5
WI,Wisconsin,Kewaunee,55061,20690,16410,3.7,"( 3.2,  4.3)",2.7,"( 2.4,  3.2)",55,0,0,0,0,0,0,False,0.0,0.0,False,0.0,0.0,False,False,False,2,3
WI,Wisconsin,La Crosse,55063,120486,97393,3.0,"( 2.6,  3.5)",2.7,"( 2.4,  3.1)",55,0,0,0,0,0,0,False,0.0,0.0,False,0.0,0.0,False,False,False,1,5
WI,Wisconsin,Lafayette,55065,16945,12715,3.9,"( 3.4,  4.5)",3.0,"( 2.6,  3.4)",55,0,0,0,0,0,0,False,0.0,0.0,False,0.0,0.0,False,False,False,3,2
WI,Wisconsin,Langlade,55067,19404,15739,4.5,"( 3.9,  5.2)",3.1,"( 2.7,  3.6)",55,0,0,0,0,0,0,False,0.0,0.0,False,0.0,0.0,True,True,False,4,3
WI,Wisconsin,Lincoln,55069,28405,23357,4.1,"( 3.6,  4.7)",3.0,"( 2.6,  3.4)",55,0,0,0,0,0,0,False,0.0,0.0,False,0.0,0.0,True,True,False,3,3
WI,Wisconsin,Manitowoc,55071,81331,65081,3.8,"( 3.4,  4.4)",2.8,"( 2.5,  3.2)",55,0,0,0,0,0,0,False,0.0,0.0,False,0.0,0.0,False,False,False,2,4
WI,Wisconsin,Marathon,55073,138612,107632,3.4,"( 2.9,  3.9)",2.7,"( 2.4,  3.1)",55,0,0,0,0,0,0,False,0.0,0.0,False,0.0,0.0,False,False,False,1,5
WI,Wisconsin,Marinette,55075,42106,34244,4.2,"( 3.7,  4.9)",3.0,"( 2.6,  3.4)",55,0,0,0,0,0,0,False,0.0,0.0,False,0.0,0.0,True,True,False,3,4
WI,Wisconsin,Marquette,55077,15838,12855,4.6,"( 3.9,  5.3)",3.1,"( 2.7,  3.6)",55,0,0,0,0,0,0,False,0.0,0.0,False,0.0,0.0,True,True,False,4,2
WI,Wisconsin,Menominee,55078,4226,2882,5.0,"( 4.5,  5.5)",4.2,"( 3.8,  4.6)",55,0,0,0,0,0,0,False,0.0,0.0,False,0.0,0.0,True,True,True,5,1
WI,Wisconsin,Milwaukee,55079,916205,700935,3.6,"( 3.2,  4.1)",3.4,"( 3.1,  3.8)",55,16,14,9,16,14,9,True,1.7463340627916242,2.2826652970674886,True,1.7463340627916242,2.2826652970674886,False,False,False,2,5
WI,Wisconsin,Monroe,55081,46151,34486,3.9,"( 3.4,  4.4)",3.2,"( 2.7,  3.6)",55,0,0,0,0,0,0,False,0.0,0.0,False,0.0,0.0,False,False,True,3,4
WI,Wisconsin,Oconto,55083,39775,32028,3.9,"( 3.4,  4.5)",2.9,"( 2.5,  3.3)",55,0,0,0,0,0,0,False,0.0,0.0,False,0.0,0.0,False,False,False,3,4
WI,Wisconsin,Oneida,55085,38226,31953,4.1,"( 3.5,  4.7)",2.7,"( 2.4,  3.1)",55,0,0,0,0,0,0,False,0.0,0.0,False,0.0,0.0,True,True,False,3,4
WI,Wisconsin,Outagamie,55087,193234,149418,3.0,"( 2.6,  3.5)",2.6,"( 2.3,  3.0)",55,0,0,0,0,0,0,False,0.0,0.0,False,0.0,0.0,False,False,False,1,5
WI,Wisconsin,Ozaukee,55089,93460,74094,3.0,"( 2.6,  3.5)",2.3,"( 2.0,  2.6)",55,0,0,0,0,0,0,False,0.0,0.0,False,0.0,0.0,False,False,False,1,4
WI,Wisconsin,Pepin,55091,7441,5802,3.8,"( 3.3,  4.4)",2.7,"( 2.4,  3.1)",55,0,0,0,0,0,0,False,0.0,0.0,False,0.0,0.0,False,False,False,2,1
WI,Wisconsin,Pierce,55093,43026,34410,2.9,"( 2.6,  3.4)",2.7,"( 2.3,  3.0)",55,0,0,0,0,0,0,False,0.0,0.0,False,0.0,0.0,False,False,False,1,4
WI,Wisconsin,Polk,55095,45762,36790,3.8,"( 3.2,  4.3)",2.8,"( 2.4,  3.1)",55,0,0,0,0,0,0,False,0.0,0.0,False,0.0,0.0,False,False,False,2,4
WI,Wisconsin,Portage,55097,71024,57775,3.1,"( 2.6,  3.5)",2.7,"( 2.4,  3.1)",55,0,0,0,0,0,0,False,0.0,0.0,False,0.0,0.0,False,False,False,1,4
WI,Wisconsin,Price,55099,14102,11739,4.7,"( 4.1,  5.4)",3.1,"( 2.7,  3.5)",55,0,0,0,0,0,0,False,0.0,0.0,False,0.0,0.0,True,True,False,4,2
WI,Wisconsin,Racine,55101,196613,152563,3.5,"( 3.1,  4.0)",2.9,"( 2.6,  3.3)",55,0,0,0,0,0,0,False,0.0,0.0,False,0.0,0.0,False,False,False,2,5
WI,Wisconsin,Richland,55103,17197,13613,4.4,"( 3.8,  5.0)",3.1,"( 2.7,  3.5)",55,0,0,0,0,0,0,False,0.0,0.0,False,0.0,0.0,True,True,False,4,2
WI,Wisconsin,Rock,55105,164278,127890,3.4,"( 3.0,  4.0)",2.9,"( 2.5,  3.3)",55,0,0,0,0,0,0,False,0.0,0.0,False,0.0,0.0,False,False,False,1,5
WI,Wisconsin,Rusk,55107,14143,11289,4.7,"( 4.1,  5.3)",3.2,"( 2.9,  3.7)",55,0,0,0,0,0,0,False,0.0,0.0,False,0.0,0.0,True,True,True,4,2
WI,Wisconsin,St. Croix,55109,96763,74028,2.9,"( 2.5,  3.3)",2.4,"( 2.1,  2.8)",55,0,0,0,0,0,0,False,0.0,0.0,False,0.0,0.0,False,False,False,1,4
WI,Wisconsin,Sauk,55111,65920,51378,3.5,"( 3.1,  4.1)",2.8,"( 2.4,  3.2)",55,0,0,0,0,0,0,False,0.0,0.0,False,0.0,0.0,False,False,False,2,4
WI,Wisconsin,Sawyer,55113,18552,15215,4.8,"( 4.2,  5.4)",3.2,"( 2.8,  3.6)",55,0,0,0,0,0,0,False,0.0,0.0,False,0.0,0.0,True,True,True,5,2
WI,Wisconsin,Shawano,55115,41109,32448,4.1,"( 3.6,  4.6)",3.0,"( 2.7,  3.4)",55,0,0,0,0,0,0,False,0.0,0.0,False,0.0,0.0,True,True,False,3,4
WI,Wisconsin,Sheboygan,55117,117752,92697,3.4,"( 3.0,  3.9)",2.7,"( 2.4,  3.1)",55,0,0,0,0,0,0,False,0.0,0.0,False,0.0,0.0,False,False,False,1,5
WI,Wisconsin,Taylor,55119,20058,15464,4.1,"( 3.5,  4.7)",3.0,"( 2.6,  3.5)",55,0,0,0,0,0,0,False,0.0,0.0,False,0.0,0.0,True,True,False,3,3
WI,Wisconsin,Trempealeau,55121,30899,22713,3.7,"( 3.3,  4.3)",2.9,"( 2.6,  3.3)",55,0,0,0,0,0,0,False,0.0,0.0,False,0.0,0.0,False,False,False,2,3
WI,Wisconsin,Vernon,55123,31170,23135,4.1,"( 3.5,  4.8)",3.1,"( 2.6,  3.5)",55,0,0,0,0,0,0,False,0.0,0.0,False,0.0,0.0,True,True,False,3,3
WI,Wisconsin,Vilas,55125,23885,20060,4.4,"( 3.8,  5.1)",2.8,"( 2.5,  3.2)",55,0,0,0,0,0,0,False,0.0,0.0,False,0.0,0.0,True,True,False,4,3
WI,Wisconsin,Walworth,55127,105822,85648,3.3,"( 2.8,  3.8)",2.7,"( 2.3,  3.1)",55,0,0,0,0,0,0,False,0.0,0.0,False,0.0,0.0,False,False,False,1,5
WI,Wisconsin,Washburn,55129,16930,13886,4.5,"( 3.8,  5.2)",3.0,"( 2.6,  3.4)",55,0,0,0,0,0,0,False,0.0,0.0,False,0.0,0.0,True,True,False,4,2
WI,Wisconsin,Washington,55131,138168,109514,3.2,"( 2.7,  3.6)",2.5,"( 2.1,  2.8)",55,0,0,0,0,0,0,False,0.0,0.0,False,0.0,0.0,False,False,False,1,5
WI,Wisconsin,Waukesha,55133,412591,327018,2.9,"( 2.5,  3.5)",2.3,"( 2.0,  2.6)",55,0,0,0,0,0,0,False,0.0,0.0,False,0.0,0.0,False,False,False,1,5
WI,Wisconsin,Waupaca,55135,51388,41137,3.8,"( 3.3,  4.4)",2.9,"( 2.5,  3.3)",55,0,0,0,0,0,0,False,0.0,0.0,False,0.0,0.0,False,False,False,2,4
WI,Wisconsin,Waushara,55137,24934,20556,4.4,"( 3.8,  5.1)",3.0,"( 2.7,  3.5)",55,0,0,0,0,0,0,False,0.0,0.0,False,0.0,0.0,True,True,False,4,3
WI,Wisconsin,Winnebago,55139,171735,137307,3.2,"( 2.8,  3.6)",2.8,"( 2.4,  3.2)",55,0,0,0,0,0,0,False,0.0,0.0,False,0.0,0.0,False,False,False,1,5
WI,Wisconsin,Wood,55141,73939,58207,3.9,"( 3.3,  4.4)",2.9,"( 2.5,  3.3)",55,0,0,0,0,0,0,False,0.0,0.0,False,0.0,0.0,False,False,False,3,4
WY,Wyoming,Albany,56001,38257,32496,2.4,"( 2.1,  2.7)",2.9,"( 2.5,  3.2)",56,0,0,0,0,0,0,False,0.0,0.0,False,0.0,0.0,False,False,False,1,4
WY,Wyoming,Big Horn,56003,12018,9180,4.0,"( 3.5,  4.6)",3.1,"( 2.7,  3.5)",56,0,0,0,0,0,0,False,0.0,0.0,False,0.0,0.0,False,False,False,3,2
WY,Wyoming,Campbell,56005,47498,35021,2.9,"( 2.5,  3.3)",2.8,"( 2.4,  3.2)",56,0,0,0,0,0,0,False,0.0,0.0,False,0.0,0.0,False,False,False,1,4
WY,Wyoming,Carbon,56007,14334,11192,3.8,"( 3.3,  4.3)",3.1,"( 2.8,  3.5)",56,0,0,0,0,0,0,False,0.0,0.0,False,0.0,0.0,False,False,False,2,2
WY,Wyoming,Converse,56009,13809,10503,3.6,"( 3.2,  4.1)",3.0,"( 2.6,  3.3)",56,0,0,0,0,0,0,False,0.0,0.0,False,0.0,0.0,False,False,False,2,2
WY,Wyoming,Crook,56011,7592,5694,3.6,"( 3.2,  4.2)",2.6,"( 2.3,  3.0)",56,0,0,0,0,0,0,False,0.0,0.0,False,0.0,0.0,False,False,False,2,1
WY,Wyoming,Fremont,56013,39815,30150,3.9,"( 3.4,  4.4)",3.1,"( 2.8,  3.5)",56,0,0,0,0,0,0,False,0.0,0.0,False,0.0,0.0,False,False,False,3,4
WY,Wyoming,Goshen,56015,12642,10171,3.9,"( 3.4,  4.5)",2.9,"( 2.6,  3.3)",56,0,0,0,0,0,0,False,0.0,0.0,False,0.0,0.0,False,False,False,3,2
WY,Wyoming,Hot Springs,56017,4661,3703,4.8,"( 4.1,  5.6)",3.1,"( 2.7,  3.5)",56,0,0,0,0,0,0,False,0.0,0.0,False,0.0,0.0,True,True,False,5,1
WY,Wyoming,Johnson,56019,8759,7022,4.3,"( 3.7,  5.0)",2.9,"( 2.6,  3.4)",56,0,0,0,0,0,0,False,0.0,0.0,False,0.0,0.0,True,True,False,4,2
WY,Wyoming,Laramie,56021,100984,78706,3.1,"( 2.7,  3.5)",2.7,"( 2.4,  3.1)",56,0,0,0,0,0,0,False,0.0,0.0,False,0.0,0.0,False,False,False,1,5
WY,Wyoming,Lincoln,56023,20880,15709,3.5,"( 3.0,  4.0)",2.7,"( 2.4,  3.1)",56,0,0,0,0,0,0,False,0.0,0.0,False,0.0,0.0,False,False,False,2,3
WY,Wyoming,Natrona,56025,79941,61379,3.2,"( 2.8,  3.7)",2.8,"( 2.4,  3.2)",56,0,0,0,0,0,0,False,0.0,0.0,False,0.0,0.0,False,False,False,1,4
WY,Wyoming,Niobrara,56027,2354,1927,4.4,"( 3.8,  5.0)",3.2,"( 2.8,  3.6)",56,0,0,0,0,0,0,False,0.0,0.0,False,0.0,0.0,True,True,True,4,1
WY,Wyoming,Park,56029,30735,24494,3.7,"( 3.2,  4.2)",2.6,"( 2.3,  3.0)",56,0,0,0,0,0,0,False,0.0,0.0,False,0.0,0.0,False,False,False,2,3
WY,Wyoming,Platte,56031,8546,6829,4.4,"( 3.8,  5.1)",3.0,"( 2.6,  3.4)",56,0,0,0,0,0,0,False,0.0,0.0,False,0.0,0.0,True,True,False,4,1
WY,Wyoming,Sheridan,56033,32519,25809,3.5,"( 3.0,  4.0)",2.6,"( 2.3,  3.0)",56,0,0,0,0,0,0,False,0.0,0.0,False,0.0,0.0,False,False,False,2,3
WY,Wyoming,Sublette,56035,8969,7060,3.6,"( 3.1,  4.1)",2.6,"( 2.3,  3.0)",56,0,0,0,0,0,0,False,0.0,0.0,False,0.0,0.0,False,False,False,2,2
WY,Wyoming,Sweetwater,56037,41249,31162,3.2,"( 2.8,  3.6)",2.9,"( 2.6,  3.3)",56,0,0,0,0,0,0,False,0.0,0.0,False,0.0,0.0,False,False,False,1,4
WY,Wyoming,Teton,56039,23232,19340,2.4,"( 2.1,  2.8)",2.2,"( 1.9,  2.5)",56,0,0,0,0,0,0,False,0.0,0.0,False,0.0,0.0,False,False,False,1,3
WY,Wyoming,Uinta,56041,20745,15278,3.3,"( 2.9,  3.8)",2.8,"( 2.5,  3.2)",56,0,0,0,0,0,0,False,0.0,0.0,False,0.0,0.0,False,False,False,1,3
WY,Wyoming,Washakie,56043,7710,6140,4.3,"( 3.7,  4.9)",3.1,"( 2.7,  3.5)",56,0,0,0,0,0,0,False,0.0,0.0,False,0.0,0.0,True,True,False,4,1
WY,Wyoming,Weston,56045,6808,5543,3.9,"( 3.4,  4.4)",3.0,"( 2.6,  3.3)",56,0,0,0,0,0,0,False,0.0,0.0,False,0.0,0.0,False,False,False,3,1
