stateabbr,statedesc,countyname,countyfips,totalpopulation,totalpop18plus,stroke_crudeprev,stroke_crude95ci,stroke_adjprev,stroke_adj95ci,state_fips,trial_site_pairs_recruiting,trials_recruiting,facilities_recruiting,trial_site_pairs_active,trials_active,facilities_active,has_site_recruiting,sites_per_100k_recruiting,sites_per_100k_adults_recruiting,has_site_active,sites_per_100k_active,sites_per_100k_adults_active,potential_desert_recruiting,potential_desert_active,potential_desert_active_ageadj,burden_quintile,population_quintile,countyfips_2020,stroke_deaths_annual_avg_2021_2023,mortality_published,metro_status_2023,population_mean_active_miles,mortality_geography_match
AL,Alabama,Autauga,01001,60342,46253,3.700000,"( 3.3,  4.2)",3.200000,"( 2.8,  3.6)",1,0,0,0,0,0,0,False,0.000000,0.000000,False,0.000000,0.000000,False,False,True,2.000000,4,01001,40.000000,True,metro,43.927497,True
AL,Alabama,Baldwin,01003,253507,200397,3.800000,"( 3.3,  4.3)",2.900000,"( 2.5,  3.3)",1,2,2,2,2,2,2,True,0.788933,0.998019,True,0.788933,0.998019,False,False,False,2.000000,5,01003,136.000000,True,metro,12.676247,True
AL,Alabama,Barbour,01005,24585,19517,5.800000,"( 5.3,  6.5)",4.700000,"( 4.3,  5.2)",1,0,0,0,0,0,0,False,0.000000,0.000000,False,0.000000,0.000000,True,True,True,5.000000,3,01005,13.000000,True,nonmetro,44.464331,True
AL,Alabama,Bibb,01007,21868,17522,4.700000,"( 4.2,  5.3)",4.000000,"( 3.6,  4.5)",1,0,0,0,0,0,0,False,0.000000,0.000000,False,0.000000,0.000000,True,True,True,4.000000,3,01007,12.000000,True,metro,39.242763,True
AL,Alabama,Blount,01009,59816,46099,4.100000,"( 3.5,  4.7)",3.300000,"( 2.9,  3.7)",1,0,0,0,0,0,0,False,0.000000,0.000000,False,0.000000,0.000000,True,True,True,3.000000,4,01009,38.000000,True,metro,32.365847,True
AL,Alabama,Bullock,01011,9897,7878,7.300000,"( 6.6,  8.1)",6.200000,"( 5.6,  6.8)",1,0,0,0,0,0,0,False,0.000000,0.000000,False,0.000000,0.000000,True,True,True,5.000000,2,01011,,False,nonmetro,58.809842,True
AL,Alabama,Butler,01013,18382,14276,5.500000,"( 4.9,  6.1)",4.300000,"( 3.8,  4.7)",1,0,0,0,0,0,0,False,0.000000,0.000000,False,0.000000,0.000000,True,True,True,5.000000,2,01013,21.000000,True,nonmetro,34.332645,True
AL,Alabama,Calhoun,01015,116429,91555,4.200000,"( 3.8,  4.8)",3.600000,"( 3.3,  4.1)",1,0,0,0,0,0,0,False,0.000000,0.000000,False,0.000000,0.000000,True,True,True,3.000000,5,01015,55.000000,True,metro,53.465680,True
AL,Alabama,Chambers,01017,34079,26970,5.200000,"( 4.6,  5.8)",4.100000,"( 3.7,  4.5)",1,0,0,0,0,0,0,False,0.000000,0.000000,False,0.000000,0.000000,True,True,True,5.000000,3,01017,30.000000,True,nonmetro,40.994917,True
AL,Alabama,Cherokee,01019,25666,20877,4.800000,"( 4.2,  5.5)",3.500000,"( 3.0,  3.9)",1,0,0,0,0,0,0,False,0.000000,0.000000,False,0.000000,0.000000,True,True,True,5.000000,3,01019,16.000000,True,nonmetro,59.135640,True
AL,Alabama,Chilton,01021,46431,35269,4.000000,"( 3.5,  4.5)",3.400000,"( 3.0,  3.8)",1,0,0,0,0,0,0,False,0.000000,0.000000,False,0.000000,0.000000,False,False,True,3.000000,4,01021,36.000000,True,metro,40.009146,True
AL,Alabama,Choctaw,01023,12252,9839,6.000000,"( 5.4,  6.7)",4.300000,"( 3.9,  4.8)",1,0,0,0,0,0,0,False,0.000000,0.000000,False,0.000000,0.000000,True,True,True,5.000000,2,01023,12.000000,True,nonmetro,92.337448,True
AL,Alabama,Clarke,01025,22337,17444,5.300000,"( 4.8,  6.0)",4.100000,"( 3.7,  4.6)",1,0,0,0,0,0,0,False,0.000000,0.000000,False,0.000000,0.000000,True,True,True,5.000000,3,01025,15.000000,True,nonmetro,69.634131,True
AL,Alabama,Clay,01027,14111,11157,4.900000,"( 4.3,  5.6)",3.700000,"( 3.3,  4.2)",1,0,0,0,0,0,0,False,0.000000,0.000000,False,0.000000,0.000000,True,True,True,5.000000,2,01027,10.000000,True,nonmetro,24.667471,True
AL,Alabama,Cleburne,01029,15639,12016,4.300000,"( 3.7,  5.0)",3.400000,"( 2.9,  3.9)",1,0,0,0,0,0,0,False,0.000000,0.000000,False,0.000000,0.000000,True,True,True,4.000000,2,01029,,False,nonmetro,52.028899,True
AL,Alabama,Coffee,01031,55643,42235,4.200000,"( 3.7,  4.7)",3.500000,"( 3.2,  4.0)",1,0,0,0,0,0,0,False,0.000000,0.000000,False,0.000000,0.000000,True,True,True,3.000000,4,01031,32.000000,True,nonmetro,28.003098,True
AL,Alabama,Colbert,01033,58361,45890,4.300000,"( 3.8,  4.9)",3.400000,"( 3.0,  3.8)",1,0,0,0,0,0,0,False,0.000000,0.000000,False,0.000000,0.000000,True,True,True,4.000000,4,01033,33.000000,True,metro,62.078125,True
AL,Alabama,Conecuh,01035,11174,8894,6.700000,"( 6.0,  7.4)",4.800000,"( 4.3,  5.3)",1,0,0,0,0,0,0,False,0.000000,0.000000,False,0.000000,0.000000,True,True,True,5.000000,2,01035,12.000000,True,nonmetro,31.695866,True
AL,Alabama,Coosa,01037,10268,8603,5.500000,"( 4.8,  6.2)",3.900000,"( 3.4,  4.3)",1,0,0,0,0,0,0,False,0.000000,0.000000,False,0.000000,0.000000,True,True,True,5.000000,2,01037,,False,nonmetro,13.397033,True
AL,Alabama,Covington,01039,37952,29514,4.900000,"( 4.3,  5.5)",3.700000,"( 3.3,  4.1)",1,1,1,1,1,1,1,True,2.634907,3.388223,True,2.634907,3.388223,False,False,False,5.000000,4,01039,38.000000,True,nonmetro,8.883482,True
AL,Alabama,Crenshaw,01041,13101,10066,4.800000,"( 4.3,  5.4)",3.800000,"( 3.4,  4.3)",1,0,0,0,0,0,0,False,0.000000,0.000000,False,0.000000,0.000000,True,True,True,5.000000,2,01041,11.000000,True,nonmetro,32.633384,True
AL,Alabama,Cullman,01043,92016,71431,4.000000,"( 3.5,  4.6)",3.300000,"( 2.8,  3.7)",1,0,0,0,0,0,0,False,0.000000,0.000000,False,0.000000,0.000000,False,False,True,3.000000,4,01043,50.000000,True,nonmetro,38.654127,True
AL,Alabama,Dale,01045,49871,38227,4.400000,"( 3.9,  5.0)",3.800000,"( 3.4,  4.2)",1,0,0,0,0,0,0,False,0.000000,0.000000,False,0.000000,0.000000,True,True,True,4.000000,4,01045,25.000000,True,nonmetro,19.203801,True
AL,Alabama,Dallas,01047,36165,27736,6.600000,"( 5.9,  7.3)",5.200000,"( 4.6,  5.7)",1,0,0,0,0,0,0,False,0.000000,0.000000,False,0.000000,0.000000,True,True,True,5.000000,3,01047,31.000000,True,nonmetro,72.315681,True
AL,Alabama,DeKalb,01049,72569,55297,4.600000,"( 4.0,  5.3)",3.900000,"( 3.4,  4.4)",1,0,0,0,0,0,0,False,0.000000,0.000000,False,0.000000,0.000000,True,True,True,4.000000,4,01049,50.000000,True,nonmetro,43.440934,True
AL,Alabama,Elmore,01051,90441,71010,3.700000,"( 3.3,  4.2)",3.200000,"( 2.9,  3.6)",1,0,0,0,0,0,0,False,0.000000,0.000000,False,0.000000,0.000000,False,False,True,2.000000,4,01051,56.000000,True,metro,31.863927,True
AL,Alabama,Escambia,01053,36558,28282,5.500000,"( 5.0,  6.1)",4.600000,"( 4.1,  5.0)",1,0,0,0,0,0,0,False,0.000000,0.000000,False,0.000000,0.000000,True,True,True,5.000000,3,01053,29.000000,True,nonmetro,39.750971,True
AL,Alabama,Etowah,01055,103241,80652,4.500000,"( 4.0,  5.1)",3.700000,"( 3.2,  4.1)",1,0,0,0,0,0,0,False,0.000000,0.000000,False,0.000000,0.000000,True,True,True,4.000000,5,01055,77.000000,True,metro,54.893476,True
AL,Alabama,Fayette,01057,15967,12532,5.000000,"( 4.4,  5.6)",3.800000,"( 3.4,  4.3)",1,0,0,0,0,0,0,False,0.000000,0.000000,False,0.000000,0.000000,True,True,True,5.000000,2,01057,17.000000,True,nonmetro,57.573736,True
AL,Alabama,Franklin,01059,31802,23799,4.700000,"( 4.1,  5.3)",3.900000,"( 3.4,  4.4)",1,0,0,0,0,0,0,False,0.000000,0.000000,False,0.000000,0.000000,True,True,True,4.000000,3,01059,20.000000,True,nonmetro,71.191169,True
AL,Alabama,Geneva,01061,26988,21061,4.900000,"( 4.4,  5.5)",3.800000,"( 3.4,  4.3)",1,0,0,0,0,0,0,False,0.000000,0.000000,False,0.000000,0.000000,True,True,True,5.000000,3,01061,21.000000,True,metro,22.737416,True
AL,Alabama,Greene,01063,7341,5755,8.400000,"( 7.4,  9.5)",6.100000,"( 5.4,  6.9)",1,0,0,0,0,0,0,False,0.000000,0.000000,False,0.000000,0.000000,True,True,True,5.000000,1,01063,,False,metro,80.615278,True
AL,Alabama,Hale,01065,14888,11246,5.800000,"( 5.2,  6.5)",4.700000,"( 4.2,  5.2)",1,0,0,0,0,0,0,False,0.000000,0.000000,False,0.000000,0.000000,True,True,True,5.000000,2,01065,12.000000,True,metro,70.189118,True
AL,Alabama,Henry,01067,17899,14236,4.900000,"( 4.3,  5.6)",3.700000,"( 3.3,  4.1)",1,0,0,0,0,0,0,False,0.000000,0.000000,False,0.000000,0.000000,True,True,True,5.000000,2,01067,13.000000,True,metro,18.658208,True
AL,Alabama,Houston,01069,108462,83709,4.500000,"( 4.0,  5.0)",3.700000,"( 3.3,  4.1)",1,3,3,1,3,3,1,True,2.765946,3.583844,True,2.765946,3.583844,False,False,False,4.000000,5,01069,68.000000,True,metro,5.066982,True
AL,Alabama,Jackson,01071,53467,42355,4.700000,"( 4.1,  5.4)",3.700000,"( 3.3,  4.2)",1,0,0,0,0,0,0,False,0.000000,0.000000,False,0.000000,0.000000,True,True,True,4.000000,4,01071,43.000000,True,nonmetro,30.612194,True
AL,Alabama,Jefferson,01073,662895,511715,4.100000,"( 3.6,  4.6)",3.600000,"( 3.2,  4.0)",1,7,7,2,7,7,2,True,1.055974,1.367949,True,1.055974,1.367949,False,False,False,3.000000,5,01073,476.000000,True,metro,8.986357,True
AL,Alabama,Lamar,01075,13661,10648,5.100000,"( 4.4,  5.8)",3.800000,"( 3.3,  4.3)",1,0,0,0,0,0,0,False,0.000000,0.000000,False,0.000000,0.000000,True,True,True,5.000000,2,01075,12.000000,True,nonmetro,77.423237,True
AL,Alabama,Lauderdale,01077,96814,78262,3.900000,"( 3.4,  4.4)",3.200000,"( 2.8,  3.6)",1,0,0,0,0,0,0,False,0.000000,0.000000,False,0.000000,0.000000,False,False,True,3.000000,4,01077,55.000000,True,metro,58.639666,True
AL,Alabama,Lawrence,01079,33502,26186,4.600000,"( 4.1,  5.1)",3.700000,"( 3.3,  4.1)",1,0,0,0,0,0,0,False,0.000000,0.000000,False,0.000000,0.000000,True,True,True,4.000000,3,01079,24.000000,True,metro,41.495253,True
AL,Alabama,Lee,01081,183215,145050,3.200000,"( 2.9,  3.6)",3.300000,"( 2.9,  3.7)",1,0,0,0,0,0,0,False,0.000000,0.000000,False,0.000000,0.000000,False,False,True,1.000000,5,01081,72.000000,True,metro,42.467036,True
AL,Alabama,Limestone,01083,114654,89453,3.400000,"( 3.0,  3.8)",3.000000,"( 2.6,  3.4)",1,0,0,0,0,0,0,False,0.000000,0.000000,False,0.000000,0.000000,False,False,False,1.000000,5,01083,62.000000,True,metro,20.392069,True
AL,Alabama,Lowndes,01085,9717,7570,7.200000,"( 6.4,  8.0)",5.600000,"( 5.0,  6.2)",1,0,0,0,0,0,0,False,0.000000,0.000000,False,0.000000,0.000000,True,True,True,5.000000,2,01085,,False,metro,58.388693,True
AL,Alabama,Macon,01087,18370,15322,5.700000,"( 5.0,  6.4)",4.800000,"( 4.3,  5.4)",1,0,0,0,0,0,0,False,0.000000,0.000000,False,0.000000,0.000000,True,True,True,5.000000,2,01087,13.000000,True,metro,38.598509,True
AL,Alabama,Madison,01089,412600,324132,3.200000,"( 2.8,  3.6)",2.900000,"( 2.5,  3.2)",1,1,1,1,1,1,1,True,0.242365,0.308516,True,0.242365,0.308516,False,False,False,1.000000,5,01089,228.000000,True,metro,7.630618,True
AL,Alabama,Marengo,01091,18684,14502,5.500000,"( 4.9,  6.2)",4.400000,"( 3.9,  4.9)",1,0,0,0,0,0,0,False,0.000000,0.000000,False,0.000000,0.000000,True,True,True,5.000000,2,01091,10.000000,True,nonmetro,94.970233,True
AL,Alabama,Marion,01093,29244,23108,4.800000,"( 4.1,  5.5)",3.700000,"( 3.2,  4.1)",1,0,0,0,0,0,0,False,0.000000,0.000000,False,0.000000,0.000000,True,True,True,5.000000,3,01093,29.000000,True,nonmetro,74.119593,True
AL,Alabama,Marshall,01095,100756,74538,4.000000,"( 3.4,  4.6)",3.400000,"( 2.9,  3.8)",1,0,0,0,0,0,0,False,0.000000,0.000000,False,0.000000,0.000000,False,False,True,3.000000,5,01095,64.000000,True,nonmetro,34.064695,True
AL,Alabama,Mobile,01097,411640,316274,4.300000,"( 3.8,  4.8)",3.700000,"( 3.3,  4.1)",1,3,3,3,3,3,3,True,0.728792,0.948545,True,0.728792,0.948545,False,False,False,4.000000,5,01097,287.000000,True,metro,10.699878,True
AL,Alabama,Monroe,01099,19229,15175,5.900000,"( 5.3,  6.5)",4.500000,"( 4.1,  5.0)",1,0,0,0,0,0,0,False,0.000000,0.000000,False,0.000000,0.000000,True,True,True,5.000000,3,01099,19.000000,True,nonmetro,53.079093,True
AL,Alabama,Montgomery,01101,224980,170733,4.500000,"( 4.0,  5.0)",4.000000,"( 3.6,  4.5)",1,0,0,0,0,0,0,False,0.000000,0.000000,False,0.000000,0.000000,True,True,True,4.000000,5,01101,151.000000,True,metro,44.441081,True
AL,Alabama,Morgan,01103,125133,96099,4.000000,"( 3.5,  4.5)",3.300000,"( 2.9,  3.8)",1,0,0,0,0,0,0,False,0.000000,0.000000,False,0.000000,0.000000,False,False,True,3.000000,5,01103,77.000000,True,metro,25.861173,True
AL,Alabama,Perry,01105,7738,6081,7.400000,"( 6.6,  8.3)",5.800000,"( 5.2,  6.5)",1,0,0,0,0,0,0,False,0.000000,0.000000,False,0.000000,0.000000,True,True,True,5.000000,1,01105,,False,nonmetro,72.603840,True
AL,Alabama,Pickens,01107,18688,15154,5.200000,"( 4.7,  5.7)",4.300000,"( 3.9,  4.7)",1,0,0,0,0,0,0,False,0.000000,0.000000,False,0.000000,0.000000,True,True,True,5.000000,2,01107,16.000000,True,metro,75.431764,True
AL,Alabama,Pike,01109,33137,26665,4.000000,"( 3.6,  4.5)",4.100000,"( 3.6,  4.5)",1,0,0,0,0,0,0,False,0.000000,0.000000,False,0.000000,0.000000,False,False,True,3.000000,3,01109,21.000000,True,nonmetro,44.778315,True
AL,Alabama,Randolph,01111,22786,17988,4.700000,"( 4.1,  5.3)",3.600000,"( 3.2,  4.1)",1,0,0,0,0,0,0,False,0.000000,0.000000,False,0.000000,0.000000,True,True,True,4.000000,3,01111,16.000000,True,nonmetro,38.440183,True
AL,Alabama,Russell,01113,58744,44343,4.800000,"( 4.3,  5.3)",4.300000,"( 3.8,  4.7)",1,0,0,0,0,0,0,False,0.000000,0.000000,False,0.000000,0.000000,True,True,True,5.000000,4,01113,49.000000,True,metro,64.080170,True
AL,Alabama,St. Clair,01115,95552,74442,3.700000,"( 3.3,  4.2)",3.100000,"( 2.7,  3.5)",1,0,0,0,0,0,0,False,0.000000,0.000000,False,0.000000,0.000000,False,False,False,2.000000,4,01115,66.000000,True,metro,27.209811,True
AL,Alabama,Shelby,01117,233000,180682,3.000000,"( 2.6,  3.4)",2.500000,"( 2.2,  2.9)",1,0,0,0,0,0,0,False,0.000000,0.000000,False,0.000000,0.000000,False,False,False,1.000000,5,01117,108.000000,True,metro,17.711338,True
AL,Alabama,Sumter,01119,11727,9434,5.800000,"( 5.2,  6.5)",5.100000,"( 4.6,  5.7)",1,0,0,0,0,0,0,False,0.000000,0.000000,False,0.000000,0.000000,True,True,True,5.000000,2,01119,,False,nonmetro,104.841567,True
AL,Alabama,Talladega,01121,81132,64467,4.800000,"( 4.3,  5.3)",3.900000,"( 3.5,  4.3)",1,0,0,0,0,0,0,False,0.000000,0.000000,False,0.000000,0.000000,True,True,True,5.000000,4,01121,59.000000,True,nonmetro,32.837968,True
AL,Alabama,Tallapoosa,01123,40677,32607,4.900000,"( 4.3,  5.5)",3.600000,"( 3.2,  4.0)",1,1,1,1,1,1,1,True,2.458392,3.066826,True,2.458392,3.066826,False,False,False,5.000000,4,01123,34.000000,True,nonmetro,10.543355,True
AL,Alabama,Tuscaloosa,01125,237373,189087,3.400000,"( 3.0,  3.8)",3.500000,"( 3.1,  3.9)",1,0,0,0,0,0,0,False,0.000000,0.000000,False,0.000000,0.000000,False,False,True,1.000000,5,01125,116.000000,True,metro,46.768531,True
AL,Alabama,Walker,01127,64728,49914,4.400000,"( 3.9,  5.0)",3.500000,"( 3.1,  4.0)",1,0,0,0,0,0,0,False,0.000000,0.000000,False,0.000000,0.000000,True,True,True,4.000000,4,01127,55.000000,True,metro,34.035589,True
AL,Alabama,Washington,01129,15022,11806,4.900000,"( 4.4,  5.4)",3.800000,"( 3.4,  4.1)",1,0,0,0,0,0,0,False,0.000000,0.000000,False,0.000000,0.000000,True,True,True,5.000000,2,01129,16.000000,True,nonmetro,51.048662,True
AL,Alabama,Wilcox,01131,9944,7755,7.300000,"( 6.4,  8.1)",5.500000,"( 4.9,  6.1)",1,0,0,0,0,0,0,False,0.000000,0.000000,False,0.000000,0.000000,True,True,True,5.000000,2,01131,,False,nonmetro,71.646563,True
AL,Alabama,Winston,01133,23611,18837,5.000000,"( 4.4,  5.7)",3.800000,"( 3.3,  4.2)",1,0,0,0,0,0,0,False,0.000000,0.000000,False,0.000000,0.000000,True,True,True,5.000000,3,01133,16.000000,True,nonmetro,56.372464,True
AK,Alaska,Aleutians East,02013,3461,3270,3.200000,"( 2.8,  3.5)",3.600000,"( 3.1,  4.0)",2,0,0,0,0,0,0,False,0.000000,0.000000,False,0.000000,0.000000,False,False,True,1.000000,1,02013,,False,nonmetro,1831.828265,True
AK,Alaska,Aleutians West,02016,5160,4734,2.600000,"( 2.3,  2.8)",3.100000,"( 2.8,  3.4)",2,0,0,0,0,0,0,False,0.000000,0.000000,False,0.000000,0.000000,False,False,False,1.000000,1,02016,,False,nonmetro,2011.057937,True
AK,Alaska,Anchorage,02020,286075,219385,2.800000,"( 2.5,  3.1)",2.800000,"( 2.5,  3.2)",2,0,0,0,0,0,0,False,0.000000,0.000000,False,0.000000,0.000000,False,False,False,1.000000,5,02020,89.000000,True,metro,1430.567381,True
AK,Alaska,Bethel,02050,18224,11798,4.800000,"( 4.3,  5.4)",5.400000,"( 4.8,  6.0)",2,0,0,0,0,0,0,False,0.000000,0.000000,False,0.000000,0.000000,True,True,True,5.000000,2,02050,,False,nonmetro,1809.008693,True
AK,Alaska,Bristol Bay,02060,844,663,4.100000,"( 3.6,  4.5)",3.200000,"( 2.9,  3.6)",2,0,0,0,0,0,0,False,0.000000,0.000000,False,0.000000,0.000000,True,True,True,3.000000,1,02060,,False,nonmetro,1597.774638,True
AK,Alaska,Chugach,02063,6769,5268,3.200000,"( 2.9,  3.6)",2.800000,"( 2.5,  3.2)",2,0,0,0,0,0,0,False,0.000000,0.000000,False,0.000000,0.000000,False,False,False,1.000000,1,02063,,False,nonmetro,1316.413700,True
AK,Alaska,Copper River,02066,2674,1994,4.100000,"( 3.6,  4.6)",3.200000,"( 2.9,  3.6)",2,0,0,0,0,0,0,False,0.000000,0.000000,False,0.000000,0.000000,True,True,True,3.000000,1,02066,,False,nonmetro,1332.626522,True
AK,Alaska,Denali,02068,1584,1291,2.900000,"( 2.6,  3.3)",2.800000,"( 2.5,  3.1)",2,0,0,0,0,0,0,False,0.000000,0.000000,False,0.000000,0.000000,False,False,False,1.000000,1,02068,,False,nonmetro,1507.653067,True
AK,Alaska,Dillingham,02070,4607,3180,4.400000,"( 3.9,  5.0)",4.400000,"( 3.9,  5.0)",2,0,0,0,0,0,0,False,0.000000,0.000000,False,0.000000,0.000000,True,True,True,4.000000,1,02070,,False,nonmetro,1670.521721,True
AK,Alaska,Fairbanks North Star,02090,94840,72305,2.500000,"( 2.2,  2.8)",2.700000,"( 2.4,  3.0)",2,0,0,0,0,0,0,False,0.000000,0.000000,False,0.000000,0.000000,False,False,False,1.000000,4,02090,28.000000,True,metro,1514.977150,True
AK,Alaska,Haines,02100,2070,1718,3.800000,"( 3.3,  4.3)",2.700000,"( 2.4,  3.1)",2,0,0,0,0,0,0,False,0.000000,0.000000,False,0.000000,0.000000,False,False,False,2.000000,1,02100,,False,nonmetro,965.396911,True
AK,Alaska,Hoonah-Angoon,02105,2262,1889,5.100000,"( 4.6,  5.7)",3.600000,"( 3.2,  4.0)",2,0,0,0,0,0,0,False,0.000000,0.000000,False,0.000000,0.000000,True,True,True,5.000000,1,02105,,False,nonmetro,905.665766,True
AK,Alaska,Juneau,02110,31555,25267,3.000000,"( 2.7,  3.4)",2.700000,"( 2.4,  3.0)",2,0,0,0,0,0,0,False,0.000000,0.000000,False,0.000000,0.000000,False,False,False,1.000000,3,02110,,False,nonmetro,896.832393,True
AK,Alaska,Kenai Peninsula,02122,61223,47721,3.600000,"( 3.1,  4.0)",2.900000,"( 2.5,  3.3)",2,0,0,0,0,0,0,False,0.000000,0.000000,False,0.000000,0.000000,False,False,False,2.000000,4,02122,21.000000,True,nonmetro,1441.485544,True
AK,Alaska,Ketchikan Gateway,02130,13738,11023,3.400000,"( 3.1,  3.8)",2.900000,"( 2.6,  3.2)",2,0,0,0,0,0,0,False,0.000000,0.000000,False,0.000000,0.000000,False,False,False,1.000000,2,02130,,False,nonmetro,669.135959,True
AK,Alaska,Kodiak Island,02150,12565,9632,2.900000,"( 2.7,  3.2)",2.900000,"( 2.6,  3.1)",2,0,0,0,0,0,0,False,0.000000,0.000000,False,0.000000,0.000000,False,False,False,1.000000,2,02150,,False,nonmetro,1426.933481,True
AK,Alaska,Kusilvak,02158,8001,4640,5.400000,"( 4.8,  6.0)",6.200000,"( 5.5,  6.9)",2,0,0,0,0,0,0,False,0.000000,0.000000,False,0.000000,0.000000,True,True,True,5.000000,1,02158,,False,nonmetro,1898.892081,True
AK,Alaska,Lake and Peninsula,02164,1331,964,4.800000,"( 4.3,  5.4)",4.300000,"( 3.8,  4.8)",2,0,0,0,0,0,0,False,0.000000,0.000000,False,0.000000,0.000000,True,True,True,5.000000,1,02164,,False,nonmetro,1576.321638,True
AK,Alaska,Matanuska-Susitna,02170,115239,86125,3.100000,"( 2.8,  3.5)",3.000000,"( 2.6,  3.3)",2,0,0,0,0,0,0,False,0.000000,0.000000,False,0.000000,0.000000,False,False,False,1.000000,5,02170,36.000000,True,metro,1434.201280,True
AK,Alaska,Nome,02180,9763,6487,4.300000,"( 3.8,  4.8)",4.800000,"( 4.3,  5.4)",2,0,0,0,0,0,0,False,0.000000,0.000000,False,0.000000,0.000000,True,True,True,4.000000,2,02180,,False,nonmetro,1965.680820,True
AK,Alaska,North Slope,02185,10603,7948,3.200000,"( 2.9,  3.6)",3.500000,"( 3.1,  3.9)",2,0,0,0,0,0,0,False,0.000000,0.000000,False,0.000000,0.000000,False,False,True,1.000000,2,02185,,False,nonmetro,1918.815840,True
AK,Alaska,Northwest Arctic,02188,7361,4551,4.500000,"( 4.0,  5.0)",4.800000,"( 4.3,  5.4)",2,0,0,0,0,0,0,False,0.000000,0.000000,False,0.000000,0.000000,True,True,True,4.000000,1,02188,,False,nonmetro,1924.395982,True
AK,Alaska,Petersburg,02195,3427,2729,3.600000,"( 3.2,  4.1)",2.900000,"( 2.5,  3.2)",2,0,0,0,0,0,0,False,0.000000,0.000000,False,0.000000,0.000000,False,False,False,2.000000,1,02195,,False,nonmetro,775.926797,True
AK,Alaska,Prince of Wales-Hyder,02198,5696,4429,4.800000,"( 4.4,  5.4)",3.900000,"( 3.5,  4.3)",2,0,0,0,0,0,0,False,0.000000,0.000000,False,0.000000,0.000000,True,True,True,5.000000,1,02198,,False,nonmetro,706.689218,True
AK,Alaska,Sitka,02220,8282,6728,3.300000,"( 2.9,  3.6)",2.800000,"( 2.4,  3.1)",2,0,0,0,0,0,0,False,0.000000,0.000000,False,0.000000,0.000000,False,False,False,1.000000,1,02220,,False,nonmetro,850.525494,True
AK,Alaska,Skagway,02230,1095,925,3.200000,"( 2.8,  3.6)",2.700000,"( 2.4,  3.1)",2,0,0,0,0,0,0,False,0.000000,0.000000,False,0.000000,0.000000,False,False,False,1.000000,1,02230,,False,nonmetro,973.705551,True
AK,Alaska,Southeast Fairbanks,02240,7077,5262,3.700000,"( 3.3,  4.2)",3.300000,"( 2.9,  3.7)",2,0,0,0,0,0,0,False,0.000000,0.000000,False,0.000000,0.000000,False,False,True,2.000000,1,02240,,False,nonmetro,1405.323981,True
AK,Alaska,Wrangell,02275,2064,1686,4.800000,"( 4.3,  5.3)",3.300000,"( 3.0,  3.6)",2,0,0,0,0,0,0,False,0.000000,0.000000,False,0.000000,0.000000,True,True,True,5.000000,1,02275,,False,nonmetro,742.036394,True
AK,Alaska,Yakutat,02282,687,555,4.800000,"( 4.3,  5.3)",3.700000,"( 3.3,  4.1)",2,0,0,0,0,0,0,False,0.000000,0.000000,False,0.000000,0.000000,True,True,True,5.000000,1,02282,,False,nonmetro,1083.741627,True
AK,Alaska,Yukon-Koyukuk,02290,5129,3732,5.600000,"( 5.0,  6.2)",4.700000,"( 4.2,  5.2)",2,0,0,0,0,0,0,False,0.000000,0.000000,False,0.000000,0.000000,True,True,True,5.000000,1,02290,,False,nonmetro,1652.563410,True
AZ,Arizona,Apache,04001,65036,48365,6.000000,"( 5.3,  6.7)",5.200000,"( 4.6,  5.8)",4,0,0,0,0,0,0,False,0.000000,0.000000,False,0.000000,0.000000,True,True,True,5.000000,4,04001,28.000000,True,nonmetro,164.284750,True
AZ,Arizona,Cochise,04003,124640,99219,4.300000,"( 3.8,  4.9)",3.200000,"( 2.8,  3.6)",4,0,0,0,0,0,0,False,0.000000,0.000000,False,0.000000,0.000000,True,True,True,4.000000,5,04003,73.000000,True,metro,67.966266,True
AZ,Arizona,Coconino,04005,144472,116865,3.100000,"( 2.8,  3.5)",3.300000,"( 2.9,  3.6)",4,0,0,0,0,0,0,False,0.000000,0.000000,False,0.000000,0.000000,False,False,True,1.000000,5,04005,34.000000,True,metro,131.145372,True
AZ,Arizona,Gila,04007,54003,43968,5.200000,"( 4.6,  5.9)",3.400000,"( 3.0,  3.8)",4,0,0,0,0,0,0,False,0.000000,0.000000,False,0.000000,0.000000,True,True,True,5.000000,4,04007,36.000000,True,nonmetro,62.302866,True
AZ,Arizona,Graham,04009,39525,29109,3.600000,"( 3.2,  4.0)",3.400000,"( 3.1,  3.8)",4,0,0,0,0,0,0,False,0.000000,0.000000,False,0.000000,0.000000,False,False,True,2.000000,4,04009,18.000000,True,nonmetro,80.221202,True
AZ,Arizona,Greenlee,04011,9369,6858,2.900000,"( 2.6,  3.2)",2.700000,"( 2.5,  3.1)",4,0,0,0,0,0,0,False,0.000000,0.000000,False,0.000000,0.000000,False,False,False,1.000000,2,04011,,False,nonmetro,110.777214,True
AZ,Arizona,La Paz,04012,16710,14156,6.800000,"( 5.8,  7.9)",3.600000,"( 3.2,  4.0)",4,0,0,0,0,0,0,False,0.000000,0.000000,False,0.000000,0.000000,True,True,True,5.000000,2,04012,11.000000,True,nonmetro,108.062818,True
AZ,Arizona,Maricopa,04013,4585871,3572375,3.000000,"( 2.7,  3.5)",2.700000,"( 2.4,  3.1)",4,9,8,9,9,8,9,True,0.196255,0.251933,True,0.196255,0.251933,False,False,False,1.000000,5,04013,1815.000000,True,metro,7.279257,True
AZ,Arizona,Mohave,04015,223682,187847,5.200000,"( 4.5,  5.9)",3.300000,"( 2.9,  3.8)",4,0,0,0,0,0,0,False,0.000000,0.000000,False,0.000000,0.000000,True,True,True,5.000000,5,04015,181.000000,True,metro,98.316089,True
AZ,Arizona,Navajo,04017,109175,82055,5.200000,"( 4.7,  5.8)",4.200000,"( 3.8,  4.6)",4,0,0,0,0,0,0,False,0.000000,0.000000,False,0.000000,0.000000,True,True,True,5.000000,5,04017,73.000000,True,nonmetro,140.758572,True
AZ,Arizona,Pima,04019,1063162,858060,3.600000,"( 3.1,  4.0)",2.900000,"( 2.6,  3.3)",4,7,7,6,7,7,6,True,0.658413,0.815794,True,0.658413,0.815794,False,False,False,2.000000,5,04019,583.000000,True,metro,9.783343,True
AZ,Arizona,Pinal,04021,484239,380282,3.800000,"( 3.4,  4.2)",3.000000,"( 2.7,  3.4)",4,0,0,0,0,0,0,False,0.000000,0.000000,False,0.000000,0.000000,False,False,False,2.000000,5,04021,182.000000,True,metro,24.734386,True
AZ,Arizona,Santa Cruz,04023,49158,36812,4.100000,"( 3.6,  4.6)",3.300000,"( 2.9,  3.7)",4,0,0,0,0,0,0,False,0.000000,0.000000,False,0.000000,0.000000,True,True,True,3.000000,4,04023,24.000000,True,nonmetro,54.335465,True
AZ,Arizona,Yavapai,04025,249081,211150,4.500000,"( 3.9,  5.3)",2.800000,"( 2.5,  3.3)",4,0,0,0,0,0,0,False,0.000000,0.000000,False,0.000000,0.000000,True,True,False,4.000000,5,04025,163.000000,True,metro,68.532753,True
AZ,Arizona,Yuma,04027,213221,161189,4.200000,"( 3.7,  4.7)",3.400000,"( 3.0,  3.8)",4,0,0,0,0,0,0,False,0.000000,0.000000,False,0.000000,0.000000,True,True,True,3.000000,5,04027,108.000000,True,metro,136.998875,True
AR,Arkansas,Arkansas,05001,16307,12549,4.700000,"( 4.1,  5.2)",3.600000,"( 3.2,  4.1)",5,0,0,0,0,0,0,False,0.000000,0.000000,False,0.000000,0.000000,True,True,True,4.000000,2,05001,16.000000,True,nonmetro,52.575377,True
AR,Arkansas,Ashley,05003,18262,14105,5.700000,"( 5.1,  6.3)",4.200000,"( 3.8,  4.7)",5,0,0,0,0,0,0,False,0.000000,0.000000,False,0.000000,0.000000,True,True,True,5.000000,2,05003,15.000000,True,nonmetro,48.610170,True
AR,Arkansas,Baxter,05005,42875,35338,5.200000,"( 4.5,  6.0)",3.400000,"( 3.0,  3.9)",5,0,0,0,0,0,0,False,0.000000,0.000000,False,0.000000,0.000000,True,True,True,5.000000,4,05005,56.000000,True,nonmetro,79.365456,True
AR,Arkansas,Benton,05007,311013,232841,2.800000,"( 2.4,  3.2)",2.700000,"( 2.3,  3.0)",5,0,0,0,0,0,0,False,0.000000,0.000000,False,0.000000,0.000000,False,False,False,1.000000,5,05007,107.000000,True,metro,78.355261,True
AR,Arkansas,Boone,05009,38530,29802,4.100000,"( 3.6,  4.7)",3.200000,"( 2.8,  3.6)",5,0,0,0,0,0,0,False,0.000000,0.000000,False,0.000000,0.000000,True,True,True,3.000000,4,05009,23.000000,True,nonmetro,66.612314,True
AR,Arkansas,Bradley,05011,10104,7612,5.300000,"( 4.8,  5.9)",4.200000,"( 3.8,  4.7)",5,0,0,0,0,0,0,False,0.000000,0.000000,False,0.000000,0.000000,True,True,True,5.000000,2,05011,,False,nonmetro,73.053837,True
AR,Arkansas,Calhoun,05013,4641,3792,4.600000,"( 4.0,  5.1)",3.400000,"( 3.1,  3.8)",5,0,0,0,0,0,0,False,0.000000,0.000000,False,0.000000,0.000000,True,True,True,4.000000,1,05013,,False,nonmetro,76.626990,True
AR,Arkansas,Carroll,05015,28814,22640,4.700000,"( 4.1,  5.4)",3.400000,"( 3.0,  3.9)",5,0,0,0,0,0,0,False,0.000000,0.000000,False,0.000000,0.000000,True,True,True,4.000000,3,05015,15.000000,True,nonmetro,60.482033,True
AR,Arkansas,Chicot,05017,9538,7511,6.300000,"( 5.6,  7.1)",4.800000,"( 4.3,  5.3)",5,0,0,0,0,0,0,False,0.000000,0.000000,False,0.000000,0.000000,True,True,True,5.000000,2,05017,,False,nonmetro,49.613966,True
AR,Arkansas,Clark,05019,21274,16965,3.900000,"( 3.5,  4.4)",3.800000,"( 3.4,  4.2)",5,0,0,0,0,0,0,False,0.000000,0.000000,False,0.000000,0.000000,False,False,True,3.000000,3,05019,14.000000,True,nonmetro,65.530181,True
AR,Arkansas,Clay,05021,14201,11154,4.600000,"( 4.0,  5.2)",3.500000,"( 3.1,  4.0)",5,0,0,0,0,0,0,False,0.000000,0.000000,False,0.000000,0.000000,True,True,True,4.000000,2,05021,,False,nonmetro,42.190295,True
AR,Arkansas,Cleburne,05023,25445,20693,5.000000,"( 4.3,  5.7)",3.400000,"( 3.0,  3.8)",5,0,0,0,0,0,0,False,0.000000,0.000000,False,0.000000,0.000000,True,True,True,5.000000,3,05023,20.000000,True,nonmetro,52.807696,True
AR,Arkansas,Cleveland,05025,7378,5798,4.700000,"( 4.2,  5.3)",3.600000,"( 3.2,  4.0)",5,0,0,0,0,0,0,False,0.000000,0.000000,False,0.000000,0.000000,True,True,True,4.000000,1,05025,,False,nonmetro,58.257094,True
AR,Arkansas,Columbia,05027,22150,17425,4.400000,"( 4.0,  5.0)",4.000000,"( 3.6,  4.5)",5,0,0,0,0,0,0,False,0.000000,0.000000,False,0.000000,0.000000,True,True,True,4.000000,3,05027,13.000000,True,nonmetro,58.580792,True
AR,Arkansas,Conway,05029,21077,16337,4.800000,"( 4.3,  5.5)",3.800000,"( 3.4,  4.3)",5,0,0,0,0,0,0,False,0.000000,0.000000,False,0.000000,0.000000,True,True,True,5.000000,3,05029,14.000000,True,nonmetro,39.844252,True
AR,Arkansas,Craighead,05031,113993,85259,3.500000,"( 3.1,  4.0)",3.400000,"( 3.0,  3.8)",5,1,1,1,1,1,1,True,0.877247,1.172897,True,0.877247,1.172897,False,False,False,2.000000,5,05031,51.000000,True,metro,4.680448,True
AR,Arkansas,Crawford,05033,61891,47058,4.000000,"( 3.5,  4.6)",3.300000,"( 2.9,  3.8)",5,0,0,0,0,0,0,False,0.000000,0.000000,False,0.000000,0.000000,False,False,True,3.000000,4,05033,43.000000,True,metro,106.041300,True
AR,Arkansas,Crittenden,05035,47139,34414,4.900000,"( 4.4,  5.5)",4.400000,"( 4.0,  4.9)",5,0,0,0,0,0,0,False,0.000000,0.000000,False,0.000000,0.000000,True,True,True,5.000000,4,05035,19.000000,True,metro,9.984480,True
AR,Arkansas,Cross,05037,16420,12527,5.000000,"( 4.4,  5.6)",4.100000,"( 3.7,  4.5)",5,0,0,0,0,0,0,False,0.000000,0.000000,False,0.000000,0.000000,True,True,True,5.000000,2,05037,10.000000,True,nonmetro,39.535487,True
AR,Arkansas,Dallas,05039,6185,4934,5.300000,"( 4.8,  5.9)",3.800000,"( 3.4,  4.1)",5,0,0,0,0,0,0,False,0.000000,0.000000,False,0.000000,0.000000,True,True,True,5.000000,1,05039,,False,nonmetro,62.948694,True
AR,Arkansas,Desha,05041,10479,7909,6.700000,"( 6.0,  7.5)",5.200000,"( 4.7,  5.9)",5,0,0,0,0,0,0,False,0.000000,0.000000,False,0.000000,0.000000,True,True,True,5.000000,2,05041,10.000000,True,nonmetro,67.029116,True
AR,Arkansas,Drew,05043,16945,13230,4.700000,"( 4.2,  5.3)",4.000000,"( 3.6,  4.5)",5,0,0,0,0,0,0,False,0.000000,0.000000,False,0.000000,0.000000,True,True,True,4.000000,2,05043,10.000000,True,nonmetro,77.917331,True
AR,Arkansas,Faulkner,05045,129951,100739,3.100000,"( 2.7,  3.5)",3.100000,"( 2.7,  3.5)",5,0,0,0,0,0,0,False,0.000000,0.000000,False,0.000000,0.000000,False,False,False,1.000000,5,05045,80.000000,True,metro,25.079662,True
AR,Arkansas,Franklin,05047,17468,13545,4.700000,"( 4.1,  5.4)",3.700000,"( 3.2,  4.2)",5,0,0,0,0,0,0,False,0.000000,0.000000,False,0.000000,0.000000,True,True,True,4.000000,2,05047,16.000000,True,nonmetro,102.751193,True
AR,Arkansas,Fulton,05049,12421,9795,5.700000,"( 4.9,  6.4)",3.900000,"( 3.4,  4.4)",5,0,0,0,0,0,0,False,0.000000,0.000000,False,0.000000,0.000000,True,True,True,5.000000,2,05049,,False,nonmetro,70.112015,True
AR,Arkansas,Garland,05051,99784,80189,4.500000,"( 3.9,  5.2)",3.300000,"( 2.9,  3.7)",5,0,0,0,0,0,0,False,0.000000,0.000000,False,0.000000,0.000000,True,True,True,4.000000,5,05051,75.000000,True,metro,48.163194,True
AR,Arkansas,Grant,05053,18383,14319,3.700000,"( 3.3,  4.2)",3.000000,"( 2.7,  3.4)",5,0,0,0,0,0,0,False,0.000000,0.000000,False,0.000000,0.000000,False,False,False,2.000000,2,05053,,False,metro,31.310022,True
AR,Arkansas,Greene,05055,46743,35680,4.000000,"( 3.5,  4.5)",3.500000,"( 3.0,  3.9)",5,0,0,0,0,0,0,False,0.000000,0.000000,False,0.000000,0.000000,False,False,True,3.000000,4,05055,25.000000,True,nonmetro,19.038312,True
AR,Arkansas,Hempstead,05057,19343,14429,5.000000,"( 4.5,  5.6)",4.000000,"( 3.6,  4.4)",5,0,0,0,0,0,0,False,0.000000,0.000000,False,0.000000,0.000000,True,True,True,5.000000,3,05057,18.000000,True,nonmetro,81.488472,True
AR,Arkansas,Hot Spring,05059,33258,26928,4.400000,"( 3.9,  4.9)",3.600000,"( 3.2,  4.0)",5,0,0,0,0,0,0,False,0.000000,0.000000,False,0.000000,0.000000,True,True,True,4.000000,3,05059,23.000000,True,nonmetro,44.139082,True
AR,Arkansas,Howard,05061,12533,9311,4.600000,"( 4.1,  5.1)",3.700000,"( 3.3,  4.1)",5,0,0,0,0,0,0,False,0.000000,0.000000,False,0.000000,0.000000,True,True,True,4.000000,2,05061,,False,nonmetro,99.548886,True
AR,Arkansas,Independence,05063,38320,29054,4.200000,"( 3.6,  4.7)",3.500000,"( 3.1,  3.9)",5,0,0,0,0,0,0,False,0.000000,0.000000,False,0.000000,0.000000,True,True,True,3.000000,4,05063,15.000000,True,nonmetro,51.248498,True
AR,Arkansas,Izard,05065,14169,11629,5.300000,"( 4.5,  6.0)",3.800000,"( 3.3,  4.3)",5,0,0,0,0,0,0,False,0.000000,0.000000,False,0.000000,0.000000,True,True,True,5.000000,2,05065,,False,nonmetro,70.421752,True
AR,Arkansas,Jackson,05067,16784,13466,4.800000,"( 4.2,  5.4)",4.200000,"( 3.7,  4.7)",5,0,0,0,0,0,0,False,0.000000,0.000000,False,0.000000,0.000000,True,True,True,5.000000,2,05067,,False,nonmetro,34.247656,True
AR,Arkansas,Jefferson,05069,63661,50000,5.200000,"( 4.7,  5.8)",4.400000,"( 4.0,  4.9)",5,0,0,0,0,0,0,False,0.000000,0.000000,False,0.000000,0.000000,True,True,True,5.000000,4,05069,50.000000,True,nonmetro,38.220105,True
AR,Arkansas,Johnson,05071,26129,19835,4.400000,"( 3.8,  5.0)",3.700000,"( 3.2,  4.1)",5,0,0,0,0,0,0,False,0.000000,0.000000,False,0.000000,0.000000,True,True,True,4.000000,3,05071,12.000000,True,nonmetro,83.830491,True
AR,Arkansas,Lafayette,05073,6095,4961,6.700000,"( 6.1,  7.5)",4.700000,"( 4.3,  5.3)",5,0,0,0,0,0,0,False,0.000000,0.000000,False,0.000000,0.000000,True,True,True,5.000000,1,05073,,False,nonmetro,53.281254,True
AR,Arkansas,Lawrence,05075,16318,12703,4.700000,"( 4.1,  5.3)",3.800000,"( 3.3,  4.3)",5,0,0,0,0,0,0,False,0.000000,0.000000,False,0.000000,0.000000,True,True,True,4.000000,2,05075,13.000000,True,nonmetro,26.041381,True
AR,Arkansas,Lee,05077,8201,6761,6.300000,"( 5.6,  6.9)",5.200000,"( 4.7,  5.8)",5,0,0,0,0,0,0,False,0.000000,0.000000,False,0.000000,0.000000,True,True,True,5.000000,1,05077,,False,nonmetro,45.168282,True
AR,Arkansas,Lincoln,05079,12898,10904,4.200000,"( 3.7,  4.7)",4.100000,"( 3.7,  4.6)",5,0,0,0,0,0,0,False,0.000000,0.000000,False,0.000000,0.000000,True,True,True,3.000000,2,05079,11.000000,True,nonmetro,62.255726,True
AR,Arkansas,Little River,05081,11805,9237,4.900000,"( 4.4,  5.5)",3.800000,"( 3.4,  4.1)",5,0,0,0,0,0,0,False,0.000000,0.000000,False,0.000000,0.000000,True,True,True,5.000000,2,05081,11.000000,True,metro,80.765931,True
AR,Arkansas,Logan,05083,21400,16752,4.500000,"( 3.9,  5.1)",3.500000,"( 3.1,  4.0)",5,0,0,0,0,0,0,False,0.000000,0.000000,False,0.000000,0.000000,True,True,True,4.000000,3,05083,22.000000,True,nonmetro,90.465697,True
AR,Arkansas,Lonoke,05085,75944,57386,3.300000,"( 2.9,  3.8)",3.000000,"( 2.7,  3.4)",5,0,0,0,0,0,0,False,0.000000,0.000000,False,0.000000,0.000000,False,False,False,1.000000,4,05085,44.000000,True,metro,21.252524,True
AR,Arkansas,Madison,05087,17775,13547,4.400000,"( 3.9,  5.0)",3.500000,"( 3.1,  4.0)",5,0,0,0,0,0,0,False,0.000000,0.000000,False,0.000000,0.000000,True,True,True,4.000000,2,05087,12.000000,True,metro,83.738112,True
AR,Arkansas,Marion,05089,17514,14236,5.400000,"( 4.6,  6.1)",3.500000,"( 3.1,  4.0)",5,0,0,0,0,0,0,False,0.000000,0.000000,False,0.000000,0.000000,True,True,True,5.000000,2,05089,15.000000,True,nonmetro,73.523031,True
AR,Arkansas,Miller,05091,42415,32396,4.700000,"( 4.2,  5.3)",4.000000,"( 3.6,  4.5)",5,0,0,0,0,0,0,False,0.000000,0.000000,False,0.000000,0.000000,True,True,True,4.000000,4,05091,42.000000,True,metro,62.049242,True
AR,Arkansas,Mississippi,05093,38663,28644,4.600000,"( 4.2,  5.2)",4.100000,"( 3.7,  4.5)",5,0,0,0,0,0,0,False,0.000000,0.000000,False,0.000000,0.000000,True,True,True,4.000000,4,05093,23.000000,True,nonmetro,39.073928,True
AR,Arkansas,Monroe,05095,6512,4982,6.100000,"( 5.4,  6.7)",4.300000,"( 3.9,  4.8)",5,0,0,0,0,0,0,False,0.000000,0.000000,False,0.000000,0.000000,True,True,True,5.000000,1,05095,,False,nonmetro,59.802737,True
AR,Arkansas,Montgomery,05097,8620,7004,5.400000,"( 4.7,  6.1)",3.600000,"( 3.1,  4.1)",5,0,0,0,0,0,0,False,0.000000,0.000000,False,0.000000,0.000000,True,True,True,5.000000,1,05097,,False,nonmetro,77.713624,True
AR,Arkansas,Nevada,05099,8120,6347,5.900000,"( 5.3,  6.5)",4.400000,"( 4.0,  4.8)",5,0,0,0,0,0,0,False,0.000000,0.000000,False,0.000000,0.000000,True,True,True,5.000000,1,05099,,False,nonmetro,85.392802,True
AR,Arkansas,Newton,05101,7071,5758,5.000000,"( 4.4,  5.7)",3.400000,"( 3.0,  3.9)",5,0,0,0,0,0,0,False,0.000000,0.000000,False,0.000000,0.000000,True,True,True,5.000000,1,05101,,False,nonmetro,85.521449,True
AR,Arkansas,Ouachita,05103,21793,16948,5.400000,"( 4.8,  6.0)",4.100000,"( 3.7,  4.6)",5,0,0,0,0,0,0,False,0.000000,0.000000,False,0.000000,0.000000,True,True,True,5.000000,3,05103,19.000000,True,nonmetro,80.906387,True
AR,Arkansas,Perry,05105,10184,8014,4.500000,"( 3.9,  5.1)",3.400000,"( 3.0,  3.8)",5,0,0,0,0,0,0,False,0.000000,0.000000,False,0.000000,0.000000,True,True,True,4.000000,2,05105,,False,metro,32.878661,True
AR,Arkansas,Phillips,05107,14961,11146,6.900000,"( 6.1,  7.6)",5.200000,"( 4.7,  5.9)",5,0,0,0,0,0,0,False,0.000000,0.000000,False,0.000000,0.000000,True,True,True,5.000000,2,05107,,False,nonmetro,50.539637,True
AR,Arkansas,Pike,05109,10208,7916,4.500000,"( 3.9,  5.1)",3.500000,"( 3.1,  3.9)",5,0,0,0,0,0,0,False,0.000000,0.000000,False,0.000000,0.000000,True,True,True,4.000000,2,05109,,False,nonmetro,85.701138,True
AR,Arkansas,Poinsett,05111,22397,16955,4.700000,"( 4.1,  5.4)",3.900000,"( 3.4,  4.4)",5,0,0,0,0,0,0,False,0.000000,0.000000,False,0.000000,0.000000,True,True,True,4.000000,3,05111,11.000000,True,metro,20.050127,True
AR,Arkansas,Polk,05113,19436,15141,4.900000,"( 4.3,  5.6)",3.600000,"( 3.2,  4.1)",5,0,0,0,0,0,0,False,0.000000,0.000000,False,0.000000,0.000000,True,True,True,5.000000,3,05113,15.000000,True,nonmetro,113.033319,True
AR,Arkansas,Pope,05115,64593,49630,3.900000,"( 3.3,  4.4)",3.400000,"( 3.0,  3.9)",5,0,0,0,0,0,0,False,0.000000,0.000000,False,0.000000,0.000000,False,False,True,3.000000,4,05115,30.000000,True,nonmetro,60.055103,True
AR,Arkansas,Prairie,05117,8036,6369,4.800000,"( 4.2,  5.5)",3.500000,"( 3.0,  3.9)",5,0,0,0,0,0,0,False,0.000000,0.000000,False,0.000000,0.000000,True,True,True,5.000000,1,05117,,False,nonmetro,42.346945,True
AR,Arkansas,Pulaski,05119,400009,307397,3.900000,"( 3.4,  4.3)",3.400000,"( 3.1,  3.8)",5,6,6,6,6,6,6,True,1.499966,1.951873,True,1.499966,1.951873,False,False,False,3.000000,5,05119,217.000000,True,metro,6.556296,True
AR,Arkansas,Randolph,05121,18907,14260,4.700000,"( 4.1,  5.4)",3.800000,"( 3.4,  4.3)",5,0,0,0,0,0,0,False,0.000000,0.000000,False,0.000000,0.000000,True,True,True,4.000000,3,05121,10.000000,True,nonmetro,35.848543,True
AR,Arkansas,St. Francis,05123,22101,17444,5.700000,"( 5.2,  6.4)",5.000000,"( 4.5,  5.5)",5,0,0,0,0,0,0,False,0.000000,0.000000,False,0.000000,0.000000,True,True,True,5.000000,3,05123,14.000000,True,nonmetro,42.145345,True
AR,Arkansas,Saline,05125,129574,99649,3.500000,"( 3.0,  4.0)",2.900000,"( 2.5,  3.3)",5,0,0,0,0,0,0,False,0.000000,0.000000,False,0.000000,0.000000,False,False,False,2.000000,5,05125,61.000000,True,metro,18.656026,True
AR,Arkansas,Scott,05127,9851,7622,4.700000,"( 4.1,  5.3)",3.600000,"( 3.1,  4.0)",5,0,0,0,0,0,0,False,0.000000,0.000000,False,0.000000,0.000000,True,True,True,4.000000,2,05127,,False,nonmetro,103.151933,True
AR,Arkansas,Searcy,05129,7806,6215,5.800000,"( 5.0,  6.6)",4.000000,"( 3.5,  4.5)",5,0,0,0,0,0,0,False,0.000000,0.000000,False,0.000000,0.000000,True,True,True,5.000000,1,05129,,False,nonmetro,82.670005,True
AR,Arkansas,Sebastian,05131,129098,98581,3.900000,"( 3.5,  4.4)",3.400000,"( 3.0,  3.8)",5,0,0,0,0,0,0,False,0.000000,0.000000,False,0.000000,0.000000,False,False,True,3.000000,5,05131,87.000000,True,metro,107.824226,True
AR,Arkansas,Sevier,05133,15632,11232,4.400000,"( 3.9,  4.9)",4.000000,"( 3.5,  4.4)",5,0,0,0,0,0,0,False,0.000000,0.000000,False,0.000000,0.000000,True,True,True,4.000000,2,05133,,False,nonmetro,101.750967,True
AR,Arkansas,Sharp,05135,17968,14333,5.300000,"( 4.6,  6.0)",3.700000,"( 3.3,  4.2)",5,0,0,0,0,0,0,False,0.000000,0.000000,False,0.000000,0.000000,True,True,True,5.000000,2,05135,16.000000,True,nonmetro,52.039033,True
AR,Arkansas,Stone,05137,12671,10181,5.700000,"( 5.0,  6.6)",3.800000,"( 3.4,  4.4)",5,0,0,0,0,0,0,False,0.000000,0.000000,False,0.000000,0.000000,True,True,True,5.000000,2,05137,,False,nonmetro,74.815620,True
AR,Arkansas,Union,05139,37397,28421,4.900000,"( 4.3,  5.5)",3.900000,"( 3.5,  4.3)",5,0,0,0,0,0,0,False,0.000000,0.000000,False,0.000000,0.000000,True,True,True,5.000000,4,05139,34.000000,True,nonmetro,56.162137,True
AR,Arkansas,Van Buren,05141,16142,13054,5.400000,"( 4.7,  6.2)",3.700000,"( 3.3,  4.2)",5,0,0,0,0,0,0,False,0.000000,0.000000,False,0.000000,0.000000,True,True,True,5.000000,2,05141,13.000000,True,nonmetro,56.057101,True
AR,Arkansas,Washington,05143,261549,200987,2.900000,"( 2.6,  3.4)",3.100000,"( 2.7,  3.6)",5,0,0,0,0,0,0,False,0.000000,0.000000,False,0.000000,0.000000,False,False,False,1.000000,5,05143,111.000000,True,metro,90.250476,True
AR,Arkansas,White,05145,78452,60279,4.000000,"( 3.5,  4.5)",3.500000,"( 3.0,  3.9)",5,0,0,0,0,0,0,False,0.000000,0.000000,False,0.000000,0.000000,False,False,True,3.000000,4,05145,52.000000,True,nonmetro,42.800951,True
AR,Arkansas,Woodruff,05147,5964,4659,6.000000,"( 5.2,  6.7)",4.300000,"( 3.8,  4.7)",5,0,0,0,0,0,0,False,0.000000,0.000000,False,0.000000,0.000000,True,True,True,5.000000,1,05147,,False,nonmetro,52.379637,True
AR,Arkansas,Yell,05149,20044,15261,4.300000,"( 3.8,  4.9)",3.500000,"( 3.1,  4.0)",5,0,0,0,0,0,0,False,0.000000,0.000000,False,0.000000,0.000000,True,True,True,4.000000,3,05149,,False,nonmetro,62.570986,True
CA,California,Alameda,06001,1622188,1306255,2.800000,"( 2.5,  3.1)",2.500000,"( 2.3,  2.8)",6,6,5,4,6,5,4,True,0.369871,0.459328,True,0.369871,0.459328,False,False,False,1.000000,5,06001,783.000000,True,metro,4.186673,True
CA,California,Alpine,06003,1141,955,3.800000,"( 3.3,  4.3)",2.700000,"( 2.4,  3.1)",6,0,0,0,0,0,0,False,0.000000,0.000000,False,0.000000,0.000000,False,False,False,2.000000,1,06003,,False,nonmetro,80.229362,True
CA,California,Amador,06005,41811,35299,4.000000,"( 3.5,  4.5)",2.800000,"( 2.5,  3.1)",6,0,0,0,0,0,0,False,0.000000,0.000000,False,0.000000,0.000000,False,False,False,3.000000,4,06005,25.000000,True,nonmetro,33.855481,True
CA,California,Butte,06007,207172,164973,3.500000,"( 3.1,  4.0)",3.100000,"( 2.8,  3.6)",6,0,0,0,0,0,0,False,0.000000,0.000000,False,0.000000,0.000000,False,False,False,2.000000,5,06007,119.000000,True,metro,63.857875,True
CA,California,Calaveras,06009,46565,38409,4.500000,"( 3.9,  5.1)",3.000000,"( 2.6,  3.3)",6,0,0,0,0,0,0,False,0.000000,0.000000,False,0.000000,0.000000,True,True,False,4.000000,4,06009,25.000000,True,nonmetro,36.836069,True
CA,California,Colusa,06011,22037,16122,3.700000,"( 3.3,  4.1)",3.300000,"( 2.9,  3.7)",6,0,0,0,0,0,0,False,0.000000,0.000000,False,0.000000,0.000000,False,False,True,2.000000,3,06011,,False,nonmetro,50.851216,True
CA,California,Contra Costa,06013,1155025,904586,3.000000,"( 2.7,  3.4)",2.600000,"( 2.3,  2.8)",6,0,0,0,0,0,0,False,0.000000,0.000000,False,0.000000,0.000000,False,False,False,1.000000,5,06013,651.000000,True,metro,14.398750,True
CA,California,Del Norte,06015,26589,21034,4.100000,"( 3.6,  4.6)",3.300000,"( 2.9,  3.7)",6,0,0,0,0,0,0,False,0.000000,0.000000,False,0.000000,0.000000,True,True,True,3.000000,3,06015,14.000000,True,nonmetro,124.229333,True
CA,California,El Dorado,06017,192215,155106,3.400000,"( 2.9,  3.9)",2.500000,"( 2.2,  2.8)",6,0,0,0,0,0,0,False,0.000000,0.000000,False,0.000000,0.000000,False,False,False,1.000000,5,06017,102.000000,True,metro,32.072169,True
CA,California,Fresno,06019,1017162,737124,3.400000,"( 3.1,  3.8)",3.400000,"( 3.0,  3.8)",6,1,1,1,1,1,1,True,0.098313,0.135662,True,0.098313,0.135662,False,False,False,1.000000,5,06019,426.000000,True,metro,9.786070,True
CA,California,Glenn,06021,28129,20659,3.800000,"( 3.3,  4.2)",3.200000,"( 2.9,  3.6)",6,0,0,0,0,0,0,False,0.000000,0.000000,False,0.000000,0.000000,False,False,True,2.000000,3,06021,17.000000,True,nonmetro,64.562293,True
CA,California,Humboldt,06023,133985,109146,3.700000,"( 3.3,  4.3)",3.200000,"( 2.9,  3.7)",6,0,0,0,0,0,0,False,0.000000,0.000000,False,0.000000,0.000000,False,False,True,2.000000,5,06023,141.000000,True,nonmetro,90.965582,True
CA,California,Imperial,06025,179057,128709,3.700000,"( 3.3,  4.2)",3.600000,"( 3.1,  4.0)",6,0,0,0,0,0,0,False,0.000000,0.000000,False,0.000000,0.000000,False,False,True,2.000000,5,06025,58.000000,True,metro,89.293066,True
CA,California,Inyo,06027,18527,14859,3.900000,"( 3.4,  4.5)",2.800000,"( 2.5,  3.2)",6,0,0,0,0,0,0,False,0.000000,0.000000,False,0.000000,0.000000,False,False,False,3.000000,2,06027,10.000000,True,nonmetro,91.480365,True
CA,California,Kern,06029,913820,654092,3.500000,"( 3.1,  3.9)",3.600000,"( 3.2,  4.0)",6,0,0,0,0,0,0,False,0.000000,0.000000,False,0.000000,0.000000,False,False,True,2.000000,5,06029,331.000000,True,metro,74.157794,True
CA,California,Kings,06031,152682,111961,3.300000,"( 3.0,  3.6)",3.500000,"( 3.2,  3.9)",6,0,0,0,0,0,0,False,0.000000,0.000000,False,0.000000,0.000000,False,False,True,1.000000,5,06031,51.000000,True,metro,35.160402,True
CA,California,Lake,06033,67878,52978,4.700000,"( 4.1,  5.2)",3.400000,"( 3.0,  3.8)",6,0,0,0,0,0,0,False,0.000000,0.000000,False,0.000000,0.000000,True,True,True,4.000000,4,06033,32.000000,True,nonmetro,37.638869,True
CA,California,Lassen,06035,28861,23438,3.800000,"( 3.4,  4.3)",3.400000,"( 3.1,  3.9)",6,0,0,0,0,0,0,False,0.000000,0.000000,False,0.000000,0.000000,False,False,True,2.000000,3,06035,10.000000,True,nonmetro,96.497849,True
CA,California,Los Angeles,06037,9663345,7710575,3.200000,"( 2.9,  3.6)",3.000000,"( 2.7,  3.3)",6,63,32,46,67,33,48,True,0.651948,0.817060,True,0.693342,0.868936,False,False,False,1.000000,5,06037,3931.000000,True,metro,5.495975,True
CA,California,Madera,06039,162858,118944,3.900000,"( 3.4,  4.3)",3.600000,"( 3.3,  4.1)",6,0,0,0,0,0,0,False,0.000000,0.000000,False,0.000000,0.000000,False,False,True,3.000000,5,06039,69.000000,True,metro,26.052972,True
CA,California,Marin,06041,254407,206190,3.200000,"( 2.7,  3.7)",2.300000,"( 2.0,  2.6)",6,0,0,0,0,0,0,False,0.000000,0.000000,False,0.000000,0.000000,False,False,False,1.000000,5,06041,143.000000,True,metro,15.748799,True
CA,California,Mariposa,06043,16919,13883,4.600000,"( 4.0,  5.3)",3.000000,"( 2.6,  3.4)",6,0,0,0,0,0,0,False,0.000000,0.000000,False,0.000000,0.000000,True,True,False,4.000000,2,06043,11.000000,True,nonmetro,50.225902,True
CA,California,Mendocino,06045,89108,70576,4.400000,"( 3.9,  5.1)",3.200000,"( 2.9,  3.6)",6,0,0,0,0,0,0,False,0.000000,0.000000,False,0.000000,0.000000,True,True,True,4.000000,4,06045,48.000000,True,nonmetro,68.086259,True
CA,California,Merced,06047,291920,209020,3.400000,"( 3.1,  3.8)",3.500000,"( 3.2,  3.9)",6,0,0,0,0,0,0,False,0.000000,0.000000,False,0.000000,0.000000,False,False,True,1.000000,5,06047,109.000000,True,metro,33.805394,True
CA,California,Modoc,06049,8500,6906,5.200000,"( 4.4,  5.9)",3.400000,"( 2.9,  3.8)",6,0,0,0,0,0,0,False,0.000000,0.000000,False,0.000000,0.000000,True,True,True,5.000000,1,06049,,False,nonmetro,112.728993,True
CA,California,Mono,06051,13066,10809,3.200000,"( 2.8,  3.7)",2.700000,"( 2.4,  3.1)",6,0,0,0,0,0,0,False,0.000000,0.000000,False,0.000000,0.000000,False,False,False,1.000000,2,06051,,False,nonmetro,83.259493,True
CA,California,Monterey,06053,430723,321055,3.400000,"( 3.0,  3.8)",3.100000,"( 2.8,  3.5)",6,0,0,0,0,0,0,False,0.000000,0.000000,False,0.000000,0.000000,False,False,False,1.000000,5,06053,184.000000,True,metro,62.191149,True
CA,California,Napa,06055,133216,107838,3.400000,"( 2.9,  3.9)",2.600000,"( 2.3,  3.0)",6,0,0,0,0,0,0,False,0.000000,0.000000,False,0.000000,0.000000,False,False,False,1.000000,5,06055,72.000000,True,metro,22.179823,True
CA,California,Nevada,06057,102037,84878,4.000000,"( 3.4,  4.6)",2.700000,"( 2.3,  3.1)",6,0,0,0,0,0,0,False,0.000000,0.000000,False,0.000000,0.000000,False,False,False,3.000000,5,06057,63.000000,True,nonmetro,48.768808,True
CA,California,Orange,06059,3135755,2489875,2.900000,"( 2.6,  3.3)",2.600000,"( 2.3,  2.9)",6,14,11,10,14,11,10,True,0.446463,0.562277,True,0.446463,0.562277,False,False,False,1.000000,5,06059,1409.000000,True,metro,5.011272,True
CA,California,Placer,06061,423561,332465,3.100000,"( 2.7,  3.5)",2.400000,"( 2.1,  2.7)",6,0,0,0,0,0,0,False,0.000000,0.000000,False,0.000000,0.000000,False,False,False,1.000000,5,06061,361.000000,True,metro,17.933722,True
CA,California,Plumas,06063,19131,15898,4.600000,"( 4.0,  5.2)",3.000000,"( 2.6,  3.3)",6,0,0,0,0,0,0,False,0.000000,0.000000,False,0.000000,0.000000,True,True,False,4.000000,3,06063,,False,nonmetro,85.745973,True
CA,California,Riverside,06065,2492442,1899181,3.300000,"( 2.9,  3.6)",3.000000,"( 2.7,  3.3)",6,2,2,2,2,2,2,True,0.080243,0.105309,True,0.080243,0.105309,False,False,False,1.000000,5,06065,1148.000000,True,metro,15.985433,True
CA,California,Sacramento,06067,1584288,1226535,3.200000,"( 2.9,  3.6)",3.000000,"( 2.7,  3.3)",6,11,9,8,11,9,8,True,0.694318,0.896835,True,0.694318,0.896835,False,False,False,1.000000,5,06067,936.000000,True,metro,6.719919,True
CA,California,San Benito,06069,68175,51135,2.900000,"( 2.6,  3.2)",2.700000,"( 2.4,  3.1)",6,0,0,0,0,0,0,False,0.000000,0.000000,False,0.000000,0.000000,False,False,False,1.000000,4,06069,29.000000,True,metro,57.738119,True
CA,California,San Bernardino,06071,2195611,1641803,3.200000,"( 2.9,  3.5)",3.200000,"( 2.9,  3.5)",6,5,4,4,5,4,4,True,0.227727,0.304543,True,0.227727,0.304543,False,False,False,1.000000,5,06071,891.000000,True,metro,12.535194,True
CA,California,San Diego,06073,3269973,2594848,2.800000,"( 2.5,  3.2)",2.600000,"( 2.3,  3.0)",6,14,11,9,14,11,9,True,0.428138,0.539531,True,0.428138,0.539531,False,False,False,1.000000,5,06073,1618.000000,True,metro,9.887551,True
CA,California,San Francisco,06075,808988,698599,2.600000,"( 2.3,  3.0)",2.400000,"( 2.1,  2.7)",6,12,11,7,12,11,7,True,1.483335,1.717724,True,1.483335,1.717724,False,False,False,1.000000,5,06075,433.000000,True,metro,2.498768,True
CA,California,San Joaquin,06077,800965,593491,3.300000,"( 3.0,  3.6)",3.100000,"( 2.9,  3.5)",6,1,1,1,1,1,1,True,0.124849,0.168495,True,0.124849,0.168495,False,False,False,1.000000,5,06077,380.000000,True,metro,8.685111,True
CA,California,San Luis Obispo,06079,281639,233172,3.300000,"( 2.8,  3.8)",2.700000,"( 2.4,  3.0)",6,0,0,0,0,0,0,False,0.000000,0.000000,False,0.000000,0.000000,False,False,False,1.000000,5,06079,268.000000,True,metro,82.653813,True
CA,California,San Mateo,06081,726353,587135,2.700000,"( 2.4,  3.0)",2.300000,"( 2.0,  2.5)",6,2,2,2,2,2,2,True,0.275348,0.340637,True,0.275348,0.340637,False,False,False,1.000000,5,06081,358.000000,True,metro,4.127717,True
CA,California,Santa Barbara,06083,441257,343138,3.200000,"( 2.8,  3.6)",2.900000,"( 2.6,  3.3)",6,2,2,1,2,2,1,True,0.453251,0.582856,True,0.453251,0.582856,False,False,False,1.000000,5,06083,261.000000,True,metro,29.326050,True
CA,California,Santa Clara,06085,1877592,1503217,2.400000,"( 2.2,  2.7)",2.300000,"( 2.0,  2.5)",6,8,8,4,8,8,4,True,0.426078,0.532192,True,0.426078,0.532192,False,False,False,1.000000,5,06085,724.000000,True,metro,15.224551,True
CA,California,Santa Cruz,06087,261547,214446,3.100000,"( 2.7,  3.5)",2.700000,"( 2.3,  3.1)",6,0,0,0,0,0,0,False,0.000000,0.000000,False,0.000000,0.000000,False,False,False,1.000000,5,06087,138.000000,True,metro,33.127698,True
CA,California,Shasta,06089,180366,141552,3.900000,"( 3.3,  4.4)",3.000000,"( 2.6,  3.4)",6,1,1,1,1,1,1,True,0.554428,0.706454,True,0.554428,0.706454,False,False,False,3.000000,5,06089,106.000000,True,metro,8.279806,True
CA,California,Sierra,06091,3200,2670,5.200000,"( 4.5,  6.0)",3.300000,"( 2.9,  3.7)",6,0,0,0,0,0,0,False,0.000000,0.000000,False,0.000000,0.000000,True,True,True,5.000000,1,06091,,False,nonmetro,83.908122,True
CA,California,Siskiyou,06093,42905,34437,4.700000,"( 4.1,  5.4)",3.200000,"( 2.9,  3.6)",6,0,0,0,0,0,0,False,0.000000,0.000000,False,0.000000,0.000000,True,True,True,4.000000,4,06093,32.000000,True,nonmetro,69.999529,True
CA,California,Solano,06095,449218,351690,3.300000,"( 3.0,  3.7)",2.900000,"( 2.6,  3.2)",6,0,0,0,0,0,0,False,0.000000,0.000000,False,0.000000,0.000000,False,False,False,1.000000,5,06095,306.000000,True,metro,24.645919,True
CA,California,Sonoma,06097,481812,391558,3.300000,"( 2.9,  3.8)",2.600000,"( 2.3,  2.9)",6,1,1,1,1,1,1,True,0.207550,0.255390,True,0.207550,0.255390,False,False,False,1.000000,5,06097,278.000000,True,metro,8.237835,True
CA,California,Stanislaus,06099,551430,405599,3.400000,"( 3.0,  3.8)",3.200000,"( 2.9,  3.6)",6,1,1,1,1,1,1,True,0.181347,0.246549,True,0.181347,0.246549,False,False,False,1.000000,5,06099,263.000000,True,metro,6.916050,True
CA,California,Sutter,06101,97948,73657,3.700000,"( 3.4,  4.2)",3.200000,"( 2.9,  3.6)",6,0,0,0,0,0,0,False,0.000000,0.000000,False,0.000000,0.000000,False,False,True,2.000000,5,06101,72.000000,True,metro,39.276050,True
CA,California,Tehama,06103,64896,49286,4.300000,"( 3.8,  4.8)",3.400000,"( 3.0,  3.8)",6,0,0,0,0,0,0,False,0.000000,0.000000,False,0.000000,0.000000,True,True,True,4.000000,4,06103,39.000000,True,nonmetro,34.127802,True
CA,California,Trinity,06105,15670,12928,5.700000,"( 4.9,  6.3)",3.600000,"( 3.2,  4.1)",6,0,0,0,0,0,0,False,0.000000,0.000000,False,0.000000,0.000000,True,True,True,5.000000,2,06105,,False,nonmetro,38.533703,True
CA,California,Tulare,06107,479468,338551,3.400000,"( 3.1,  3.8)",3.500000,"( 3.1,  3.9)",6,0,0,0,0,0,0,False,0.000000,0.000000,False,0.000000,0.000000,False,False,True,1.000000,5,06107,190.000000,True,metro,45.796910,True
CA,California,Tuolumne,06109,54204,44852,4.100000,"( 3.5,  4.6)",2.900000,"( 2.5,  3.2)",6,0,0,0,0,0,0,False,0.000000,0.000000,False,0.000000,0.000000,True,True,False,3.000000,4,06109,39.000000,True,nonmetro,43.522012,True
CA,California,Ventura,06111,829590,651461,3.100000,"( 2.8,  3.5)",2.700000,"( 2.3,  3.0)",6,5,5,3,5,5,3,True,0.602707,0.767506,True,0.602707,0.767506,False,False,False,1.000000,5,06111,359.000000,True,metro,5.385140,True
CA,California,Yolo,06113,220544,177405,2.700000,"( 2.4,  3.0)",2.900000,"( 2.5,  3.2)",6,0,0,0,0,0,0,False,0.000000,0.000000,False,0.000000,0.000000,False,False,False,1.000000,5,06113,104.000000,True,metro,12.867618,True
CA,California,Yuba,06115,85722,62561,3.400000,"( 3.0,  3.7)",3.300000,"( 3.0,  3.7)",6,0,0,0,0,0,0,False,0.000000,0.000000,False,0.000000,0.000000,False,False,True,1.000000,4,06115,55.000000,True,metro,37.323711,True
CO,Colorado,Adams,08001,533365,403764,2.600000,"( 2.3,  3.0)",2.800000,"( 2.5,  3.1)",8,0,0,0,0,0,0,False,0.000000,0.000000,False,0.000000,0.000000,False,False,False,1.000000,5,08001,153.000000,True,metro,12.721360,True
CO,Colorado,Alamosa,08003,16655,12672,3.400000,"( 3.0,  3.8)",3.300000,"( 2.9,  3.7)",8,0,0,0,0,0,0,False,0.000000,0.000000,False,0.000000,0.000000,False,False,True,1.000000,2,08003,,False,nonmetro,109.634253,True
CO,Colorado,Arapahoe,08005,656061,510201,2.700000,"( 2.4,  3.1)",2.600000,"( 2.3,  2.9)",8,7,5,7,8,6,8,True,1.066974,1.372008,True,1.219399,1.568009,False,False,False,1.000000,5,08005,215.000000,True,metro,5.285750,True
CO,Colorado,Archuleta,08007,14189,11826,3.900000,"( 3.4,  4.5)",2.700000,"( 2.3,  3.0)",8,0,0,0,0,0,0,False,0.000000,0.000000,False,0.000000,0.000000,False,False,False,3.000000,2,08007,,False,nonmetro,151.008907,True
CO,Colorado,Baca,08009,3344,2584,5.000000,"( 4.3,  5.8)",3.500000,"( 3.1,  4.0)",8,0,0,0,0,0,0,False,0.000000,0.000000,False,0.000000,0.000000,True,True,True,5.000000,1,08009,,False,nonmetro,152.779852,True
CO,Colorado,Bent,08011,5681,4784,4.900000,"( 4.3,  5.5)",4.200000,"( 3.8,  4.7)",8,0,0,0,0,0,0,False,0.000000,0.000000,False,0.000000,0.000000,True,True,True,5.000000,1,08011,,False,nonmetro,103.863079,True
CO,Colorado,Boulder,08013,326831,271124,2.500000,"( 2.1,  2.8)",2.300000,"( 2.0,  2.7)",8,0,0,0,0,0,0,False,0.000000,0.000000,False,0.000000,0.000000,False,False,False,1.000000,5,08013,133.000000,True,metro,22.529023,True
CO,Colorado,Broomfield,08014,76860,61571,2.300000,"( 2.0,  2.7)",2.100000,"( 1.8,  2.4)",8,0,0,0,0,0,0,False,0.000000,0.000000,False,0.000000,0.000000,False,False,False,1.000000,4,08014,22.000000,True,metro,18.939551,True
CO,Colorado,Chaffee,08015,20617,17609,3.600000,"( 3.0,  4.2)",2.700000,"( 2.3,  3.1)",8,0,0,0,0,0,0,False,0.000000,0.000000,False,0.000000,0.000000,False,False,False,2.000000,3,08015,10.000000,True,nonmetro,69.758295,True
CO,Colorado,Cheyenne,08017,1727,1301,3.900000,"( 3.4,  4.5)",2.900000,"( 2.6,  3.3)",8,0,0,0,0,0,0,False,0.000000,0.000000,False,0.000000,0.000000,False,False,False,3.000000,1,08017,,False,nonmetro,126.566853,True
CO,Colorado,Clear Creek,08019,9147,7938,3.000000,"( 2.6,  3.5)",2.300000,"( 2.0,  2.6)",8,0,0,0,0,0,0,False,0.000000,0.000000,False,0.000000,0.000000,False,False,False,1.000000,2,08019,,False,metro,28.392894,True
CO,Colorado,Conejos,08021,7521,5620,3.900000,"( 3.5,  4.4)",3.100000,"( 2.7,  3.4)",8,0,0,0,0,0,0,False,0.000000,0.000000,False,0.000000,0.000000,False,False,False,3.000000,1,08021,,False,nonmetro,129.551408,True
CO,Colorado,Costilla,08023,3628,2957,4.800000,"( 4.3,  5.4)",3.300000,"( 3.0,  3.7)",8,0,0,0,0,0,0,False,0.000000,0.000000,False,0.000000,0.000000,True,True,True,5.000000,1,08023,,False,nonmetro,111.809277,True
CO,Colorado,Crowley,08025,5636,5006,3.500000,"( 3.1,  3.9)",3.600000,"( 3.2,  4.1)",8,0,0,0,0,0,0,False,0.000000,0.000000,False,0.000000,0.000000,False,False,True,2.000000,1,08025,,False,nonmetro,68.437593,True
CO,Colorado,Custer,08027,5534,4689,4.400000,"( 3.7,  5.0)",2.700000,"( 2.4,  3.1)",8,0,0,0,0,0,0,False,0.000000,0.000000,False,0.000000,0.000000,True,True,False,4.000000,1,08027,,False,nonmetro,57.233631,True
CO,Colorado,Delta,08029,31746,25772,4.500000,"( 3.9,  5.2)",3.100000,"( 2.7,  3.5)",8,0,0,0,0,0,0,False,0.000000,0.000000,False,0.000000,0.000000,True,True,False,4.000000,3,08029,24.000000,True,nonmetro,164.988861,True
CO,Colorado,Denver,08031,716577,589711,2.300000,"( 2.0,  2.6)",2.500000,"( 2.2,  2.8)",8,0,0,0,0,0,0,False,0.000000,0.000000,False,0.000000,0.000000,False,False,False,1.000000,5,08031,218.000000,True,metro,5.140856,True
CO,Colorado,Dolores,08033,2513,2096,4.100000,"( 3.5,  4.6)",3.000000,"( 2.7,  3.4)",8,0,0,0,0,0,0,False,0.000000,0.000000,False,0.000000,0.000000,True,True,False,3.000000,1,08033,,False,nonmetro,218.095396,True
CO,Colorado,Douglas,08035,383906,296166,2.200000,"( 1.9,  2.6)",2.000000,"( 1.8,  2.4)",8,0,0,0,0,0,0,False,0.000000,0.000000,False,0.000000,0.000000,False,False,False,1.000000,5,08035,96.000000,True,metro,12.587502,True
CO,Colorado,Eagle,08037,54381,43620,2.600000,"( 2.3,  3.0)",2.400000,"( 2.1,  2.7)",8,0,0,0,0,0,0,False,0.000000,0.000000,False,0.000000,0.000000,False,False,False,1.000000,4,08037,,False,nonmetro,91.571304,True
CO,Colorado,Elbert,08039,28806,22667,3.000000,"( 2.6,  3.5)",2.400000,"( 2.1,  2.7)",8,0,0,0,0,0,0,False,0.000000,0.000000,False,0.000000,0.000000,False,False,False,1.000000,3,08039,,False,metro,28.193140,True
CO,Colorado,El Paso,08041,744215,574278,2.700000,"( 2.4,  3.1)",2.600000,"( 2.3,  3.0)",8,1,1,1,1,1,1,True,0.134370,0.174132,True,0.134370,0.174132,False,False,False,1.000000,5,08041,291.000000,True,metro,8.039447,True
CO,Colorado,Fremont,08043,50318,42512,3.900000,"( 3.4,  4.5)",3.100000,"( 2.8,  3.6)",8,0,0,0,0,0,0,False,0.000000,0.000000,False,0.000000,0.000000,False,False,False,3.000000,4,08043,27.000000,True,nonmetro,35.740087,True
CO,Colorado,Garfield,08045,62707,47597,2.900000,"( 2.5,  3.3)",2.700000,"( 2.3,  3.0)",8,0,0,0,0,0,0,False,0.000000,0.000000,False,0.000000,0.000000,False,False,False,1.000000,4,08045,15.000000,True,nonmetro,135.167679,True
CO,Colorado,Gilpin,08047,5926,5161,3.100000,"( 2.7,  3.7)",2.500000,"( 2.2,  2.9)",8,0,0,0,0,0,0,False,0.000000,0.000000,False,0.000000,0.000000,False,False,False,1.000000,1,08047,,False,metro,29.925121,True
CO,Colorado,Grand,08049,15935,13504,3.100000,"( 2.6,  3.6)",2.500000,"( 2.2,  2.9)",8,0,0,0,0,0,0,False,0.000000,0.000000,False,0.000000,0.000000,False,False,False,1.000000,2,08049,,False,nonmetro,53.262750,True
CO,Colorado,Gunnison,08051,17321,14624,2.300000,"( 2.0,  2.7)",2.400000,"( 2.1,  2.7)",8,0,0,0,0,0,0,False,0.000000,0.000000,False,0.000000,0.000000,False,False,False,1.000000,2,08051,,False,nonmetro,115.441039,True
CO,Colorado,Hinsdale,08053,765,662,3.500000,"( 3.0,  4.1)",2.200000,"( 1.9,  2.5)",8,0,0,0,0,0,0,False,0.000000,0.000000,False,0.000000,0.000000,False,False,False,2.000000,1,08053,,False,nonmetro,145.888047,True
CO,Colorado,Huerfano,08055,7055,5992,4.600000,"( 4.0,  5.2)",2.900000,"( 2.6,  3.3)",8,0,0,0,0,0,0,False,0.000000,0.000000,False,0.000000,0.000000,True,True,False,4.000000,1,08055,,False,nonmetro,84.633798,True
CO,Colorado,Jackson,08057,1309,1072,4.900000,"( 4.1,  5.7)",3.400000,"( 3.0,  3.9)",8,0,0,0,0,0,0,False,0.000000,0.000000,False,0.000000,0.000000,True,True,True,5.000000,1,08057,,False,nonmetro,67.191299,True
CO,Colorado,Jefferson,08059,576366,472514,2.600000,"( 2.3,  3.0)",2.300000,"( 2.0,  2.6)",8,0,0,0,0,0,0,False,0.000000,0.000000,False,0.000000,0.000000,False,False,False,1.000000,5,08059,237.000000,True,metro,10.622161,True
CO,Colorado,Kiowa,08061,1384,1055,4.400000,"( 3.8,  5.1)",2.900000,"( 2.6,  3.3)",8,0,0,0,0,0,0,False,0.000000,0.000000,False,0.000000,0.000000,True,True,False,4.000000,1,08061,,False,nonmetro,117.139399,True
CO,Colorado,Kit Carson,08063,6994,5210,4.000000,"( 3.5,  4.6)",3.100000,"( 2.7,  3.4)",8,0,0,0,0,0,0,False,0.000000,0.000000,False,0.000000,0.000000,False,False,False,3.000000,1,08063,,False,nonmetro,129.618459,True
CO,Colorado,Lake,08065,7365,5869,2.500000,"( 2.2,  2.9)",2.400000,"( 2.1,  2.7)",8,0,0,0,0,0,0,False,0.000000,0.000000,False,0.000000,0.000000,False,False,False,1.000000,1,08065,,False,nonmetro,73.444458,True
CO,Colorado,La Plata,08067,56407,46809,3.200000,"( 2.7,  3.6)",2.600000,"( 2.3,  2.9)",8,0,0,0,0,0,0,False,0.000000,0.000000,False,0.000000,0.000000,False,False,False,1.000000,4,08067,22.000000,True,nonmetro,163.989886,True
CO,Colorado,Larimer,08069,370771,304158,2.600000,"( 2.3,  3.0)",2.400000,"( 2.1,  2.8)",8,1,1,1,1,1,1,True,0.269708,0.328776,True,0.269708,0.328776,False,False,False,1.000000,5,08069,157.000000,True,metro,9.556501,True
CO,Colorado,Las Animas,08071,14348,11821,4.400000,"( 3.9,  4.9)",3.200000,"( 2.8,  3.5)",8,0,0,0,0,0,0,False,0.000000,0.000000,False,0.000000,0.000000,True,True,True,4.000000,2,08071,,False,nonmetro,115.079749,True
CO,Colorado,Lincoln,08073,5480,4374,3.800000,"( 3.3,  4.4)",3.200000,"( 2.8,  3.6)",8,0,0,0,0,0,0,False,0.000000,0.000000,False,0.000000,0.000000,False,False,True,2.000000,1,08073,,False,nonmetro,69.519245,True
CO,Colorado,Logan,08075,20619,16878,4.000000,"( 3.5,  4.5)",3.400000,"( 3.0,  3.8)",8,0,0,0,0,0,0,False,0.000000,0.000000,False,0.000000,0.000000,False,False,True,3.000000,3,08075,,False,nonmetro,100.692913,True
CO,Colorado,Mesa,08077,159681,127668,3.500000,"( 3.0,  4.0)",2.800000,"( 2.4,  3.2)",8,0,0,0,0,0,0,False,0.000000,0.000000,False,0.000000,0.000000,False,False,False,2.000000,5,08077,113.000000,True,metro,191.455759,True
CO,Colorado,Mineral,08079,944,819,3.600000,"( 3.0,  4.2)",2.500000,"( 2.2,  2.9)",8,0,0,0,0,0,0,False,0.000000,0.000000,False,0.000000,0.000000,False,False,False,2.000000,1,08079,,False,nonmetro,136.123661,True
CO,Colorado,Moffat,08081,13327,10079,3.700000,"( 3.2,  4.1)",3.100000,"( 2.8,  3.5)",8,0,0,0,0,0,0,False,0.000000,0.000000,False,0.000000,0.000000,False,False,False,2.000000,2,08081,,False,nonmetro,133.733545,True
CO,Colorado,Montezuma,08083,26531,21032,4.100000,"( 3.6,  4.7)",3.000000,"( 2.7,  3.4)",8,0,0,0,0,0,0,False,0.000000,0.000000,False,0.000000,0.000000,True,True,False,3.000000,3,08083,10.000000,True,nonmetro,190.428049,True
CO,Colorado,Montrose,08085,44156,35363,4.100000,"( 3.5,  4.7)",2.900000,"( 2.5,  3.3)",8,0,0,0,0,0,0,False,0.000000,0.000000,False,0.000000,0.000000,True,True,False,3.000000,4,08085,26.000000,True,nonmetro,169.125997,True
CO,Colorado,Morgan,08087,29524,21787,3.500000,"( 3.1,  3.9)",3.100000,"( 2.7,  3.4)",8,0,0,0,0,0,0,False,0.000000,0.000000,False,0.000000,0.000000,False,False,False,2.000000,3,08087,14.000000,True,nonmetro,65.943859,True
CO,Colorado,Otero,08089,18136,13957,4.600000,"( 4.0,  5.1)",3.500000,"( 3.1,  3.9)",8,0,0,0,0,0,0,False,0.000000,0.000000,False,0.000000,0.000000,True,True,True,4.000000,2,08089,13.000000,True,nonmetro,84.439368,True
CO,Colorado,Ouray,08091,5176,4488,3.400000,"( 2.9,  3.9)",2.200000,"( 1.9,  2.5)",8,0,0,0,0,0,0,False,0.000000,0.000000,False,0.000000,0.000000,False,False,False,1.000000,1,08091,,False,nonmetro,165.506878,True
CO,Colorado,Park,08093,18117,15510,3.300000,"( 2.8,  3.8)",2.500000,"( 2.1,  2.8)",8,0,0,0,0,0,0,False,0.000000,0.000000,False,0.000000,0.000000,False,False,False,1.000000,2,08093,,False,metro,37.363871,True
CO,Colorado,Phillips,08095,4476,3359,4.200000,"( 3.6,  4.8)",3.100000,"( 2.8,  3.5)",8,0,0,0,0,0,0,False,0.000000,0.000000,False,0.000000,0.000000,True,True,False,3.000000,1,08095,,False,nonmetro,141.779309,True
CO,Colorado,Pitkin,08097,16640,14206,2.800000,"( 2.4,  3.3)",2.100000,"( 1.8,  2.5)",8,0,0,0,0,0,0,False,0.000000,0.000000,False,0.000000,0.000000,False,False,False,1.000000,2,08097,,False,nonmetro,104.456755,True
CO,Colorado,Prowers,08099,11751,8744,4.000000,"( 3.5,  4.5)",3.300000,"( 2.9,  3.8)",8,0,0,0,0,0,0,False,0.000000,0.000000,False,0.000000,0.000000,False,False,True,3.000000,2,08099,,False,nonmetro,133.480851,True
CO,Colorado,Pueblo,08101,169422,132908,3.700000,"( 3.3,  4.1)",3.000000,"( 2.7,  3.4)",8,0,0,0,0,0,0,False,0.000000,0.000000,False,0.000000,0.000000,False,False,False,2.000000,5,08101,84.000000,True,metro,40.618818,True
CO,Colorado,Rio Blanco,08103,6569,5042,3.300000,"( 2.9,  3.8)",2.800000,"( 2.4,  3.1)",8,0,0,0,0,0,0,False,0.000000,0.000000,False,0.000000,0.000000,False,False,False,1.000000,1,08103,,False,nonmetro,157.803175,True
CO,Colorado,Rio Grande,08105,11188,8914,3.800000,"( 3.3,  4.3)",2.900000,"( 2.6,  3.3)",8,0,0,0,0,0,0,False,0.000000,0.000000,False,0.000000,0.000000,False,False,False,2.000000,2,08105,,False,nonmetro,114.569905,True
CO,Colorado,Routt,08107,25064,20739,2.800000,"( 2.4,  3.2)",2.300000,"( 2.0,  2.7)",8,0,0,0,0,0,0,False,0.000000,0.000000,False,0.000000,0.000000,False,False,False,1.000000,3,08107,,False,nonmetro,96.187822,True
CO,Colorado,Saguache,08109,6688,5416,4.700000,"( 4.1,  5.5)",3.300000,"( 2.9,  3.8)",8,0,0,0,0,0,0,False,0.000000,0.000000,False,0.000000,0.000000,True,True,True,4.000000,1,08109,,False,nonmetro,89.810672,True
CO,Colorado,San Juan,08111,802,709,3.400000,"( 2.9,  3.9)",2.500000,"( 2.2,  2.9)",8,0,0,0,0,0,0,False,0.000000,0.000000,False,0.000000,0.000000,False,False,False,1.000000,1,08111,,False,nonmetro,170.257031,True
CO,Colorado,San Miguel,08113,7868,6642,2.800000,"( 2.4,  3.2)",2.400000,"( 2.1,  2.7)",8,0,0,0,0,0,0,False,0.000000,0.000000,False,0.000000,0.000000,False,False,False,1.000000,1,08113,,False,nonmetro,180.112574,True
CO,Colorado,Sedgwick,08115,2299,1854,4.700000,"( 4.0,  5.3)",3.000000,"( 2.7,  3.4)",8,0,0,0,0,0,0,False,0.000000,0.000000,False,0.000000,0.000000,True,True,False,4.000000,1,08115,,False,nonmetro,149.235146,True
CO,Colorado,Summit,08117,30465,25681,2.500000,"( 2.2,  2.9)",2.400000,"( 2.1,  2.8)",8,0,0,0,0,0,0,False,0.000000,0.000000,False,0.000000,0.000000,False,False,False,1.000000,3,08117,,False,nonmetro,55.614013,True
CO,Colorado,Teller,08119,24617,20694,3.500000,"( 3.0,  4.0)",2.500000,"( 2.2,  2.8)",8,0,0,0,0,0,0,False,0.000000,0.000000,False,0.000000,0.000000,False,False,False,2.000000,3,08119,13.000000,True,metro,19.866461,True
CO,Colorado,Washington,08121,4855,3732,3.800000,"( 3.2,  4.3)",2.800000,"( 2.5,  3.2)",8,0,0,0,0,0,0,False,0.000000,0.000000,False,0.000000,0.000000,False,False,False,2.000000,1,08121,,False,nonmetro,92.627844,True
CO,Colorado,Weld,08123,359442,268740,2.700000,"( 2.4,  3.1)",2.700000,"( 2.4,  3.1)",8,0,0,0,0,0,0,False,0.000000,0.000000,False,0.000000,0.000000,False,False,False,1.000000,5,08123,93.000000,True,metro,18.390753,True
CO,Colorado,Yuma,08125,9862,7075,3.800000,"( 3.3,  4.3)",3.000000,"( 2.7,  3.5)",8,0,0,0,0,0,0,False,0.000000,0.000000,False,0.000000,0.000000,False,False,False,2.000000,2,08125,,False,nonmetro,126.834475,True
CT,Connecticut,Capitol,09110,975328,780140,3.200000,"( 3.0,  3.4)",2.700000,"( 2.6,  2.9)",9,4,4,1,4,4,1,True,0.410118,0.512728,True,0.410118,0.512728,False,False,False,1.000000,5,,,,,,False
CT,Connecticut,Greater Bridgeport,09120,327651,256229,3.400000,"( 3.1,  3.6)",3.000000,"( 2.8,  3.2)",9,1,1,1,1,1,1,True,0.305203,0.390276,True,0.305203,0.390276,False,False,False,1.000000,5,,,,,,False
CT,Connecticut,Lower Connecticut River Valley,09130,176215,147247,3.200000,"( 2.9,  3.4)",2.400000,"( 2.3,  2.6)",9,0,0,0,0,0,0,False,0.000000,0.000000,False,0.000000,0.000000,False,False,False,1.000000,5,,,,,,False
CT,Connecticut,Naugatuck Valley,09140,456128,364230,3.400000,"( 3.2,  3.6)",2.800000,"( 2.7,  2.9)",9,1,1,1,1,1,1,True,0.219237,0.274552,True,0.219237,0.274552,False,False,False,1.000000,5,,,,,,False
CT,Connecticut,Northeastern Connecticut,09150,96692,79116,3.400000,"( 3.2,  3.6)",2.800000,"( 2.6,  2.9)",9,0,0,0,0,0,0,False,0.000000,0.000000,False,0.000000,0.000000,False,False,False,1.000000,4,,,,,,False
CT,Connecticut,Northwest Hills,09160,113463,93325,3.400000,"( 3.2,  3.7)",2.500000,"( 2.4,  2.7)",9,0,0,0,0,0,0,False,0.000000,0.000000,False,0.000000,0.000000,False,False,False,1.000000,5,,,,,,False
CT,Connecticut,South Central Connecticut,09170,568158,457936,3.200000,"( 3.0,  3.4)",2.800000,"( 2.6,  3.0)",9,10,10,7,10,10,7,True,1.760074,2.183711,True,1.760074,2.183711,False,False,False,1.000000,5,,,,,,False
CT,Connecticut,Southeastern Connecticut,09180,279634,226482,3.300000,"( 3.0,  3.5)",2.800000,"( 2.6,  2.9)",9,0,0,0,0,0,0,False,0.000000,0.000000,False,0.000000,0.000000,False,False,False,1.000000,5,,,,,,False
CT,Connecticut,Western Connecticut,09190,623907,489485,2.800000,"( 2.6,  3.0)",2.400000,"( 2.2,  2.5)",9,1,1,1,2,2,2,True,0.160280,0.204296,True,0.320561,0.408593,False,False,False,1.000000,5,,,,,,False
DE,Delaware,Kent,10001,189789,146800,3.800000,"( 3.4,  4.3)",3.300000,"( 2.9,  3.6)",10,0,0,0,0,0,0,False,0.000000,0.000000,False,0.000000,0.000000,False,False,True,2.000000,5,10001,132.000000,True,metro,39.890393,True
DE,Delaware,New Castle,10003,578592,456332,3.400000,"( 3.0,  3.8)",2.900000,"( 2.6,  3.3)",10,4,4,3,5,5,4,True,0.691333,0.876555,True,0.864167,1.095693,False,False,False,1.000000,5,10003,470.000000,True,metro,5.559777,True
DE,Delaware,Sussex,10005,263509,216820,4.400000,"( 3.8,  5.1)",2.900000,"( 2.6,  3.3)",10,0,0,0,0,0,0,False,0.000000,0.000000,False,0.000000,0.000000,True,True,False,4.000000,5,10005,214.000000,True,nonmetro,66.627753,True
DC,District of Columbia,District of Columbia,11001,678972,552380,2.800000,"( 2.4,  3.1)",3.000000,"( 2.6,  3.4)",11,12,11,10,12,11,10,True,1.767378,2.172418,True,1.767378,2.172418,False,False,False,1.000000,5,11001,280.000000,True,metro,2.992384,True
FL,Florida,Alachua,12001,285994,235265,3.000000,"( 2.7,  3.4)",3.100000,"( 2.8,  3.5)",12,4,4,4,4,4,4,True,1.398631,1.700210,True,1.398631,1.700210,False,False,False,1.000000,5,12001,156.000000,True,metro,6.261916,True
FL,Florida,Baker,12003,28368,21295,3.600000,"( 3.2,  4.0)",3.200000,"( 2.9,  3.7)",12,0,0,0,0,0,0,False,0.000000,0.000000,False,0.000000,0.000000,False,False,True,2.000000,3,12003,14.000000,True,metro,31.768112,True
FL,Florida,Bay,12005,190769,150387,3.700000,"( 3.2,  4.2)",3.100000,"( 2.7,  3.5)",12,0,0,0,0,0,0,False,0.000000,0.000000,False,0.000000,0.000000,False,False,False,2.000000,5,12005,107.000000,True,metro,71.974821,True
FL,Florida,Bradford,12007,27858,21945,4.600000,"( 4.1,  5.2)",3.900000,"( 3.5,  4.3)",12,0,0,0,0,0,0,False,0.000000,0.000000,False,0.000000,0.000000,True,True,True,4.000000,3,12007,20.000000,True,nonmetro,24.143559,True
FL,Florida,Brevard,12009,643979,528274,3.900000,"( 3.4,  4.4)",2.800000,"( 2.5,  3.2)",12,0,0,0,0,0,0,False,0.000000,0.000000,False,0.000000,0.000000,False,False,False,3.000000,5,12009,552.000000,True,metro,45.885951,True
FL,Florida,Broward,12011,1962531,1559291,3.700000,"( 3.3,  4.1)",3.100000,"( 2.7,  3.4)",12,3,3,3,4,4,4,True,0.152864,0.192395,True,0.203818,0.256527,False,False,False,2.000000,5,12011,1597.000000,True,metro,5.362104,True
FL,Florida,Calhoun,12013,13470,10766,4.800000,"( 4.3,  5.4)",4.000000,"( 3.5,  4.5)",12,0,0,0,0,0,0,False,0.000000,0.000000,False,0.000000,0.000000,True,True,True,5.000000,2,12013,,False,nonmetro,49.020074,True
FL,Florida,Charlotte,12015,206134,181904,5.000000,"( 4.2,  5.8)",2.800000,"( 2.5,  3.2)",12,1,1,1,1,1,1,True,0.485121,0.549741,True,0.485121,0.549741,False,False,False,5.000000,5,12015,161.000000,True,metro,6.700086,True
FL,Florida,Citrus,12017,166696,142235,5.300000,"( 4.5,  6.1)",3.200000,"( 2.8,  3.6)",12,0,0,0,0,0,0,False,0.000000,0.000000,False,0.000000,0.000000,True,True,True,5.000000,5,12017,270.000000,True,metro,53.614422,True
FL,Florida,Clay,12019,232439,179750,3.400000,"( 3.0,  3.8)",2.900000,"( 2.6,  3.2)",12,0,0,0,0,0,0,False,0.000000,0.000000,False,0.000000,0.000000,False,False,False,1.000000,5,12019,132.000000,True,metro,17.970651,True
FL,Florida,Collier,12021,404310,339282,4.400000,"( 3.7,  5.2)",2.700000,"( 2.3,  3.1)",12,2,2,2,2,2,2,True,0.494670,0.589480,True,0.494670,0.589480,False,False,False,4.000000,5,12021,451.000000,True,metro,10.229082,True
FL,Florida,Columbia,12023,73063,57020,4.600000,"( 4.1,  5.2)",3.700000,"( 3.3,  4.1)",12,0,0,0,0,0,0,False,0.000000,0.000000,False,0.000000,0.000000,True,True,True,4.000000,4,12023,64.000000,True,nonmetro,38.732068,True
FL,Florida,DeSoto,12027,35979,29486,5.500000,"( 4.8,  6.1)",4.200000,"( 3.8,  4.7)",12,0,0,0,0,0,0,False,0.000000,0.000000,False,0.000000,0.000000,True,True,True,5.000000,3,12027,23.000000,True,nonmetro,20.049815,True
FL,Florida,Dixie,12029,17465,14301,5.300000,"( 4.6,  6.0)",3.900000,"( 3.4,  4.3)",12,0,0,0,0,0,0,False,0.000000,0.000000,False,0.000000,0.000000,True,True,True,5.000000,2,12029,13.000000,True,nonmetro,44.277934,True
FL,Florida,Duval,12031,1030822,801179,3.500000,"( 3.1,  3.9)",3.300000,"( 2.9,  3.6)",12,22,20,17,22,20,17,True,2.134219,2.745953,True,2.134219,2.745953,False,False,False,2.000000,5,12031,596.000000,True,metro,8.682793,True
FL,Florida,Escambia,12033,326928,258632,3.800000,"( 3.4,  4.3)",3.300000,"( 2.9,  3.7)",12,3,3,2,3,3,2,True,0.917633,1.159949,True,0.917633,1.159949,False,False,False,2.000000,5,12033,236.000000,True,metro,7.838458,True
FL,Florida,Flagler,12035,131439,110520,4.400000,"( 3.8,  5.0)",2.800000,"( 2.5,  3.2)",12,0,0,0,0,0,0,False,0.000000,0.000000,False,0.000000,0.000000,True,True,False,4.000000,5,12035,118.000000,True,metro,24.601000,True
FL,Florida,Franklin,12037,12594,10717,4.900000,"( 4.2,  5.6)",3.400000,"( 3.0,  3.9)",12,0,0,0,0,0,0,False,0.000000,0.000000,False,0.000000,0.000000,True,True,True,5.000000,2,12037,,False,nonmetro,55.440904,True
FL,Florida,Gadsden,12039,43833,34200,5.900000,"( 5.3,  6.5)",4.700000,"( 4.2,  5.2)",12,0,0,0,0,0,0,False,0.000000,0.000000,False,0.000000,0.000000,True,True,True,5.000000,4,12039,38.000000,True,metro,20.962269,True
FL,Florida,Gilchrist,12041,19587,15406,4.200000,"( 3.6,  4.7)",3.300000,"( 2.9,  3.7)",12,0,0,0,0,0,0,False,0.000000,0.000000,False,0.000000,0.000000,True,True,True,3.000000,3,12041,13.000000,True,metro,29.795465,True
FL,Florida,Glades,12043,12786,11132,5.500000,"( 4.8,  6.2)",4.100000,"( 3.6,  4.6)",12,0,0,0,0,0,0,False,0.000000,0.000000,False,0.000000,0.000000,True,True,True,5.000000,2,12043,,False,nonmetro,48.622478,True
FL,Florida,Gulf,12045,15693,13114,4.200000,"( 3.7,  4.8)",3.200000,"( 2.8,  3.6)",12,0,0,0,0,0,0,False,0.000000,0.000000,False,0.000000,0.000000,True,True,True,3.000000,2,12045,,False,nonmetro,67.740945,True
FL,Florida,Hamilton,12047,13471,10639,5.500000,"( 4.9,  6.2)",4.500000,"( 4.0,  5.0)",12,0,0,0,0,0,0,False,0.000000,0.000000,False,0.000000,0.000000,True,True,True,5.000000,2,12047,12.000000,True,nonmetro,59.708418,True
FL,Florida,Hardee,12049,25760,19295,4.400000,"( 3.9,  4.9)",3.900000,"( 3.5,  4.3)",12,0,0,0,0,0,0,False,0.000000,0.000000,False,0.000000,0.000000,True,True,True,4.000000,3,12049,30.000000,True,nonmetro,33.249978,True
FL,Florida,Hendry,12051,43333,32457,4.200000,"( 3.8,  4.7)",4.000000,"( 3.6,  4.5)",12,0,0,0,0,0,0,False,0.000000,0.000000,False,0.000000,0.000000,True,True,True,3.000000,4,12051,18.000000,True,nonmetro,44.467935,True
FL,Florida,Hernando,12053,212807,173370,4.400000,"( 3.8,  4.9)",3.100000,"( 2.7,  3.4)",12,0,0,0,0,0,0,False,0.000000,0.000000,False,0.000000,0.000000,True,True,False,4.000000,5,12053,133.000000,True,metro,38.861970,True
FL,Florida,Highlands,12055,107614,89745,5.600000,"( 4.8,  6.5)",3.400000,"( 3.0,  3.8)",12,0,0,0,0,0,0,False,0.000000,0.000000,False,0.000000,0.000000,True,True,True,5.000000,5,12055,175.000000,True,metro,41.179274,True
FL,Florida,Hillsborough,12057,1535564,1206004,3.200000,"( 2.8,  3.5)",3.000000,"( 2.6,  3.3)",12,13,12,9,13,12,9,True,0.846594,1.077940,True,0.846594,1.077940,False,False,False,1.000000,5,12057,630.000000,True,metro,7.777892,True
FL,Florida,Holmes,12059,19944,15826,4.600000,"( 4.1,  5.2)",3.700000,"( 3.2,  4.1)",12,0,0,0,0,0,0,False,0.000000,0.000000,False,0.000000,0.000000,True,True,True,4.000000,3,12059,15.000000,True,nonmetro,34.219978,True
FL,Florida,Indian River,12061,169795,144567,4.600000,"( 3.9,  5.3)",2.800000,"( 2.4,  3.2)",12,0,0,0,0,0,0,False,0.000000,0.000000,False,0.000000,0.000000,True,True,False,4.000000,5,12061,311.000000,True,metro,26.807937,True
FL,Florida,Jackson,12063,48622,39341,5.000000,"( 4.5,  5.5)",4.000000,"( 3.6,  4.5)",12,0,0,0,0,0,0,False,0.000000,0.000000,False,0.000000,0.000000,True,True,True,5.000000,4,12063,35.000000,True,nonmetro,32.255391,True
FL,Florida,Jefferson,12065,15450,12807,5.200000,"( 4.6,  5.9)",3.800000,"( 3.4,  4.2)",12,0,0,0,0,0,0,False,0.000000,0.000000,False,0.000000,0.000000,True,True,True,5.000000,2,12065,12.000000,True,metro,20.817959,True
FL,Florida,Lafayette,12067,8078,6495,4.500000,"( 4.0,  5.1)",3.900000,"( 3.4,  4.3)",12,0,0,0,0,0,0,False,0.000000,0.000000,False,0.000000,0.000000,True,True,True,4.000000,1,12067,,False,nonmetro,57.027762,True
FL,Florida,Lake,12069,424462,344053,4.200000,"( 3.7,  4.8)",2.900000,"( 2.6,  3.3)",12,0,0,0,0,0,0,False,0.000000,0.000000,False,0.000000,0.000000,True,True,False,3.000000,5,12069,341.000000,True,metro,27.654252,True
FL,Florida,Lee,12071,834573,692259,4.300000,"( 3.7,  5.0)",2.900000,"( 2.6,  3.3)",12,0,0,0,0,0,0,False,0.000000,0.000000,False,0.000000,0.000000,True,True,False,4.000000,5,12071,458.000000,True,metro,26.110383,True
FL,Florida,Leon,12073,296913,242508,3.000000,"( 2.7,  3.4)",3.200000,"( 2.8,  3.6)",12,1,1,1,1,1,1,True,0.336799,0.412358,True,0.336799,0.412358,False,False,False,1.000000,5,12073,115.000000,True,metro,5.039928,True
FL,Florida,Levy,12075,46545,37523,5.000000,"( 4.4,  5.6)",3.600000,"( 3.2,  4.0)",12,0,0,0,0,0,0,False,0.000000,0.000000,False,0.000000,0.000000,True,True,True,5.000000,4,12075,32.000000,True,metro,29.627898,True
FL,Florida,Liberty,12077,7706,6342,4.300000,"( 3.8,  4.9)",3.900000,"( 3.4,  4.4)",12,0,0,0,0,0,0,False,0.000000,0.000000,False,0.000000,0.000000,True,True,True,4.000000,1,12077,,False,nonmetro,37.649324,True
FL,Florida,Madison,12079,18519,15063,5.500000,"( 4.9,  6.1)",4.200000,"( 3.8,  4.7)",12,0,0,0,0,0,0,False,0.000000,0.000000,False,0.000000,0.000000,True,True,True,5.000000,2,12079,17.000000,True,nonmetro,41.710013,True
FL,Florida,Manatee,12081,441095,365149,4.200000,"( 3.7,  4.9)",2.800000,"( 2.5,  3.2)",12,0,0,0,0,0,0,False,0.000000,0.000000,False,0.000000,0.000000,True,True,False,3.000000,5,12081,288.000000,True,metro,11.167708,True
FL,Florida,Marion,12083,409959,333326,4.800000,"( 4.2,  5.5)",3.300000,"( 2.9,  3.6)",12,0,0,0,0,0,0,False,0.000000,0.000000,False,0.000000,0.000000,True,True,True,5.000000,5,12083,182.000000,True,metro,37.950989,True
FL,Florida,Martin,12085,163315,137320,4.400000,"( 3.8,  5.2)",2.700000,"( 2.4,  3.1)",12,0,0,0,0,0,0,False,0.000000,0.000000,False,0.000000,0.000000,True,True,False,4.000000,5,12085,266.000000,True,metro,12.731490,True
FL,Florida,Miami-Dade,12086,2686867,2154272,3.600000,"( 3.1,  4.1)",3.100000,"( 2.7,  3.4)",12,16,13,11,16,13,11,True,0.595489,0.742710,True,0.595489,0.742710,False,False,False,2.000000,5,12086,1952.000000,True,metro,4.929489,True
FL,Florida,Monroe,12087,80614,68170,3.700000,"( 3.2,  4.3)",2.700000,"( 2.4,  3.0)",12,0,0,0,0,0,0,False,0.000000,0.000000,False,0.000000,0.000000,False,False,False,2.000000,4,12087,45.000000,True,nonmetro,80.921002,True
FL,Florida,Nassau,12089,101501,82029,3.600000,"( 3.2,  4.2)",2.700000,"( 2.3,  3.0)",12,0,0,0,0,0,0,False,0.000000,0.000000,False,0.000000,0.000000,False,False,False,2.000000,5,12089,63.000000,True,metro,21.876985,True
FL,Florida,Okaloosa,12091,218464,169246,3.100000,"( 2.7,  3.5)",2.800000,"( 2.4,  3.1)",12,0,0,0,0,0,0,False,0.000000,0.000000,False,0.000000,0.000000,False,False,False,1.000000,5,12091,117.000000,True,metro,38.576501,True
FL,Florida,Okeechobee,12093,41427,32401,4.700000,"( 4.2,  5.4)",3.700000,"( 3.3,  4.2)",12,0,0,0,0,0,0,False,0.000000,0.000000,False,0.000000,0.000000,True,True,True,4.000000,4,12093,27.000000,True,nonmetro,29.632074,True
FL,Florida,Orange,12095,1471416,1160505,3.000000,"( 2.7,  3.3)",3.000000,"( 2.7,  3.3)",12,4,4,3,4,4,3,True,0.271847,0.344678,True,0.271847,0.344678,False,False,False,1.000000,5,12095,710.000000,True,metro,8.082279,True
FL,Florida,Osceola,12097,437784,333862,3.100000,"( 2.8,  3.4)",3.000000,"( 2.7,  3.3)",12,0,0,0,0,0,0,False,0.000000,0.000000,False,0.000000,0.000000,False,False,False,1.000000,5,12097,228.000000,True,metro,18.643596,True
FL,Florida,Palm Beach,12099,1533801,1247769,4.000000,"( 3.4,  4.6)",2.900000,"( 2.5,  3.2)",12,8,4,8,8,4,8,True,0.521580,0.641144,True,0.521580,0.641144,False,False,False,3.000000,5,12099,1488.000000,True,metro,5.491876,True
FL,Florida,Pasco,12101,632996,504907,3.800000,"( 3.3,  4.3)",2.900000,"( 2.6,  3.3)",12,0,0,0,0,0,0,False,0.000000,0.000000,False,0.000000,0.000000,False,False,False,2.000000,5,12101,386.000000,True,metro,21.853881,True
FL,Florida,Pinellas,12103,961596,816023,4.000000,"( 3.5,  4.6)",2.800000,"( 2.5,  3.2)",12,3,3,3,3,3,3,True,0.311981,0.367637,True,0.311981,0.367637,False,False,False,3.000000,5,12103,635.000000,True,metro,9.507481,True
FL,Florida,Polk,12105,818330,638484,4.000000,"( 3.5,  4.5)",3.300000,"( 3.0,  3.7)",12,1,1,1,1,1,1,True,0.122200,0.156621,True,0.122200,0.156621,False,False,False,3.000000,5,12105,582.000000,True,metro,12.219301,True
FL,Florida,Putnam,12107,75955,59956,5.700000,"( 5.0,  6.3)",4.200000,"( 3.7,  4.6)",12,0,0,0,0,0,0,False,0.000000,0.000000,False,0.000000,0.000000,True,True,True,5.000000,4,12107,62.000000,True,nonmetro,27.738623,True
FL,Florida,St. Johns,12109,320110,251521,3.100000,"( 2.7,  3.6)",2.400000,"( 2.1,  2.7)",12,1,1,1,1,1,1,True,0.312393,0.397581,True,0.312393,0.397581,False,False,False,1.000000,5,12109,143.000000,True,metro,11.727217,True
FL,Florida,St. Lucie,12111,373586,300271,4.300000,"( 3.8,  4.9)",3.200000,"( 2.8,  3.6)",12,1,1,1,1,1,1,True,0.267676,0.333032,True,0.267676,0.333032,False,False,False,4.000000,5,12111,428.000000,True,metro,5.822684,True
FL,Florida,Santa Rosa,12113,203162,158829,3.200000,"( 2.8,  3.6)",2.800000,"( 2.4,  3.1)",12,0,0,0,0,0,0,False,0.000000,0.000000,False,0.000000,0.000000,False,False,False,1.000000,5,12113,107.000000,True,metro,16.894632,True
FL,Florida,Sarasota,12115,469013,403873,4.400000,"( 3.7,  5.2)",2.600000,"( 2.2,  2.9)",12,6,6,3,6,6,3,True,1.279282,1.485616,True,1.279282,1.485616,False,False,False,4.000000,5,12115,349.000000,True,metro,8.893001,True
FL,Florida,Seminole,12117,484271,385528,3.000000,"( 2.6,  3.3)",2.600000,"( 2.3,  2.9)",12,0,0,0,0,0,0,False,0.000000,0.000000,False,0.000000,0.000000,False,False,False,1.000000,5,12117,337.000000,True,metro,8.739652,True
FL,Florida,Sumter,12119,151565,140704,5.500000,"( 4.5,  6.5)",2.700000,"( 2.3,  3.1)",12,0,0,0,0,0,0,False,0.000000,0.000000,False,0.000000,0.000000,True,True,False,5.000000,5,12119,137.000000,True,metro,44.565173,True
FL,Florida,Suwannee,12121,46130,36557,4.700000,"( 4.1,  5.3)",3.600000,"( 3.2,  4.1)",12,0,0,0,0,0,0,False,0.000000,0.000000,False,0.000000,0.000000,True,True,True,4.000000,4,12121,42.000000,True,nonmetro,55.132464,True
FL,Florida,Taylor,12123,21582,17040,5.100000,"( 4.5,  5.7)",4.000000,"( 3.5,  4.4)",12,0,0,0,0,0,0,False,0.000000,0.000000,False,0.000000,0.000000,True,True,True,5.000000,3,12123,12.000000,True,nonmetro,48.986149,True
FL,Florida,Union,12125,15532,12084,4.500000,"( 4.0,  5.0)",4.000000,"( 3.5,  4.4)",12,0,0,0,0,0,0,False,0.000000,0.000000,False,0.000000,0.000000,True,True,True,4.000000,2,12125,14.000000,True,nonmetro,25.618696,True
FL,Florida,Volusia,12127,590357,487914,4.100000,"( 3.6,  4.7)",3.000000,"( 2.7,  3.4)",12,1,1,1,1,1,1,True,0.169389,0.204954,True,0.169389,0.204954,False,False,False,3.000000,5,12127,580.000000,True,metro,13.094355,True
FL,Florida,Wakulla,12129,36449,28876,3.500000,"( 3.1,  4.0)",3.100000,"( 2.7,  3.4)",12,0,0,0,0,0,0,False,0.000000,0.000000,False,0.000000,0.000000,False,False,False,2.000000,3,12129,18.000000,True,metro,18.066043,True
FL,Florida,Walton,12131,86354,68437,3.600000,"( 3.1,  4.2)",2.800000,"( 2.5,  3.2)",12,0,0,0,0,0,0,False,0.000000,0.000000,False,0.000000,0.000000,False,False,False,2.000000,4,12131,36.000000,True,metro,52.697134,True
FL,Florida,Washington,12133,25602,20435,4.600000,"( 4.1,  5.2)",3.800000,"( 3.4,  4.3)",12,0,0,0,0,0,0,False,0.000000,0.000000,False,0.000000,0.000000,True,True,True,4.000000,3,12133,20.000000,True,metro,42.223696,True
GA,Georgia,Appling,13001,18457,13966,5.200000,"( 4.6,  5.7)",4.200000,"( 3.8,  4.7)",13,0,0,0,0,0,0,False,0.000000,0.000000,False,0.000000,0.000000,True,True,True,5.000000,2,13001,,False,nonmetro,94.417882,True
GA,Georgia,Atkinson,13003,8293,6215,5.100000,"( 4.6,  5.6)",4.700000,"( 4.2,  5.1)",13,0,0,0,0,0,0,False,0.000000,0.000000,False,0.000000,0.000000,True,True,True,5.000000,1,13003,,False,nonmetro,73.216840,True
GA,Georgia,Bacon,13005,11124,8340,4.400000,"( 3.9,  4.9)",3.800000,"( 3.3,  4.2)",13,0,0,0,0,0,0,False,0.000000,0.000000,False,0.000000,0.000000,True,True,True,4.000000,2,13005,,False,nonmetro,96.275844,True
GA,Georgia,Baker,13007,2743,2242,6.900000,"( 6.2,  7.7)",4.900000,"( 4.4,  5.3)",13,0,0,0,0,0,0,False,0.000000,0.000000,False,0.000000,0.000000,True,True,True,5.000000,1,13007,,False,nonmetro,42.590077,True
GA,Georgia,Baldwin,13009,43396,35399,4.400000,"( 3.9,  4.9)",4.100000,"( 3.7,  4.6)",13,0,0,0,0,0,0,False,0.000000,0.000000,False,0.000000,0.000000,True,True,True,4.000000,4,13009,22.000000,True,nonmetro,39.453971,True
GA,Georgia,Banks,13011,19789,15562,4.000000,"( 3.5,  4.5)",3.300000,"( 2.9,  3.7)",13,0,0,0,0,0,0,False,0.000000,0.000000,False,0.000000,0.000000,False,False,True,3.000000,3,13011,,False,nonmetro,45.253737,True
GA,Georgia,Barrow,13013,92792,69765,3.200000,"( 2.9,  3.6)",3.100000,"( 2.8,  3.5)",13,0,0,0,0,0,0,False,0.000000,0.000000,False,0.000000,0.000000,False,False,False,1.000000,4,13013,37.000000,True,metro,27.190682,True
GA,Georgia,Bartow,13015,115041,88588,3.400000,"( 3.0,  3.8)",3.100000,"( 2.7,  3.4)",13,0,0,0,0,0,0,False,0.000000,0.000000,False,0.000000,0.000000,False,False,False,1.000000,5,13015,53.000000,True,metro,24.184296,True
GA,Georgia,Ben Hill,13017,17128,12939,5.600000,"( 5.0,  6.2)",4.600000,"( 4.1,  5.1)",13,0,0,0,0,0,0,False,0.000000,0.000000,False,0.000000,0.000000,True,True,True,5.000000,2,13017,13.000000,True,nonmetro,65.298564,True
GA,Georgia,Berrien,13019,18570,14256,4.800000,"( 4.3,  5.4)",4.000000,"( 3.6,  4.5)",13,0,0,0,0,0,0,False,0.000000,0.000000,False,0.000000,0.000000,True,True,True,5.000000,2,13019,13.000000,True,nonmetro,51.566305,True
GA,Georgia,Bibb,13021,156512,118300,4.800000,"( 4.3,  5.4)",4.300000,"( 3.8,  4.8)",13,0,0,0,0,0,0,False,0.000000,0.000000,False,0.000000,0.000000,True,True,True,5.000000,5,13021,92.000000,True,metro,15.928698,True
GA,Georgia,Bleckley,13023,12465,9890,4.300000,"( 3.8,  4.9)",3.700000,"( 3.2,  4.1)",13,0,0,0,0,0,0,False,0.000000,0.000000,False,0.000000,0.000000,True,True,True,4.000000,2,13023,,False,nonmetro,22.797703,True
GA,Georgia,Brantley,13025,18401,14186,4.400000,"( 3.9,  5.0)",3.600000,"( 3.2,  4.1)",13,0,0,0,0,0,0,False,0.000000,0.000000,False,0.000000,0.000000,True,True,True,4.000000,2,13025,10.000000,True,metro,64.569460,True
GA,Georgia,Brooks,13027,16245,12902,5.900000,"( 5.3,  6.6)",4.500000,"( 4.0,  5.0)",13,0,0,0,0,0,0,False,0.000000,0.000000,False,0.000000,0.000000,True,True,True,5.000000,2,13027,,False,metro,26.465712,True
GA,Georgia,Bryan,13029,49739,35571,2.600000,"( 2.3,  3.0)",2.700000,"( 2.3,  3.0)",13,0,0,0,0,0,0,False,0.000000,0.000000,False,0.000000,0.000000,False,False,False,1.000000,4,13029,18.000000,True,metro,98.642277,True
GA,Georgia,Bulloch,13031,84327,67469,3.300000,"( 2.9,  3.6)",3.700000,"( 3.3,  4.1)",13,0,0,0,0,0,0,False,0.000000,0.000000,False,0.000000,0.000000,False,False,True,1.000000,4,13031,28.000000,True,nonmetro,74.078348,True
GA,Georgia,Burke,13033,24438,18515,5.200000,"( 4.7,  5.8)",4.400000,"( 3.9,  4.8)",13,0,0,0,0,0,0,False,0.000000,0.000000,False,0.000000,0.000000,True,True,True,5.000000,3,13033,17.000000,True,metro,26.564331,True
GA,Georgia,Butts,13035,26887,21395,4.000000,"( 3.6,  4.4)",3.600000,"( 3.3,  4.0)",13,0,0,0,0,0,0,False,0.000000,0.000000,False,0.000000,0.000000,False,False,True,3.000000,3,13035,17.000000,True,metro,38.282888,True
GA,Georgia,Calhoun,13037,5457,4642,5.400000,"( 4.8,  6.1)",4.900000,"( 4.4,  5.5)",13,0,0,0,0,0,0,False,0.000000,0.000000,False,0.000000,0.000000,True,True,True,5.000000,1,13037,,False,nonmetro,47.774055,True
GA,Georgia,Camden,13039,58118,44234,3.500000,"( 3.1,  3.9)",3.300000,"( 2.9,  3.7)",13,0,0,0,0,0,0,False,0.000000,0.000000,False,0.000000,0.000000,False,False,True,2.000000,4,13039,16.000000,True,nonmetro,33.427092,True
GA,Georgia,Candler,13043,11059,8146,4.900000,"( 4.3,  5.5)",4.000000,"( 3.6,  4.5)",13,0,0,0,0,0,0,False,0.000000,0.000000,False,0.000000,0.000000,True,True,True,5.000000,2,13043,,False,nonmetro,74.266555,True
GA,Georgia,Carroll,13045,127098,96984,3.500000,"( 3.1,  4.0)",3.400000,"( 3.0,  3.8)",13,0,0,0,0,0,0,False,0.000000,0.000000,False,0.000000,0.000000,False,False,True,2.000000,5,13045,62.000000,True,metro,36.435721,True
GA,Georgia,Catoosa,13047,68910,54038,3.600000,"( 3.1,  4.1)",2.900000,"( 2.5,  3.3)",13,0,0,0,0,0,0,False,0.000000,0.000000,False,0.000000,0.000000,False,False,False,2.000000,4,13047,37.000000,True,metro,11.472994,True
GA,Georgia,Charlton,13049,12934,10660,4.500000,"( 4.0,  4.9)",4.200000,"( 3.8,  4.7)",13,0,0,0,0,0,0,False,0.000000,0.000000,False,0.000000,0.000000,True,True,True,4.000000,2,13049,,False,nonmetro,39.104909,True
GA,Georgia,Chatham,13051,303655,241631,3.700000,"( 3.3,  4.1)",3.300000,"( 3.0,  3.7)",13,0,0,0,0,0,0,False,0.000000,0.000000,False,0.000000,0.000000,False,False,True,2.000000,5,13051,160.000000,True,metro,86.760023,True
GA,Georgia,Chattahoochee,13053,8661,6690,2.000000,"( 1.9,  2.2)",3.800000,"( 3.5,  4.2)",13,0,0,0,0,0,0,False,0.000000,0.000000,False,0.000000,0.000000,False,False,True,1.000000,1,13053,,False,metro,70.571190,True
GA,Georgia,Chattooga,13055,25222,19718,4.900000,"( 4.3,  5.5)",4.100000,"( 3.6,  4.6)",13,0,0,0,0,0,0,False,0.000000,0.000000,False,0.000000,0.000000,True,True,True,5.000000,3,13055,18.000000,True,nonmetro,38.159493,True
GA,Georgia,Cherokee,13057,286602,222757,2.900000,"( 2.5,  3.3)",2.600000,"( 2.2,  2.9)",13,0,0,0,0,0,0,False,0.000000,0.000000,False,0.000000,0.000000,False,False,False,1.000000,5,13057,100.000000,True,metro,15.097346,True
GA,Georgia,Clarke,13059,129933,108382,3.000000,"( 2.7,  3.4)",3.600000,"( 3.2,  4.0)",13,0,0,0,0,0,0,False,0.000000,0.000000,False,0.000000,0.000000,False,False,True,1.000000,5,13059,50.000000,True,metro,47.161163,True
GA,Georgia,Clay,13061,2853,2290,6.600000,"( 5.8,  7.4)",4.600000,"( 4.1,  5.1)",13,0,0,0,0,0,0,False,0.000000,0.000000,False,0.000000,0.000000,True,True,True,5.000000,1,13061,,False,nonmetro,36.060836,True
GA,Georgia,Clayton,13063,298300,219599,4.300000,"( 3.8,  4.8)",4.400000,"( 3.9,  4.9)",13,0,0,0,0,0,0,False,0.000000,0.000000,False,0.000000,0.000000,True,True,True,4.000000,5,13063,122.000000,True,metro,14.034340,True
GA,Georgia,Clinch,13065,6746,5045,5.200000,"( 4.6,  5.8)",4.400000,"( 3.9,  4.9)",13,0,0,0,0,0,0,False,0.000000,0.000000,False,0.000000,0.000000,True,True,True,5.000000,1,13065,,False,nonmetro,74.330634,True
GA,Georgia,Cobb,13067,776743,603821,2.800000,"( 2.5,  3.2)",2.700000,"( 2.4,  3.0)",13,4,4,2,4,4,2,True,0.514971,0.662448,True,0.514971,0.662448,False,False,False,1.000000,5,13067,353.000000,True,metro,6.802712,True
GA,Georgia,Coffee,13069,43317,32601,4.700000,"( 4.2,  5.2)",4.300000,"( 3.9,  4.8)",13,0,0,0,0,0,0,False,0.000000,0.000000,False,0.000000,0.000000,True,True,True,4.000000,4,13069,21.000000,True,nonmetro,81.738374,True
GA,Georgia,Colquitt,13071,46167,34375,4.700000,"( 4.2,  5.2)",4.100000,"( 3.7,  4.6)",13,0,0,0,0,0,0,False,0.000000,0.000000,False,0.000000,0.000000,True,True,True,4.000000,4,13071,33.000000,True,nonmetro,27.178747,True
GA,Georgia,Columbia,13073,165162,124488,3.000000,"( 2.7,  3.4)",2.700000,"( 2.4,  3.1)",13,0,0,0,0,0,0,False,0.000000,0.000000,False,0.000000,0.000000,False,False,False,1.000000,5,13073,59.000000,True,metro,12.415164,True
GA,Georgia,Cook,13075,17714,13235,4.900000,"( 4.4,  5.5)",4.200000,"( 3.8,  4.7)",13,0,0,0,0,0,0,False,0.000000,0.000000,False,0.000000,0.000000,True,True,True,5.000000,2,13075,12.000000,True,nonmetro,39.448414,True
GA,Georgia,Coweta,13077,155892,120448,3.200000,"( 2.8,  3.6)",2.800000,"( 2.5,  3.1)",13,0,0,0,0,0,0,False,0.000000,0.000000,False,0.000000,0.000000,False,False,False,1.000000,5,13077,58.000000,True,metro,32.824859,True
GA,Georgia,Crawford,13079,12277,9813,4.500000,"( 4.0,  5.1)",3.500000,"( 3.1,  3.9)",13,0,0,0,0,0,0,False,0.000000,0.000000,False,0.000000,0.000000,True,True,True,4.000000,2,13079,,False,metro,18.969179,True
GA,Georgia,Crisp,13081,19631,15039,5.700000,"( 5.1,  6.4)",4.600000,"( 4.1,  5.1)",13,0,0,0,0,0,0,False,0.000000,0.000000,False,0.000000,0.000000,True,True,True,5.000000,3,13081,15.000000,True,nonmetro,46.950435,True
GA,Georgia,Dade,13083,16165,13017,3.800000,"( 3.3,  4.3)",3.000000,"( 2.7,  3.4)",13,0,0,0,0,0,0,False,0.000000,0.000000,False,0.000000,0.000000,False,False,False,2.000000,2,13083,,False,metro,15.784635,True
GA,Georgia,Dawson,13085,31732,25312,3.300000,"( 2.8,  3.9)",2.700000,"( 2.3,  3.1)",13,0,0,0,0,0,0,False,0.000000,0.000000,False,0.000000,0.000000,False,False,False,1.000000,3,13085,14.000000,True,metro,26.672827,True
GA,Georgia,Decatur,13087,29087,22056,5.200000,"( 4.6,  5.7)",4.400000,"( 3.9,  4.8)",13,0,0,0,0,0,0,False,0.000000,0.000000,False,0.000000,0.000000,True,True,True,5.000000,3,13087,18.000000,True,nonmetro,34.436928,True
GA,Georgia,DeKalb,13089,762992,591931,3.500000,"( 3.0,  3.9)",3.300000,"( 2.9,  3.7)",13,3,3,1,3,3,1,True,0.393189,0.506816,True,0.393189,0.506816,False,False,False,2.000000,5,13089,281.000000,True,metro,6.391803,True
GA,Georgia,Dodge,13091,19776,16128,5.000000,"( 4.4,  5.5)",4.000000,"( 3.6,  4.5)",13,0,0,0,0,0,0,False,0.000000,0.000000,False,0.000000,0.000000,True,True,True,5.000000,3,13091,,False,nonmetro,38.643413,True
GA,Georgia,Dooly,13093,10981,9303,5.300000,"( 4.7,  5.8)",4.200000,"( 3.8,  4.7)",13,0,0,0,0,0,0,False,0.000000,0.000000,False,0.000000,0.000000,True,True,True,5.000000,2,13093,,False,nonmetro,32.176871,True
GA,Georgia,Dougherty,13095,82645,62618,5.500000,"( 4.9,  6.2)",4.800000,"( 4.3,  5.4)",13,0,0,0,0,0,0,False,0.000000,0.000000,False,0.000000,0.000000,True,True,True,5.000000,4,13095,57.000000,True,metro,52.308714,True
GA,Georgia,Douglas,13097,149160,111702,3.500000,"( 3.2,  3.9)",3.400000,"( 3.1,  3.8)",13,0,0,0,0,0,0,False,0.000000,0.000000,False,0.000000,0.000000,False,False,True,2.000000,5,13097,74.000000,True,metro,18.799467,True
GA,Georgia,Early,13099,10563,7986,5.600000,"( 5.1,  6.2)",4.400000,"( 4.0,  4.9)",13,0,0,0,0,0,0,False,0.000000,0.000000,False,0.000000,0.000000,True,True,True,5.000000,2,13099,,False,nonmetro,29.288863,True
GA,Georgia,Echols,13101,3709,2736,3.600000,"( 3.2,  4.0)",3.300000,"( 3.0,  3.7)",13,0,0,0,0,0,0,False,0.000000,0.000000,False,0.000000,0.000000,False,False,True,2.000000,1,13101,,False,metro,55.799212,True
GA,Georgia,Effingham,13103,71541,52772,3.000000,"( 2.7,  3.4)",2.900000,"( 2.6,  3.3)",13,0,0,0,0,0,0,False,0.000000,0.000000,False,0.000000,0.000000,False,False,False,1.000000,4,13103,29.000000,True,metro,85.619350,True
GA,Georgia,Elbert,13105,20013,15564,4.900000,"( 4.4,  5.5)",3.800000,"( 3.4,  4.2)",13,0,0,0,0,0,0,False,0.000000,0.000000,False,0.000000,0.000000,True,True,True,5.000000,3,13105,16.000000,True,nonmetro,29.463298,True
GA,Georgia,Emanuel,13107,23119,17452,4.800000,"( 4.3,  5.3)",4.300000,"( 3.8,  4.7)",13,0,0,0,0,0,0,False,0.000000,0.000000,False,0.000000,0.000000,True,True,True,5.000000,3,13107,16.000000,True,nonmetro,63.892932,True
GA,Georgia,Evans,13109,10754,8115,4.800000,"( 4.3,  5.4)",4.200000,"( 3.7,  4.7)",13,0,0,0,0,0,0,False,0.000000,0.000000,False,0.000000,0.000000,True,True,True,5.000000,2,13109,,False,nonmetro,90.073119,True
GA,Georgia,Fannin,13111,25955,21938,5.000000,"( 4.3,  5.8)",3.200000,"( 2.8,  3.7)",13,0,0,0,0,0,0,False,0.000000,0.000000,False,0.000000,0.000000,True,True,True,5.000000,3,13111,22.000000,True,nonmetro,55.779111,True
GA,Georgia,Fayette,13113,123351,95974,3.300000,"( 2.9,  3.8)",2.600000,"( 2.3,  2.9)",13,0,0,0,0,0,0,False,0.000000,0.000000,False,0.000000,0.000000,False,False,False,1.000000,5,13113,61.000000,True,metro,23.553870,True
GA,Georgia,Floyd,13115,100113,77443,3.900000,"( 3.4,  4.4)",3.400000,"( 3.0,  3.9)",13,0,0,0,0,0,0,False,0.000000,0.000000,False,0.000000,0.000000,False,False,True,3.000000,5,13115,55.000000,True,metro,42.013399,True
GA,Georgia,Forsyth,13117,272887,203939,2.400000,"( 2.1,  2.7)",2.200000,"( 1.9,  2.5)",13,0,0,0,0,0,0,False,0.000000,0.000000,False,0.000000,0.000000,False,False,False,1.000000,5,13117,80.000000,True,metro,11.976231,True
GA,Georgia,Franklin,13119,24782,19292,4.400000,"( 3.8,  5.0)",3.600000,"( 3.2,  4.1)",13,0,0,0,0,0,0,False,0.000000,0.000000,False,0.000000,0.000000,True,True,True,4.000000,3,13119,15.000000,True,nonmetro,32.125867,True
GA,Georgia,Fulton,13121,1079105,856802,2.900000,"( 2.6,  3.3)",3.000000,"( 2.6,  3.4)",13,37,26,18,39,27,19,True,3.428767,4.318384,True,3.614106,4.551810,False,False,False,1.000000,5,13121,438.000000,True,metro,6.879126,True
GA,Georgia,Gilmer,13123,32860,26936,4.500000,"( 3.9,  5.2)",3.100000,"( 2.7,  3.5)",13,0,0,0,0,0,0,False,0.000000,0.000000,False,0.000000,0.000000,True,True,False,4.000000,3,13123,14.000000,True,nonmetro,46.990041,True
GA,Georgia,Glascock,13125,2954,2319,4.300000,"( 3.8,  4.9)",3.500000,"( 3.1,  4.0)",13,0,0,0,0,0,0,False,0.000000,0.000000,False,0.000000,0.000000,True,True,True,4.000000,1,13125,,False,nonmetro,40.055673,True
GA,Georgia,Glynn,13127,86172,68495,4.400000,"( 3.8,  4.9)",3.300000,"( 2.9,  3.7)",13,0,0,0,0,0,0,False,0.000000,0.000000,False,0.000000,0.000000,True,True,True,4.000000,4,13127,49.000000,True,metro,61.105573,True
GA,Georgia,Gordon,13129,59757,46142,3.900000,"( 3.4,  4.4)",3.400000,"( 3.0,  3.8)",13,0,0,0,0,0,0,False,0.000000,0.000000,False,0.000000,0.000000,False,False,True,3.000000,4,13129,27.000000,True,nonmetro,41.042566,True
GA,Georgia,Grady,13131,26066,19695,5.000000,"( 4.5,  5.6)",4.000000,"( 3.6,  4.4)",13,0,0,0,0,0,0,False,0.000000,0.000000,False,0.000000,0.000000,True,True,True,5.000000,3,13131,16.000000,True,nonmetro,14.876286,True
GA,Georgia,Greene,13133,20722,17235,4.600000,"( 3.9,  5.3)",3.000000,"( 2.6,  3.4)",13,0,0,0,0,0,0,False,0.000000,0.000000,False,0.000000,0.000000,True,True,False,4.000000,3,13133,17.000000,True,nonmetro,63.729807,True
GA,Georgia,Gwinnett,13135,983526,730986,3.000000,"( 2.7,  3.4)",3.000000,"( 2.7,  3.3)",13,0,0,0,0,0,0,False,0.000000,0.000000,False,0.000000,0.000000,False,False,False,1.000000,5,13135,296.000000,True,metro,11.534930,True
GA,Georgia,Habersham,13137,48757,38151,3.800000,"( 3.2,  4.3)",3.100000,"( 2.7,  3.6)",13,0,0,0,0,0,0,False,0.000000,0.000000,False,0.000000,0.000000,False,False,False,2.000000,4,13137,25.000000,True,nonmetro,48.838239,True
GA,Georgia,Hall,13139,217267,166389,3.500000,"( 3.1,  4.0)",3.100000,"( 2.7,  3.5)",13,0,0,0,0,0,0,False,0.000000,0.000000,False,0.000000,0.000000,False,False,False,2.000000,5,13139,89.000000,True,metro,26.439082,True
GA,Georgia,Hancock,13141,8676,7419,7.000000,"( 6.1,  7.7)",5.400000,"( 4.7,  5.9)",13,0,0,0,0,0,0,False,0.000000,0.000000,False,0.000000,0.000000,True,True,True,5.000000,1,13141,,False,nonmetro,55.571756,True
GA,Georgia,Haralson,13143,32038,24278,3.700000,"( 3.2,  4.2)",3.200000,"( 2.8,  3.6)",13,0,0,0,0,0,0,False,0.000000,0.000000,False,0.000000,0.000000,False,False,True,2.000000,3,13143,18.000000,True,metro,38.911985,True
GA,Georgia,Harris,13145,36654,28872,3.500000,"( 3.1,  3.9)",2.700000,"( 2.4,  3.1)",13,0,0,0,0,0,0,False,0.000000,0.000000,False,0.000000,0.000000,False,False,False,2.000000,3,13145,16.000000,True,metro,62.681867,True
GA,Georgia,Hart,13147,27556,22018,4.500000,"( 3.9,  5.1)",3.400000,"( 3.0,  3.8)",13,0,0,0,0,0,0,False,0.000000,0.000000,False,0.000000,0.000000,True,True,True,4.000000,3,13147,17.000000,True,nonmetro,20.943618,True
GA,Georgia,Heard,13149,12034,9275,4.200000,"( 3.7,  4.8)",3.500000,"( 3.1,  4.0)",13,0,0,0,0,0,0,False,0.000000,0.000000,False,0.000000,0.000000,True,True,True,3.000000,2,13149,,False,metro,49.971774,True
GA,Georgia,Henry,13151,254613,191306,3.500000,"( 3.1,  3.9)",3.300000,"( 3.0,  3.7)",13,0,0,0,0,0,0,False,0.000000,0.000000,False,0.000000,0.000000,False,False,True,2.000000,5,13151,114.000000,True,metro,22.379739,True
GA,Georgia,Houston,13153,171974,128292,3.300000,"( 3.0,  3.7)",3.100000,"( 2.8,  3.5)",13,1,1,1,1,1,1,True,0.581483,0.779472,True,0.581483,0.779472,False,False,False,1.000000,5,13153,66.000000,True,metro,5.281702,True
GA,Georgia,Irwin,13155,9120,7005,4.800000,"( 4.2,  5.3)",3.900000,"( 3.5,  4.3)",13,0,0,0,0,0,0,False,0.000000,0.000000,False,0.000000,0.000000,True,True,True,5.000000,2,13155,,False,nonmetro,67.373554,True
GA,Georgia,Jackson,13157,88615,66464,3.200000,"( 2.8,  3.7)",2.900000,"( 2.6,  3.4)",13,0,0,0,0,0,0,False,0.000000,0.000000,False,0.000000,0.000000,False,False,False,1.000000,4,13157,38.000000,True,nonmetro,35.174652,True
GA,Georgia,Jasper,13159,16455,12575,4.200000,"( 3.8,  4.7)",3.500000,"( 3.1,  3.9)",13,0,0,0,0,0,0,False,0.000000,0.000000,False,0.000000,0.000000,True,True,True,3.000000,2,13159,,False,metro,42.670338,True
GA,Georgia,Jeff Davis,13161,14906,11152,4.800000,"( 4.3,  5.4)",4.200000,"( 3.8,  4.7)",13,0,0,0,0,0,0,False,0.000000,0.000000,False,0.000000,0.000000,True,True,True,5.000000,2,13161,,False,nonmetro,80.176781,True
GA,Georgia,Jefferson,13163,15183,11719,5.500000,"( 5.0,  6.2)",4.600000,"( 4.1,  5.1)",13,0,0,0,0,0,0,False,0.000000,0.000000,False,0.000000,0.000000,True,True,True,5.000000,2,13163,15.000000,True,nonmetro,37.820492,True
GA,Georgia,Jenkins,13165,8627,6909,5.500000,"( 5.0,  6.1)",4.800000,"( 4.4,  5.3)",13,0,0,0,0,0,0,False,0.000000,0.000000,False,0.000000,0.000000,True,True,True,5.000000,1,13165,,False,nonmetro,47.121821,True
GA,Georgia,Johnson,13167,9282,7669,5.400000,"( 4.9,  6.1)",4.500000,"( 4.1,  5.0)",13,0,0,0,0,0,0,False,0.000000,0.000000,False,0.000000,0.000000,True,True,True,5.000000,2,13167,,False,nonmetro,55.199992,True
GA,Georgia,Jones,13169,28969,22439,4.200000,"( 3.7,  4.6)",3.500000,"( 3.1,  3.8)",13,0,0,0,0,0,0,False,0.000000,0.000000,False,0.000000,0.000000,True,True,True,3.000000,3,13169,14.000000,True,metro,24.489366,True
GA,Georgia,Lamar,13171,20401,16036,3.900000,"( 3.5,  4.4)",3.500000,"( 3.1,  3.9)",13,0,0,0,0,0,0,False,0.000000,0.000000,False,0.000000,0.000000,False,False,True,3.000000,3,13171,13.000000,True,nonmetro,42.991003,True
GA,Georgia,Lanier,13173,10452,7992,4.600000,"( 4.1,  5.1)",4.200000,"( 3.7,  4.7)",13,0,0,0,0,0,0,False,0.000000,0.000000,False,0.000000,0.000000,True,True,True,4.000000,2,13173,,False,metro,54.036213,True
GA,Georgia,Laurens,13175,49941,37550,4.900000,"( 4.4,  5.5)",4.100000,"( 3.6,  4.5)",13,0,0,0,0,0,0,False,0.000000,0.000000,False,0.000000,0.000000,True,True,True,5.000000,4,13175,29.000000,True,nonmetro,41.724219,True
GA,Georgia,Lee,13177,33872,25370,3.200000,"( 2.8,  3.6)",2.900000,"( 2.6,  3.3)",13,0,0,0,0,0,0,False,0.000000,0.000000,False,0.000000,0.000000,False,False,False,1.000000,3,13177,13.000000,True,metro,59.023963,True
GA,Georgia,Liberty,13179,69210,50108,3.100000,"( 2.8,  3.4)",3.800000,"( 3.4,  4.1)",13,0,0,0,0,0,0,False,0.000000,0.000000,False,0.000000,0.000000,False,False,True,1.000000,4,13179,19.000000,True,metro,103.634281,True
GA,Georgia,Lincoln,13181,7879,6351,5.500000,"( 4.9,  6.2)",3.900000,"( 3.5,  4.3)",13,0,0,0,0,0,0,False,0.000000,0.000000,False,0.000000,0.000000,True,True,True,5.000000,1,13181,,False,metro,34.514296,True
GA,Georgia,Long,13183,19594,14123,3.300000,"( 3.0,  3.7)",3.600000,"( 3.3,  4.0)",13,0,0,0,0,0,0,False,0.000000,0.000000,False,0.000000,0.000000,False,False,True,1.000000,3,13183,,False,metro,99.913738,True
GA,Georgia,Lowndes,13185,120712,91064,3.700000,"( 3.3,  4.1)",3.800000,"( 3.4,  4.2)",13,0,0,0,0,0,0,False,0.000000,0.000000,False,0.000000,0.000000,False,False,True,2.000000,5,13185,47.000000,True,metro,41.732593,True
GA,Georgia,Lumpkin,13187,35258,29477,3.300000,"( 2.9,  3.8)",3.100000,"( 2.6,  3.5)",13,0,0,0,0,0,0,False,0.000000,0.000000,False,0.000000,0.000000,False,False,False,1.000000,3,13187,22.000000,True,metro,36.440657,True
GA,Georgia,McDuffie,13189,21799,16447,4.900000,"( 4.4,  5.5)",3.900000,"( 3.5,  4.4)",13,0,0,0,0,0,0,False,0.000000,0.000000,False,0.000000,0.000000,True,True,True,5.000000,3,13189,17.000000,True,metro,28.654588,True
GA,Georgia,McIntosh,13191,11501,9721,6.400000,"( 5.7,  7.2)",4.300000,"( 3.9,  4.8)",13,0,0,0,0,0,0,False,0.000000,0.000000,False,0.000000,0.000000,True,True,True,5.000000,2,13191,12.000000,True,metro,80.722346,True
GA,Georgia,Macon,13193,11817,9723,6.300000,"( 5.6,  7.0)",5.400000,"( 4.8,  6.0)",13,0,0,0,0,0,0,False,0.000000,0.000000,False,0.000000,0.000000,True,True,True,5.000000,2,13193,,False,nonmetro,31.565467,True
GA,Georgia,Madison,13195,32191,24680,4.300000,"( 3.8,  4.9)",3.600000,"( 3.2,  4.1)",13,0,0,0,0,0,0,False,0.000000,0.000000,False,0.000000,0.000000,True,True,True,4.000000,3,13195,14.000000,True,metro,43.814747,True
GA,Georgia,Marion,13197,7440,5938,5.500000,"( 4.9,  6.2)",4.100000,"( 3.7,  4.5)",13,0,0,0,0,0,0,False,0.000000,0.000000,False,0.000000,0.000000,True,True,True,5.000000,1,13197,,False,metro,55.016672,True
GA,Georgia,Meriwether,13199,20931,16562,5.200000,"( 4.7,  5.8)",4.000000,"( 3.7,  4.5)",13,0,0,0,0,0,0,False,0.000000,0.000000,False,0.000000,0.000000,True,True,True,5.000000,3,13199,23.000000,True,metro,52.925063,True
GA,Georgia,Miller,13201,5747,4410,5.500000,"( 4.8,  6.2)",4.000000,"( 3.6,  4.5)",13,0,0,0,0,0,0,False,0.000000,0.000000,False,0.000000,0.000000,True,True,True,5.000000,1,13201,,False,nonmetro,38.840284,True
GA,Georgia,Mitchell,13205,21114,16263,5.300000,"( 4.8,  6.0)",4.500000,"( 4.0,  4.9)",13,0,0,0,0,0,0,False,0.000000,0.000000,False,0.000000,0.000000,True,True,True,5.000000,3,13205,16.000000,True,nonmetro,29.067296,True
GA,Georgia,Monroe,13207,30625,24227,3.800000,"( 3.4,  4.2)",3.100000,"( 2.8,  3.5)",13,0,0,0,0,0,0,False,0.000000,0.000000,False,0.000000,0.000000,False,False,False,2.000000,3,13207,18.000000,True,metro,33.582344,True
GA,Georgia,Montgomery,13209,8761,6956,4.400000,"( 3.9,  5.0)",3.800000,"( 3.4,  4.3)",13,0,0,0,0,0,0,False,0.000000,0.000000,False,0.000000,0.000000,True,True,True,4.000000,2,13209,,False,nonmetro,71.089024,True
GA,Georgia,Morgan,13211,21460,16735,3.700000,"( 3.2,  4.2)",2.800000,"( 2.5,  3.2)",13,0,0,0,0,0,0,False,0.000000,0.000000,False,0.000000,0.000000,False,False,False,2.000000,3,13211,12.000000,True,metro,48.207285,True
GA,Georgia,Murray,13213,41035,31441,3.700000,"( 3.2,  4.2)",3.300000,"( 2.9,  3.7)",13,0,0,0,0,0,0,False,0.000000,0.000000,False,0.000000,0.000000,False,False,True,2.000000,4,13213,19.000000,True,metro,34.908306,True
GA,Georgia,Muscogee,13215,201877,151740,4.100000,"( 3.7,  4.6)",3.900000,"( 3.5,  4.3)",13,0,0,0,0,0,0,False,0.000000,0.000000,False,0.000000,0.000000,True,True,True,3.000000,5,13215,126.000000,True,metro,67.098707,True
GA,Georgia,Newton,13217,120135,90194,3.800000,"( 3.4,  4.3)",3.600000,"( 3.2,  4.1)",13,0,0,0,0,0,0,False,0.000000,0.000000,False,0.000000,0.000000,False,False,True,2.000000,5,13217,59.000000,True,metro,27.148302,True
GA,Georgia,Oconee,13219,44182,32893,2.700000,"( 2.4,  3.1)",2.200000,"( 1.9,  2.5)",13,0,0,0,0,0,0,False,0.000000,0.000000,False,0.000000,0.000000,False,False,False,1.000000,4,13219,15.000000,True,metro,43.439227,True
GA,Georgia,Oglethorpe,13221,15754,12372,4.100000,"( 3.6,  4.6)",3.200000,"( 2.9,  3.7)",13,0,0,0,0,0,0,False,0.000000,0.000000,False,0.000000,0.000000,True,True,True,3.000000,2,13221,,False,metro,49.610101,True
GA,Georgia,Paulding,13223,183164,136998,2.900000,"( 2.6,  3.3)",2.900000,"( 2.5,  3.2)",13,0,0,0,0,0,0,False,0.000000,0.000000,False,0.000000,0.000000,False,False,False,1.000000,5,13223,78.000000,True,metro,16.317432,True
GA,Georgia,Peach,13225,28805,22815,4.100000,"( 3.6,  4.5)",3.600000,"( 3.2,  4.0)",13,0,0,0,0,0,0,False,0.000000,0.000000,False,0.000000,0.000000,True,True,True,3.000000,3,13225,19.000000,True,metro,11.960694,True
GA,Georgia,Pickens,13227,35969,29293,4.000000,"( 3.4,  4.6)",3.000000,"( 2.6,  3.4)",13,0,0,0,0,0,0,False,0.000000,0.000000,False,0.000000,0.000000,False,False,False,3.000000,3,13227,20.000000,True,metro,32.509701,True
GA,Georgia,Pierce,13229,20425,15398,4.200000,"( 3.8,  4.7)",3.600000,"( 3.2,  4.0)",13,0,0,0,0,0,0,False,0.000000,0.000000,False,0.000000,0.000000,True,True,True,3.000000,3,13229,14.000000,True,nonmetro,76.301203,True
GA,Georgia,Pike,13231,20461,15706,3.400000,"( 3.0,  3.9)",3.000000,"( 2.6,  3.4)",13,0,0,0,0,0,0,False,0.000000,0.000000,False,0.000000,0.000000,False,False,False,1.000000,3,13231,14.000000,True,metro,44.659824,True
GA,Georgia,Polk,13233,44223,33130,4.100000,"( 3.6,  4.6)",3.600000,"( 3.2,  4.1)",13,0,0,0,0,0,0,False,0.000000,0.000000,False,0.000000,0.000000,True,True,True,3.000000,4,13233,30.000000,True,nonmetro,36.070415,True
GA,Georgia,Pulaski,13235,10095,8287,5.100000,"( 4.6,  5.8)",4.100000,"( 3.6,  4.5)",13,0,0,0,0,0,0,False,0.000000,0.000000,False,0.000000,0.000000,True,True,True,5.000000,2,13235,,False,nonmetro,25.267934,True
GA,Georgia,Putnam,13237,23129,18686,4.900000,"( 4.3,  5.6)",3.600000,"( 3.2,  4.0)",13,0,0,0,0,0,0,False,0.000000,0.000000,False,0.000000,0.000000,True,True,True,5.000000,3,13237,13.000000,True,nonmetro,51.607080,True
GA,Georgia,Quitman,13239,2280,1849,7.300000,"( 6.5,  8.1)",4.600000,"( 4.2,  5.1)",13,0,0,0,0,0,0,False,0.000000,0.000000,False,0.000000,0.000000,True,True,True,5.000000,1,13239,,False,nonmetro,47.659163,True
GA,Georgia,Rabun,13241,17442,14652,4.600000,"( 3.9,  5.3)",3.100000,"( 2.7,  3.6)",13,0,0,0,0,0,0,False,0.000000,0.000000,False,0.000000,0.000000,True,True,False,4.000000,2,13241,14.000000,True,nonmetro,32.765634,True
GA,Georgia,Randolph,13243,6078,4809,7.900000,"( 7.0,  8.9)",5.500000,"( 4.9,  6.1)",13,0,0,0,0,0,0,False,0.000000,0.000000,False,0.000000,0.000000,True,True,True,5.000000,1,13243,,False,nonmetro,52.553934,True
GA,Georgia,Richmond,13245,205414,158562,4.400000,"( 3.9,  5.0)",4.200000,"( 3.7,  4.7)",13,1,1,1,1,1,1,True,0.486822,0.630668,True,0.486822,0.630668,False,False,False,4.000000,5,13245,112.000000,True,metro,6.471673,True
GA,Georgia,Rockdale,13247,95987,73494,4.400000,"( 3.9,  4.9)",3.800000,"( 3.4,  4.3)",13,0,0,0,0,0,0,False,0.000000,0.000000,False,0.000000,0.000000,True,True,True,4.000000,4,13247,40.000000,True,metro,18.667303,True
GA,Georgia,Schley,13249,4526,3488,4.400000,"( 3.9,  5.0)",3.500000,"( 3.1,  3.9)",13,0,0,0,0,0,0,False,0.000000,0.000000,False,0.000000,0.000000,True,True,True,4.000000,1,13249,,False,nonmetro,47.368267,True
GA,Georgia,Screven,13251,14174,11178,5.200000,"( 4.7,  5.8)",4.100000,"( 3.7,  4.5)",13,0,0,0,0,0,0,False,0.000000,0.000000,False,0.000000,0.000000,True,True,True,5.000000,2,13251,,False,nonmetro,55.542679,True
GA,Georgia,Seminole,13253,9092,7325,5.400000,"( 4.8,  6.1)",3.900000,"( 3.5,  4.3)",13,0,0,0,0,0,0,False,0.000000,0.000000,False,0.000000,0.000000,True,True,True,5.000000,2,13253,,False,nonmetro,35.799080,True
GA,Georgia,Spalding,13255,69946,53654,4.600000,"( 4.1,  5.1)",3.800000,"( 3.4,  4.3)",13,0,0,0,0,0,0,False,0.000000,0.000000,False,0.000000,0.000000,True,True,True,4.000000,4,13255,54.000000,True,metro,34.660415,True
GA,Georgia,Stephens,13257,27228,21289,4.500000,"( 4.0,  5.1)",3.600000,"( 3.2,  4.0)",13,0,0,0,0,0,0,False,0.000000,0.000000,False,0.000000,0.000000,True,True,True,4.000000,3,13257,17.000000,True,nonmetro,36.659907,True
GA,Georgia,Stewart,13259,4674,4068,5.200000,"( 4.6,  5.7)",5.200000,"( 4.6,  5.7)",13,0,0,0,0,0,0,False,0.000000,0.000000,False,0.000000,0.000000,True,True,True,5.000000,1,13259,,False,metro,68.566674,True
GA,Georgia,Sumter,13261,28890,22380,4.800000,"( 4.3,  5.4)",4.200000,"( 3.8,  4.7)",13,0,0,0,0,0,0,False,0.000000,0.000000,False,0.000000,0.000000,True,True,True,5.000000,3,13261,18.000000,True,nonmetro,51.880615,True
GA,Georgia,Talbot,13263,5718,4784,6.600000,"( 5.9,  7.4)",4.600000,"( 4.1,  5.1)",13,0,0,0,0,0,0,False,0.000000,0.000000,False,0.000000,0.000000,True,True,True,5.000000,1,13263,,False,metro,56.284045,True
GA,Georgia,Taliaferro,13265,1609,1312,6.600000,"( 5.9,  7.3)",4.400000,"( 4.0,  4.9)",13,0,0,0,0,0,0,False,0.000000,0.000000,False,0.000000,0.000000,True,True,True,5.000000,1,13265,,False,nonmetro,52.925705,True
GA,Georgia,Tattnall,13267,24296,19380,4.600000,"( 4.1,  5.1)",4.300000,"( 3.9,  4.8)",13,0,0,0,0,0,0,False,0.000000,0.000000,False,0.000000,0.000000,True,True,True,4.000000,3,13267,16.000000,True,nonmetro,97.761414,True
GA,Georgia,Taylor,13269,7758,6246,6.300000,"( 5.6,  7.1)",4.800000,"( 4.2,  5.3)",13,0,0,0,0,0,0,False,0.000000,0.000000,False,0.000000,0.000000,True,True,True,5.000000,1,13269,,False,nonmetro,34.264859,True
GA,Georgia,Telfair,13271,10920,9009,6.100000,"( 5.5,  6.7)",5.000000,"( 4.5,  5.5)",13,0,0,0,0,0,0,False,0.000000,0.000000,False,0.000000,0.000000,True,True,True,5.000000,2,13271,,False,nonmetro,59.489615,True
GA,Georgia,Terrell,13273,8718,6786,6.400000,"( 5.8,  7.1)",5.000000,"( 4.5,  5.6)",13,0,0,0,0,0,0,False,0.000000,0.000000,False,0.000000,0.000000,True,True,True,5.000000,1,13273,10.000000,True,metro,67.263045,True
GA,Georgia,Thomas,13275,45649,34945,4.600000,"( 4.1,  5.2)",3.700000,"( 3.3,  4.1)",13,1,1,1,1,1,1,True,2.190628,2.861640,True,2.190628,2.861640,False,False,False,4.000000,4,13275,27.000000,True,nonmetro,5.028181,True
GA,Georgia,Tift,13277,41554,31354,4.400000,"( 4.0,  4.9)",3.900000,"( 3.5,  4.4)",13,0,0,0,0,0,0,False,0.000000,0.000000,False,0.000000,0.000000,True,True,True,4.000000,4,13277,19.000000,True,nonmetro,50.876466,True
GA,Georgia,Toombs,13279,27040,19850,4.500000,"( 4.0,  5.1)",3.900000,"( 3.5,  4.4)",13,0,0,0,0,0,0,False,0.000000,0.000000,False,0.000000,0.000000,True,True,True,4.000000,3,13279,24.000000,True,nonmetro,79.274311,True
GA,Georgia,Towns,13281,13035,11309,4.900000,"( 4.2,  5.7)",2.900000,"( 2.6,  3.4)",13,0,0,0,0,0,0,False,0.000000,0.000000,False,0.000000,0.000000,True,True,False,5.000000,2,13281,14.000000,True,nonmetro,42.986314,True
GA,Georgia,Treutlen,13283,6341,4946,5.500000,"( 5.0,  6.1)",4.800000,"( 4.3,  5.3)",13,0,0,0,0,0,0,False,0.000000,0.000000,False,0.000000,0.000000,True,True,True,5.000000,1,13283,,False,nonmetro,62.518601,True
GA,Georgia,Troup,13285,70742,53548,4.300000,"( 3.8,  4.8)",3.800000,"( 3.4,  4.2)",13,0,0,0,0,0,0,False,0.000000,0.000000,False,0.000000,0.000000,True,True,True,4.000000,4,13285,70.000000,True,nonmetro,53.031433,True
GA,Georgia,Turner,13287,8909,6668,5.600000,"( 5.1,  6.3)",4.600000,"( 4.1,  5.1)",13,0,0,0,0,0,0,False,0.000000,0.000000,False,0.000000,0.000000,True,True,True,5.000000,2,13287,,False,nonmetro,62.864375,True
GA,Georgia,Twiggs,13289,7691,6243,5.700000,"( 5.1,  6.3)",4.100000,"( 3.7,  4.5)",13,0,0,0,0,0,0,False,0.000000,0.000000,False,0.000000,0.000000,True,True,True,5.000000,1,13289,,False,metro,14.671907,True
GA,Georgia,Union,13291,27124,23066,4.800000,"( 4.1,  5.6)",3.000000,"( 2.6,  3.4)",13,0,0,0,0,0,0,False,0.000000,0.000000,False,0.000000,0.000000,True,True,False,5.000000,3,13291,20.000000,True,nonmetro,54.894400,True
GA,Georgia,Upson,13293,28263,21805,4.700000,"( 4.2,  5.4)",3.900000,"( 3.5,  4.4)",13,0,0,0,0,0,0,False,0.000000,0.000000,False,0.000000,0.000000,True,True,True,4.000000,3,13293,23.000000,True,nonmetro,45.376193,True
GA,Georgia,Walker,13295,69489,54798,4.000000,"( 3.5,  4.6)",3.300000,"( 2.9,  3.7)",13,0,0,0,0,0,0,False,0.000000,0.000000,False,0.000000,0.000000,False,False,True,3.000000,4,13295,45.000000,True,metro,14.577995,True
GA,Georgia,Walton,13297,106702,81495,3.700000,"( 3.3,  4.2)",3.200000,"( 2.9,  3.7)",13,0,0,0,0,0,0,False,0.000000,0.000000,False,0.000000,0.000000,False,False,True,2.000000,5,13297,52.000000,True,metro,28.261197,True
GA,Georgia,Ware,13299,36243,27189,4.900000,"( 4.4,  5.4)",4.200000,"( 3.8,  4.7)",13,0,0,0,0,0,0,False,0.000000,0.000000,False,0.000000,0.000000,True,True,True,5.000000,3,13299,22.000000,True,nonmetro,75.471006,True
GA,Georgia,Warren,13301,5106,4068,6.100000,"( 5.4,  6.8)",4.500000,"( 4.0,  5.0)",13,0,0,0,0,0,0,False,0.000000,0.000000,False,0.000000,0.000000,True,True,True,5.000000,1,13301,,False,nonmetro,39.849979,True
GA,Georgia,Washington,13303,19820,15608,5.400000,"( 4.8,  6.0)",4.500000,"( 4.1,  5.0)",13,0,0,0,0,0,0,False,0.000000,0.000000,False,0.000000,0.000000,True,True,True,5.000000,3,13303,12.000000,True,nonmetro,53.629104,True
GA,Georgia,Wayne,13305,31373,23759,4.600000,"( 4.1,  5.1)",4.100000,"( 3.7,  4.6)",13,0,0,0,0,0,0,False,0.000000,0.000000,False,0.000000,0.000000,True,True,True,4.000000,3,13305,23.000000,True,nonmetro,89.745077,True
GA,Georgia,Webster,13307,2337,1938,6.400000,"( 5.8,  7.2)",4.500000,"( 4.0,  5.0)",13,0,0,0,0,0,0,False,0.000000,0.000000,False,0.000000,0.000000,True,True,True,5.000000,1,13307,,False,nonmetro,67.088368,True
GA,Georgia,Wheeler,13309,7081,5935,4.800000,"( 4.3,  5.3)",4.500000,"( 4.0,  5.0)",13,0,0,0,0,0,0,False,0.000000,0.000000,False,0.000000,0.000000,True,True,True,5.000000,1,13309,,False,nonmetro,60.281788,True
GA,Georgia,White,13311,29026,23497,4.000000,"( 3.4,  4.6)",3.000000,"( 2.6,  3.4)",13,0,0,0,0,0,0,False,0.000000,0.000000,False,0.000000,0.000000,False,False,False,3.000000,3,13311,17.000000,True,nonmetro,46.821093,True
GA,Georgia,Whitfield,13313,103687,78269,3.700000,"( 3.2,  4.1)",3.300000,"( 2.9,  3.8)",13,0,0,0,0,0,0,False,0.000000,0.000000,False,0.000000,0.000000,False,False,True,2.000000,5,13313,40.000000,True,metro,26.405043,True
GA,Georgia,Wilcox,13315,8779,7154,5.300000,"( 4.7,  5.9)",4.400000,"( 3.9,  4.9)",13,0,0,0,0,0,0,False,0.000000,0.000000,False,0.000000,0.000000,True,True,True,5.000000,2,13315,,False,nonmetro,46.340743,True
GA,Georgia,Wilkes,13317,9518,7557,5.600000,"( 5.1,  6.3)",4.100000,"( 3.7,  4.5)",13,0,0,0,0,0,0,False,0.000000,0.000000,False,0.000000,0.000000,True,True,True,5.000000,2,13317,,False,nonmetro,47.413539,True
GA,Georgia,Wilkinson,13319,8725,6784,5.200000,"( 4.7,  5.8)",4.100000,"( 3.7,  4.5)",13,0,0,0,0,0,0,False,0.000000,0.000000,False,0.000000,0.000000,True,True,True,5.000000,2,13319,,False,nonmetro,28.102566,True
GA,Georgia,Worth,13321,20273,15854,5.000000,"( 4.5,  5.6)",4.000000,"( 3.5,  4.4)",13,0,0,0,0,0,0,False,0.000000,0.000000,False,0.000000,0.000000,True,True,True,5.000000,3,13321,18.000000,True,metro,49.663957,True
HI,Hawaii,Hawaii,15001,207615,164992,4.400000,"( 4.0,  4.8)",3.300000,"( 3.0,  3.6)",15,0,0,0,0,0,0,False,0.000000,0.000000,False,0.000000,0.000000,True,True,True,4.000000,5,15001,144.000000,True,nonmetro,194.516645,True
HI,Hawaii,Honolulu,15003,989408,787914,3.500000,"( 3.1,  3.9)",2.900000,"( 2.6,  3.2)",15,3,3,2,3,3,2,True,0.303212,0.380752,True,0.303212,0.380752,False,False,False,2.000000,5,15003,613.000000,True,metro,9.129628,True
HI,Hawaii,Kalawao,15005,81,75,7.300000,"( 6.2,  8.5)",3.900000,"( 3.4,  4.4)",15,0,0,0,0,0,0,False,0.000000,0.000000,False,0.000000,0.000000,True,True,True,5.000000,1,15005,,False,metro,57.007957,True
HI,Hawaii,Kauai,15007,73851,58274,3.900000,"( 3.6,  4.3)",3.000000,"( 2.7,  3.3)",15,0,0,0,0,0,0,False,0.000000,0.000000,False,0.000000,0.000000,False,False,False,3.000000,4,15007,37.000000,True,nonmetro,113.085419,True
HI,Hawaii,Maui,15009,164183,130270,3.800000,"( 3.5,  4.2)",3.000000,"( 2.7,  3.3)",15,0,0,0,0,0,0,False,0.000000,0.000000,False,0.000000,0.000000,False,False,False,2.000000,5,15009,120.000000,True,metro,93.383732,True
ID,Idaho,Ada,16001,524673,411855,2.800000,"( 2.4,  3.2)",2.500000,"( 2.2,  2.9)",16,2,2,2,2,2,2,True,0.381190,0.485608,True,0.381190,0.485608,False,False,False,1.000000,5,16001,183.000000,True,metro,7.019492,True
ID,Idaho,Adams,16003,4903,4062,4.900000,"( 4.1,  5.6)",3.200000,"( 2.8,  3.6)",16,0,0,0,0,0,0,False,0.000000,0.000000,False,0.000000,0.000000,True,True,True,5.000000,1,16003,,False,nonmetro,85.632015,True
ID,Idaho,Bannock,16005,90400,67958,3.100000,"( 2.7,  3.5)",3.000000,"( 2.6,  3.3)",16,0,0,0,0,0,0,False,0.000000,0.000000,False,0.000000,0.000000,False,False,False,1.000000,4,16005,40.000000,True,metro,121.215915,True
ID,Idaho,Bear Lake,16007,6766,5018,3.900000,"( 3.4,  4.5)",3.000000,"( 2.6,  3.4)",16,0,0,0,0,0,0,False,0.000000,0.000000,False,0.000000,0.000000,False,False,False,3.000000,1,16007,,False,nonmetro,88.630572,True
ID,Idaho,Benewah,16009,10369,8064,4.800000,"( 4.1,  5.5)",3.500000,"( 3.1,  4.0)",16,0,0,0,0,0,0,False,0.000000,0.000000,False,0.000000,0.000000,True,True,True,5.000000,2,16009,,False,nonmetro,29.115772,True
ID,Idaho,Bingham,16011,50395,35914,3.400000,"( 3.0,  3.8)",3.100000,"( 2.7,  3.5)",16,0,0,0,0,0,0,False,0.000000,0.000000,False,0.000000,0.000000,False,False,False,1.000000,4,16011,15.000000,True,nonmetro,145.056491,True
ID,Idaho,Blaine,16013,25041,20458,3.300000,"( 2.8,  3.9)",2.500000,"( 2.1,  2.8)",16,0,0,0,0,0,0,False,0.000000,0.000000,False,0.000000,0.000000,False,False,False,1.000000,3,16013,,False,nonmetro,95.665721,True
ID,Idaho,Boise,16015,8517,7188,4.000000,"( 3.4,  4.6)",2.700000,"( 2.4,  3.1)",16,0,0,0,0,0,0,False,0.000000,0.000000,False,0.000000,0.000000,False,False,False,3.000000,1,16015,,False,metro,23.701605,True
ID,Idaho,Bonner,16017,52547,42293,4.200000,"( 3.6,  4.8)",2.900000,"( 2.6,  3.3)",16,0,0,0,0,0,0,False,0.000000,0.000000,False,0.000000,0.000000,True,True,False,3.000000,4,16017,26.000000,True,nonmetro,40.204058,True
ID,Idaho,Bonneville,16019,131366,92871,3.000000,"( 2.6,  3.4)",2.800000,"( 2.5,  3.2)",16,0,0,0,0,0,0,False,0.000000,0.000000,False,0.000000,0.000000,False,False,False,1.000000,5,16019,36.000000,True,metro,162.780143,True
ID,Idaho,Boundary,16021,13557,10356,4.400000,"( 3.9,  5.1)",3.300000,"( 2.9,  3.7)",16,0,0,0,0,0,0,False,0.000000,0.000000,False,0.000000,0.000000,True,True,True,4.000000,2,16021,,False,nonmetro,74.685842,True
ID,Idaho,Butte,16023,2758,2126,5.400000,"( 4.7,  6.3)",3.800000,"( 3.4,  4.4)",16,0,0,0,0,0,0,False,0.000000,0.000000,False,0.000000,0.000000,True,True,True,5.000000,1,16023,,False,metro,145.140417,True
ID,Idaho,Camas,16025,1232,960,4.000000,"( 3.4,  4.6)",2.800000,"( 2.4,  3.2)",16,0,0,0,0,0,0,False,0.000000,0.000000,False,0.000000,0.000000,False,False,False,3.000000,1,16025,,False,nonmetro,74.838894,True
ID,Idaho,Canyon,16027,257674,189929,3.200000,"( 2.8,  3.6)",3.000000,"( 2.6,  3.4)",16,0,0,0,0,0,0,False,0.000000,0.000000,False,0.000000,0.000000,False,False,False,1.000000,5,16027,96.000000,True,metro,21.574296,True
ID,Idaho,Caribou,16029,7219,5232,3.600000,"( 3.1,  4.0)",2.900000,"( 2.6,  3.3)",16,0,0,0,0,0,0,False,0.000000,0.000000,False,0.000000,0.000000,False,False,False,2.000000,1,16029,,False,nonmetro,106.150986,True
ID,Idaho,Cassia,16031,25696,17834,3.400000,"( 3.0,  3.9)",3.100000,"( 2.7,  3.5)",16,0,0,0,0,0,0,False,0.000000,0.000000,False,0.000000,0.000000,False,False,False,1.000000,3,16031,14.000000,True,nonmetro,127.798035,True
ID,Idaho,Clark,16033,801,612,4.300000,"( 3.7,  5.0)",3.400000,"( 3.0,  3.8)",16,0,0,0,0,0,0,False,0.000000,0.000000,False,0.000000,0.000000,True,True,True,4.000000,1,16033,,False,nonmetro,200.252481,True
ID,Idaho,Clearwater,16035,9214,7803,4.700000,"( 4.1,  5.3)",3.100000,"( 2.8,  3.5)",16,0,0,0,0,0,0,False,0.000000,0.000000,False,0.000000,0.000000,True,True,False,4.000000,2,16035,,False,nonmetro,86.849376,True
ID,Idaho,Custer,16037,4523,3769,4.700000,"( 4.0,  5.4)",3.000000,"( 2.6,  3.4)",16,0,0,0,0,0,0,False,0.000000,0.000000,False,0.000000,0.000000,True,True,False,4.000000,1,16037,,False,nonmetro,114.496676,True
ID,Idaho,Elmore,16039,29724,22520,3.300000,"( 3.0,  3.8)",3.200000,"( 2.9,  3.7)",16,0,0,0,0,0,0,False,0.000000,0.000000,False,0.000000,0.000000,False,False,True,1.000000,3,16039,10.000000,True,nonmetro,43.260565,True
ID,Idaho,Franklin,16041,15494,10847,3.200000,"( 2.8,  3.6)",2.900000,"( 2.5,  3.2)",16,0,0,0,0,0,0,False,0.000000,0.000000,False,0.000000,0.000000,False,False,False,1.000000,2,16041,,False,metro,66.894890,True
ID,Idaho,Fremont,16043,14196,10850,3.400000,"( 3.0,  3.9)",2.900000,"( 2.6,  3.3)",16,0,0,0,0,0,0,False,0.000000,0.000000,False,0.000000,0.000000,False,False,False,1.000000,2,16043,,False,nonmetro,199.800863,True
ID,Idaho,Gem,16045,21071,16445,3.900000,"( 3.4,  4.4)",2.900000,"( 2.5,  3.2)",16,0,0,0,0,0,0,False,0.000000,0.000000,False,0.000000,0.000000,False,False,False,3.000000,3,16045,18.000000,True,metro,24.140027,True
ID,Idaho,Gooding,16047,16061,11928,4.200000,"( 3.7,  4.8)",3.500000,"( 3.1,  3.9)",16,0,0,0,0,0,0,False,0.000000,0.000000,False,0.000000,0.000000,True,True,True,3.000000,2,16047,,False,nonmetro,90.176066,True
ID,Idaho,Idaho,16049,17890,14280,4.600000,"( 4.0,  5.3)",3.100000,"( 2.7,  3.5)",16,0,0,0,0,0,0,False,0.000000,0.000000,False,0.000000,0.000000,True,True,False,4.000000,2,16049,,False,nonmetro,119.423754,True
ID,Idaho,Jefferson,16051,34198,23316,2.900000,"( 2.5,  3.3)",2.800000,"( 2.5,  3.2)",16,0,0,0,0,0,0,False,0.000000,0.000000,False,0.000000,0.000000,False,False,False,1.000000,3,16051,10.000000,True,metro,176.209965,True
ID,Idaho,Jerome,16053,25479,17979,3.800000,"( 3.3,  4.2)",3.500000,"( 3.1,  3.9)",16,0,0,0,0,0,0,False,0.000000,0.000000,False,0.000000,0.000000,False,False,True,2.000000,3,16053,10.000000,True,metro,108.027603,True
ID,Idaho,Kootenai,16055,185010,144057,3.500000,"( 3.0,  4.0)",2.800000,"( 2.5,  3.2)",16,1,1,1,1,1,1,True,0.540511,0.694170,True,0.540511,0.694170,False,False,False,2.000000,5,16055,93.000000,True,metro,7.003932,True
ID,Idaho,Latah,16057,41301,33280,2.700000,"( 2.4,  3.1)",2.900000,"( 2.5,  3.3)",16,0,0,0,0,0,0,False,0.000000,0.000000,False,0.000000,0.000000,False,False,False,1.000000,4,16057,12.000000,True,nonmetro,65.200716,True
ID,Idaho,Lemhi,16059,8441,6904,4.700000,"( 4.1,  5.4)",3.000000,"( 2.7,  3.5)",16,0,0,0,0,0,0,False,0.000000,0.000000,False,0.000000,0.000000,True,True,False,4.000000,1,16059,,False,nonmetro,156.274562,True
ID,Idaho,Lewis,16061,3739,2946,5.300000,"( 4.6,  6.1)",3.500000,"( 3.1,  4.0)",16,0,0,0,0,0,0,False,0.000000,0.000000,False,0.000000,0.000000,True,True,True,5.000000,1,16061,,False,nonmetro,102.823684,True
ID,Idaho,Lincoln,16063,5450,4062,3.500000,"( 3.1,  4.0)",3.200000,"( 2.8,  3.6)",16,0,0,0,0,0,0,False,0.000000,0.000000,False,0.000000,0.000000,False,False,True,2.000000,1,16063,,False,nonmetro,103.976060,True
ID,Idaho,Madison,16065,54547,43341,1.700000,"( 1.5,  1.9)",3.600000,"( 3.1,  4.0)",16,0,0,0,0,0,0,False,0.000000,0.000000,False,0.000000,0.000000,False,False,True,1.000000,4,16065,14.000000,True,nonmetro,185.602998,True
ID,Idaho,Minidoka,16067,22480,16145,3.700000,"( 3.2,  4.2)",3.200000,"( 2.8,  3.6)",16,0,0,0,0,0,0,False,0.000000,0.000000,False,0.000000,0.000000,False,False,True,2.000000,3,16067,,False,nonmetro,132.901318,True
ID,Idaho,Nez Perce,16069,42987,33960,3.900000,"( 3.4,  4.4)",3.000000,"( 2.7,  3.5)",16,0,0,0,0,0,0,False,0.000000,0.000000,False,0.000000,0.000000,False,False,False,3.000000,4,16069,35.000000,True,metro,89.183782,True
ID,Idaho,Oneida,16071,4953,3589,3.600000,"( 3.1,  4.1)",2.800000,"( 2.4,  3.2)",16,0,0,0,0,0,0,False,0.000000,0.000000,False,0.000000,0.000000,False,False,False,2.000000,1,16071,,False,nonmetro,73.135550,True
ID,Idaho,Owyhee,16073,12722,9638,4.400000,"( 3.9,  4.9)",3.600000,"( 3.2,  4.0)",16,0,0,0,0,0,0,False,0.000000,0.000000,False,0.000000,0.000000,True,True,True,4.000000,2,16073,,False,metro,37.655758,True
ID,Idaho,Payette,16075,27279,20474,4.000000,"( 3.5,  4.6)",3.200000,"( 2.8,  3.7)",16,0,0,0,0,0,0,False,0.000000,0.000000,False,0.000000,0.000000,False,False,True,3.000000,3,16075,14.000000,True,nonmetro,44.454022,True
ID,Idaho,Power,16077,8253,5792,3.900000,"( 3.4,  4.4)",3.300000,"( 2.9,  3.7)",16,0,0,0,0,0,0,False,0.000000,0.000000,False,0.000000,0.000000,False,False,True,3.000000,1,16077,,False,nonmetro,119.832396,True
ID,Idaho,Shoshone,16079,14026,11081,4.600000,"( 4.0,  5.1)",3.400000,"( 3.0,  3.8)",16,0,0,0,0,0,0,False,0.000000,0.000000,False,0.000000,0.000000,True,True,True,4.000000,2,16079,,False,nonmetro,34.026255,True
ID,Idaho,Teton,16081,12549,9883,2.700000,"( 2.4,  3.2)",2.500000,"( 2.2,  2.9)",16,0,0,0,0,0,0,False,0.000000,0.000000,False,0.000000,0.000000,False,False,False,1.000000,2,16081,,False,nonmetro,182.637112,True
ID,Idaho,Twin Falls,16083,95156,70457,3.500000,"( 3.0,  4.0)",3.100000,"( 2.7,  3.5)",16,0,0,0,0,0,0,False,0.000000,0.000000,False,0.000000,0.000000,False,False,False,2.000000,4,16083,37.000000,True,metro,112.684181,True
ID,Idaho,Valley,16085,12644,10405,4.300000,"( 3.7,  5.0)",3.000000,"( 2.6,  3.4)",16,0,0,0,0,0,0,False,0.000000,0.000000,False,0.000000,0.000000,True,True,False,4.000000,2,16085,,False,nonmetro,79.943904,True
ID,Idaho,Washington,16087,11425,8903,4.900000,"( 4.2,  5.5)",3.500000,"( 3.0,  3.9)",16,0,0,0,0,0,0,False,0.000000,0.000000,False,0.000000,0.000000,True,True,True,5.000000,2,16087,,False,nonmetro,59.793835,True
IL,Illinois,Adams,17001,64441,49972,3.700000,"( 3.2,  4.3)",2.900000,"( 2.5,  3.3)",17,0,0,0,0,0,0,False,0.000000,0.000000,False,0.000000,0.000000,False,False,False,2.000000,4,17001,37.000000,True,nonmetro,85.178368,True
IL,Illinois,Alexander,17003,4695,3690,6.000000,"( 5.3,  6.7)",4.200000,"( 3.8,  4.7)",17,0,0,0,0,0,0,False,0.000000,0.000000,False,0.000000,0.000000,True,True,True,5.000000,1,17003,,False,metro,103.630141,True
IL,Illinois,Bond,17005,16450,13506,3.600000,"( 3.1,  4.1)",3.100000,"( 2.7,  3.5)",17,0,0,0,0,0,0,False,0.000000,0.000000,False,0.000000,0.000000,False,False,False,2.000000,2,17005,12.000000,True,metro,45.068893,True
IL,Illinois,Boone,17007,53202,40735,3.500000,"( 3.0,  4.0)",2.900000,"( 2.5,  3.3)",17,0,0,0,0,0,0,False,0.000000,0.000000,False,0.000000,0.000000,False,False,False,2.000000,4,17007,27.000000,True,metro,12.935130,True
IL,Illinois,Brown,17009,6294,5228,3.500000,"( 3.1,  4.0)",3.400000,"( 3.1,  3.9)",17,0,0,0,0,0,0,False,0.000000,0.000000,False,0.000000,0.000000,False,False,True,2.000000,1,17009,,False,nonmetro,79.072668,True
IL,Illinois,Bureau,17011,32729,26017,4.100000,"( 3.5,  4.7)",3.000000,"( 2.6,  3.4)",17,0,0,0,0,0,0,False,0.000000,0.000000,False,0.000000,0.000000,True,True,False,3.000000,3,17011,25.000000,True,nonmetro,47.841158,True
IL,Illinois,Calhoun,17013,4317,3452,3.700000,"( 3.3,  4.3)",2.600000,"( 2.3,  2.9)",17,0,0,0,0,0,0,False,0.000000,0.000000,False,0.000000,0.000000,False,False,False,2.000000,1,17013,,False,metro,22.313888,True
IL,Illinois,Carroll,17015,15526,12708,4.100000,"( 3.5,  4.7)",3.100000,"( 2.7,  3.5)",17,0,0,0,0,0,0,False,0.000000,0.000000,False,0.000000,0.000000,True,True,False,3.000000,2,17015,10.000000,True,nonmetro,42.757847,True
IL,Illinois,Cass,17017,12596,9542,3.900000,"( 3.4,  4.4)",3.200000,"( 2.8,  3.6)",17,0,0,0,0,0,0,False,0.000000,0.000000,False,0.000000,0.000000,False,False,True,3.000000,2,17017,,False,nonmetro,62.972421,True
IL,Illinois,Champaign,17019,205644,166549,2.700000,"( 2.4,  3.1)",3.000000,"( 2.6,  3.3)",17,2,2,2,2,2,2,True,0.972555,1.200848,True,0.972555,1.200848,False,False,False,1.000000,5,17019,66.000000,True,metro,4.433053,True
IL,Illinois,Christian,17021,33228,26982,3.800000,"( 3.3,  4.3)",3.100000,"( 2.7,  3.4)",17,0,0,0,0,0,0,False,0.000000,0.000000,False,0.000000,0.000000,False,False,False,2.000000,3,17021,19.000000,True,nonmetro,67.809578,True
IL,Illinois,Clark,17023,15088,11771,3.700000,"( 3.2,  4.2)",2.900000,"( 2.5,  3.3)",17,0,0,0,0,0,0,False,0.000000,0.000000,False,0.000000,0.000000,False,False,False,2.000000,2,17023,10.000000,True,nonmetro,57.246473,True
IL,Illinois,Clay,17025,12999,10006,4.400000,"( 3.8,  5.0)",3.400000,"( 2.9,  3.8)",17,0,0,0,0,0,0,False,0.000000,0.000000,False,0.000000,0.000000,True,True,True,4.000000,2,17025,10.000000,True,nonmetro,91.569307,True
IL,Illinois,Clinton,17027,36785,28932,3.400000,"( 2.9,  3.9)",2.800000,"( 2.4,  3.2)",17,0,0,0,0,0,0,False,0.000000,0.000000,False,0.000000,0.000000,False,False,False,1.000000,3,17027,20.000000,True,metro,38.703458,True
IL,Illinois,Coles,17029,46060,37579,3.600000,"( 3.1,  4.1)",3.200000,"( 2.8,  3.6)",17,0,0,0,0,0,0,False,0.000000,0.000000,False,0.000000,0.000000,False,False,True,2.000000,4,17029,17.000000,True,nonmetro,43.477708,True
IL,Illinois,Cook,17031,5087072,4031580,3.200000,"( 2.9,  3.6)",2.900000,"( 2.6,  3.2)",17,59,42,30,59,42,30,True,1.159803,1.463446,True,1.159803,1.463446,False,False,False,1.000000,5,17031,2626.000000,True,metro,5.426964,True
IL,Illinois,Crawford,17033,18300,14700,3.700000,"( 3.3,  4.3)",3.000000,"( 2.7,  3.4)",17,0,0,0,0,0,0,False,0.000000,0.000000,False,0.000000,0.000000,False,False,False,2.000000,2,17033,11.000000,True,nonmetro,80.264796,True
IL,Illinois,Cumberland,17035,10261,7994,3.700000,"( 3.2,  4.2)",2.800000,"( 2.5,  3.2)",17,0,0,0,0,0,0,False,0.000000,0.000000,False,0.000000,0.000000,False,False,False,2.000000,2,17035,,False,nonmetro,58.202804,True
IL,Illinois,DeKalb,17037,100288,78892,2.900000,"( 2.5,  3.3)",3.000000,"( 2.6,  3.4)",17,0,0,0,0,0,0,False,0.000000,0.000000,False,0.000000,0.000000,False,False,False,1.000000,5,17037,44.000000,True,metro,27.589456,True
IL,Illinois,De Witt,17039,15365,12070,3.700000,"( 3.3,  4.3)",2.900000,"( 2.6,  3.3)",17,0,0,0,0,0,0,False,0.000000,0.000000,False,0.000000,0.000000,False,False,False,2.000000,2,17039,,False,nonmetro,35.639421,True
IL,Illinois,Douglas,17041,19629,14859,3.500000,"( 3.1,  4.0)",2.900000,"( 2.6,  3.3)",17,0,0,0,0,0,0,False,0.000000,0.000000,False,0.000000,0.000000,False,False,False,2.000000,3,17041,13.000000,True,nonmetro,24.664101,True
IL,Illinois,DuPage,17043,921213,719635,2.700000,"( 2.3,  3.1)",2.300000,"( 2.0,  2.6)",17,4,4,3,4,4,3,True,0.434210,0.555837,True,0.434210,0.555837,False,False,False,1.000000,5,17043,508.000000,True,metro,5.250896,True
IL,Illinois,Edgar,17045,16334,13132,4.400000,"( 3.8,  5.0)",3.100000,"( 2.7,  3.6)",17,0,0,0,0,0,0,False,0.000000,0.000000,False,0.000000,0.000000,True,True,False,4.000000,2,17045,10.000000,True,nonmetro,42.138297,True
IL,Illinois,Edwards,17047,5968,4705,4.500000,"( 3.9,  5.1)",3.300000,"( 2.9,  3.8)",17,0,0,0,0,0,0,False,0.000000,0.000000,False,0.000000,0.000000,True,True,True,4.000000,1,17047,,False,nonmetro,115.815188,True
IL,Illinois,Effingham,17049,34331,26215,3.500000,"( 3.0,  4.0)",2.800000,"( 2.4,  3.2)",17,0,0,0,0,0,0,False,0.000000,0.000000,False,0.000000,0.000000,False,False,False,2.000000,3,17049,16.000000,True,nonmetro,72.788260,True
IL,Illinois,Fayette,17051,21164,16988,4.000000,"( 3.5,  4.5)",3.400000,"( 2.9,  3.8)",17,0,0,0,0,0,0,False,0.000000,0.000000,False,0.000000,0.000000,False,False,True,3.000000,3,17051,10.000000,True,nonmetro,67.839634,True
IL,Illinois,Ford,17053,13250,10197,3.800000,"( 3.3,  4.4)",3.100000,"( 2.7,  3.5)",17,0,0,0,0,0,0,False,0.000000,0.000000,False,0.000000,0.000000,False,False,False,2.000000,2,17053,15.000000,True,metro,28.736735,True
IL,Illinois,Franklin,17055,37138,28958,4.400000,"( 3.8,  5.0)",3.400000,"( 2.9,  3.8)",17,0,0,0,0,0,0,False,0.000000,0.000000,False,0.000000,0.000000,True,True,True,4.000000,4,17055,31.000000,True,nonmetro,81.664295,True
IL,Illinois,Fulton,17057,32541,26249,4.100000,"( 3.5,  4.6)",3.200000,"( 2.8,  3.6)",17,0,0,0,0,0,0,False,0.000000,0.000000,False,0.000000,0.000000,True,True,True,3.000000,3,17057,21.000000,True,nonmetro,30.555487,True
IL,Illinois,Gallatin,17059,4670,3791,4.800000,"( 4.1,  5.6)",3.300000,"( 2.9,  3.8)",17,0,0,0,0,0,0,False,0.000000,0.000000,False,0.000000,0.000000,True,True,True,5.000000,1,17059,,False,nonmetro,121.689203,True
IL,Illinois,Greene,17061,11543,9100,4.100000,"( 3.6,  4.7)",3.200000,"( 2.8,  3.6)",17,0,0,0,0,0,0,False,0.000000,0.000000,False,0.000000,0.000000,True,True,True,3.000000,2,17061,,False,nonmetro,41.355300,True
IL,Illinois,Grundy,17063,53578,40665,3.000000,"( 2.6,  3.4)",2.600000,"( 2.3,  3.0)",17,0,0,0,0,0,0,False,0.000000,0.000000,False,0.000000,0.000000,False,False,False,1.000000,4,17063,31.000000,True,metro,18.645754,True
IL,Illinois,Hamilton,17065,7911,6144,4.400000,"( 3.8,  5.1)",3.300000,"( 2.9,  3.7)",17,0,0,0,0,0,0,False,0.000000,0.000000,False,0.000000,0.000000,True,True,True,4.000000,1,17065,,False,nonmetro,96.270460,True
IL,Illinois,Hancock,17067,17186,13505,4.100000,"( 3.6,  4.7)",2.900000,"( 2.6,  3.3)",17,0,0,0,0,0,0,False,0.000000,0.000000,False,0.000000,0.000000,True,True,False,3.000000,2,17067,10.000000,True,nonmetro,80.800996,True
IL,Illinois,Hardin,17069,3569,2918,4.700000,"( 4.1,  5.3)",3.200000,"( 2.8,  3.6)",17,0,0,0,0,0,0,False,0.000000,0.000000,False,0.000000,0.000000,True,True,True,4.000000,1,17069,,False,nonmetro,123.375114,True
IL,Illinois,Henderson,17071,6088,4976,4.500000,"( 3.8,  5.1)",3.000000,"( 2.6,  3.4)",17,0,0,0,0,0,0,False,0.000000,0.000000,False,0.000000,0.000000,True,True,False,4.000000,1,17071,,False,nonmetro,51.030858,True
IL,Illinois,Henry,17073,48448,38043,3.600000,"( 3.2,  4.1)",2.800000,"( 2.4,  3.1)",17,0,0,0,0,0,0,False,0.000000,0.000000,False,0.000000,0.000000,False,False,False,2.000000,4,17073,25.000000,True,metro,26.223477,True
IL,Illinois,Iroquois,17075,26136,20557,4.300000,"( 3.7,  4.9)",3.200000,"( 2.8,  3.6)",17,0,0,0,0,0,0,False,0.000000,0.000000,False,0.000000,0.000000,True,True,True,4.000000,3,17075,22.000000,True,nonmetro,43.413294,True
IL,Illinois,Jackson,17077,52141,42149,3.500000,"( 3.1,  4.0)",3.400000,"( 3.0,  3.9)",17,0,0,0,0,0,0,False,0.000000,0.000000,False,0.000000,0.000000,False,False,True,2.000000,4,17077,27.000000,True,nonmetro,78.635331,True
IL,Illinois,Jasper,17079,9144,7080,3.700000,"( 3.2,  4.2)",2.800000,"( 2.4,  3.1)",17,0,0,0,0,0,0,False,0.000000,0.000000,False,0.000000,0.000000,False,False,False,2.000000,2,17079,,False,nonmetro,76.502478,True
IL,Illinois,Jefferson,17081,36320,28241,4.000000,"( 3.5,  4.5)",3.200000,"( 2.8,  3.6)",17,0,0,0,0,0,0,False,0.000000,0.000000,False,0.000000,0.000000,False,False,True,3.000000,3,17081,23.000000,True,nonmetro,73.054061,True
IL,Illinois,Jersey,17083,21091,16934,3.600000,"( 3.1,  4.1)",2.800000,"( 2.4,  3.2)",17,0,0,0,0,0,0,False,0.000000,0.000000,False,0.000000,0.000000,False,False,False,2.000000,3,17083,13.000000,True,metro,22.256100,True
IL,Illinois,Jo Daviess,17085,21756,17877,4.200000,"( 3.5,  4.8)",2.700000,"( 2.3,  3.1)",17,0,0,0,0,0,0,False,0.000000,0.000000,False,0.000000,0.000000,True,True,False,3.000000,3,17085,14.000000,True,nonmetro,58.118735,True
IL,Illinois,Johnson,17087,13326,11121,4.000000,"( 3.5,  4.6)",3.400000,"( 3.0,  3.8)",17,0,0,0,0,0,0,False,0.000000,0.000000,False,0.000000,0.000000,False,False,True,3.000000,2,17087,,False,nonmetro,107.574760,True
IL,Illinois,Kane,17089,514982,394457,3.000000,"( 2.6,  3.4)",2.600000,"( 2.3,  3.0)",17,0,0,0,0,0,0,False,0.000000,0.000000,False,0.000000,0.000000,False,False,False,1.000000,5,17089,277.000000,True,metro,12.526659,True
IL,Illinois,Kankakee,17091,105940,82054,3.800000,"( 3.3,  4.2)",3.200000,"( 2.9,  3.6)",17,0,0,0,0,0,0,False,0.000000,0.000000,False,0.000000,0.000000,False,False,True,2.000000,5,17091,77.000000,True,metro,28.247428,True
IL,Illinois,Kendall,17093,139976,102765,2.400000,"( 2.1,  2.7)",2.400000,"( 2.1,  2.7)",17,0,0,0,0,0,0,False,0.000000,0.000000,False,0.000000,0.000000,False,False,False,1.000000,5,17093,41.000000,True,metro,14.062398,True
IL,Illinois,Knox,17095,48411,38628,4.300000,"( 3.7,  4.8)",3.300000,"( 2.9,  3.7)",17,0,0,0,0,0,0,False,0.000000,0.000000,False,0.000000,0.000000,True,True,True,4.000000,4,17095,36.000000,True,nonmetro,39.082843,True
IL,Illinois,Lake,17097,708760,546551,2.900000,"( 2.5,  3.3)",2.500000,"( 2.2,  2.9)",17,0,0,0,0,0,0,False,0.000000,0.000000,False,0.000000,0.000000,False,False,False,1.000000,5,17097,254.000000,True,metro,16.577031,True
IL,Illinois,LaSalle,17099,108309,85477,3.700000,"( 3.2,  4.2)",3.000000,"( 2.6,  3.3)",17,0,0,0,0,0,0,False,0.000000,0.000000,False,0.000000,0.000000,False,False,False,2.000000,5,17099,63.000000,True,nonmetro,43.183476,True
IL,Illinois,Lawrence,17101,14813,12103,4.000000,"( 3.5,  4.5)",3.400000,"( 3.0,  3.9)",17,0,0,0,0,0,0,False,0.000000,0.000000,False,0.000000,0.000000,False,False,True,3.000000,2,17101,13.000000,True,nonmetro,99.369065,True
IL,Illinois,Lee,17103,33654,27075,3.900000,"( 3.4,  4.4)",3.000000,"( 2.7,  3.4)",17,0,0,0,0,0,0,False,0.000000,0.000000,False,0.000000,0.000000,False,False,False,3.000000,3,17103,26.000000,True,nonmetro,36.367225,True
IL,Illinois,Livingston,17105,35320,27580,3.800000,"( 3.3,  4.3)",3.000000,"( 2.6,  3.4)",17,0,0,0,0,0,0,False,0.000000,0.000000,False,0.000000,0.000000,False,False,False,2.000000,3,17105,27.000000,True,nonmetro,46.359626,True
IL,Illinois,Logan,17107,27590,22260,3.600000,"( 3.1,  4.1)",3.000000,"( 2.6,  3.4)",17,0,0,0,0,0,0,False,0.000000,0.000000,False,0.000000,0.000000,False,False,False,2.000000,3,17107,17.000000,True,nonmetro,40.137642,True
IL,Illinois,McDonough,17109,26839,21974,3.500000,"( 3.0,  4.0)",3.200000,"( 2.8,  3.6)",17,0,0,0,0,0,0,False,0.000000,0.000000,False,0.000000,0.000000,False,False,True,2.000000,3,17109,18.000000,True,nonmetro,58.760526,True
IL,Illinois,McHenry,17111,312800,242583,2.900000,"( 2.5,  3.3)",2.400000,"( 2.1,  2.8)",17,0,0,0,0,0,0,False,0.000000,0.000000,False,0.000000,0.000000,False,False,False,1.000000,5,17111,148.000000,True,metro,22.529011,True
IL,Illinois,McLean,17113,170441,134722,2.700000,"( 2.4,  3.1)",2.700000,"( 2.4,  3.0)",17,0,0,0,0,0,0,False,0.000000,0.000000,False,0.000000,0.000000,False,False,False,1.000000,5,17113,62.000000,True,metro,35.236773,True
IL,Illinois,Macon,17115,100591,77904,4.100000,"( 3.6,  4.6)",3.200000,"( 2.9,  3.6)",17,0,0,0,0,0,0,False,0.000000,0.000000,False,0.000000,0.000000,True,True,True,3.000000,5,17115,59.000000,True,metro,41.658546,True
IL,Illinois,Macoupin,17117,44018,35091,4.000000,"( 3.4,  4.6)",3.000000,"( 2.6,  3.5)",17,0,0,0,0,0,0,False,0.000000,0.000000,False,0.000000,0.000000,False,False,False,3.000000,4,17117,36.000000,True,metro,41.208249,True
IL,Illinois,Madison,17119,262752,207550,3.400000,"( 2.9,  3.9)",2.800000,"( 2.5,  3.2)",17,0,0,0,0,0,0,False,0.000000,0.000000,False,0.000000,0.000000,False,False,False,1.000000,5,17119,228.000000,True,metro,16.619837,True
IL,Illinois,Marion,17121,36673,28035,4.100000,"( 3.6,  4.7)",3.300000,"( 2.9,  3.7)",17,0,0,0,0,0,0,False,0.000000,0.000000,False,0.000000,0.000000,True,True,True,3.000000,3,17121,29.000000,True,nonmetro,64.053064,True
IL,Illinois,Marshall,17123,11683,9285,4.100000,"( 3.5,  4.7)",2.900000,"( 2.6,  3.3)",17,0,0,0,0,0,0,False,0.000000,0.000000,False,0.000000,0.000000,True,True,False,3.000000,2,17123,11.000000,True,metro,28.728946,True
IL,Illinois,Mason,17125,12523,10018,4.200000,"( 3.6,  4.8)",3.100000,"( 2.7,  3.5)",17,0,0,0,0,0,0,False,0.000000,0.000000,False,0.000000,0.000000,True,True,False,3.000000,2,17125,11.000000,True,nonmetro,33.324110,True
IL,Illinois,Massac,17127,13661,10895,4.400000,"( 3.9,  5.0)",3.300000,"( 2.9,  3.7)",17,0,0,0,0,0,0,False,0.000000,0.000000,False,0.000000,0.000000,True,True,True,4.000000,2,17127,14.000000,True,metro,108.408922,True
IL,Illinois,Menard,17129,11954,9394,3.600000,"( 3.1,  4.1)",2.700000,"( 2.4,  3.1)",17,0,0,0,0,0,0,False,0.000000,0.000000,False,0.000000,0.000000,False,False,False,2.000000,2,17129,,False,metro,49.504309,True
IL,Illinois,Mercer,17131,15487,12237,3.900000,"( 3.3,  4.4)",2.900000,"( 2.5,  3.3)",17,0,0,0,0,0,0,False,0.000000,0.000000,False,0.000000,0.000000,False,False,False,3.000000,2,17131,,False,metro,22.209432,True
IL,Illinois,Monroe,17133,34957,27543,3.000000,"( 2.5,  3.4)",2.300000,"( 2.0,  2.7)",17,0,0,0,0,0,0,False,0.000000,0.000000,False,0.000000,0.000000,False,False,False,1.000000,3,17133,24.000000,True,metro,18.465609,True
IL,Illinois,Montgomery,17135,27663,22131,3.900000,"( 3.4,  4.5)",3.100000,"( 2.7,  3.5)",17,0,0,0,0,0,0,False,0.000000,0.000000,False,0.000000,0.000000,False,False,False,3.000000,3,17135,30.000000,True,nonmetro,54.451228,True
IL,Illinois,Morgan,17137,32140,25898,3.900000,"( 3.4,  4.6)",3.100000,"( 2.7,  3.6)",17,0,0,0,0,0,0,False,0.000000,0.000000,False,0.000000,0.000000,False,False,False,3.000000,3,17137,17.000000,True,nonmetro,66.473579,True
IL,Illinois,Moultrie,17139,14342,10780,3.700000,"( 3.2,  4.3)",3.000000,"( 2.6,  3.4)",17,0,0,0,0,0,0,False,0.000000,0.000000,False,0.000000,0.000000,False,False,False,2.000000,2,17139,,False,nonmetro,38.985102,True
IL,Illinois,Ogle,17141,51265,39938,3.600000,"( 3.1,  4.1)",2.800000,"( 2.5,  3.2)",17,0,0,0,0,0,0,False,0.000000,0.000000,False,0.000000,0.000000,False,False,False,2.000000,4,17141,21.000000,True,nonmetro,20.570328,True
IL,Illinois,Peoria,17143,177513,135266,3.700000,"( 3.2,  4.1)",3.100000,"( 2.7,  3.5)",17,2,2,2,2,2,2,True,1.126678,1.478568,True,1.126678,1.478568,False,False,False,2.000000,5,17143,102.000000,True,metro,6.198002,True
IL,Illinois,Perry,17145,20503,16597,4.200000,"( 3.7,  4.7)",3.400000,"( 3.0,  3.8)",17,0,0,0,0,0,0,False,0.000000,0.000000,False,0.000000,0.000000,True,True,True,3.000000,3,17145,14.000000,True,nonmetro,61.741351,True
IL,Illinois,Piatt,17147,16714,13082,3.300000,"( 2.8,  3.8)",2.500000,"( 2.2,  2.9)",17,0,0,0,0,0,0,False,0.000000,0.000000,False,0.000000,0.000000,False,False,False,1.000000,2,17147,,False,metro,20.276330,True
IL,Illinois,Pike,17149,14342,11015,4.200000,"( 3.6,  4.9)",3.200000,"( 2.8,  3.7)",17,0,0,0,0,0,0,False,0.000000,0.000000,False,0.000000,0.000000,True,True,True,3.000000,2,17149,11.000000,True,nonmetro,58.474868,True
IL,Illinois,Pope,17151,3707,3288,4.700000,"( 4.0,  5.3)",3.000000,"( 2.6,  3.3)",17,0,0,0,0,0,0,False,0.000000,0.000000,False,0.000000,0.000000,True,True,False,4.000000,1,17151,,False,nonmetro,119.070005,True
IL,Illinois,Pulaski,17153,4911,3909,5.700000,"( 5.1,  6.3)",4.400000,"( 3.9,  4.8)",17,0,0,0,0,0,0,False,0.000000,0.000000,False,0.000000,0.000000,True,True,True,5.000000,1,17153,,False,nonmetro,110.903005,True
IL,Illinois,Putnam,17155,5561,4497,3.700000,"( 3.2,  4.3)",2.700000,"( 2.3,  3.1)",17,0,0,0,0,0,0,False,0.000000,0.000000,False,0.000000,0.000000,False,False,False,2.000000,1,17155,,False,nonmetro,40.712661,True
IL,Illinois,Randolph,17157,29815,23890,4.000000,"( 3.5,  4.6)",3.200000,"( 2.8,  3.6)",17,0,0,0,0,0,0,False,0.000000,0.000000,False,0.000000,0.000000,False,False,True,3.000000,3,17157,27.000000,True,nonmetro,44.836287,True
IL,Illinois,Richland,17159,15488,12015,4.000000,"( 3.4,  4.6)",3.000000,"( 2.6,  3.4)",17,0,0,0,0,0,0,False,0.000000,0.000000,False,0.000000,0.000000,False,False,False,3.000000,2,17159,16.000000,True,nonmetro,95.930902,True
IL,Illinois,Rock Island,17161,141236,109684,3.900000,"( 3.4,  4.4)",3.100000,"( 2.8,  3.5)",17,1,1,1,1,1,1,True,0.708035,0.911710,True,0.708035,0.911710,False,False,False,3.000000,5,17161,84.000000,True,metro,5.736578,True
IL,Illinois,St. Clair,17163,251018,194116,3.800000,"( 3.3,  4.2)",3.200000,"( 2.8,  3.6)",17,0,0,0,0,0,0,False,0.000000,0.000000,False,0.000000,0.000000,False,False,True,2.000000,5,17163,190.000000,True,metro,13.191035,True
IL,Illinois,Saline,17165,22873,18163,4.300000,"( 3.7,  4.9)",3.300000,"( 2.9,  3.7)",17,0,0,0,0,0,0,False,0.000000,0.000000,False,0.000000,0.000000,True,True,True,4.000000,3,17165,13.000000,True,nonmetro,108.570422,True
IL,Illinois,Sangamon,17167,193491,151879,3.500000,"( 3.0,  4.0)",2.900000,"( 2.5,  3.2)",17,0,0,0,0,0,0,False,0.000000,0.000000,False,0.000000,0.000000,False,False,False,2.000000,5,17167,93.000000,True,metro,63.504064,True
IL,Illinois,Schuyler,17169,6733,5549,4.500000,"( 3.9,  5.1)",3.300000,"( 2.9,  3.8)",17,0,0,0,0,0,0,False,0.000000,0.000000,False,0.000000,0.000000,True,True,True,4.000000,1,17169,,False,nonmetro,64.689202,True
IL,Illinois,Scott,17171,4710,3763,3.800000,"( 3.3,  4.4)",2.900000,"( 2.5,  3.3)",17,0,0,0,0,0,0,False,0.000000,0.000000,False,0.000000,0.000000,False,False,False,2.000000,1,17171,,False,nonmetro,59.143964,True
IL,Illinois,Shelby,17173,20568,16229,4.100000,"( 3.5,  4.7)",2.900000,"( 2.6,  3.3)",17,0,0,0,0,0,0,False,0.000000,0.000000,False,0.000000,0.000000,True,True,False,3.000000,3,17173,13.000000,True,nonmetro,58.317731,True
IL,Illinois,Stark,17175,5218,4084,4.000000,"( 3.5,  4.5)",2.900000,"( 2.6,  3.4)",17,0,0,0,0,0,0,False,0.000000,0.000000,False,0.000000,0.000000,False,False,False,3.000000,1,17175,,False,metro,29.909398,True
IL,Illinois,Stephenson,17177,43105,34127,4.300000,"( 3.8,  4.9)",3.100000,"( 2.7,  3.5)",17,0,0,0,0,0,0,False,0.000000,0.000000,False,0.000000,0.000000,True,True,False,4.000000,4,17177,31.000000,True,nonmetro,28.640331,True
IL,Illinois,Tazewell,17179,129541,101480,3.400000,"( 2.9,  3.9)",2.700000,"( 2.4,  3.1)",17,0,0,0,0,0,0,False,0.000000,0.000000,False,0.000000,0.000000,False,False,False,1.000000,5,17179,98.000000,True,metro,8.933592,True
IL,Illinois,Union,17181,16667,13274,4.400000,"( 3.8,  5.0)",3.300000,"( 2.9,  3.8)",17,0,0,0,0,0,0,False,0.000000,0.000000,False,0.000000,0.000000,True,True,True,4.000000,2,17181,16.000000,True,nonmetro,95.699017,True
IL,Illinois,Vermilion,17183,71652,54905,4.400000,"( 3.9,  4.9)",3.500000,"( 3.1,  3.9)",17,0,0,0,0,0,0,False,0.000000,0.000000,False,0.000000,0.000000,True,True,True,4.000000,4,17183,45.000000,True,nonmetro,30.506145,True
IL,Illinois,Wabash,17185,10942,8679,4.200000,"( 3.6,  4.7)",3.200000,"( 2.8,  3.6)",17,0,0,0,0,0,0,False,0.000000,0.000000,False,0.000000,0.000000,True,True,True,3.000000,2,17185,,False,nonmetro,110.671041,True
IL,Illinois,Warren,17187,16185,12565,3.700000,"( 3.3,  4.3)",3.000000,"( 2.7,  3.4)",17,0,0,0,0,0,0,False,0.000000,0.000000,False,0.000000,0.000000,False,False,False,2.000000,2,17187,11.000000,True,nonmetro,42.942735,True
IL,Illinois,Washington,17189,13536,10805,3.600000,"( 3.1,  4.2)",2.700000,"( 2.4,  3.1)",17,0,0,0,0,0,0,False,0.000000,0.000000,False,0.000000,0.000000,False,False,False,2.000000,2,17189,11.000000,True,nonmetro,47.334307,True
IL,Illinois,Wayne,17191,15761,12269,4.300000,"( 3.7,  5.0)",3.200000,"( 2.8,  3.7)",17,0,0,0,0,0,0,False,0.000000,0.000000,False,0.000000,0.000000,True,True,True,4.000000,2,17191,11.000000,True,nonmetro,97.275988,True
IL,Illinois,White,17193,13401,10554,4.700000,"( 4.1,  5.5)",3.400000,"( 3.0,  3.9)",17,0,0,0,0,0,0,False,0.000000,0.000000,False,0.000000,0.000000,True,True,True,4.000000,2,17193,10.000000,True,nonmetro,114.782737,True
IL,Illinois,Whiteside,17195,54498,42573,3.800000,"( 3.3,  4.4)",2.900000,"( 2.5,  3.3)",17,0,0,0,0,0,0,False,0.000000,0.000000,False,0.000000,0.000000,False,False,False,2.000000,4,17195,42.000000,True,nonmetro,41.244013,True
IL,Illinois,Will,17197,700728,537627,2.900000,"( 2.6,  3.2)",2.600000,"( 2.3,  2.9)",17,1,1,1,1,1,1,True,0.142709,0.186003,True,0.142709,0.186003,False,False,False,1.000000,5,17197,319.000000,True,metro,7.542381,True
IL,Illinois,Williamson,17199,66706,52683,3.700000,"( 3.2,  4.3)",3.000000,"( 2.6,  3.4)",17,0,0,0,0,0,0,False,0.000000,0.000000,False,0.000000,0.000000,False,False,False,2.000000,4,17199,37.000000,True,nonmetro,89.702864,True
IL,Illinois,Winnebago,17201,280922,215494,4.000000,"( 3.5,  4.5)",3.300000,"( 2.9,  3.7)",17,2,2,2,2,2,2,True,0.711941,0.928100,True,0.711941,0.928100,False,False,False,3.000000,5,17201,171.000000,True,metro,5.575547,True
IL,Illinois,Woodford,17203,38285,29234,3.200000,"( 2.7,  3.7)",2.500000,"( 2.2,  2.9)",17,0,0,0,0,0,0,False,0.000000,0.000000,False,0.000000,0.000000,False,False,False,1.000000,4,17203,26.000000,True,metro,17.320859,True
IN,Indiana,Adams,18001,36288,24924,4.100000,"( 3.5,  4.6)",3.400000,"( 3.0,  3.9)",18,0,0,0,0,0,0,False,0.000000,0.000000,False,0.000000,0.000000,True,True,True,3.000000,3,18001,19.000000,True,nonmetro,28.326669,True
IN,Indiana,Allen,18003,394545,294905,3.400000,"( 3.0,  3.8)",3.000000,"( 2.7,  3.4)",18,0,0,0,1,1,1,False,0.000000,0.000000,True,0.253457,0.339092,False,False,False,1.000000,5,18003,198.000000,True,metro,5.913619,True
IN,Indiana,Bartholomew,18005,84003,63788,3.300000,"( 2.8,  3.7)",2.800000,"( 2.4,  3.2)",18,0,0,0,0,0,0,False,0.000000,0.000000,False,0.000000,0.000000,False,False,False,1.000000,4,18005,36.000000,True,metro,40.696726,True
IN,Indiana,Benton,18007,8729,6634,4.000000,"( 3.5,  4.6)",3.300000,"( 2.9,  3.8)",18,0,0,0,0,0,0,False,0.000000,0.000000,False,0.000000,0.000000,False,False,True,3.000000,2,18007,,False,metro,22.785813,True
IN,Indiana,Blackford,18009,11893,9240,4.800000,"( 4.1,  5.4)",3.600000,"( 3.2,  4.0)",18,0,0,0,0,0,0,False,0.000000,0.000000,False,0.000000,0.000000,True,True,True,5.000000,2,18009,,False,nonmetro,46.586788,True
IN,Indiana,Boone,18011,76120,56880,2.600000,"( 2.3,  3.1)",2.300000,"( 2.0,  2.7)",18,0,0,0,0,0,0,False,0.000000,0.000000,False,0.000000,0.000000,False,False,False,1.000000,4,18011,29.000000,True,metro,20.208873,True
IN,Indiana,Brown,18013,15653,13065,4.100000,"( 3.5,  4.7)",2.800000,"( 2.4,  3.2)",18,0,0,0,0,0,0,False,0.000000,0.000000,False,0.000000,0.000000,True,True,False,3.000000,2,18013,,False,metro,36.961534,True
IN,Indiana,Carroll,18015,20525,16103,3.900000,"( 3.4,  4.4)",3.000000,"( 2.6,  3.4)",18,0,0,0,0,0,0,False,0.000000,0.000000,False,0.000000,0.000000,False,False,False,3.000000,3,18015,,False,metro,20.171249,True
IN,Indiana,Cass,18017,37666,28939,4.100000,"( 3.6,  4.6)",3.300000,"( 2.9,  3.7)",18,0,0,0,0,0,0,False,0.000000,0.000000,False,0.000000,0.000000,True,True,True,3.000000,4,18017,20.000000,True,nonmetro,37.563457,True
IN,Indiana,Clark,18019,125467,98156,3.400000,"( 3.0,  3.8)",3.000000,"( 2.6,  3.3)",18,0,0,0,0,0,0,False,0.000000,0.000000,False,0.000000,0.000000,False,False,False,1.000000,5,18019,64.000000,True,metro,7.053383,True
IN,Indiana,Clay,18021,26460,20399,3.800000,"( 3.3,  4.4)",3.100000,"( 2.7,  3.5)",18,0,0,0,0,0,0,False,0.000000,0.000000,False,0.000000,0.000000,False,False,False,2.000000,3,18021,15.000000,True,metro,55.724119,True
IN,Indiana,Clinton,18023,32730,24122,3.600000,"( 3.1,  4.1)",3.100000,"( 2.7,  3.5)",18,0,0,0,0,0,0,False,0.000000,0.000000,False,0.000000,0.000000,False,False,False,2.000000,3,18023,21.000000,True,nonmetro,22.749538,True
IN,Indiana,Crawford,18025,10438,8319,5.200000,"( 4.5,  5.9)",3.900000,"( 3.4,  4.4)",18,0,0,0,0,0,0,False,0.000000,0.000000,False,0.000000,0.000000,True,True,True,5.000000,2,18025,,False,nonmetro,36.394900,True
IN,Indiana,Daviess,18027,33656,23700,3.900000,"( 3.4,  4.5)",3.400000,"( 2.9,  3.9)",18,0,0,0,0,0,0,False,0.000000,0.000000,False,0.000000,0.000000,False,False,True,3.000000,3,18027,22.000000,True,nonmetro,78.581696,True
IN,Indiana,Dearborn,18029,51215,40242,3.500000,"( 3.0,  4.0)",2.800000,"( 2.4,  3.2)",18,0,0,0,0,0,0,False,0.000000,0.000000,False,0.000000,0.000000,False,False,False,2.000000,4,18029,21.000000,True,metro,22.392464,True
IN,Indiana,Decatur,18031,26399,20278,3.500000,"( 3.0,  4.0)",2.900000,"( 2.5,  3.3)",18,0,0,0,0,0,0,False,0.000000,0.000000,False,0.000000,0.000000,False,False,False,2.000000,3,18031,16.000000,True,nonmetro,45.342891,True
IN,Indiana,DeKalb,18033,44198,33580,3.500000,"( 3.0,  4.0)",2.900000,"( 2.6,  3.3)",18,0,0,0,0,0,0,False,0.000000,0.000000,False,0.000000,0.000000,False,False,False,2.000000,4,18033,24.000000,True,nonmetro,18.118974,True
IN,Indiana,Delaware,18035,112321,91956,3.700000,"( 3.2,  4.2)",3.400000,"( 3.0,  3.9)",18,0,0,0,0,0,0,False,0.000000,0.000000,False,0.000000,0.000000,False,False,True,2.000000,5,18035,90.000000,True,metro,37.735469,True
IN,Indiana,Dubois,18037,43546,33017,3.600000,"( 3.1,  4.2)",2.900000,"( 2.5,  3.3)",18,0,0,0,0,0,0,False,0.000000,0.000000,False,0.000000,0.000000,False,False,False,2.000000,4,18037,39.000000,True,nonmetro,63.243248,True
IN,Indiana,Elkhart,18039,206409,150600,3.700000,"( 3.2,  4.1)",3.300000,"( 2.9,  3.7)",18,0,0,0,0,0,0,False,0.000000,0.000000,False,0.000000,0.000000,False,False,True,2.000000,5,18039,97.000000,True,metro,46.465643,True
IN,Indiana,Fayette,18041,23362,18243,4.400000,"( 3.8,  5.1)",3.500000,"( 3.0,  4.0)",18,0,0,0,0,0,0,False,0.000000,0.000000,False,0.000000,0.000000,True,True,True,4.000000,3,18041,20.000000,True,nonmetro,18.991417,True
IN,Indiana,Floyd,18043,80809,62972,3.300000,"( 2.9,  3.8)",2.800000,"( 2.5,  3.2)",18,0,0,0,0,0,0,False,0.000000,0.000000,False,0.000000,0.000000,False,False,False,1.000000,4,18043,44.000000,True,metro,7.588089,True
IN,Indiana,Fountain,18045,16731,13018,4.000000,"( 3.5,  4.5)",3.100000,"( 2.8,  3.5)",18,0,0,0,0,0,0,False,0.000000,0.000000,False,0.000000,0.000000,False,False,False,3.000000,2,18045,12.000000,True,nonmetro,27.551036,True
IN,Indiana,Franklin,18047,23096,17964,3.700000,"( 3.2,  4.3)",2.900000,"( 2.5,  3.3)",18,0,0,0,0,0,0,False,0.000000,0.000000,False,0.000000,0.000000,False,False,False,2.000000,3,18047,10.000000,True,metro,30.828802,True
IN,Indiana,Fulton,18049,20358,15626,4.200000,"( 3.6,  4.8)",3.200000,"( 2.8,  3.7)",18,0,0,0,0,0,0,False,0.000000,0.000000,False,0.000000,0.000000,True,True,True,3.000000,3,18049,16.000000,True,nonmetro,53.635190,True
IN,Indiana,Gibson,18051,32904,25197,3.700000,"( 3.2,  4.2)",3.000000,"( 2.6,  3.5)",18,0,0,0,0,0,0,False,0.000000,0.000000,False,0.000000,0.000000,False,False,False,2.000000,3,18051,18.000000,True,nonmetro,97.251973,True
IN,Indiana,Grant,18053,66200,51942,4.100000,"( 3.6,  4.7)",3.500000,"( 3.0,  3.9)",18,0,0,0,0,0,0,False,0.000000,0.000000,False,0.000000,0.000000,True,True,True,3.000000,4,18053,52.000000,True,nonmetro,49.619804,True
IN,Indiana,Greene,18055,31196,24492,4.200000,"( 3.6,  4.7)",3.300000,"( 2.9,  3.7)",18,0,0,0,0,0,0,False,0.000000,0.000000,False,0.000000,0.000000,True,True,True,3.000000,3,18055,15.000000,True,nonmetro,67.070899,True
IN,Indiana,Hamilton,18057,371645,278885,2.300000,"( 2.0,  2.7)",2.100000,"( 1.8,  2.4)",18,0,0,0,0,0,0,False,0.000000,0.000000,False,0.000000,0.000000,False,False,False,1.000000,5,18057,111.000000,True,metro,17.654612,True
IN,Indiana,Hancock,18059,86166,66246,3.000000,"( 2.6,  3.4)",2.500000,"( 2.2,  2.9)",18,0,0,0,0,0,0,False,0.000000,0.000000,False,0.000000,0.000000,False,False,False,1.000000,4,18059,40.000000,True,metro,18.276809,True
IN,Indiana,Harrison,18061,40006,31213,3.600000,"( 3.1,  4.1)",2.800000,"( 2.5,  3.2)",18,0,0,0,0,0,0,False,0.000000,0.000000,False,0.000000,0.000000,False,False,False,2.000000,4,18061,20.000000,True,metro,19.424798,True
IN,Indiana,Hendricks,18063,186387,140883,2.800000,"( 2.5,  3.2)",2.500000,"( 2.2,  2.8)",18,0,0,0,0,0,0,False,0.000000,0.000000,False,0.000000,0.000000,False,False,False,1.000000,5,18063,59.000000,True,metro,14.171788,True
IN,Indiana,Henry,18065,48929,39114,3.900000,"( 3.4,  4.4)",3.100000,"( 2.7,  3.6)",18,0,0,0,0,0,0,False,0.000000,0.000000,False,0.000000,0.000000,False,False,False,3.000000,4,18065,40.000000,True,nonmetro,28.440456,True
IN,Indiana,Howard,18067,83831,64586,4.000000,"( 3.4,  4.5)",3.200000,"( 2.8,  3.6)",18,0,0,0,0,0,0,False,0.000000,0.000000,False,0.000000,0.000000,False,False,True,3.000000,4,18067,59.000000,True,metro,40.882039,True
IN,Indiana,Huntington,18069,36781,28842,3.600000,"( 3.1,  4.2)",3.000000,"( 2.6,  3.4)",18,0,0,0,0,0,0,False,0.000000,0.000000,False,0.000000,0.000000,False,False,False,2.000000,3,18069,27.000000,True,nonmetro,26.135696,True
IN,Indiana,Jackson,18071,46460,34546,3.600000,"( 3.1,  4.2)",3.100000,"( 2.6,  3.5)",18,0,0,0,0,0,0,False,0.000000,0.000000,False,0.000000,0.000000,False,False,False,2.000000,4,18071,26.000000,True,nonmetro,44.205676,True
IN,Indiana,Jasper,18073,33535,25921,3.500000,"( 3.1,  4.0)",2.800000,"( 2.5,  3.2)",18,0,0,0,0,0,0,False,0.000000,0.000000,False,0.000000,0.000000,False,False,False,2.000000,3,18073,18.000000,True,metro,27.674943,True
IN,Indiana,Jay,18075,20032,14886,4.300000,"( 3.7,  4.8)",3.400000,"( 3.0,  3.9)",18,0,0,0,0,0,0,False,0.000000,0.000000,False,0.000000,0.000000,True,True,True,4.000000,3,18075,11.000000,True,nonmetro,41.792350,True
IN,Indiana,Jefferson,18077,33056,26481,3.700000,"( 3.2,  4.2)",3.000000,"( 2.6,  3.4)",18,0,0,0,0,0,0,False,0.000000,0.000000,False,0.000000,0.000000,False,False,False,2.000000,3,18077,17.000000,True,nonmetro,30.413208,True
IN,Indiana,Jennings,18079,27622,21266,3.900000,"( 3.4,  4.4)",3.200000,"( 2.8,  3.6)",18,0,0,0,0,0,0,False,0.000000,0.000000,False,0.000000,0.000000,False,False,True,3.000000,3,18079,14.000000,True,nonmetro,45.754345,True
IN,Indiana,Johnson,18081,167819,127387,2.900000,"( 2.5,  3.4)",2.600000,"( 2.3,  3.0)",18,0,0,0,0,0,0,False,0.000000,0.000000,False,0.000000,0.000000,False,False,False,1.000000,5,18081,74.000000,True,metro,15.086932,True
IN,Indiana,Knox,18083,36070,28282,3.800000,"( 3.3,  4.3)",3.200000,"( 2.8,  3.6)",18,0,0,0,0,0,0,False,0.000000,0.000000,False,0.000000,0.000000,False,False,True,2.000000,3,18083,30.000000,True,nonmetro,96.343172,True
IN,Indiana,Kosciusko,18085,80364,61628,3.500000,"( 3.1,  4.0)",2.900000,"( 2.6,  3.3)",18,0,0,0,0,0,0,False,0.000000,0.000000,False,0.000000,0.000000,False,False,False,2.000000,4,18085,53.000000,True,nonmetro,38.207043,True
IN,Indiana,LaGrange,18087,40907,28068,3.600000,"( 3.1,  4.1)",3.200000,"( 2.8,  3.7)",18,0,0,0,0,0,0,False,0.000000,0.000000,False,0.000000,0.000000,False,False,True,2.000000,4,18087,13.000000,True,nonmetro,38.165450,True
IN,Indiana,Lake,18089,500598,385370,4.000000,"( 3.5,  4.4)",3.300000,"( 3.0,  3.7)",18,4,4,3,4,4,3,True,0.799044,1.037964,True,0.799044,1.037964,False,False,False,3.000000,5,18089,265.000000,True,metro,5.276923,True
IN,Indiana,LaPorte,18091,111706,88166,3.900000,"( 3.4,  4.4)",3.200000,"( 2.8,  3.6)",18,0,0,0,0,0,0,False,0.000000,0.000000,False,0.000000,0.000000,False,False,True,3.000000,5,18091,59.000000,True,metro,30.482795,True
IN,Indiana,Lawrence,18093,45084,35554,3.900000,"( 3.4,  4.4)",3.000000,"( 2.7,  3.4)",18,0,0,0,0,0,0,False,0.000000,0.000000,False,0.000000,0.000000,False,False,False,3.000000,4,18093,26.000000,True,nonmetro,56.899142,True
IN,Indiana,Madison,18095,132504,104288,3.800000,"( 3.4,  4.3)",3.200000,"( 2.8,  3.6)",18,0,0,0,0,0,0,False,0.000000,0.000000,False,0.000000,0.000000,False,False,True,2.000000,5,18095,96.000000,True,metro,34.065775,True
IN,Indiana,Marion,18097,968460,727834,3.500000,"( 3.1,  3.9)",3.400000,"( 3.0,  3.9)",18,13,11,11,15,12,11,True,1.342337,1.786122,True,1.548851,2.060909,False,False,False,2.000000,5,18097,390.000000,True,metro,7.005377,True
IN,Indiana,Marshall,18099,46352,35175,3.900000,"( 3.4,  4.5)",3.100000,"( 2.7,  3.6)",18,0,0,0,0,0,0,False,0.000000,0.000000,False,0.000000,0.000000,False,False,False,3.000000,4,18099,32.000000,True,nonmetro,53.940967,True
IN,Indiana,Martin,18101,9897,7723,4.200000,"( 3.6,  4.8)",3.200000,"( 2.8,  3.6)",18,0,0,0,0,0,0,False,0.000000,0.000000,False,0.000000,0.000000,True,True,True,3.000000,2,18101,,False,nonmetro,66.009674,True
IN,Indiana,Miami,18103,35402,28092,4.000000,"( 3.5,  4.5)",3.400000,"( 3.0,  3.8)",18,0,0,0,0,0,0,False,0.000000,0.000000,False,0.000000,0.000000,False,False,True,3.000000,3,18103,22.000000,True,nonmetro,48.298486,True
IN,Indiana,Monroe,18105,139342,117382,2.700000,"( 2.3,  3.1)",2.900000,"( 2.5,  3.3)",18,0,0,0,0,0,0,False,0.000000,0.000000,False,0.000000,0.000000,False,False,False,1.000000,5,18105,53.000000,True,metro,46.625561,True
IN,Indiana,Montgomery,18107,38573,29757,3.900000,"( 3.3,  4.4)",3.100000,"( 2.7,  3.6)",18,0,0,0,0,0,0,False,0.000000,0.000000,False,0.000000,0.000000,False,False,False,3.000000,4,18107,16.000000,True,nonmetro,27.276053,True
IN,Indiana,Morgan,18109,73227,57218,3.500000,"( 3.1,  4.1)",2.900000,"( 2.5,  3.3)",18,0,0,0,0,0,0,False,0.000000,0.000000,False,0.000000,0.000000,False,False,False,2.000000,4,18109,38.000000,True,metro,22.158903,True
IN,Indiana,Newton,18111,13960,11012,4.100000,"( 3.6,  4.6)",3.200000,"( 2.8,  3.6)",18,0,0,0,0,0,0,False,0.000000,0.000000,False,0.000000,0.000000,True,True,True,3.000000,2,18111,,False,metro,29.918393,True
IN,Indiana,Noble,18113,47430,36001,3.600000,"( 3.1,  4.1)",3.000000,"( 2.6,  3.4)",18,0,0,0,0,0,0,False,0.000000,0.000000,False,0.000000,0.000000,False,False,False,2.000000,4,18113,26.000000,True,nonmetro,24.620740,True
IN,Indiana,Ohio,18115,6004,4809,4.100000,"( 3.5,  4.6)",2.900000,"( 2.6,  3.3)",18,0,0,0,0,0,0,False,0.000000,0.000000,False,0.000000,0.000000,True,True,False,3.000000,1,18115,,False,metro,24.392004,True
IN,Indiana,Orange,18117,19638,15128,4.200000,"( 3.6,  4.8)",3.200000,"( 2.8,  3.7)",18,0,0,0,0,0,0,False,0.000000,0.000000,False,0.000000,0.000000,True,True,True,3.000000,3,18117,11.000000,True,nonmetro,45.393071,True
IN,Indiana,Owen,18119,21532,17270,4.100000,"( 3.6,  4.7)",3.200000,"( 2.8,  3.6)",18,0,0,0,0,0,0,False,0.000000,0.000000,False,0.000000,0.000000,True,True,True,3.000000,3,18119,12.000000,True,metro,46.555536,True
IN,Indiana,Parke,18121,16484,12706,4.500000,"( 3.9,  5.2)",3.500000,"( 3.1,  4.0)",18,0,0,0,0,0,0,False,0.000000,0.000000,False,0.000000,0.000000,True,True,True,4.000000,2,18121,,False,nonmetro,48.888935,True
IN,Indiana,Perry,18123,19209,15282,3.800000,"( 3.3,  4.3)",3.100000,"( 2.7,  3.5)",18,0,0,0,0,0,0,False,0.000000,0.000000,False,0.000000,0.000000,False,False,False,2.000000,3,18123,,False,nonmetro,54.370602,True
IN,Indiana,Pike,18125,12106,9417,4.100000,"( 3.5,  4.7)",3.100000,"( 2.7,  3.6)",18,0,0,0,0,0,0,False,0.000000,0.000000,False,0.000000,0.000000,True,True,False,3.000000,2,18125,10.000000,True,nonmetro,80.814407,True
IN,Indiana,Porter,18127,175335,138304,3.200000,"( 2.8,  3.7)",2.700000,"( 2.4,  3.1)",18,0,0,0,0,0,0,False,0.000000,0.000000,False,0.000000,0.000000,False,False,False,1.000000,5,18127,83.000000,True,metro,13.263832,True
IN,Indiana,Posey,18129,25040,19685,3.600000,"( 3.1,  4.1)",2.800000,"( 2.4,  3.1)",18,0,0,0,0,0,0,False,0.000000,0.000000,False,0.000000,0.000000,False,False,False,2.000000,3,18129,11.000000,True,metro,113.340990,True
IN,Indiana,Pulaski,18131,12385,9679,4.200000,"( 3.7,  4.8)",3.200000,"( 2.8,  3.6)",18,0,0,0,0,0,0,False,0.000000,0.000000,False,0.000000,0.000000,True,True,True,3.000000,2,18131,,False,nonmetro,42.522970,True
IN,Indiana,Putnam,18133,37567,30179,3.400000,"( 2.9,  3.8)",3.000000,"( 2.6,  3.4)",18,0,0,0,0,0,0,False,0.000000,0.000000,False,0.000000,0.000000,False,False,False,1.000000,4,18133,21.000000,True,nonmetro,37.351025,True
IN,Indiana,Randolph,18135,24216,18722,4.200000,"( 3.6,  4.8)",3.200000,"( 2.8,  3.7)",18,0,0,0,0,0,0,False,0.000000,0.000000,False,0.000000,0.000000,True,True,True,3.000000,3,18135,22.000000,True,nonmetro,24.951875,True
IN,Indiana,Ripley,18137,29227,22263,3.600000,"( 3.1,  4.1)",2.900000,"( 2.5,  3.3)",18,0,0,0,0,0,0,False,0.000000,0.000000,False,0.000000,0.000000,False,False,False,2.000000,3,18137,21.000000,True,nonmetro,38.440449,True
IN,Indiana,Rush,18139,16847,13067,4.000000,"( 3.5,  4.5)",3.200000,"( 2.8,  3.6)",18,0,0,0,0,0,0,False,0.000000,0.000000,False,0.000000,0.000000,False,False,True,3.000000,2,18139,,False,nonmetro,33.167498,True
IN,Indiana,St. Joseph,18141,272848,209729,3.400000,"( 3.0,  3.9)",3.100000,"( 2.7,  3.5)",18,0,0,0,0,0,0,False,0.000000,0.000000,False,0.000000,0.000000,False,False,False,1.000000,5,18141,152.000000,True,metro,52.406118,True
IN,Indiana,Scott,18143,24657,19068,3.900000,"( 3.4,  4.5)",3.300000,"( 2.9,  3.8)",18,0,0,0,0,0,0,False,0.000000,0.000000,False,0.000000,0.000000,False,False,True,3.000000,3,18143,12.000000,True,nonmetro,25.783156,True
IN,Indiana,Shelby,18145,45231,35206,3.700000,"( 3.2,  4.3)",3.000000,"( 2.7,  3.4)",18,0,0,0,0,0,0,False,0.000000,0.000000,False,0.000000,0.000000,False,False,False,2.000000,4,18145,18.000000,True,metro,25.655935,True
IN,Indiana,Spencer,18147,19910,15626,3.600000,"( 3.2,  4.2)",2.800000,"( 2.5,  3.2)",18,0,0,0,0,0,0,False,0.000000,0.000000,False,0.000000,0.000000,False,False,False,2.000000,3,18147,12.000000,True,nonmetro,70.106978,True
IN,Indiana,Starke,18149,23206,18050,4.300000,"( 3.7,  4.8)",3.300000,"( 2.9,  3.8)",18,0,0,0,0,0,0,False,0.000000,0.000000,False,0.000000,0.000000,True,True,True,4.000000,3,18149,10.000000,True,nonmetro,39.254790,True
IN,Indiana,Steuben,18151,34917,28111,3.700000,"( 3.2,  4.3)",2.900000,"( 2.5,  3.3)",18,0,0,0,0,0,0,False,0.000000,0.000000,False,0.000000,0.000000,False,False,False,2.000000,3,18151,17.000000,True,nonmetro,36.585658,True
IN,Indiana,Sullivan,18153,20757,16872,4.000000,"( 3.6,  4.6)",3.400000,"( 3.0,  3.9)",18,0,0,0,0,0,0,False,0.000000,0.000000,False,0.000000,0.000000,False,False,True,3.000000,3,18153,,False,metro,79.431376,True
IN,Indiana,Switzerland,18155,10019,7652,4.300000,"( 3.7,  4.9)",3.400000,"( 2.9,  3.8)",18,0,0,0,0,0,0,False,0.000000,0.000000,False,0.000000,0.000000,True,True,True,4.000000,2,18155,,False,nonmetro,34.651161,True
IN,Indiana,Tippecanoe,18157,188792,150623,2.700000,"( 2.3,  3.0)",3.100000,"( 2.7,  3.5)",18,1,1,1,1,1,1,True,0.529683,0.663909,True,0.529683,0.663909,False,False,False,1.000000,5,18157,62.000000,True,metro,3.626591,True
IN,Indiana,Tipton,18159,15256,12151,3.800000,"( 3.2,  4.3)",2.800000,"( 2.4,  3.2)",18,0,0,0,0,0,0,False,0.000000,0.000000,False,0.000000,0.000000,False,False,False,2.000000,2,18159,,False,metro,37.828351,True
IN,Indiana,Union,18161,6973,5517,3.600000,"( 3.2,  4.2)",2.800000,"( 2.5,  3.2)",18,0,0,0,0,0,0,False,0.000000,0.000000,False,0.000000,0.000000,False,False,False,2.000000,1,18161,,False,nonmetro,14.681983,True
IN,Indiana,Vanderburgh,18163,179810,140992,3.700000,"( 3.2,  4.2)",3.100000,"( 2.8,  3.6)",18,0,0,0,0,0,0,False,0.000000,0.000000,False,0.000000,0.000000,False,False,False,2.000000,5,18163,107.000000,True,metro,98.941695,True
IN,Indiana,Vermillion,18165,15417,12095,4.000000,"( 3.5,  4.6)",3.200000,"( 2.8,  3.6)",18,0,0,0,0,0,0,False,0.000000,0.000000,False,0.000000,0.000000,False,False,True,3.000000,2,18165,14.000000,True,metro,48.080582,True
IN,Indiana,Vigo,18167,106153,84369,3.800000,"( 3.3,  4.3)",3.400000,"( 3.0,  3.9)",18,0,0,0,0,0,0,False,0.000000,0.000000,False,0.000000,0.000000,False,False,True,2.000000,5,18167,47.000000,True,metro,62.535603,True
IN,Indiana,Wabash,18169,30670,24213,4.000000,"( 3.4,  4.5)",3.000000,"( 2.6,  3.4)",18,0,0,0,0,0,0,False,0.000000,0.000000,False,0.000000,0.000000,False,False,False,3.000000,3,18169,27.000000,True,nonmetro,40.511789,True
IN,Indiana,Warren,18171,8518,6645,4.000000,"( 3.4,  4.6)",3.000000,"( 2.6,  3.4)",18,0,0,0,0,0,0,False,0.000000,0.000000,False,0.000000,0.000000,False,False,False,3.000000,1,18171,,False,metro,23.501430,True
IN,Indiana,Warrick,18173,65867,50898,3.100000,"( 2.6,  3.5)",2.500000,"( 2.1,  2.8)",18,0,0,0,0,0,0,False,0.000000,0.000000,False,0.000000,0.000000,False,False,False,1.000000,4,18173,33.000000,True,metro,88.438539,True
IN,Indiana,Washington,18175,28205,21906,4.100000,"( 3.6,  4.7)",3.300000,"( 2.9,  3.8)",18,0,0,0,0,0,0,False,0.000000,0.000000,False,0.000000,0.000000,True,True,True,3.000000,3,18175,14.000000,True,metro,28.426339,True
IN,Indiana,Wayne,18177,66127,51199,4.200000,"( 3.7,  4.8)",3.400000,"( 3.0,  3.9)",18,1,1,1,1,1,1,True,1.512242,1.953163,True,1.512242,1.953163,False,False,False,3.000000,4,18177,40.000000,True,nonmetro,4.773324,True
IN,Indiana,Wells,18179,28555,21512,3.500000,"( 3.1,  4.0)",2.900000,"( 2.5,  3.2)",18,0,0,0,0,0,0,False,0.000000,0.000000,False,0.000000,0.000000,False,False,False,2.000000,3,18179,19.000000,True,metro,25.223044,True
IN,Indiana,White,18181,24917,19028,4.000000,"( 3.4,  4.5)",3.000000,"( 2.6,  3.4)",18,0,0,0,0,0,0,False,0.000000,0.000000,False,0.000000,0.000000,False,False,False,3.000000,3,18181,14.000000,True,nonmetro,23.639168,True
IN,Indiana,Whitley,18183,34742,26865,3.500000,"( 3.0,  4.0)",2.800000,"( 2.5,  3.2)",18,0,0,0,0,0,0,False,0.000000,0.000000,False,0.000000,0.000000,False,False,False,2.000000,3,18183,20.000000,True,metro,18.834196,True
IA,Iowa,Adair,19001,7389,5700,4.100000,"( 3.5,  4.7)",3.000000,"( 2.6,  3.4)",19,0,0,0,0,0,0,False,0.000000,0.000000,False,0.000000,0.000000,True,True,False,3.000000,1,19001,,False,nonmetro,43.202935,True
IA,Iowa,Adams,19003,3544,2778,4.100000,"( 3.5,  4.7)",2.800000,"( 2.5,  3.2)",19,0,0,0,0,0,0,False,0.000000,0.000000,False,0.000000,0.000000,True,True,False,3.000000,1,19003,,False,nonmetro,63.111550,True
IA,Iowa,Allamakee,19005,14074,10623,4.100000,"( 3.6,  4.7)",3.000000,"( 2.6,  3.4)",19,0,0,0,0,0,0,False,0.000000,0.000000,False,0.000000,0.000000,True,True,False,3.000000,2,19005,,False,nonmetro,74.725083,True
IA,Iowa,Appanoose,19007,12119,9467,4.800000,"( 4.1,  5.5)",3.500000,"( 3.0,  4.0)",19,0,0,0,0,0,0,False,0.000000,0.000000,False,0.000000,0.000000,True,True,True,5.000000,2,19007,,False,nonmetro,72.736206,True
IA,Iowa,Audubon,19009,5534,4333,4.300000,"( 3.7,  5.0)",3.000000,"( 2.6,  3.4)",19,0,0,0,0,0,0,False,0.000000,0.000000,False,0.000000,0.000000,True,True,False,4.000000,1,19009,,False,nonmetro,60.199401,True
IA,Iowa,Benton,19011,25796,19933,3.400000,"( 2.9,  4.0)",2.600000,"( 2.3,  3.0)",19,0,0,0,0,0,0,False,0.000000,0.000000,False,0.000000,0.000000,False,False,False,1.000000,3,19011,14.000000,True,metro,20.928813,True
IA,Iowa,Black Hawk,19013,130471,101949,3.300000,"( 2.9,  3.8)",3.000000,"( 2.6,  3.4)",19,0,0,0,0,0,0,False,0.000000,0.000000,False,0.000000,0.000000,False,False,False,1.000000,5,19013,60.000000,True,metro,50.004081,True
IA,Iowa,Boone,19015,26590,21104,3.300000,"( 2.8,  3.8)",2.600000,"( 2.2,  3.0)",19,0,0,0,0,0,0,False,0.000000,0.000000,False,0.000000,0.000000,False,False,False,1.000000,3,19015,15.000000,True,metro,32.584787,True
IA,Iowa,Bremer,19017,25307,19617,3.100000,"( 2.7,  3.6)",2.500000,"( 2.2,  2.9)",19,0,0,0,0,0,0,False,0.000000,0.000000,False,0.000000,0.000000,False,False,False,1.000000,3,19017,,False,metro,63.334206,True
IA,Iowa,Buchanan,19019,20691,15459,3.300000,"( 2.9,  3.8)",2.700000,"( 2.3,  3.0)",19,0,0,0,0,0,0,False,0.000000,0.000000,False,0.000000,0.000000,False,False,False,1.000000,3,19019,,False,nonmetro,35.735838,True
IA,Iowa,Buena Vista,19021,20567,15115,3.600000,"( 3.2,  4.1)",3.200000,"( 2.8,  3.6)",19,0,0,0,0,0,0,False,0.000000,0.000000,False,0.000000,0.000000,False,False,True,2.000000,3,19021,,False,nonmetro,97.694985,True
IA,Iowa,Butler,19023,14172,11057,4.000000,"( 3.4,  4.5)",2.900000,"( 2.5,  3.3)",19,0,0,0,0,0,0,False,0.000000,0.000000,False,0.000000,0.000000,False,False,False,3.000000,2,19023,,False,nonmetro,74.620603,True
IA,Iowa,Calhoun,19025,9763,7637,3.800000,"( 3.3,  4.4)",2.900000,"( 2.5,  3.3)",19,0,0,0,0,0,0,False,0.000000,0.000000,False,0.000000,0.000000,False,False,False,2.000000,2,19025,,False,nonmetro,73.818531,True
IA,Iowa,Carroll,19027,20522,15519,3.700000,"( 3.2,  4.3)",2.800000,"( 2.4,  3.2)",19,0,0,0,0,0,0,False,0.000000,0.000000,False,0.000000,0.000000,False,False,False,2.000000,3,19027,,False,nonmetro,67.068435,True
IA,Iowa,Cass,19029,13130,10126,4.300000,"( 3.7,  4.9)",3.100000,"( 2.7,  3.5)",19,0,0,0,0,0,0,False,0.000000,0.000000,False,0.000000,0.000000,True,True,False,4.000000,2,19029,10.000000,True,nonmetro,50.745220,True
IA,Iowa,Cedar,19031,18302,14479,3.600000,"( 3.1,  4.1)",2.700000,"( 2.4,  3.1)",19,0,0,0,0,0,0,False,0.000000,0.000000,False,0.000000,0.000000,False,False,False,2.000000,2,19031,,False,nonmetro,20.482527,True
IA,Iowa,Cerro Gordo,19033,42406,33545,3.900000,"( 3.4,  4.5)",2.800000,"( 2.5,  3.2)",19,0,0,0,0,0,0,False,0.000000,0.000000,False,0.000000,0.000000,False,False,False,3.000000,4,19033,18.000000,True,nonmetro,72.617933,True
IA,Iowa,Cherokee,19035,11605,8953,4.300000,"( 3.7,  4.9)",3.000000,"( 2.7,  3.5)",19,0,0,0,0,0,0,False,0.000000,0.000000,False,0.000000,0.000000,True,True,False,4.000000,2,19035,,False,nonmetro,79.274922,True
IA,Iowa,Chickasaw,19037,11658,8978,3.900000,"( 3.3,  4.5)",2.800000,"( 2.5,  3.2)",19,0,0,0,0,0,0,False,0.000000,0.000000,False,0.000000,0.000000,False,False,False,3.000000,2,19037,,False,nonmetro,68.405569,True
IA,Iowa,Clarke,19039,9588,7120,4.300000,"( 3.7,  4.9)",3.400000,"( 3.0,  3.9)",19,0,0,0,0,0,0,False,0.000000,0.000000,False,0.000000,0.000000,True,True,True,4.000000,2,19039,,False,nonmetro,37.885475,True
IA,Iowa,Clay,19041,16511,12791,3.800000,"( 3.2,  4.3)",2.800000,"( 2.5,  3.2)",19,0,0,0,0,0,0,False,0.000000,0.000000,False,0.000000,0.000000,False,False,False,2.000000,2,19041,,False,nonmetro,83.941624,True
IA,Iowa,Clayton,19043,16969,13315,4.500000,"( 3.9,  5.2)",3.200000,"( 2.7,  3.6)",19,0,0,0,0,0,0,False,0.000000,0.000000,False,0.000000,0.000000,True,True,True,4.000000,2,19043,,False,nonmetro,61.618254,True
IA,Iowa,Clinton,19045,46158,35649,3.900000,"( 3.4,  4.5)",3.000000,"( 2.7,  3.4)",19,0,0,0,0,0,0,False,0.000000,0.000000,False,0.000000,0.000000,False,False,False,3.000000,4,19045,29.000000,True,nonmetro,28.270333,True
IA,Iowa,Crawford,19047,16013,12050,4.000000,"( 3.5,  4.6)",3.300000,"( 2.9,  3.7)",19,0,0,0,0,0,0,False,0.000000,0.000000,False,0.000000,0.000000,False,False,True,3.000000,2,19047,,False,nonmetro,61.364481,True
IA,Iowa,Dallas,19049,111092,81838,2.300000,"( 2.0,  2.7)",2.300000,"( 1.9,  2.6)",19,0,0,0,0,0,0,False,0.000000,0.000000,False,0.000000,0.000000,False,False,False,1.000000,5,19049,24.000000,True,metro,11.127584,True
IA,Iowa,Davis,19051,9169,6446,3.800000,"( 3.3,  4.4)",3.000000,"( 2.6,  3.5)",19,0,0,0,0,0,0,False,0.000000,0.000000,False,0.000000,0.000000,False,False,False,2.000000,2,19051,,False,nonmetro,77.424308,True
IA,Iowa,Decatur,19053,7665,5875,3.900000,"( 3.4,  4.5)",3.200000,"( 2.8,  3.6)",19,0,0,0,0,0,0,False,0.000000,0.000000,False,0.000000,0.000000,False,False,True,3.000000,1,19053,,False,nonmetro,60.192485,True
IA,Iowa,Delaware,19055,17600,13528,3.900000,"( 3.4,  4.4)",2.900000,"( 2.5,  3.2)",19,0,0,0,0,0,0,False,0.000000,0.000000,False,0.000000,0.000000,False,False,False,3.000000,2,19055,,False,nonmetro,35.592323,True
IA,Iowa,Des Moines,19057,38253,29795,3.800000,"( 3.3,  4.4)",2.900000,"( 2.6,  3.3)",19,0,0,0,0,0,0,False,0.000000,0.000000,False,0.000000,0.000000,False,False,False,2.000000,4,19057,22.000000,True,nonmetro,55.157464,True
IA,Iowa,Dickinson,19059,18056,14615,3.800000,"( 3.3,  4.4)",2.600000,"( 2.2,  2.9)",19,0,0,0,0,0,0,False,0.000000,0.000000,False,0.000000,0.000000,False,False,False,2.000000,2,19059,,False,nonmetro,80.656527,True
IA,Iowa,Dubuque,19061,98887,76789,3.300000,"( 2.8,  3.8)",2.700000,"( 2.3,  3.1)",19,0,0,0,0,0,0,False,0.000000,0.000000,False,0.000000,0.000000,False,False,False,1.000000,5,19061,45.000000,True,metro,56.321530,True
IA,Iowa,Emmet,19063,9229,7456,4.000000,"( 3.4,  4.6)",3.000000,"( 2.6,  3.4)",19,0,0,0,0,0,0,False,0.000000,0.000000,False,0.000000,0.000000,False,False,False,3.000000,2,19063,,False,nonmetro,98.969035,True
IA,Iowa,Fayette,19065,19210,15100,4.100000,"( 3.5,  4.6)",3.000000,"( 2.6,  3.4)",19,0,0,0,0,0,0,False,0.000000,0.000000,False,0.000000,0.000000,True,True,False,3.000000,3,19065,,False,nonmetro,57.527102,True
IA,Iowa,Floyd,19067,15326,11807,4.000000,"( 3.5,  4.5)",2.900000,"( 2.6,  3.3)",19,0,0,0,0,0,0,False,0.000000,0.000000,False,0.000000,0.000000,False,False,False,3.000000,2,19067,,False,nonmetro,67.143273,True
IA,Iowa,Franklin,19069,9875,7448,4.200000,"( 3.7,  4.9)",3.100000,"( 2.8,  3.6)",19,0,0,0,0,0,0,False,0.000000,0.000000,False,0.000000,0.000000,True,True,False,3.000000,2,19069,,False,nonmetro,84.951206,True
IA,Iowa,Fremont,19071,6458,5059,3.900000,"( 3.4,  4.5)",2.800000,"( 2.4,  3.1)",19,0,0,0,0,0,0,False,0.000000,0.000000,False,0.000000,0.000000,False,False,False,3.000000,1,19071,,False,nonmetro,38.819634,True
IA,Iowa,Greene,19073,8584,6667,4.100000,"( 3.6,  4.7)",2.900000,"( 2.6,  3.4)",19,0,0,0,0,0,0,False,0.000000,0.000000,False,0.000000,0.000000,True,True,False,3.000000,1,19073,,False,nonmetro,46.580819,True
IA,Iowa,Grundy,19075,12384,9451,3.400000,"( 2.9,  3.8)",2.500000,"( 2.2,  2.9)",19,0,0,0,0,0,0,False,0.000000,0.000000,False,0.000000,0.000000,False,False,False,1.000000,2,19075,,False,metro,61.890310,True
IA,Iowa,Guthrie,19077,10722,8454,3.800000,"( 3.2,  4.3)",2.700000,"( 2.3,  3.0)",19,0,0,0,0,0,0,False,0.000000,0.000000,False,0.000000,0.000000,False,False,False,2.000000,2,19077,,False,metro,37.781159,True
IA,Iowa,Hamilton,19079,14729,11259,3.600000,"( 3.1,  4.1)",2.700000,"( 2.4,  3.1)",19,0,0,0,0,0,0,False,0.000000,0.000000,False,0.000000,0.000000,False,False,False,2.000000,2,19079,,False,nonmetro,57.589806,True
IA,Iowa,Hancock,19081,10615,8332,3.900000,"( 3.4,  4.5)",2.800000,"( 2.5,  3.2)",19,0,0,0,0,0,0,False,0.000000,0.000000,False,0.000000,0.000000,False,False,False,3.000000,2,19081,,False,nonmetro,89.130013,True
IA,Iowa,Hardin,19083,16463,13369,4.000000,"( 3.5,  4.5)",2.900000,"( 2.6,  3.3)",19,0,0,0,0,0,0,False,0.000000,0.000000,False,0.000000,0.000000,False,False,False,3.000000,2,19083,10.000000,True,nonmetro,64.836999,True
IA,Iowa,Harrison,19085,14670,11251,3.700000,"( 3.2,  4.2)",2.800000,"( 2.4,  3.2)",19,0,0,0,0,0,0,False,0.000000,0.000000,False,0.000000,0.000000,False,False,False,2.000000,2,19085,,False,metro,29.051286,True
IA,Iowa,Henry,19087,19547,15436,3.700000,"( 3.3,  4.3)",3.000000,"( 2.6,  3.4)",19,0,0,0,0,0,0,False,0.000000,0.000000,False,0.000000,0.000000,False,False,False,2.000000,3,19087,,False,nonmetro,47.309058,True
IA,Iowa,Howard,19089,9376,7026,3.800000,"( 3.3,  4.4)",2.900000,"( 2.6,  3.3)",19,0,0,0,0,0,0,False,0.000000,0.000000,False,0.000000,0.000000,False,False,False,2.000000,2,19089,,False,nonmetro,47.676016,True
IA,Iowa,Humboldt,19091,9500,7247,4.100000,"( 3.5,  4.7)",3.100000,"( 2.7,  3.4)",19,0,0,0,0,0,0,False,0.000000,0.000000,False,0.000000,0.000000,True,True,False,3.000000,2,19091,,False,nonmetro,84.917861,True
IA,Iowa,Ida,19093,6833,5151,3.900000,"( 3.4,  4.5)",2.900000,"( 2.5,  3.3)",19,0,0,0,0,0,0,False,0.000000,0.000000,False,0.000000,0.000000,False,False,False,3.000000,1,19093,,False,nonmetro,81.728917,True
IA,Iowa,Iowa,19095,16381,12590,3.500000,"( 3.0,  4.1)",2.700000,"( 2.3,  3.1)",19,0,0,0,0,0,0,False,0.000000,0.000000,False,0.000000,0.000000,False,False,False,2.000000,2,19095,11.000000,True,nonmetro,26.153621,True
IA,Iowa,Jackson,19097,19342,15066,3.900000,"( 3.4,  4.5)",2.900000,"( 2.6,  3.3)",19,0,0,0,0,0,0,False,0.000000,0.000000,False,0.000000,0.000000,False,False,False,3.000000,3,19097,13.000000,True,nonmetro,44.243984,True
IA,Iowa,Jasper,19099,37919,29600,3.600000,"( 3.1,  4.1)",2.900000,"( 2.5,  3.2)",19,0,0,0,0,0,0,False,0.000000,0.000000,False,0.000000,0.000000,False,False,False,2.000000,4,19099,21.000000,True,metro,34.075464,True
IA,Iowa,Jefferson,19101,15440,12891,4.000000,"( 3.4,  4.7)",2.900000,"( 2.5,  3.4)",19,0,0,0,0,0,0,False,0.000000,0.000000,False,0.000000,0.000000,False,False,False,3.000000,2,19101,,False,nonmetro,50.287773,True
IA,Iowa,Johnson,19103,157528,127373,2.500000,"( 2.2,  2.8)",2.700000,"( 2.4,  3.1)",19,9,9,6,10,10,7,True,5.713270,7.065862,True,6.348078,7.850957,False,False,False,1.000000,5,19103,28.000000,True,metro,4.214457,True
IA,Iowa,Jones,19105,20900,16705,3.700000,"( 3.2,  4.2)",2.900000,"( 2.5,  3.2)",19,0,0,0,0,0,0,False,0.000000,0.000000,False,0.000000,0.000000,False,False,False,2.000000,3,19105,10.000000,True,metro,24.944639,True
IA,Iowa,Keokuk,19107,9914,7694,4.100000,"( 3.6,  4.7)",3.100000,"( 2.7,  3.5)",19,0,0,0,0,0,0,False,0.000000,0.000000,False,0.000000,0.000000,True,True,False,3.000000,2,19107,,False,nonmetro,41.081939,True
IA,Iowa,Kossuth,19109,14396,11208,4.100000,"( 3.5,  4.7)",2.800000,"( 2.5,  3.2)",19,0,0,0,0,0,0,False,0.000000,0.000000,False,0.000000,0.000000,True,True,False,3.000000,2,19109,,False,nonmetro,104.014768,True
IA,Iowa,Lee,19111,32565,25623,4.000000,"( 3.5,  4.6)",3.100000,"( 2.7,  3.5)",19,0,0,0,0,0,0,False,0.000000,0.000000,False,0.000000,0.000000,False,False,False,3.000000,3,19111,21.000000,True,nonmetro,76.445834,True
IA,Iowa,Linn,19113,228972,177999,3.100000,"( 2.7,  3.6)",2.700000,"( 2.3,  3.1)",19,1,1,1,1,1,1,True,0.436735,0.561801,True,0.436735,0.561801,False,False,False,1.000000,5,19113,94.000000,True,metro,4.703318,True
IA,Iowa,Louisa,19115,10513,8288,3.700000,"( 3.2,  4.2)",2.900000,"( 2.5,  3.3)",19,0,0,0,0,0,0,False,0.000000,0.000000,False,0.000000,0.000000,False,False,False,2.000000,2,19115,,False,nonmetro,33.335894,True
IA,Iowa,Lucas,19117,8747,6665,4.300000,"( 3.8,  5.0)",3.200000,"( 2.8,  3.6)",19,0,0,0,0,0,0,False,0.000000,0.000000,False,0.000000,0.000000,True,True,True,4.000000,2,19117,,False,nonmetro,43.694193,True
IA,Iowa,Lyon,19119,12324,8896,3.500000,"( 3.1,  4.0)",2.800000,"( 2.5,  3.1)",19,0,0,0,0,0,0,False,0.000000,0.000000,False,0.000000,0.000000,False,False,False,2.000000,2,19119,,False,nonmetro,27.645415,True
IA,Iowa,Madison,19121,16971,12791,3.100000,"( 2.6,  3.5)",2.500000,"( 2.2,  2.9)",19,0,0,0,0,0,0,False,0.000000,0.000000,False,0.000000,0.000000,False,False,False,1.000000,2,19121,,False,metro,21.741487,True
IA,Iowa,Mahaska,19123,21874,16738,3.600000,"( 3.1,  4.1)",3.000000,"( 2.6,  3.3)",19,0,0,0,0,0,0,False,0.000000,0.000000,False,0.000000,0.000000,False,False,False,2.000000,3,19123,14.000000,True,nonmetro,57.154411,True
IA,Iowa,Marion,19125,33770,25965,3.200000,"( 2.7,  3.7)",2.500000,"( 2.2,  2.9)",19,0,0,0,0,0,0,False,0.000000,0.000000,False,0.000000,0.000000,False,False,False,1.000000,3,19125,15.000000,True,nonmetro,38.265537,True
IA,Iowa,Marshall,19127,40014,29881,3.600000,"( 3.1,  4.0)",2.900000,"( 2.6,  3.3)",19,0,0,0,0,0,0,False,0.000000,0.000000,False,0.000000,0.000000,False,False,False,2.000000,4,19127,20.000000,True,nonmetro,50.768528,True
IA,Iowa,Mills,19129,14633,11325,3.300000,"( 2.8,  3.8)",2.600000,"( 2.2,  2.9)",19,0,0,0,0,0,0,False,0.000000,0.000000,False,0.000000,0.000000,False,False,False,1.000000,2,19129,,False,metro,19.350373,True
IA,Iowa,Mitchell,19131,10518,8004,3.800000,"( 3.3,  4.4)",2.800000,"( 2.5,  3.2)",19,0,0,0,0,0,0,False,0.000000,0.000000,False,0.000000,0.000000,False,False,False,2.000000,2,19131,,False,nonmetro,50.560761,True
IA,Iowa,Monona,19133,8493,6595,4.100000,"( 3.6,  4.7)",3.000000,"( 2.6,  3.4)",19,0,0,0,0,0,0,False,0.000000,0.000000,False,0.000000,0.000000,True,True,False,3.000000,1,19133,,False,nonmetro,56.322693,True
IA,Iowa,Monroe,19135,7504,5790,3.600000,"( 3.1,  4.0)",2.700000,"( 2.4,  3.1)",19,0,0,0,0,0,0,False,0.000000,0.000000,False,0.000000,0.000000,False,False,False,2.000000,1,19135,,False,nonmetro,59.407072,True
IA,Iowa,Montgomery,19137,10139,7873,4.100000,"( 3.5,  4.6)",3.000000,"( 2.6,  3.4)",19,0,0,0,0,0,0,False,0.000000,0.000000,False,0.000000,0.000000,True,True,False,3.000000,2,19137,,False,nonmetro,43.657465,True
IA,Iowa,Muscatine,19139,42218,32274,3.500000,"( 3.1,  4.0)",2.900000,"( 2.6,  3.3)",19,0,0,0,0,0,0,False,0.000000,0.000000,False,0.000000,0.000000,False,False,False,2.000000,4,19139,24.000000,True,nonmetro,23.308149,True
IA,Iowa,O'Brien,19141,14012,10569,3.900000,"( 3.4,  4.5)",3.000000,"( 2.7,  3.4)",19,0,0,0,0,0,0,False,0.000000,0.000000,False,0.000000,0.000000,False,False,False,3.000000,2,19141,,False,nonmetro,59.411628,True
IA,Iowa,Osceola,19143,5978,4643,4.400000,"( 3.8,  5.1)",3.200000,"( 2.8,  3.6)",19,0,0,0,0,0,0,False,0.000000,0.000000,False,0.000000,0.000000,True,True,True,4.000000,1,19143,,False,nonmetro,53.610228,True
IA,Iowa,Page,19145,15014,12305,4.300000,"( 3.7,  4.8)",3.200000,"( 2.8,  3.6)",19,0,0,0,0,0,0,False,0.000000,0.000000,False,0.000000,0.000000,True,True,True,4.000000,2,19145,,False,nonmetro,52.950761,True
IA,Iowa,Palo Alto,19147,8810,6779,3.800000,"( 3.3,  4.4)",2.800000,"( 2.5,  3.2)",19,0,0,0,0,0,0,False,0.000000,0.000000,False,0.000000,0.000000,False,False,False,2.000000,2,19147,,False,nonmetro,105.069433,True
IA,Iowa,Plymouth,19149,25722,19365,3.300000,"( 2.9,  3.8)",2.600000,"( 2.3,  3.0)",19,0,0,0,0,0,0,False,0.000000,0.000000,False,0.000000,0.000000,False,False,False,1.000000,3,19149,11.000000,True,nonmetro,61.447878,True
IA,Iowa,Pocahontas,19151,6976,5362,4.200000,"( 3.5,  4.8)",2.900000,"( 2.5,  3.4)",19,0,0,0,0,0,0,False,0.000000,0.000000,False,0.000000,0.000000,True,True,False,3.000000,1,19151,,False,nonmetro,95.453274,True
IA,Iowa,Polk,19153,505255,383731,2.800000,"( 2.4,  3.2)",2.700000,"( 2.3,  3.0)",19,3,3,3,3,3,3,True,0.593760,0.781798,True,0.593760,0.781798,False,False,False,1.000000,5,19153,171.000000,True,metro,7.197334,True
IA,Iowa,Pottawattamie,19155,93179,72047,3.600000,"( 3.1,  4.1)",2.900000,"( 2.5,  3.3)",19,0,0,0,0,0,0,False,0.000000,0.000000,False,0.000000,0.000000,False,False,False,2.000000,4,19155,43.000000,True,metro,8.339538,True
IA,Iowa,Poweshiek,19157,18453,14872,3.600000,"( 3.1,  4.1)",2.900000,"( 2.5,  3.2)",19,0,0,0,0,0,0,False,0.000000,0.000000,False,0.000000,0.000000,False,False,False,2.000000,2,19157,17.000000,True,nonmetro,50.880999,True
IA,Iowa,Ringgold,19159,4642,3577,3.800000,"( 3.2,  4.4)",2.700000,"( 2.4,  3.1)",19,0,0,0,0,0,0,False,0.000000,0.000000,False,0.000000,0.000000,False,False,False,2.000000,1,19159,,False,nonmetro,64.167405,True
IA,Iowa,Sac,19161,9686,7495,3.900000,"( 3.4,  4.6)",2.800000,"( 2.4,  3.2)",19,0,0,0,0,0,0,False,0.000000,0.000000,False,0.000000,0.000000,False,False,False,3.000000,2,19161,,False,nonmetro,86.291652,True
IA,Iowa,Scott,19163,174270,134300,3.300000,"( 2.8,  3.7)",2.800000,"( 2.4,  3.2)",19,0,0,0,0,0,0,False,0.000000,0.000000,False,0.000000,0.000000,False,False,False,1.000000,5,19163,89.000000,True,metro,5.445531,True
IA,Iowa,Shelby,19165,11806,9133,3.900000,"( 3.3,  4.5)",2.800000,"( 2.4,  3.2)",19,0,0,0,0,0,0,False,0.000000,0.000000,False,0.000000,0.000000,False,False,False,3.000000,2,19165,,False,nonmetro,42.635529,True
IA,Iowa,Sioux,19167,36246,26374,2.900000,"( 2.5,  3.4)",2.600000,"( 2.2,  3.0)",19,0,0,0,0,0,0,False,0.000000,0.000000,False,0.000000,0.000000,False,False,False,1.000000,3,19167,10.000000,True,nonmetro,43.026147,True
IA,Iowa,Story,19169,98566,82292,2.300000,"( 2.0,  2.7)",2.800000,"( 2.4,  3.1)",19,0,0,0,0,0,0,False,0.000000,0.000000,False,0.000000,0.000000,False,False,False,1.000000,5,19169,26.000000,True,metro,31.734596,True
IA,Iowa,Tama,19171,16833,12823,4.100000,"( 3.6,  4.7)",3.200000,"( 2.8,  3.6)",19,0,0,0,0,0,0,False,0.000000,0.000000,False,0.000000,0.000000,True,True,True,3.000000,2,19171,,False,nonmetro,46.880134,True
IA,Iowa,Taylor,19173,5924,4508,4.000000,"( 3.5,  4.5)",2.900000,"( 2.6,  3.3)",19,0,0,0,0,0,0,False,0.000000,0.000000,False,0.000000,0.000000,False,False,False,3.000000,1,19173,,False,nonmetro,70.697834,True
IA,Iowa,Union,19175,11906,9293,3.700000,"( 3.2,  4.3)",2.900000,"( 2.6,  3.3)",19,0,0,0,0,0,0,False,0.000000,0.000000,False,0.000000,0.000000,False,False,False,2.000000,2,19175,,False,nonmetro,48.030199,True
IA,Iowa,Van Buren,19177,7266,5528,4.400000,"( 3.7,  5.1)",3.200000,"( 2.8,  3.7)",19,0,0,0,0,0,0,False,0.000000,0.000000,False,0.000000,0.000000,True,True,True,4.000000,1,19177,,False,nonmetro,66.880001,True
IA,Iowa,Wapello,19179,35166,26771,3.900000,"( 3.4,  4.5)",3.300000,"( 2.9,  3.7)",19,0,0,0,0,0,0,False,0.000000,0.000000,False,0.000000,0.000000,False,False,True,3.000000,3,19179,18.000000,True,nonmetro,64.176914,True
IA,Iowa,Warren,19181,55205,41762,2.800000,"( 2.4,  3.3)",2.400000,"( 2.1,  2.8)",19,0,0,0,0,0,0,False,0.000000,0.000000,False,0.000000,0.000000,False,False,False,1.000000,4,19181,21.000000,True,metro,13.798985,True
IA,Iowa,Washington,19183,22560,16984,3.600000,"( 3.1,  4.2)",2.800000,"( 2.4,  3.2)",19,0,0,0,0,0,0,False,0.000000,0.000000,False,0.000000,0.000000,False,False,False,2.000000,3,19183,,False,metro,22.497094,True
IA,Iowa,Wayne,19185,6557,4850,4.300000,"( 3.7,  4.9)",3.100000,"( 2.7,  3.5)",19,0,0,0,0,0,0,False,0.000000,0.000000,False,0.000000,0.000000,True,True,False,4.000000,1,19185,,False,nonmetro,62.178250,True
IA,Iowa,Webster,19187,36485,28671,3.600000,"( 3.1,  4.1)",3.000000,"( 2.6,  3.4)",19,0,0,0,0,0,0,False,0.000000,0.000000,False,0.000000,0.000000,False,False,False,2.000000,3,19187,17.000000,True,nonmetro,67.003810,True
IA,Iowa,Winnebago,19189,10571,8271,3.600000,"( 3.1,  4.1)",2.800000,"( 2.4,  3.2)",19,0,0,0,0,0,0,False,0.000000,0.000000,False,0.000000,0.000000,False,False,False,2.000000,2,19189,,False,nonmetro,76.102859,True
IA,Iowa,Winneshiek,19191,19815,16136,3.400000,"( 2.9,  3.9)",2.600000,"( 2.2,  2.9)",19,0,0,0,0,0,0,False,0.000000,0.000000,False,0.000000,0.000000,False,False,False,1.000000,3,19191,,False,nonmetro,60.902836,True
IA,Iowa,Woodbury,19193,105951,78835,3.400000,"( 3.0,  3.8)",3.100000,"( 2.7,  3.5)",19,0,0,0,0,0,0,False,0.000000,0.000000,False,0.000000,0.000000,False,False,False,1.000000,5,19193,43.000000,True,metro,74.890158,True
IA,Iowa,Worth,19195,7297,5744,3.800000,"( 3.2,  4.3)",2.800000,"( 2.4,  3.2)",19,0,0,0,0,0,0,False,0.000000,0.000000,False,0.000000,0.000000,False,False,False,2.000000,1,19195,,False,nonmetro,59.742652,True
IA,Iowa,Wright,19197,12656,9332,4.200000,"( 3.6,  4.9)",3.100000,"( 2.7,  3.6)",19,0,0,0,0,0,0,False,0.000000,0.000000,False,0.000000,0.000000,True,True,False,3.000000,2,19197,,False,nonmetro,80.168450,True
KS,Kansas,Allen,20001,12412,9628,3.900000,"( 3.4,  4.4)",3.000000,"( 2.7,  3.4)",20,0,0,0,0,0,0,False,0.000000,0.000000,False,0.000000,0.000000,False,False,False,3.000000,2,20001,,False,nonmetro,80.867951,True
KS,Kansas,Anderson,20003,7838,5838,4.200000,"( 3.6,  4.7)",3.200000,"( 2.8,  3.6)",20,0,0,0,0,0,0,False,0.000000,0.000000,False,0.000000,0.000000,True,True,True,3.000000,1,20003,,False,nonmetro,58.714936,True
KS,Kansas,Atchison,20005,16016,12523,3.400000,"( 3.0,  3.9)",3.000000,"( 2.7,  3.4)",20,0,0,0,0,0,0,False,0.000000,0.000000,False,0.000000,0.000000,False,False,False,1.000000,2,20005,,False,nonmetro,40.352131,True
KS,Kansas,Barber,20007,4071,3137,4.300000,"( 3.7,  4.9)",3.000000,"( 2.6,  3.4)",20,0,0,0,0,0,0,False,0.000000,0.000000,False,0.000000,0.000000,True,True,False,4.000000,1,20007,,False,nonmetro,75.156912,True
KS,Kansas,Barton,20009,24899,18848,4.000000,"( 3.5,  4.6)",3.100000,"( 2.7,  3.6)",20,0,0,0,0,0,0,False,0.000000,0.000000,False,0.000000,0.000000,False,False,False,3.000000,3,20009,11.000000,True,nonmetro,91.423075,True
KS,Kansas,Bourbon,20011,14408,10633,4.000000,"( 3.4,  4.6)",3.200000,"( 2.8,  3.6)",20,0,0,0,0,0,0,False,0.000000,0.000000,False,0.000000,0.000000,False,False,True,3.000000,2,20011,,False,nonmetro,78.712623,True
KS,Kansas,Brown,20013,9250,6932,4.200000,"( 3.6,  4.7)",3.100000,"( 2.8,  3.5)",20,0,0,0,0,0,0,False,0.000000,0.000000,False,0.000000,0.000000,True,True,False,3.000000,2,20013,10.000000,True,nonmetro,52.835316,True
KS,Kansas,Butler,20015,68632,51856,3.100000,"( 2.6,  3.5)",2.700000,"( 2.3,  3.1)",20,0,0,0,0,0,0,False,0.000000,0.000000,False,0.000000,0.000000,False,False,False,1.000000,4,20015,28.000000,True,metro,19.794360,True
KS,Kansas,Chase,20017,2579,2057,4.300000,"( 3.8,  5.0)",3.200000,"( 2.8,  3.6)",20,0,0,0,0,0,0,False,0.000000,0.000000,False,0.000000,0.000000,True,True,True,4.000000,1,20017,,False,nonmetro,62.577522,True
KS,Kansas,Chautauqua,20019,3347,2613,5.000000,"( 4.4,  5.7)",3.500000,"( 3.1,  4.0)",20,0,0,0,0,0,0,False,0.000000,0.000000,False,0.000000,0.000000,True,True,True,5.000000,1,20019,,False,nonmetro,67.720429,True
KS,Kansas,Cherokee,20021,19054,14716,4.300000,"( 3.7,  4.8)",3.300000,"( 3.0,  3.7)",20,0,0,0,0,0,0,False,0.000000,0.000000,False,0.000000,0.000000,True,True,True,4.000000,3,20021,14.000000,True,metro,80.549702,True
KS,Kansas,Cheyenne,20023,2636,2027,4.700000,"( 4.1,  5.5)",3.300000,"( 2.9,  3.7)",20,0,0,0,0,0,0,False,0.000000,0.000000,False,0.000000,0.000000,True,True,True,4.000000,1,20023,,False,nonmetro,164.366533,True
KS,Kansas,Clark,20025,1847,1425,3.700000,"( 3.2,  4.3)",2.800000,"( 2.4,  3.2)",20,0,0,0,0,0,0,False,0.000000,0.000000,False,0.000000,0.000000,False,False,False,2.000000,1,20025,,False,nonmetro,142.384130,True
KS,Kansas,Clay,20027,8007,6150,4.100000,"( 3.5,  4.7)",3.000000,"( 2.5,  3.4)",20,0,0,0,0,0,0,False,0.000000,0.000000,False,0.000000,0.000000,True,True,False,3.000000,1,20027,,False,nonmetro,80.200652,True
KS,Kansas,Cloud,20029,8854,6762,3.800000,"( 3.3,  4.4)",3.000000,"( 2.6,  3.4)",20,0,0,0,0,0,0,False,0.000000,0.000000,False,0.000000,0.000000,False,False,False,2.000000,2,20029,,False,nonmetro,109.992765,True
KS,Kansas,Coffey,20031,8251,6507,3.900000,"( 3.4,  4.6)",2.900000,"( 2.5,  3.3)",20,0,0,0,0,0,0,False,0.000000,0.000000,False,0.000000,0.000000,False,False,False,3.000000,1,20031,,False,nonmetro,55.531501,True
KS,Kansas,Comanche,20033,1655,1267,4.200000,"( 3.6,  4.8)",2.900000,"( 2.5,  3.3)",20,0,0,0,0,0,0,False,0.000000,0.000000,False,0.000000,0.000000,True,True,False,3.000000,1,20033,,False,nonmetro,116.047953,True
KS,Kansas,Cowley,20035,34157,26072,3.700000,"( 3.2,  4.2)",3.100000,"( 2.7,  3.4)",20,0,0,0,0,0,0,False,0.000000,0.000000,False,0.000000,0.000000,False,False,False,2.000000,3,20035,21.000000,True,nonmetro,40.690083,True
KS,Kansas,Crawford,20037,38764,30098,3.500000,"( 3.0,  3.9)",3.300000,"( 2.9,  3.7)",20,0,0,0,0,0,0,False,0.000000,0.000000,False,0.000000,0.000000,False,False,True,2.000000,4,20037,19.000000,True,nonmetro,80.200414,True
KS,Kansas,Decatur,20039,2712,2127,4.200000,"( 3.6,  4.9)",2.700000,"( 2.4,  3.1)",20,0,0,0,0,0,0,False,0.000000,0.000000,False,0.000000,0.000000,True,True,False,3.000000,1,20039,,False,nonmetro,223.687482,True
KS,Kansas,Dickinson,20041,18445,14195,3.700000,"( 3.2,  4.2)",2.800000,"( 2.5,  3.2)",20,0,0,0,0,0,0,False,0.000000,0.000000,False,0.000000,0.000000,False,False,False,2.000000,2,20041,12.000000,True,nonmetro,79.044717,True
KS,Kansas,Doniphan,20043,7493,5905,3.500000,"( 3.1,  4.0)",2.800000,"( 2.5,  3.2)",20,0,0,0,0,0,0,False,0.000000,0.000000,False,0.000000,0.000000,False,False,False,2.000000,1,20043,,False,metro,52.038576,True
KS,Kansas,Douglas,20045,120553,99565,2.500000,"( 2.2,  2.8)",2.700000,"( 2.4,  3.1)",20,0,0,0,0,0,0,False,0.000000,0.000000,False,0.000000,0.000000,False,False,False,1.000000,5,20045,37.000000,True,metro,23.373802,True
KS,Kansas,Edwards,20047,2733,2119,4.200000,"( 3.6,  4.8)",3.100000,"( 2.7,  3.5)",20,0,0,0,0,0,0,False,0.000000,0.000000,False,0.000000,0.000000,True,True,False,3.000000,1,20047,,False,nonmetro,111.069571,True
KS,Kansas,Elk,20049,2467,1897,5.000000,"( 4.3,  5.8)",3.400000,"( 3.0,  3.8)",20,0,0,0,0,0,0,False,0.000000,0.000000,False,0.000000,0.000000,True,True,True,5.000000,1,20049,,False,nonmetro,62.961625,True
KS,Kansas,Ellis,20051,28810,23071,3.000000,"( 2.6,  3.4)",2.900000,"( 2.5,  3.3)",20,0,0,0,0,0,0,False,0.000000,0.000000,False,0.000000,0.000000,False,False,False,1.000000,3,20051,,False,nonmetro,135.811097,True
KS,Kansas,Ellsworth,20053,6357,5224,3.700000,"( 3.2,  4.2)",2.800000,"( 2.4,  3.2)",20,0,0,0,0,0,0,False,0.000000,0.000000,False,0.000000,0.000000,False,False,False,2.000000,1,20053,,False,nonmetro,87.455049,True
KS,Kansas,Finney,20055,37466,26325,3.200000,"( 2.8,  3.5)",3.200000,"( 2.8,  3.5)",20,0,0,0,0,0,0,False,0.000000,0.000000,False,0.000000,0.000000,False,False,True,1.000000,4,20055,,False,nonmetro,193.377888,True
KS,Kansas,Ford,20057,33980,23779,3.300000,"( 2.9,  3.7)",3.300000,"( 2.9,  3.7)",20,0,0,0,0,0,0,False,0.000000,0.000000,False,0.000000,0.000000,False,False,True,1.000000,3,20057,,False,nonmetro,145.354049,True
KS,Kansas,Franklin,20059,26125,20176,3.500000,"( 3.0,  4.0)",2.900000,"( 2.5,  3.3)",20,0,0,0,0,0,0,False,0.000000,0.000000,False,0.000000,0.000000,False,False,False,2.000000,3,20059,11.000000,True,nonmetro,37.318729,True
KS,Kansas,Geary,20061,35047,23726,2.700000,"( 2.5,  3.0)",3.500000,"( 3.2,  3.9)",20,0,0,0,0,0,0,False,0.000000,0.000000,False,0.000000,0.000000,False,False,True,1.000000,3,20061,,False,metro,62.310478,True
KS,Kansas,Gove,20063,2735,2038,3.900000,"( 3.3,  4.5)",2.800000,"( 2.4,  3.1)",20,0,0,0,0,0,0,False,0.000000,0.000000,False,0.000000,0.000000,False,False,False,3.000000,1,20063,,False,nonmetro,189.419830,True
KS,Kansas,Graham,20065,2376,1886,4.600000,"( 3.9,  5.2)",3.000000,"( 2.7,  3.4)",20,0,0,0,0,0,0,False,0.000000,0.000000,False,0.000000,0.000000,True,True,False,4.000000,1,20065,,False,nonmetro,178.247269,True
KS,Kansas,Grant,20067,7147,4979,2.900000,"( 2.6,  3.3)",2.600000,"( 2.3,  2.9)",20,0,0,0,0,0,0,False,0.000000,0.000000,False,0.000000,0.000000,False,False,False,1.000000,1,20067,,False,nonmetro,165.115772,True
KS,Kansas,Gray,20069,5743,4076,3.400000,"( 2.9,  4.0)",2.900000,"( 2.5,  3.3)",20,0,0,0,0,0,0,False,0.000000,0.000000,False,0.000000,0.000000,False,False,False,1.000000,1,20069,,False,nonmetro,168.217743,True
KS,Kansas,Greeley,20071,1181,861,3.400000,"( 2.9,  4.0)",2.600000,"( 2.2,  3.0)",20,0,0,0,0,0,0,False,0.000000,0.000000,False,0.000000,0.000000,False,False,False,1.000000,1,20071,,False,nonmetro,167.029868,True
KS,Kansas,Greenwood,20073,5870,4610,4.500000,"( 4.0,  5.2)",3.100000,"( 2.8,  3.5)",20,0,0,0,0,0,0,False,0.000000,0.000000,False,0.000000,0.000000,True,True,False,4.000000,1,20073,,False,nonmetro,62.535539,True
KS,Kansas,Hamilton,20075,2437,1730,3.200000,"( 2.7,  3.6)",2.800000,"( 2.5,  3.2)",20,0,0,0,0,0,0,False,0.000000,0.000000,False,0.000000,0.000000,False,False,False,1.000000,1,20075,,False,nonmetro,175.882490,True
KS,Kansas,Harper,20077,5435,4018,4.700000,"( 4.0,  5.4)",3.400000,"( 3.0,  3.9)",20,0,0,0,0,0,0,False,0.000000,0.000000,False,0.000000,0.000000,True,True,True,4.000000,1,20077,,False,nonmetro,51.216283,True
KS,Kansas,Harvey,20079,33504,25695,3.500000,"( 3.0,  4.1)",2.800000,"( 2.4,  3.2)",20,0,0,0,0,0,0,False,0.000000,0.000000,False,0.000000,0.000000,False,False,False,2.000000,3,20079,22.000000,True,metro,24.883177,True
KS,Kansas,Haskell,20081,3630,2660,3.700000,"( 3.2,  4.2)",3.100000,"( 2.7,  3.6)",20,0,0,0,0,0,0,False,0.000000,0.000000,False,0.000000,0.000000,False,False,False,2.000000,1,20081,,False,nonmetro,165.546569,True
KS,Kansas,Hodgeman,20083,1655,1265,3.500000,"( 3.0,  4.0)",2.600000,"( 2.3,  2.9)",20,0,0,0,0,0,0,False,0.000000,0.000000,False,0.000000,0.000000,False,False,False,2.000000,1,20083,,False,nonmetro,140.211381,True
KS,Kansas,Jackson,20085,13368,10012,3.700000,"( 3.3,  4.2)",2.900000,"( 2.5,  3.3)",20,0,0,0,0,0,0,False,0.000000,0.000000,False,0.000000,0.000000,False,False,False,2.000000,2,20085,,False,metro,25.119804,True
KS,Kansas,Jefferson,20087,18327,14419,3.400000,"( 3.0,  3.9)",2.600000,"( 2.3,  2.9)",20,0,0,0,0,0,0,False,0.000000,0.000000,False,0.000000,0.000000,False,False,False,1.000000,2,20087,,False,metro,19.343084,True
KS,Kansas,Jewell,20089,2847,2244,5.100000,"( 4.4,  5.9)",3.300000,"( 2.8,  3.7)",20,0,0,0,0,0,0,False,0.000000,0.000000,False,0.000000,0.000000,True,True,True,5.000000,1,20089,,False,nonmetro,143.683478,True
KS,Kansas,Johnson,20091,622237,477859,2.500000,"( 2.1,  2.8)",2.200000,"( 1.9,  2.5)",20,2,2,2,2,2,2,True,0.321421,0.418534,True,0.321421,0.418534,False,False,False,1.000000,5,20091,240.000000,True,metro,7.336950,True
KS,Kansas,Kearny,20093,3823,2692,3.600000,"( 3.1,  4.0)",3.000000,"( 2.7,  3.4)",20,0,0,0,0,0,0,False,0.000000,0.000000,False,0.000000,0.000000,False,False,False,2.000000,1,20093,,False,nonmetro,191.407651,True
KS,Kansas,Kingman,20095,7066,5406,3.700000,"( 3.2,  4.2)",2.900000,"( 2.5,  3.3)",20,0,0,0,0,0,0,False,0.000000,0.000000,False,0.000000,0.000000,False,False,False,2.000000,1,20095,14.000000,True,nonmetro,42.093032,True
KS,Kansas,Kiowa,20097,2374,1802,3.700000,"( 3.1,  4.3)",2.800000,"( 2.4,  3.2)",20,0,0,0,0,0,0,False,0.000000,0.000000,False,0.000000,0.000000,False,False,False,2.000000,1,20097,,False,nonmetro,104.966723,True
KS,Kansas,Labette,20099,19728,14965,4.300000,"( 3.7,  4.8)",3.300000,"( 2.9,  3.7)",20,0,0,0,0,0,0,False,0.000000,0.000000,False,0.000000,0.000000,True,True,True,4.000000,3,20099,,False,nonmetro,86.653434,True
KS,Kansas,Lane,20101,1529,1159,4.000000,"( 3.5,  4.6)",2.800000,"( 2.5,  3.2)",20,0,0,0,0,0,0,False,0.000000,0.000000,False,0.000000,0.000000,False,False,False,3.000000,1,20101,,False,nonmetro,180.002046,True
KS,Kansas,Leavenworth,20103,83518,63836,3.000000,"( 2.6,  3.4)",2.600000,"( 2.3,  3.0)",20,0,0,0,0,0,0,False,0.000000,0.000000,False,0.000000,0.000000,False,False,False,1.000000,4,20103,26.000000,True,metro,20.548340,True
KS,Kansas,Lincoln,20105,2920,2286,4.500000,"( 4.0,  5.2)",3.100000,"( 2.7,  3.5)",20,0,0,0,0,0,0,False,0.000000,0.000000,False,0.000000,0.000000,True,True,False,4.000000,1,20105,,False,nonmetro,103.542979,True
KS,Kansas,Linn,20107,9860,7693,3.900000,"( 3.4,  4.5)",2.800000,"( 2.5,  3.2)",20,0,0,0,0,0,0,False,0.000000,0.000000,False,0.000000,0.000000,False,False,False,3.000000,2,20107,,False,metro,51.906677,True
KS,Kansas,Logan,20109,2665,1984,3.900000,"( 3.3,  4.4)",3.000000,"( 2.6,  3.4)",20,0,0,0,0,0,0,False,0.000000,0.000000,False,0.000000,0.000000,False,False,False,3.000000,1,20109,,False,nonmetro,210.013660,True
KS,Kansas,Lyon,20111,32172,24980,3.300000,"( 2.9,  3.7)",3.100000,"( 2.8,  3.5)",20,0,0,0,0,0,0,False,0.000000,0.000000,False,0.000000,0.000000,False,False,False,1.000000,3,20111,17.000000,True,nonmetro,51.438782,True
KS,Kansas,McPherson,20113,30091,23489,3.300000,"( 2.8,  3.8)",2.600000,"( 2.3,  3.0)",20,0,0,0,0,0,0,False,0.000000,0.000000,False,0.000000,0.000000,False,False,False,1.000000,3,20113,22.000000,True,nonmetro,50.703410,True
KS,Kansas,Marion,20115,11690,9217,3.900000,"( 3.3,  4.4)",2.900000,"( 2.5,  3.3)",20,0,0,0,0,0,0,False,0.000000,0.000000,False,0.000000,0.000000,False,False,False,3.000000,2,20115,,False,nonmetro,45.357514,True
KS,Kansas,Marshall,20117,9933,7549,4.200000,"( 3.5,  4.8)",3.000000,"( 2.6,  3.5)",20,0,0,0,0,0,0,False,0.000000,0.000000,False,0.000000,0.000000,True,True,False,3.000000,2,20117,,False,nonmetro,70.905495,True
KS,Kansas,Meade,20119,3911,2875,3.700000,"( 3.2,  4.3)",3.000000,"( 2.6,  3.4)",20,0,0,0,0,0,0,False,0.000000,0.000000,False,0.000000,0.000000,False,False,False,2.000000,1,20119,,False,nonmetro,163.864265,True
KS,Kansas,Miami,20121,35320,27123,3.200000,"( 2.7,  3.7)",2.600000,"( 2.2,  2.9)",20,0,0,0,0,0,0,False,0.000000,0.000000,False,0.000000,0.000000,False,False,False,1.000000,3,20121,18.000000,True,metro,28.580686,True
KS,Kansas,Mitchell,20123,5719,4312,3.900000,"( 3.4,  4.5)",2.900000,"( 2.5,  3.3)",20,0,0,0,0,0,0,False,0.000000,0.000000,False,0.000000,0.000000,False,False,False,3.000000,1,20123,,False,nonmetro,130.019041,True
KS,Kansas,Montgomery,20125,30568,23384,4.300000,"( 3.8,  4.9)",3.400000,"( 3.0,  3.8)",20,0,0,0,0,0,0,False,0.000000,0.000000,False,0.000000,0.000000,True,True,True,4.000000,3,20125,24.000000,True,nonmetro,70.514044,True
KS,Kansas,Morris,20127,5334,4236,4.200000,"( 3.7,  4.9)",2.900000,"( 2.5,  3.3)",20,0,0,0,0,0,0,False,0.000000,0.000000,False,0.000000,0.000000,True,True,False,3.000000,1,20127,,False,nonmetro,54.508411,True
KS,Kansas,Morton,20129,2580,1952,4.200000,"( 3.7,  4.8)",3.100000,"( 2.8,  3.5)",20,0,0,0,0,0,0,False,0.000000,0.000000,False,0.000000,0.000000,True,True,False,3.000000,1,20129,,False,nonmetro,125.836088,True
KS,Kansas,Nemaha,20131,10114,7414,3.600000,"( 3.1,  4.2)",2.700000,"( 2.4,  3.2)",20,0,0,0,0,0,0,False,0.000000,0.000000,False,0.000000,0.000000,False,False,False,2.000000,2,20131,,False,nonmetro,56.505834,True
KS,Kansas,Neosho,20133,15420,11698,4.000000,"( 3.5,  4.6)",3.100000,"( 2.7,  3.6)",20,0,0,0,0,0,0,False,0.000000,0.000000,False,0.000000,0.000000,False,False,False,3.000000,2,20133,11.000000,True,nonmetro,96.982572,True
KS,Kansas,Ness,20135,2618,2030,4.100000,"( 3.5,  4.8)",2.900000,"( 2.5,  3.3)",20,0,0,0,0,0,0,False,0.000000,0.000000,False,0.000000,0.000000,True,True,False,3.000000,1,20135,,False,nonmetro,149.684992,True
KS,Kansas,Norton,20137,5330,4310,3.900000,"( 3.4,  4.5)",3.200000,"( 2.8,  3.6)",20,0,0,0,0,0,0,False,0.000000,0.000000,False,0.000000,0.000000,False,False,True,3.000000,1,20137,,False,nonmetro,200.983071,True
KS,Kansas,Osage,20139,15824,12172,3.800000,"( 3.3,  4.4)",2.900000,"( 2.5,  3.3)",20,0,0,0,0,0,0,False,0.000000,0.000000,False,0.000000,0.000000,False,False,False,2.000000,2,20139,,False,metro,24.645890,True
KS,Kansas,Osborne,20141,3427,2619,4.400000,"( 3.8,  5.1)",3.000000,"( 2.6,  3.4)",20,0,0,0,0,0,0,False,0.000000,0.000000,False,0.000000,0.000000,True,True,False,4.000000,1,20141,,False,nonmetro,140.741076,True
KS,Kansas,Ottawa,20143,5818,4451,3.800000,"( 3.3,  4.3)",2.900000,"( 2.5,  3.3)",20,0,0,0,0,0,0,False,0.000000,0.000000,False,0.000000,0.000000,False,False,False,2.000000,1,20143,,False,nonmetro,98.879810,True
KS,Kansas,Pawnee,20145,6126,5127,3.900000,"( 3.4,  4.5)",3.000000,"( 2.6,  3.3)",20,0,0,0,0,0,0,False,0.000000,0.000000,False,0.000000,0.000000,False,False,False,3.000000,1,20145,,False,nonmetro,104.205192,True
KS,Kansas,Phillips,20147,4761,3695,4.300000,"( 3.7,  4.9)",3.000000,"( 2.6,  3.4)",20,0,0,0,0,0,0,False,0.000000,0.000000,False,0.000000,0.000000,True,True,False,4.000000,1,20147,,False,nonmetro,179.370568,True
KS,Kansas,Pottawatomie,20149,26382,18835,2.900000,"( 2.5,  3.4)",2.500000,"( 2.2,  2.9)",20,0,0,0,0,0,0,False,0.000000,0.000000,False,0.000000,0.000000,False,False,False,1.000000,3,20149,,False,metro,38.177441,True
KS,Kansas,Pratt,20151,9082,6929,3.700000,"( 3.2,  4.2)",2.900000,"( 2.5,  3.3)",20,0,0,0,0,0,0,False,0.000000,0.000000,False,0.000000,0.000000,False,False,False,2.000000,2,20151,,False,nonmetro,76.259224,True
KS,Kansas,Rawlins,20153,2463,1900,4.700000,"( 4.1,  5.4)",3.100000,"( 2.8,  3.5)",20,0,0,0,0,0,0,False,0.000000,0.000000,False,0.000000,0.000000,True,True,False,4.000000,1,20153,,False,nonmetro,200.887814,True
KS,Kansas,Reno,20155,61497,48096,3.900000,"( 3.4,  4.4)",3.100000,"( 2.7,  3.5)",20,0,0,0,0,0,0,False,0.000000,0.000000,False,0.000000,0.000000,False,False,False,3.000000,4,20155,38.000000,True,nonmetro,41.195054,True
KS,Kansas,Republic,20157,4627,3574,4.600000,"( 4.0,  5.3)",3.100000,"( 2.7,  3.5)",20,0,0,0,0,0,0,False,0.000000,0.000000,False,0.000000,0.000000,True,True,False,4.000000,1,20157,,False,nonmetro,118.385492,True
KS,Kansas,Rice,20159,9260,7052,3.500000,"( 3.0,  4.0)",2.800000,"( 2.5,  3.2)",20,0,0,0,0,0,0,False,0.000000,0.000000,False,0.000000,0.000000,False,False,False,2.000000,2,20159,,False,nonmetro,64.062888,True
KS,Kansas,Riley,20161,71402,59912,2.200000,"( 1.9,  2.4)",3.100000,"( 2.7,  3.4)",20,0,0,0,0,0,0,False,0.000000,0.000000,False,0.000000,0.000000,False,False,False,1.000000,4,20161,21.000000,True,metro,52.219548,True
KS,Kansas,Rooks,20163,4778,3726,3.800000,"( 3.3,  4.5)",2.800000,"( 2.4,  3.2)",20,0,0,0,0,0,0,False,0.000000,0.000000,False,0.000000,0.000000,False,False,False,2.000000,1,20163,,False,nonmetro,155.322414,True
KS,Kansas,Rush,20165,2830,2263,4.400000,"( 3.8,  5.1)",3.000000,"( 2.6,  3.5)",20,0,0,0,0,0,0,False,0.000000,0.000000,False,0.000000,0.000000,True,True,False,4.000000,1,20165,,False,nonmetro,120.406006,True
KS,Kansas,Russell,20167,6723,5253,4.500000,"( 3.9,  5.2)",3.200000,"( 2.8,  3.6)",20,0,0,0,0,0,0,False,0.000000,0.000000,False,0.000000,0.000000,True,True,True,4.000000,1,20167,,False,nonmetro,116.501918,True
KS,Kansas,Saline,20169,53098,41187,3.600000,"( 3.1,  4.2)",2.900000,"( 2.6,  3.3)",20,0,0,0,0,0,0,False,0.000000,0.000000,False,0.000000,0.000000,False,False,False,2.000000,4,20169,25.000000,True,nonmetro,78.916506,True
KS,Kansas,Scott,20171,4922,3638,3.400000,"( 2.9,  3.9)",2.700000,"( 2.3,  3.1)",20,0,0,0,0,0,0,False,0.000000,0.000000,False,0.000000,0.000000,False,False,False,1.000000,1,20171,,False,nonmetro,201.935335,True
KS,Kansas,Sedgwick,20173,528469,398378,3.400000,"( 2.9,  3.8)",3.000000,"( 2.7,  3.4)",20,2,2,2,2,2,2,True,0.378452,0.502036,True,0.378452,0.502036,False,False,False,1.000000,5,20173,228.000000,True,metro,6.221761,True
KS,Kansas,Seward,20175,21067,14437,3.200000,"( 2.8,  3.5)",3.200000,"( 2.9,  3.6)",20,0,0,0,0,0,0,False,0.000000,0.000000,False,0.000000,0.000000,False,False,True,1.000000,3,20175,,False,nonmetro,136.252210,True
KS,Kansas,Shawnee,20177,177746,137140,3.500000,"( 3.1,  4.0)",2.900000,"( 2.5,  3.2)",20,1,1,1,1,1,1,True,0.562601,0.729182,True,0.562601,0.729182,False,False,False,2.000000,5,20177,94.000000,True,metro,4.310318,True
KS,Kansas,Sheridan,20179,2423,1821,3.700000,"( 3.2,  4.2)",2.600000,"( 2.4,  3.0)",20,0,0,0,0,0,0,False,0.000000,0.000000,False,0.000000,0.000000,False,False,False,2.000000,1,20179,,False,nonmetro,204.804854,True
KS,Kansas,Sherman,20181,5844,4429,3.700000,"( 3.2,  4.3)",2.900000,"( 2.6,  3.3)",20,0,0,0,0,0,0,False,0.000000,0.000000,False,0.000000,0.000000,False,False,False,2.000000,1,20181,,False,nonmetro,167.536721,True
KS,Kansas,Smith,20183,3590,2863,4.300000,"( 3.6,  4.9)",2.800000,"( 2.4,  3.2)",20,0,0,0,0,0,0,False,0.000000,0.000000,False,0.000000,0.000000,True,True,False,4.000000,1,20183,,False,nonmetro,163.956312,True
KS,Kansas,Stafford,20185,3909,2956,4.000000,"( 3.4,  4.6)",2.900000,"( 2.5,  3.3)",20,0,0,0,0,0,0,False,0.000000,0.000000,False,0.000000,0.000000,False,False,False,3.000000,1,20185,,False,nonmetro,79.203360,True
KS,Kansas,Stanton,20187,1901,1393,4.100000,"( 3.6,  4.6)",3.300000,"( 2.9,  3.7)",20,0,0,0,0,0,0,False,0.000000,0.000000,False,0.000000,0.000000,True,True,True,3.000000,1,20187,,False,nonmetro,161.957892,True
KS,Kansas,Stevens,20189,5077,3621,4.200000,"( 3.7,  4.8)",3.500000,"( 3.1,  3.9)",20,0,0,0,0,0,0,False,0.000000,0.000000,False,0.000000,0.000000,True,True,True,3.000000,1,20189,,False,nonmetro,138.720305,True
KS,Kansas,Sumner,20191,22334,16986,3.800000,"( 3.3,  4.3)",3.000000,"( 2.6,  3.4)",20,0,0,0,0,0,0,False,0.000000,0.000000,False,0.000000,0.000000,False,False,False,2.000000,3,20191,,False,metro,28.167437,True
KS,Kansas,Thomas,20193,7865,5942,3.100000,"( 2.7,  3.6)",2.700000,"( 2.3,  3.0)",20,0,0,0,0,0,0,False,0.000000,0.000000,False,0.000000,0.000000,False,False,False,1.000000,1,20193,,False,nonmetro,202.844376,True
KS,Kansas,Trego,20195,2731,2207,3.800000,"( 3.3,  4.4)",2.600000,"( 2.3,  3.0)",20,0,0,0,0,0,0,False,0.000000,0.000000,False,0.000000,0.000000,False,False,False,2.000000,1,20195,,False,nonmetro,164.951555,True
KS,Kansas,Wabaunsee,20197,7057,5423,3.500000,"( 3.0,  4.0)",2.700000,"( 2.3,  3.0)",20,0,0,0,0,0,0,False,0.000000,0.000000,False,0.000000,0.000000,False,False,False,2.000000,1,20197,,False,metro,27.849995,True
KS,Kansas,Wallace,20199,1509,1087,4.300000,"( 3.7,  5.0)",3.000000,"( 2.6,  3.4)",20,0,0,0,0,0,0,False,0.000000,0.000000,False,0.000000,0.000000,True,True,False,4.000000,1,20199,,False,nonmetro,164.651356,True
KS,Kansas,Washington,20201,5504,4139,3.800000,"( 3.3,  4.3)",2.700000,"( 2.4,  3.1)",20,0,0,0,0,0,0,False,0.000000,0.000000,False,0.000000,0.000000,False,False,False,2.000000,1,20201,,False,nonmetro,89.126058,True
KS,Kansas,Wichita,20203,2082,1493,4.200000,"( 3.7,  4.8)",3.100000,"( 2.8,  3.5)",20,0,0,0,0,0,0,False,0.000000,0.000000,False,0.000000,0.000000,True,True,False,3.000000,1,20203,,False,nonmetro,188.747133,True
KS,Kansas,Wilson,20205,8382,6388,4.300000,"( 3.7,  4.9)",3.200000,"( 2.8,  3.6)",20,0,0,0,0,0,0,False,0.000000,0.000000,False,0.000000,0.000000,True,True,True,4.000000,1,20205,,False,nonmetro,87.442792,True
KS,Kansas,Woodson,20207,3115,2491,4.300000,"( 3.7,  5.0)",3.000000,"( 2.6,  3.5)",20,0,0,0,0,0,0,False,0.000000,0.000000,False,0.000000,0.000000,True,True,False,4.000000,1,20207,,False,nonmetro,81.054169,True
KS,Kansas,Wyandotte,20209,165281,120644,3.800000,"( 3.4,  4.2)",3.700000,"( 3.3,  4.1)",20,11,11,6,11,11,6,True,6.655332,9.117735,True,6.655332,9.117735,False,False,False,2.000000,5,20209,70.000000,True,metro,5.269334,True
KY,Kentucky,Adair,21001,19264,15466,,,,,21,0,0,0,0,0,0,False,0.000000,0.000000,False,0.000000,0.000000,,,,,3,21001,12.000000,True,nonmetro,75.141102,True
KY,Kentucky,Allen,21003,21788,16791,,,,,21,0,0,0,0,0,0,False,0.000000,0.000000,False,0.000000,0.000000,,,,,3,21003,12.000000,True,metro,51.583297,True
KY,Kentucky,Anderson,21005,24613,18946,,,,,21,0,0,0,0,0,0,False,0.000000,0.000000,False,0.000000,0.000000,,,,,3,21005,11.000000,True,nonmetro,24.661270,True
KY,Kentucky,Ballard,21007,7582,6077,,,,,21,0,0,0,0,0,0,False,0.000000,0.000000,False,0.000000,0.000000,,,,,1,21007,,False,metro,99.192928,True
KY,Kentucky,Barren,21009,45008,34401,,,,,21,0,0,0,0,0,0,False,0.000000,0.000000,False,0.000000,0.000000,,,,,4,21009,27.000000,True,nonmetro,74.236798,True
KY,Kentucky,Bath,21011,12975,9671,,,,,21,0,0,0,0,0,0,False,0.000000,0.000000,False,0.000000,0.000000,,,,,2,21011,11.000000,True,nonmetro,41.592524,True
KY,Kentucky,Bell,21013,23317,18156,,,,,21,0,0,0,0,0,0,False,0.000000,0.000000,False,0.000000,0.000000,,,,,3,21013,20.000000,True,nonmetro,40.566068,True
KY,Kentucky,Boone,21015,140496,105062,,,,,21,0,0,0,0,0,0,False,0.000000,0.000000,False,0.000000,0.000000,,,,,5,21015,53.000000,True,metro,13.818233,True
KY,Kentucky,Bourbon,21017,20134,15577,,,,,21,0,0,0,0,0,0,False,0.000000,0.000000,False,0.000000,0.000000,,,,,3,21017,15.000000,True,metro,19.711704,True
KY,Kentucky,Boyd,21019,47826,37692,,,,,21,0,0,0,0,0,0,False,0.000000,0.000000,False,0.000000,0.000000,,,,,4,21019,31.000000,True,metro,56.350405,True
KY,Kentucky,Boyle,21021,30988,24639,,,,,21,0,0,0,0,0,0,False,0.000000,0.000000,False,0.000000,0.000000,,,,,3,21021,21.000000,True,nonmetro,29.943502,True
KY,Kentucky,Bracken,21023,8426,6453,,,,,21,0,0,0,0,0,0,False,0.000000,0.000000,False,0.000000,0.000000,,,,,1,21023,,False,metro,37.959244,True
KY,Kentucky,Breathitt,21025,12953,10214,,,,,21,0,0,0,0,0,0,False,0.000000,0.000000,False,0.000000,0.000000,,,,,2,21025,,False,nonmetro,68.468096,True
KY,Kentucky,Breckinridge,21027,21124,16388,,,,,21,0,0,0,0,0,0,False,0.000000,0.000000,False,0.000000,0.000000,,,,,3,21027,15.000000,True,nonmetro,48.970239,True
KY,Kentucky,Bullitt,21029,84863,67051,,,,,21,0,0,0,0,0,0,False,0.000000,0.000000,False,0.000000,0.000000,,,,,4,21029,35.000000,True,metro,17.502003,True
KY,Kentucky,Butler,21031,12375,9514,,,,,21,0,0,0,0,0,0,False,0.000000,0.000000,False,0.000000,0.000000,,,,,2,21031,10.000000,True,metro,73.046896,True
KY,Kentucky,Caldwell,21033,12551,9631,,,,,21,0,0,0,0,0,0,False,0.000000,0.000000,False,0.000000,0.000000,,,,,2,21033,,False,nonmetro,89.873204,True
KY,Kentucky,Calloway,21035,38280,31199,,,,,21,0,0,0,0,0,0,False,0.000000,0.000000,False,0.000000,0.000000,,,,,4,21035,18.000000,True,nonmetro,75.182130,True
KY,Kentucky,Campbell,21037,93702,74636,,,,,21,0,0,0,0,0,0,False,0.000000,0.000000,False,0.000000,0.000000,,,,,4,21037,47.000000,True,metro,7.796007,True
KY,Kentucky,Carlisle,21039,4704,3595,,,,,21,0,0,0,0,0,0,False,0.000000,0.000000,False,0.000000,0.000000,,,,,1,21039,,False,metro,86.144400,True
KY,Kentucky,Carroll,21041,10987,8019,,,,,21,0,0,0,0,0,0,False,0.000000,0.000000,False,0.000000,0.000000,,,,,2,21041,,False,nonmetro,34.118099,True
KY,Kentucky,Carter,21043,26366,20511,,,,,21,0,0,0,0,0,0,False,0.000000,0.000000,False,0.000000,0.000000,,,,,3,21043,21.000000,True,metro,71.908174,True
KY,Kentucky,Casey,21045,15918,12263,,,,,21,0,0,0,0,0,0,False,0.000000,0.000000,False,0.000000,0.000000,,,,,2,21045,,False,nonmetro,53.636648,True
KY,Kentucky,Christian,21047,72032,51521,,,,,21,0,0,0,0,0,0,False,0.000000,0.000000,False,0.000000,0.000000,,,,,4,21047,32.000000,True,metro,59.003555,True
KY,Kentucky,Clark,21049,37304,28972,,,,,21,0,0,0,0,0,0,False,0.000000,0.000000,False,0.000000,0.000000,,,,,4,21049,25.000000,True,metro,16.172262,True
KY,Kentucky,Clay,21051,19648,15540,,,,,21,0,0,0,0,0,0,False,0.000000,0.000000,False,0.000000,0.000000,,,,,3,21051,15.000000,True,nonmetro,67.243574,True
KY,Kentucky,Clinton,21053,9148,7178,,,,,21,0,0,0,0,0,0,False,0.000000,0.000000,False,0.000000,0.000000,,,,,2,21053,,False,nonmetro,77.672710,True
KY,Kentucky,Crittenden,21055,8974,6977,,,,,21,0,0,0,0,0,0,False,0.000000,0.000000,False,0.000000,0.000000,,,,,2,21055,,False,nonmetro,108.500082,True
KY,Kentucky,Cumberland,21057,6000,4649,,,,,21,0,0,0,0,0,0,False,0.000000,0.000000,False,0.000000,0.000000,,,,,1,21057,,False,nonmetro,88.244242,True
KY,Kentucky,Daviess,21059,103458,78324,,,,,21,0,0,0,0,0,0,False,0.000000,0.000000,False,0.000000,0.000000,,,,,5,21059,54.000000,True,metro,80.765095,True
KY,Kentucky,Edmonson,21061,12448,10213,,,,,21,0,0,0,0,0,0,False,0.000000,0.000000,False,0.000000,0.000000,,,,,2,21061,,False,metro,73.838417,True
KY,Kentucky,Elliott,21063,7245,6028,,,,,21,0,0,0,0,0,0,False,0.000000,0.000000,False,0.000000,0.000000,,,,,1,21063,,False,nonmetro,74.523839,True
KY,Kentucky,Estill,21065,13936,10995,,,,,21,0,0,0,0,0,0,False,0.000000,0.000000,False,0.000000,0.000000,,,,,2,21065,12.000000,True,nonmetro,32.969499,True
KY,Kentucky,Fayette,21067,320154,253709,,,,,21,6,5,6,6,5,6,True,1.874098,2.364914,True,1.874098,2.364914,,,,,5,21067,132.000000,True,metro,3.975651,True
KY,Kentucky,Fleming,21069,15442,11720,,,,,21,0,0,0,0,0,0,False,0.000000,0.000000,False,0.000000,0.000000,,,,,2,21069,13.000000,True,nonmetro,50.319426,True
KY,Kentucky,Floyd,21071,34423,26697,,,,,21,0,0,0,0,0,0,False,0.000000,0.000000,False,0.000000,0.000000,,,,,3,21071,22.000000,True,nonmetro,81.663851,True
KY,Kentucky,Franklin,21073,51644,40886,,,,,21,0,0,0,0,0,0,False,0.000000,0.000000,False,0.000000,0.000000,,,,,4,21073,44.000000,True,nonmetro,25.713236,True
KY,Kentucky,Fulton,21075,6338,4956,,,,,21,0,0,0,0,0,0,False,0.000000,0.000000,False,0.000000,0.000000,,,,,1,21075,,False,nonmetro,65.421027,True
KY,Kentucky,Gallatin,21077,8792,6729,,,,,21,0,0,0,0,0,0,False,0.000000,0.000000,False,0.000000,0.000000,,,,,2,21077,,False,metro,30.650077,True
KY,Kentucky,Garrard,21079,17829,13879,,,,,21,0,0,0,0,0,0,False,0.000000,0.000000,False,0.000000,0.000000,,,,,2,21079,,False,nonmetro,24.580021,True
KY,Kentucky,Grant,21081,25619,18868,,,,,21,0,0,0,0,0,0,False,0.000000,0.000000,False,0.000000,0.000000,,,,,3,21081,,False,metro,30.369297,True
KY,Kentucky,Graves,21083,36461,27625,,,,,21,0,0,0,0,0,0,False,0.000000,0.000000,False,0.000000,0.000000,,,,,3,21083,27.000000,True,nonmetro,78.533788,True
KY,Kentucky,Grayson,21085,26825,20578,,,,,21,0,0,0,0,0,0,False,0.000000,0.000000,False,0.000000,0.000000,,,,,3,21085,17.000000,True,nonmetro,61.980870,True
KY,Kentucky,Green,21087,11468,9075,,,,,21,0,0,0,0,0,0,False,0.000000,0.000000,False,0.000000,0.000000,,,,,2,21087,,False,nonmetro,69.395646,True
KY,Kentucky,Greenup,21089,35221,27851,,,,,21,0,0,0,0,0,0,False,0.000000,0.000000,False,0.000000,0.000000,,,,,3,21089,22.000000,True,metro,65.303643,True
KY,Kentucky,Hancock,21091,8920,6844,,,,,21,0,0,0,0,0,0,False,0.000000,0.000000,False,0.000000,0.000000,,,,,2,21091,,False,nonmetro,63.012590,True
KY,Kentucky,Hardin,21093,112273,84493,,,,,21,0,0,0,0,0,0,False,0.000000,0.000000,False,0.000000,0.000000,,,,,5,21093,49.000000,True,metro,36.532592,True
KY,Kentucky,Harlan,21095,25324,19294,,,,,21,0,0,0,0,0,0,False,0.000000,0.000000,False,0.000000,0.000000,,,,,3,21095,24.000000,True,nonmetro,53.770711,True
KY,Kentucky,Harrison,21097,19415,14948,,,,,21,0,0,0,0,0,0,False,0.000000,0.000000,False,0.000000,0.000000,,,,,3,21097,19.000000,True,nonmetro,30.854501,True
KY,Kentucky,Hart,21099,19724,14975,,,,,21,0,0,0,0,0,0,False,0.000000,0.000000,False,0.000000,0.000000,,,,,3,21099,,False,nonmetro,67.810646,True
KY,Kentucky,Henderson,21101,44119,34202,,,,,21,0,0,0,0,0,0,False,0.000000,0.000000,False,0.000000,0.000000,,,,,4,21101,21.000000,True,nonmetro,102.794507,True
KY,Kentucky,Henry,21103,15973,12243,,,,,21,0,0,0,0,0,0,False,0.000000,0.000000,False,0.000000,0.000000,,,,,2,21103,,False,metro,24.614143,True
KY,Kentucky,Hickman,21105,4447,3584,,,,,21,0,0,0,0,0,0,False,0.000000,0.000000,False,0.000000,0.000000,,,,,1,21105,,False,nonmetro,72.975788,True
KY,Kentucky,Hopkins,21107,44929,34591,,,,,21,0,0,0,0,0,0,False,0.000000,0.000000,False,0.000000,0.000000,,,,,4,21107,29.000000,True,nonmetro,89.033359,True
KY,Kentucky,Jackson,21109,13104,10049,,,,,21,0,0,0,0,0,0,False,0.000000,0.000000,False,0.000000,0.000000,,,,,2,21109,,False,nonmetro,48.603082,True
KY,Kentucky,Jefferson,21111,772144,601290,,,,,21,3,3,2,3,3,2,True,0.388529,0.498927,True,0.388529,0.498927,,,,,5,21111,333.000000,True,metro,7.049469,True
KY,Kentucky,Jessamine,21113,55017,42098,,,,,21,0,0,0,0,0,0,False,0.000000,0.000000,False,0.000000,0.000000,,,,,4,21113,28.000000,True,metro,9.458327,True
KY,Kentucky,Johnson,21115,22116,17225,,,,,21,0,0,0,0,0,0,False,0.000000,0.000000,False,0.000000,0.000000,,,,,3,21115,15.000000,True,nonmetro,73.818049,True
KY,Kentucky,Kenton,21117,171321,131901,,,,,21,0,0,0,0,0,0,False,0.000000,0.000000,False,0.000000,0.000000,,,,,5,21117,77.000000,True,metro,8.486414,True
KY,Kentucky,Knott,21119,13659,10946,,,,,21,0,0,0,0,0,0,False,0.000000,0.000000,False,0.000000,0.000000,,,,,2,21119,,False,nonmetro,88.712501,True
KY,Kentucky,Knox,21121,29794,22837,,,,,21,0,0,0,0,0,0,False,0.000000,0.000000,False,0.000000,0.000000,,,,,3,21121,20.000000,True,nonmetro,58.627557,True
KY,Kentucky,Larue,21123,15303,11846,,,,,21,0,0,0,0,0,0,False,0.000000,0.000000,False,0.000000,0.000000,,,,,2,21123,12.000000,True,metro,49.274590,True
KY,Kentucky,Laurel,21125,63296,49023,,,,,21,0,0,0,0,0,0,False,0.000000,0.000000,False,0.000000,0.000000,,,,,4,21125,37.000000,True,nonmetro,64.497401,True
KY,Kentucky,Lawrence,21127,16000,12165,,,,,21,0,0,0,0,0,0,False,0.000000,0.000000,False,0.000000,0.000000,,,,,2,21127,,False,metro,59.861617,True
KY,Kentucky,Lee,21129,7293,6002,,,,,21,0,0,0,0,0,0,False,0.000000,0.000000,False,0.000000,0.000000,,,,,1,21129,,False,nonmetro,50.518440,True
KY,Kentucky,Leslie,21131,9864,7761,,,,,21,0,0,0,0,0,0,False,0.000000,0.000000,False,0.000000,0.000000,,,,,2,21131,,False,nonmetro,69.033185,True
KY,Kentucky,Letcher,21133,20423,16017,,,,,21,0,0,0,0,0,0,False,0.000000,0.000000,False,0.000000,0.000000,,,,,3,21133,19.000000,True,nonmetro,80.461862,True
KY,Kentucky,Lewis,21135,12973,9997,,,,,21,0,0,0,0,0,0,False,0.000000,0.000000,False,0.000000,0.000000,,,,,2,21135,,False,nonmetro,72.368031,True
KY,Kentucky,Lincoln,21137,24776,18696,,,,,21,0,0,0,0,0,0,False,0.000000,0.000000,False,0.000000,0.000000,,,,,3,21137,17.000000,True,nonmetro,37.463206,True
KY,Kentucky,Livingston,21139,8892,7071,,,,,21,0,0,0,0,0,0,False,0.000000,0.000000,False,0.000000,0.000000,,,,,2,21139,,False,metro,106.385353,True
KY,Kentucky,Logan,21141,28283,21446,,,,,21,0,0,0,0,0,0,False,0.000000,0.000000,False,0.000000,0.000000,,,,,3,21141,16.000000,True,nonmetro,48.351451,True
KY,Kentucky,Lyon,21143,9187,7902,,,,,21,0,0,0,0,0,0,False,0.000000,0.000000,False,0.000000,0.000000,,,,,2,21143,,False,nonmetro,94.994180,True
KY,Kentucky,McCracken,21145,67428,52847,,,,,21,0,0,0,0,0,0,False,0.000000,0.000000,False,0.000000,0.000000,,,,,4,21145,48.000000,True,metro,99.633494,True
KY,Kentucky,McCreary,21147,17050,13365,,,,,21,0,0,0,0,0,0,False,0.000000,0.000000,False,0.000000,0.000000,,,,,2,21147,,False,nonmetro,52.610340,True
KY,Kentucky,McLean,21149,9054,6955,,,,,21,0,0,0,0,0,0,False,0.000000,0.000000,False,0.000000,0.000000,,,,,2,21149,,False,metro,92.690061,True
KY,Kentucky,Madison,21151,96735,76250,,,,,21,0,0,0,0,0,0,False,0.000000,0.000000,False,0.000000,0.000000,,,,,4,21151,38.000000,True,nonmetro,22.350877,True
KY,Kentucky,Magoffin,21153,11228,8684,,,,,21,0,0,0,0,0,0,False,0.000000,0.000000,False,0.000000,0.000000,,,,,2,21153,,False,nonmetro,79.562553,True
KY,Kentucky,Marion,21155,19834,15144,,,,,21,0,0,0,0,0,0,False,0.000000,0.000000,False,0.000000,0.000000,,,,,3,21155,,False,nonmetro,50.531995,True
KY,Kentucky,Marshall,21157,31744,25459,,,,,21,0,0,0,0,0,0,False,0.000000,0.000000,False,0.000000,0.000000,,,,,3,21157,18.000000,True,nonmetro,92.550854,True
KY,Kentucky,Martin,21159,10928,8828,,,,,21,0,0,0,0,0,0,False,0.000000,0.000000,False,0.000000,0.000000,,,,,2,21159,,False,nonmetro,59.900485,True
KY,Kentucky,Mason,21161,16841,12943,,,,,21,0,0,0,0,0,0,False,0.000000,0.000000,False,0.000000,0.000000,,,,,2,21161,13.000000,True,nonmetro,52.191994,True
KY,Kentucky,Meade,21163,30131,23607,,,,,21,0,0,0,0,0,0,False,0.000000,0.000000,False,0.000000,0.000000,,,,,3,21163,11.000000,True,metro,30.648875,True
KY,Kentucky,Menifee,21165,6286,5112,,,,,21,0,0,0,0,0,0,False,0.000000,0.000000,False,0.000000,0.000000,,,,,1,21165,,False,nonmetro,48.127049,True
KY,Kentucky,Mercer,21167,23097,18078,,,,,21,0,0,0,0,0,0,False,0.000000,0.000000,False,0.000000,0.000000,,,,,3,21167,13.000000,True,nonmetro,24.936207,True
KY,Kentucky,Metcalfe,21169,10482,8042,,,,,21,0,0,0,0,0,0,False,0.000000,0.000000,False,0.000000,0.000000,,,,,2,21169,,False,nonmetro,83.232249,True
KY,Kentucky,Monroe,21171,11306,8615,,,,,21,0,0,0,0,0,0,False,0.000000,0.000000,False,0.000000,0.000000,,,,,2,21171,,False,nonmetro,69.925765,True
KY,Kentucky,Montgomery,21173,28527,21907,,,,,21,0,0,0,0,0,0,False,0.000000,0.000000,False,0.000000,0.000000,,,,,3,21173,11.000000,True,nonmetro,30.824248,True
KY,Kentucky,Morgan,21175,14283,11670,,,,,21,0,0,0,0,0,0,False,0.000000,0.000000,False,0.000000,0.000000,,,,,2,21175,,False,nonmetro,66.176565,True
KY,Kentucky,Muhlenberg,21177,30568,24126,,,,,21,0,0,0,0,0,0,False,0.000000,0.000000,False,0.000000,0.000000,,,,,3,21177,18.000000,True,nonmetro,76.832461,True
KY,Kentucky,Nelson,21179,47730,36836,,,,,21,0,0,0,0,0,0,False,0.000000,0.000000,False,0.000000,0.000000,,,,,4,21179,21.000000,True,metro,34.435279,True
KY,Kentucky,Nicholas,21181,7686,5809,,,,,21,0,0,0,0,0,0,False,0.000000,0.000000,False,0.000000,0.000000,,,,,1,21181,,False,nonmetro,33.995262,True
KY,Kentucky,Ohio,21183,23626,18062,,,,,21,0,0,0,0,0,0,False,0.000000,0.000000,False,0.000000,0.000000,,,,,3,21183,18.000000,True,nonmetro,80.486060,True
KY,Kentucky,Oldham,21185,70183,53197,,,,,21,0,0,0,0,0,0,False,0.000000,0.000000,False,0.000000,0.000000,,,,,4,21185,20.000000,True,metro,9.239383,True
KY,Kentucky,Owen,21187,11313,8968,,,,,21,0,0,0,0,0,0,False,0.000000,0.000000,False,0.000000,0.000000,,,,,2,21187,,False,nonmetro,39.162315,True
KY,Kentucky,Owsley,21189,4001,3084,,,,,21,0,0,0,0,0,0,False,0.000000,0.000000,False,0.000000,0.000000,,,,,1,21189,,False,nonmetro,57.066203,True
KY,Kentucky,Pendleton,21191,14810,11396,,,,,21,0,0,0,0,0,0,False,0.000000,0.000000,False,0.000000,0.000000,,,,,2,21191,,False,metro,29.834812,True
KY,Kentucky,Perry,21193,27133,20782,,,,,21,0,0,0,0,0,0,False,0.000000,0.000000,False,0.000000,0.000000,,,,,3,21193,18.000000,True,nonmetro,78.863463,True
KY,Kentucky,Pike,21195,55973,44589,,,,,21,0,0,0,0,0,0,False,0.000000,0.000000,False,0.000000,0.000000,,,,,4,21195,44.000000,True,nonmetro,75.217914,True
KY,Kentucky,Powell,21197,12972,9884,,,,,21,0,0,0,0,0,0,False,0.000000,0.000000,False,0.000000,0.000000,,,,,2,21197,,False,nonmetro,33.937082,True
KY,Kentucky,Pulaski,21199,66191,51804,,,,,21,0,0,0,0,0,0,False,0.000000,0.000000,False,0.000000,0.000000,,,,,4,21199,33.000000,True,nonmetro,62.461771,True
KY,Kentucky,Robertson,21201,2313,1799,,,,,21,0,0,0,0,0,0,False,0.000000,0.000000,False,0.000000,0.000000,,,,,1,21201,,False,nonmetro,43.454816,True
KY,Kentucky,Rockcastle,21203,16190,12780,,,,,21,0,0,0,0,0,0,False,0.000000,0.000000,False,0.000000,0.000000,,,,,2,21203,,False,nonmetro,42.696328,True
KY,Kentucky,Rowan,21205,24409,19548,,,,,21,0,0,0,0,0,0,False,0.000000,0.000000,False,0.000000,0.000000,,,,,3,21205,,False,nonmetro,58.028930,True
KY,Kentucky,Russell,21207,18279,14064,,,,,21,0,0,0,0,0,0,False,0.000000,0.000000,False,0.000000,0.000000,,,,,2,21207,10.000000,True,nonmetro,73.487706,True
KY,Kentucky,Scott,21209,60168,45676,,,,,21,0,0,0,0,0,0,False,0.000000,0.000000,False,0.000000,0.000000,,,,,4,21209,28.000000,True,metro,17.602199,True
KY,Kentucky,Shelby,21211,49515,38642,,,,,21,0,0,0,0,0,0,False,0.000000,0.000000,False,0.000000,0.000000,,,,,4,21211,17.000000,True,metro,22.874220,True
KY,Kentucky,Simpson,21213,20195,15511,,,,,21,0,0,0,0,0,0,False,0.000000,0.000000,False,0.000000,0.000000,,,,,3,21213,12.000000,True,nonmetro,40.951949,True
KY,Kentucky,Spencer,21215,20531,15906,,,,,21,0,0,0,0,0,0,False,0.000000,0.000000,False,0.000000,0.000000,,,,,3,21215,,False,metro,24.281693,True
KY,Kentucky,Taylor,21217,26443,20386,,,,,21,0,0,0,0,0,0,False,0.000000,0.000000,False,0.000000,0.000000,,,,,3,21217,17.000000,True,nonmetro,64.270210,True
KY,Kentucky,Todd,21219,12494,9127,,,,,21,0,0,0,0,0,0,False,0.000000,0.000000,False,0.000000,0.000000,,,,,2,21219,,False,nonmetro,49.748541,True
KY,Kentucky,Trigg,21221,14369,11280,,,,,21,0,0,0,0,0,0,False,0.000000,0.000000,False,0.000000,0.000000,,,,,2,21221,,False,metro,74.961855,True
KY,Kentucky,Trimble,21223,8607,6709,,,,,21,0,0,0,0,0,0,False,0.000000,0.000000,False,0.000000,0.000000,,,,,1,21223,,False,nonmetro,24.614400,True
KY,Kentucky,Union,21225,13106,10559,,,,,21,0,0,0,0,0,0,False,0.000000,0.000000,False,0.000000,0.000000,,,,,2,21225,,False,nonmetro,120.164064,True
KY,Kentucky,Warren,21227,142229,108754,,,,,21,0,0,0,0,0,0,False,0.000000,0.000000,False,0.000000,0.000000,,,,,5,21227,56.000000,True,metro,58.734978,True
KY,Kentucky,Washington,21229,12267,9420,,,,,21,0,0,0,0,0,0,False,0.000000,0.000000,False,0.000000,0.000000,,,,,2,21229,,False,nonmetro,42.144887,True
KY,Kentucky,Wayne,21231,19580,15608,,,,,21,0,0,0,0,0,0,False,0.000000,0.000000,False,0.000000,0.000000,,,,,3,21231,13.000000,True,nonmetro,72.066050,True
KY,Kentucky,Webster,21233,12726,9635,,,,,21,0,0,0,0,0,0,False,0.000000,0.000000,False,0.000000,0.000000,,,,,2,21233,,False,nonmetro,105.102907,True
KY,Kentucky,Whitley,21235,36825,27163,,,,,21,0,0,0,0,0,0,False,0.000000,0.000000,False,0.000000,0.000000,,,,,3,21235,22.000000,True,nonmetro,54.495276,True
KY,Kentucky,Wolfe,21237,6282,4858,,,,,21,0,0,0,0,0,0,False,0.000000,0.000000,False,0.000000,0.000000,,,,,1,21237,,False,nonmetro,55.547962,True
KY,Kentucky,Woodford,21239,27268,21423,,,,,21,0,0,0,0,0,0,False,0.000000,0.000000,False,0.000000,0.000000,,,,,3,21239,14.000000,True,metro,14.522813,True
LA,Louisiana,Acadia,22001,56489,41929,4.900000,"( 4.3,  5.5)",4.200000,"( 3.7,  4.7)",22,0,0,0,0,0,0,False,0.000000,0.000000,False,0.000000,0.000000,True,True,True,5.000000,4,22001,47.000000,True,metro,24.380480,True
LA,Louisiana,Allen,22003,22112,17025,4.500000,"( 4.0,  4.9)",4.200000,"( 3.8,  4.6)",22,0,0,0,0,0,0,False,0.000000,0.000000,False,0.000000,0.000000,True,True,True,4.000000,3,22003,11.000000,True,nonmetro,43.667124,True
LA,Louisiana,Ascension,22005,131632,97316,3.300000,"( 2.9,  3.7)",3.100000,"( 2.8,  3.5)",22,0,0,0,0,0,0,False,0.000000,0.000000,False,0.000000,0.000000,False,False,False,1.000000,5,22005,54.000000,True,metro,30.378768,True
LA,Louisiana,Assumption,22007,20160,16073,5.100000,"( 4.5,  5.6)",4.000000,"( 3.6,  4.4)",22,0,0,0,0,0,0,False,0.000000,0.000000,False,0.000000,0.000000,True,True,True,5.000000,3,22007,12.000000,True,metro,30.912598,True
LA,Louisiana,Avoyelles,22009,38408,29196,5.500000,"( 4.9,  6.1)",4.600000,"( 4.2,  5.1)",22,0,0,0,0,0,0,False,0.000000,0.000000,False,0.000000,0.000000,True,True,True,5.000000,4,22009,28.000000,True,nonmetro,36.656678,True
LA,Louisiana,Beauregard,22011,36827,27436,4.000000,"( 3.5,  4.5)",3.500000,"( 3.1,  3.9)",22,0,0,0,0,0,0,False,0.000000,0.000000,False,0.000000,0.000000,False,False,True,3.000000,3,22011,23.000000,True,nonmetro,72.725441,True
LA,Louisiana,Bienville,22013,12366,9519,6.800000,"( 6.1,  7.5)",5.100000,"( 4.6,  5.7)",22,0,0,0,0,0,0,False,0.000000,0.000000,False,0.000000,0.000000,True,True,True,5.000000,2,22013,10.000000,True,nonmetro,40.520174,True
LA,Louisiana,Bossier,22015,129795,97847,3.800000,"( 3.3,  4.2)",3.400000,"( 3.0,  3.8)",22,0,0,0,0,0,0,False,0.000000,0.000000,False,0.000000,0.000000,False,False,True,2.000000,5,22015,80.000000,True,metro,8.095086,True
LA,Louisiana,Caddo,22017,226386,173794,5.100000,"( 4.5,  5.7)",4.200000,"( 3.7,  4.7)",22,1,1,1,2,2,2,True,0.441723,0.575394,True,0.883447,1.150788,False,False,False,5.000000,5,22017,167.000000,True,metro,8.042071,True
LA,Louisiana,Calcasieu,22019,203761,153336,4.000000,"( 3.6,  4.5)",3.600000,"( 3.2,  4.0)",22,0,0,0,0,0,0,False,0.000000,0.000000,False,0.000000,0.000000,False,False,True,3.000000,5,22019,196.000000,True,metro,73.442539,True
LA,Louisiana,Caldwell,22021,9389,7310,5.200000,"( 4.6,  5.8)",4.300000,"( 3.9,  4.8)",22,0,0,0,0,0,0,False,0.000000,0.000000,False,0.000000,0.000000,True,True,True,5.000000,2,22021,,False,nonmetro,31.048407,True
LA,Louisiana,Cameron,22023,4768,3710,4.000000,"( 3.5,  4.6)",3.200000,"( 2.8,  3.6)",22,0,0,0,0,0,0,False,0.000000,0.000000,False,0.000000,0.000000,False,False,True,3.000000,1,22023,,False,metro,77.279411,True
LA,Louisiana,Catahoula,22025,8414,6589,5.300000,"( 4.7,  5.9)",4.500000,"( 4.0,  5.0)",22,0,0,0,0,0,0,False,0.000000,0.000000,False,0.000000,0.000000,True,True,True,5.000000,1,22025,,False,nonmetro,60.168271,True
LA,Louisiana,Claiborne,22027,13670,11034,7.100000,"( 6.4,  7.9)",5.600000,"( 5.1,  6.2)",22,0,0,0,0,0,0,False,0.000000,0.000000,False,0.000000,0.000000,True,True,True,5.000000,2,22027,,False,nonmetro,45.827328,True
LA,Louisiana,Concordia,22029,17688,13579,6.000000,"( 5.4,  6.7)",4.900000,"( 4.4,  5.5)",22,0,0,0,0,0,0,False,0.000000,0.000000,False,0.000000,0.000000,True,True,True,5.000000,2,22029,18.000000,True,nonmetro,67.748462,True
LA,Louisiana,De Soto,22031,27114,20598,5.300000,"( 4.7,  5.9)",4.200000,"( 3.8,  4.7)",22,0,0,0,0,0,0,False,0.000000,0.000000,False,0.000000,0.000000,True,True,True,5.000000,3,22031,21.000000,True,metro,28.392919,True
LA,Louisiana,East Baton Rouge,22033,448467,347496,3.800000,"( 3.4,  4.3)",3.700000,"( 3.3,  4.1)",22,0,0,0,1,1,1,False,0.000000,0.000000,True,0.222982,0.287773,False,False,False,2.000000,5,22033,266.000000,True,metro,14.121281,True
LA,Louisiana,East Carroll,22035,6829,5465,6.800000,"( 6.1,  7.5)",6.500000,"( 5.8,  7.2)",22,0,0,0,0,0,0,False,0.000000,0.000000,False,0.000000,0.000000,True,True,True,5.000000,1,22035,,False,nonmetro,49.898652,True
LA,Louisiana,East Feliciana,22037,19229,15872,4.700000,"( 4.1,  5.2)",3.800000,"( 3.4,  4.2)",22,0,0,0,0,0,0,False,0.000000,0.000000,False,0.000000,0.000000,True,True,True,4.000000,3,22037,11.000000,True,metro,13.433189,True
LA,Louisiana,Evangeline,22039,31754,23809,5.000000,"( 4.5,  5.6)",4.400000,"( 4.0,  4.9)",22,0,0,0,0,0,0,False,0.000000,0.000000,False,0.000000,0.000000,True,True,True,5.000000,3,22039,16.000000,True,nonmetro,20.861049,True
LA,Louisiana,Franklin,22041,19285,14407,5.700000,"( 5.1,  6.4)",4.600000,"( 4.1,  5.1)",22,0,0,0,0,0,0,False,0.000000,0.000000,False,0.000000,0.000000,True,True,True,5.000000,3,22041,,False,nonmetro,37.185291,True
LA,Louisiana,Grant,22043,21911,17355,4.000000,"( 3.6,  4.5)",3.700000,"( 3.3,  4.1)",22,0,0,0,0,0,0,False,0.000000,0.000000,False,0.000000,0.000000,False,False,True,3.000000,3,22043,,False,metro,69.454487,True
LA,Louisiana,Iberia,22045,67659,50684,4.900000,"( 4.4,  5.4)",4.200000,"( 3.8,  4.7)",22,0,0,0,0,0,0,False,0.000000,0.000000,False,0.000000,0.000000,True,True,True,5.000000,4,22045,47.000000,True,nonmetro,40.793127,True
LA,Louisiana,Iberville,22047,29617,23427,4.700000,"( 4.2,  5.3)",4.100000,"( 3.7,  4.5)",22,0,0,0,0,0,0,False,0.000000,0.000000,False,0.000000,0.000000,True,True,True,4.000000,3,22047,18.000000,True,metro,27.510169,True
LA,Louisiana,Jackson,22049,14746,11654,5.400000,"( 4.9,  6.1)",4.200000,"( 3.8,  4.7)",22,0,0,0,0,0,0,False,0.000000,0.000000,False,0.000000,0.000000,True,True,True,5.000000,2,22049,,False,nonmetro,33.279315,True
LA,Louisiana,Jefferson,22051,421777,328457,4.100000,"( 3.7,  4.7)",3.400000,"( 3.0,  3.8)",22,1,1,1,1,1,1,True,0.237092,0.304454,True,0.237092,0.304454,False,False,False,3.000000,5,22051,213.000000,True,metro,4.732711,True
LA,Louisiana,Jefferson Davis,22053,31553,23598,4.400000,"( 3.9,  5.0)",3.800000,"( 3.3,  4.2)",22,0,0,0,0,0,0,False,0.000000,0.000000,False,0.000000,0.000000,True,True,True,4.000000,3,22053,30.000000,True,metro,44.892945,True
LA,Louisiana,Lafayette,22055,249750,189467,3.600000,"( 3.2,  4.1)",3.400000,"( 3.0,  3.8)",22,0,0,0,0,0,0,False,0.000000,0.000000,False,0.000000,0.000000,False,False,True,2.000000,5,22055,112.000000,True,metro,23.459560,True
LA,Louisiana,Lafourche,22057,95056,73551,4.200000,"( 3.7,  4.8)",3.600000,"( 3.2,  4.1)",22,0,0,0,0,0,0,False,0.000000,0.000000,False,0.000000,0.000000,True,True,True,3.000000,4,22057,50.000000,True,metro,15.784257,True
LA,Louisiana,LaSalle,22059,14800,11610,3.800000,"( 3.3,  4.2)",3.500000,"( 3.1,  4.0)",22,0,0,0,0,0,0,False,0.000000,0.000000,False,0.000000,0.000000,False,False,True,2.000000,2,22059,13.000000,True,nonmetro,54.829938,True
LA,Louisiana,Lincoln,22061,47962,38485,4.000000,"( 3.5,  4.4)",4.300000,"( 3.8,  4.8)",22,0,0,0,0,0,0,False,0.000000,0.000000,False,0.000000,0.000000,False,False,True,3.000000,4,22061,24.000000,True,nonmetro,29.192537,True
LA,Louisiana,Livingston,22063,150145,111845,3.400000,"( 3.0,  3.9)",3.200000,"( 2.8,  3.7)",22,0,0,0,0,0,0,False,0.000000,0.000000,False,0.000000,0.000000,False,False,True,1.000000,5,22063,59.000000,True,metro,21.641357,True
LA,Louisiana,Madison,22065,9246,6887,7.000000,"( 6.3,  7.7)",5.900000,"( 5.3,  6.5)",22,0,0,0,0,0,0,False,0.000000,0.000000,False,0.000000,0.000000,True,True,True,5.000000,2,22065,,False,nonmetro,54.670876,True
LA,Louisiana,Morehouse,22067,23955,18408,6.200000,"( 5.5,  6.9)",5.000000,"( 4.5,  5.6)",22,0,0,0,0,0,0,False,0.000000,0.000000,False,0.000000,0.000000,True,True,True,5.000000,3,22067,22.000000,True,metro,24.007460,True
LA,Louisiana,Natchitoches,22069,36291,28127,4.600000,"( 4.1,  5.1)",4.300000,"( 3.8,  4.7)",22,0,0,0,0,0,0,False,0.000000,0.000000,False,0.000000,0.000000,True,True,True,4.000000,3,22069,35.000000,True,nonmetro,65.457899,True
LA,Louisiana,Orleans,22071,364136,293146,4.500000,"( 4.0,  5.1)",4.000000,"( 3.6,  4.5)",22,9,9,6,9,9,6,True,2.471604,3.070143,True,2.471604,3.070143,False,False,False,4.000000,5,22071,167.000000,True,metro,3.906319,True
LA,Louisiana,Ouachita,22073,157568,119007,4.400000,"( 3.9,  4.9)",4.000000,"( 3.5,  4.4)",22,3,3,1,3,3,1,True,1.903940,2.520860,True,1.903940,2.520860,False,False,False,4.000000,5,22073,72.000000,True,metro,5.534384,True
LA,Louisiana,Plaquemines,22075,22386,16953,3.800000,"( 3.4,  4.2)",3.400000,"( 3.1,  3.8)",22,0,0,0,0,0,0,False,0.000000,0.000000,False,0.000000,0.000000,False,False,True,2.000000,3,22075,,False,metro,19.038447,True
LA,Louisiana,Pointe Coupee,22077,20000,15744,5.200000,"( 4.7,  5.8)",3.900000,"( 3.5,  4.4)",22,0,0,0,0,0,0,False,0.000000,0.000000,False,0.000000,0.000000,True,True,True,5.000000,3,22077,21.000000,True,metro,20.309755,True
LA,Louisiana,Rapides,22079,126260,94760,4.500000,"( 4.0,  5.0)",3.900000,"( 3.5,  4.3)",22,0,0,0,0,0,0,False,0.000000,0.000000,False,0.000000,0.000000,True,True,True,4.000000,5,22079,100.000000,True,metro,57.083171,True
LA,Louisiana,Red River,22081,7356,5645,6.000000,"( 5.4,  6.6)",4.700000,"( 4.3,  5.2)",22,0,0,0,0,0,0,False,0.000000,0.000000,False,0.000000,0.000000,True,True,True,5.000000,1,22081,,False,nonmetro,41.684663,True
LA,Louisiana,Richland,22083,19712,15026,5.300000,"( 4.7,  5.9)",4.400000,"( 3.9,  4.9)",22,0,0,0,0,0,0,False,0.000000,0.000000,False,0.000000,0.000000,True,True,True,5.000000,3,22083,13.000000,True,metro,26.085436,True
LA,Louisiana,Sabine,22085,21906,16848,5.300000,"( 4.7,  5.9)",4.100000,"( 3.7,  4.6)",22,0,0,0,0,0,0,False,0.000000,0.000000,False,0.000000,0.000000,True,True,True,5.000000,3,22085,17.000000,True,nonmetro,64.399875,True
LA,Louisiana,St. Bernard,22087,44463,33008,4.200000,"( 3.8,  4.6)",4.000000,"( 3.6,  4.4)",22,0,0,0,0,0,0,False,0.000000,0.000000,False,0.000000,0.000000,True,True,True,3.000000,4,22087,18.000000,True,metro,8.528266,True
LA,Louisiana,St. Charles,22089,50620,38554,3.600000,"( 3.3,  4.1)",3.200000,"( 2.8,  3.5)",22,0,0,0,0,0,0,False,0.000000,0.000000,False,0.000000,0.000000,False,False,True,2.000000,4,22089,25.000000,True,metro,14.068996,True
LA,Louisiana,St. Helena,22091,10774,8595,6.100000,"( 5.5,  6.8)",4.800000,"( 4.3,  5.3)",22,0,0,0,0,0,0,False,0.000000,0.000000,False,0.000000,0.000000,True,True,True,5.000000,2,22091,,False,metro,29.562544,True
LA,Louisiana,St. James,22093,19191,14995,4.800000,"( 4.2,  5.3)",3.800000,"( 3.4,  4.2)",22,0,0,0,0,0,0,False,0.000000,0.000000,False,0.000000,0.000000,True,True,True,5.000000,3,22093,,False,metro,29.575689,True
LA,Louisiana,St. John the Baptist,22095,39592,30134,4.600000,"( 4.1,  5.1)",4.000000,"( 3.6,  4.5)",22,0,0,0,0,0,0,False,0.000000,0.000000,False,0.000000,0.000000,True,True,True,4.000000,4,22095,24.000000,True,metro,22.342528,True
LA,Louisiana,St. Landry,22097,81464,59706,5.500000,"( 4.9,  6.1)",4.700000,"( 4.2,  5.2)",22,1,1,1,1,1,1,True,1.227536,1.674874,True,1.227536,1.674874,False,False,False,5.000000,4,22097,59.000000,True,nonmetro,8.505327,True
LA,Louisiana,St. Martin,22099,51057,38941,4.600000,"( 4.2,  5.2)",3.900000,"( 3.5,  4.3)",22,0,0,0,0,0,0,False,0.000000,0.000000,False,0.000000,0.000000,True,True,True,4.000000,4,22099,32.000000,True,metro,24.598432,True
LA,Louisiana,St. Mary,22101,47055,35623,5.400000,"( 4.8,  6.0)",4.300000,"( 3.9,  4.7)",22,0,0,0,0,0,0,False,0.000000,0.000000,False,0.000000,0.000000,True,True,True,5.000000,4,22101,31.000000,True,nonmetro,38.415893,True
LA,Louisiana,St. Tammany,22103,275583,211037,3.600000,"( 3.1,  4.1)",3.000000,"( 2.6,  3.4)",22,2,1,1,3,1,2,True,0.725734,0.947701,True,1.088601,1.421552,False,False,False,2.000000,5,22103,138.000000,True,metro,5.057774,True
LA,Louisiana,Tangipahoa,22105,138064,104233,4.100000,"( 3.6,  4.6)",3.800000,"( 3.4,  4.3)",22,0,0,0,0,0,0,False,0.000000,0.000000,False,0.000000,0.000000,True,True,True,3.000000,5,22105,64.000000,True,metro,23.017063,True
LA,Louisiana,Tensas,22107,3764,2991,7.900000,"( 7.1,  8.9)",5.400000,"( 4.9,  6.0)",22,0,0,0,0,0,0,False,0.000000,0.000000,False,0.000000,0.000000,True,True,True,5.000000,1,22107,,False,nonmetro,63.055045,True
LA,Louisiana,Terrebonne,22109,103616,77948,4.200000,"( 3.8,  4.7)",3.700000,"( 3.3,  4.1)",22,1,1,1,1,1,1,True,0.965102,1.282907,True,0.965102,1.282907,False,False,False,3.000000,5,22109,51.000000,True,metro,5.127149,True
LA,Louisiana,Union,22111,20650,16318,5.600000,"( 5.0,  6.3)",4.200000,"( 3.8,  4.7)",22,0,0,0,0,0,0,False,0.000000,0.000000,False,0.000000,0.000000,True,True,True,5.000000,3,22111,13.000000,True,metro,24.317024,True
LA,Louisiana,Vermilion,22113,56992,42588,4.400000,"( 3.9,  5.0)",3.800000,"( 3.3,  4.2)",22,0,0,0,0,0,0,False,0.000000,0.000000,False,0.000000,0.000000,True,True,True,4.000000,4,22113,27.000000,True,metro,37.924307,True
LA,Louisiana,Vernon,22115,46250,34491,3.700000,"( 3.3,  4.1)",3.600000,"( 3.2,  4.0)",22,0,0,0,0,0,0,False,0.000000,0.000000,False,0.000000,0.000000,False,False,True,2.000000,4,22115,25.000000,True,nonmetro,77.740944,True
LA,Louisiana,Washington,22117,44865,34243,5.300000,"( 4.8,  5.9)",4.300000,"( 3.9,  4.8)",22,0,0,0,0,0,0,False,0.000000,0.000000,False,0.000000,0.000000,True,True,True,5.000000,4,22117,37.000000,True,nonmetro,27.341033,True
LA,Louisiana,Webster,22119,35238,27304,6.000000,"( 5.4,  6.6)",4.700000,"( 4.3,  5.2)",22,0,0,0,0,0,0,False,0.000000,0.000000,False,0.000000,0.000000,True,True,True,5.000000,3,22119,35.000000,True,nonmetro,29.448182,True
LA,Louisiana,West Baton Rouge,22121,28266,21373,3.900000,"( 3.5,  4.3)",3.500000,"( 3.2,  4.0)",22,0,0,0,0,0,0,False,0.000000,0.000000,False,0.000000,0.000000,False,False,True,3.000000,3,22121,12.000000,True,metro,16.528517,True
LA,Louisiana,West Carroll,22123,9323,7222,5.100000,"( 4.5,  5.7)",3.800000,"( 3.4,  4.3)",22,0,0,0,0,0,0,False,0.000000,0.000000,False,0.000000,0.000000,True,True,True,5.000000,2,22123,,False,nonmetro,47.274754,True
LA,Louisiana,West Feliciana,22125,15371,12848,4.000000,"( 3.5,  4.5)",3.500000,"( 3.1,  3.9)",22,0,0,0,0,0,0,False,0.000000,0.000000,False,0.000000,0.000000,False,False,True,3.000000,2,22125,,False,metro,23.908180,True
LA,Louisiana,Winn,22127,13216,10424,5.000000,"( 4.5,  5.6)",4.200000,"( 3.8,  4.7)",22,0,0,0,0,0,0,False,0.000000,0.000000,False,0.000000,0.000000,True,True,True,5.000000,2,22127,,False,nonmetro,51.196696,True
ME,Maine,Androscoggin,23001,113765,90589,3.700000,"( 3.2,  4.2)",3.100000,"( 2.7,  3.5)",23,0,0,0,0,0,0,False,0.000000,0.000000,False,0.000000,0.000000,False,False,False,2.000000,5,23001,49.000000,True,metro,32.190363,True
ME,Maine,Aroostook,23003,67351,54697,4.500000,"( 3.9,  5.2)",3.200000,"( 2.8,  3.6)",23,0,0,0,0,0,0,False,0.000000,0.000000,False,0.000000,0.000000,True,True,True,4.000000,4,23003,48.000000,True,nonmetro,236.269111,True
ME,Maine,Cumberland,23005,310230,255110,2.900000,"( 2.5,  3.4)",2.400000,"( 2.0,  2.7)",23,5,5,3,5,5,3,True,1.611707,1.959939,True,1.611707,1.959939,False,False,False,1.000000,5,23005,129.000000,True,metro,9.777588,True
ME,Maine,Franklin,23007,30828,25609,3.900000,"( 3.3,  4.5)",3.000000,"( 2.6,  3.4)",23,0,0,0,0,0,0,False,0.000000,0.000000,False,0.000000,0.000000,False,False,False,3.000000,3,23007,16.000000,True,nonmetro,72.890787,True
ME,Maine,Hancock,23009,56526,47589,3.800000,"( 3.2,  4.3)",2.700000,"( 2.3,  3.1)",23,0,0,0,0,0,0,False,0.000000,0.000000,False,0.000000,0.000000,False,False,False,2.000000,4,23009,24.000000,True,nonmetro,105.650106,True
ME,Maine,Kennebec,23011,127259,103608,3.600000,"( 3.2,  4.2)",2.900000,"( 2.5,  3.3)",23,0,0,0,0,0,0,False,0.000000,0.000000,False,0.000000,0.000000,False,False,False,2.000000,5,23011,67.000000,True,nonmetro,57.207365,True
ME,Maine,Knox,23013,40977,34148,3.900000,"( 3.3,  4.5)",2.700000,"( 2.3,  3.1)",23,0,0,0,0,0,0,False,0.000000,0.000000,False,0.000000,0.000000,False,False,False,3.000000,4,23013,20.000000,True,nonmetro,64.017479,True
ME,Maine,Lincoln,23015,36507,30624,3.900000,"( 3.3,  4.5)",2.600000,"( 2.2,  3.0)",23,0,0,0,0,0,0,False,0.000000,0.000000,False,0.000000,0.000000,False,False,False,3.000000,3,23015,18.000000,True,nonmetro,44.134273,True
ME,Maine,Oxford,23017,59905,49429,4.400000,"( 3.8,  5.0)",3.200000,"( 2.8,  3.7)",23,0,0,0,0,0,0,False,0.000000,0.000000,False,0.000000,0.000000,True,True,True,4.000000,4,23017,29.000000,True,nonmetro,48.214656,True
ME,Maine,Penobscot,23019,155312,128236,3.600000,"( 3.1,  4.1)",2.900000,"( 2.6,  3.3)",23,0,0,0,0,0,0,False,0.000000,0.000000,False,0.000000,0.000000,False,False,False,2.000000,5,23019,67.000000,True,metro,115.025943,True
ME,Maine,Piscataquis,23021,17486,14518,4.700000,"( 4.1,  5.4)",3.200000,"( 2.8,  3.7)",23,0,0,0,0,0,0,False,0.000000,0.000000,False,0.000000,0.000000,True,True,True,4.000000,2,23021,12.000000,True,nonmetro,120.561450,True
ME,Maine,Sagadahoc,23023,37513,30865,3.600000,"( 3.0,  4.2)",2.600000,"( 2.2,  3.0)",23,0,0,0,0,0,0,False,0.000000,0.000000,False,0.000000,0.000000,False,False,False,2.000000,4,23023,16.000000,True,metro,28.708683,True
ME,Maine,Somerset,23025,51302,41911,4.400000,"( 3.8,  5.1)",3.300000,"( 2.9,  3.7)",23,0,0,0,0,0,0,False,0.000000,0.000000,False,0.000000,0.000000,True,True,True,4.000000,4,23025,23.000000,True,nonmetro,85.839453,True
ME,Maine,Waldo,23027,40620,33502,3.800000,"( 3.3,  4.5)",2.800000,"( 2.4,  3.2)",23,0,0,0,0,0,0,False,0.000000,0.000000,False,0.000000,0.000000,False,False,False,2.000000,4,23027,23.000000,True,nonmetro,82.192397,True
ME,Maine,Washington,23029,31555,25717,4.600000,"( 3.9,  5.3)",3.200000,"( 2.8,  3.7)",23,0,0,0,0,0,0,False,0.000000,0.000000,False,0.000000,0.000000,True,True,True,4.000000,3,23029,20.000000,True,nonmetro,161.913518,True
ME,Maine,York,23031,218586,180518,3.400000,"( 2.9,  3.9)",2.600000,"( 2.3,  3.0)",23,0,0,0,0,0,0,False,0.000000,0.000000,False,0.000000,0.000000,False,False,False,1.000000,5,23031,92.000000,True,metro,21.253117,True
MD,Maryland,Allegany,24001,67273,55228,4.200000,"( 3.7,  4.9)",3.500000,"( 3.1,  3.9)",24,0,0,0,0,0,0,False,0.000000,0.000000,False,0.000000,0.000000,True,True,True,3.000000,4,24001,47.000000,True,nonmetro,46.892376,True
MD,Maryland,Anne Arundel,24003,594582,461032,2.900000,"( 2.5,  3.3)",2.500000,"( 2.2,  2.9)",24,0,0,0,0,0,0,False,0.000000,0.000000,False,0.000000,0.000000,False,False,False,1.000000,5,24003,383.000000,True,metro,14.042316,True
MD,Maryland,Baltimore,24005,844703,661546,3.500000,"( 3.1,  3.9)",2.900000,"( 2.6,  3.3)",24,0,0,0,0,0,0,False,0.000000,0.000000,False,0.000000,0.000000,False,False,False,2.000000,5,24005,531.000000,True,metro,9.244828,True
MD,Maryland,Calvert,24009,94728,72945,3.000000,"( 2.7,  3.5)",2.600000,"( 2.2,  2.9)",24,0,0,0,0,0,0,False,0.000000,0.000000,False,0.000000,0.000000,False,False,False,1.000000,4,24009,43.000000,True,metro,28.919468,True
MD,Maryland,Caroline,24011,33593,25618,4.300000,"( 3.8,  4.8)",3.500000,"( 3.2,  4.0)",24,0,0,0,0,0,0,False,0.000000,0.000000,False,0.000000,0.000000,True,True,True,4.000000,3,24011,21.000000,True,nonmetro,50.856071,True
MD,Maryland,Carroll,24013,176639,137462,2.900000,"( 2.6,  3.4)",2.400000,"( 2.1,  2.8)",24,0,0,0,0,0,0,False,0.000000,0.000000,False,0.000000,0.000000,False,False,False,1.000000,5,24013,74.000000,True,metro,20.972928,True
MD,Maryland,Cecil,24015,105672,82332,3.500000,"( 3.1,  4.0)",3.000000,"( 2.6,  3.3)",24,0,0,0,0,0,0,False,0.000000,0.000000,False,0.000000,0.000000,False,False,False,2.000000,5,24015,75.000000,True,metro,12.058375,True
MD,Maryland,Charles,24017,171973,131229,3.400000,"( 3.0,  3.8)",3.100000,"( 2.7,  3.4)",24,0,0,0,0,0,0,False,0.000000,0.000000,False,0.000000,0.000000,False,False,False,1.000000,5,24017,83.000000,True,metro,10.691016,True
MD,Maryland,Dorchester,24019,32879,26096,4.900000,"( 4.4,  5.5)",3.700000,"( 3.3,  4.1)",24,0,0,0,0,0,0,False,0.000000,0.000000,False,0.000000,0.000000,True,True,True,5.000000,3,24019,34.000000,True,nonmetro,54.988731,True
MD,Maryland,Frederick,24021,293391,224828,2.800000,"( 2.5,  3.2)",2.500000,"( 2.2,  2.8)",24,0,0,0,0,0,0,False,0.000000,0.000000,False,0.000000,0.000000,False,False,False,1.000000,5,24021,129.000000,True,metro,27.523597,True
MD,Maryland,Garrett,24023,28423,23480,4.200000,"( 3.6,  4.8)",3.000000,"( 2.6,  3.4)",24,0,0,0,0,0,0,False,0.000000,0.000000,False,0.000000,0.000000,True,True,False,3.000000,3,24023,12.000000,True,nonmetro,36.610085,True
MD,Maryland,Harford,24025,264644,206050,3.100000,"( 2.7,  3.6)",2.600000,"( 2.3,  3.0)",24,0,0,0,0,0,0,False,0.000000,0.000000,False,0.000000,0.000000,False,False,False,1.000000,5,24025,134.000000,True,metro,21.902677,True
MD,Maryland,Howard,24027,336001,256944,2.600000,"( 2.3,  2.9)",2.300000,"( 2.0,  2.5)",24,1,1,1,1,1,1,True,0.297618,0.389190,True,0.297618,0.389190,False,False,False,1.000000,5,24027,141.000000,True,metro,4.899702,True
MD,Maryland,Kent,24029,19303,16393,4.200000,"( 3.6,  4.8)",3.000000,"( 2.6,  3.4)",24,0,0,0,0,0,0,False,0.000000,0.000000,False,0.000000,0.000000,True,True,False,3.000000,3,24029,16.000000,True,nonmetro,27.496612,True
MD,Maryland,Montgomery,24031,1058474,819715,2.900000,"( 2.6,  3.3)",2.400000,"( 2.2,  2.7)",24,1,1,1,2,2,2,True,0.094476,0.121994,True,0.188951,0.243987,False,False,False,1.000000,5,24031,433.000000,True,metro,5.212836,True
MD,Maryland,Prince George's,24033,947430,740721,3.900000,"( 3.4,  4.4)",3.500000,"( 3.0,  3.9)",24,5,5,2,5,5,2,True,0.527743,0.675018,True,0.527743,0.675018,False,False,False,3.000000,5,24033,486.000000,True,metro,6.283911,True
MD,Maryland,Queen Anne's,24035,52508,41602,3.400000,"( 2.9,  3.9)",2.600000,"( 2.2,  2.9)",24,0,0,0,0,0,0,False,0.000000,0.000000,False,0.000000,0.000000,False,False,False,1.000000,4,24035,21.000000,True,metro,31.865881,True
MD,Maryland,St. Mary's,24037,115281,87752,3.000000,"( 2.6,  3.3)",2.700000,"( 2.4,  3.0)",24,0,0,0,0,0,0,False,0.000000,0.000000,False,0.000000,0.000000,False,False,False,1.000000,5,24037,45.000000,True,metro,36.795605,True
MD,Maryland,Somerset,24039,24910,20561,4.300000,"( 3.9,  4.8)",4.000000,"( 3.6,  4.4)",24,0,0,0,0,0,0,False,0.000000,0.000000,False,0.000000,0.000000,True,True,True,4.000000,3,24039,22.000000,True,metro,80.169511,True
MD,Maryland,Talbot,24041,37823,30897,4.300000,"( 3.7,  4.9)",2.800000,"( 2.4,  3.1)",24,0,0,0,0,0,0,False,0.000000,0.000000,False,0.000000,0.000000,True,True,False,4.000000,4,24041,21.000000,True,nonmetro,45.311024,True
MD,Maryland,Washington,24043,155813,122221,3.800000,"( 3.3,  4.3)",3.200000,"( 2.8,  3.6)",24,0,0,0,0,0,0,False,0.000000,0.000000,False,0.000000,0.000000,False,False,True,2.000000,5,24043,75.000000,True,metro,38.168152,True
MD,Maryland,Wicomico,24045,104800,81312,3.700000,"( 3.3,  4.2)",3.400000,"( 3.0,  3.8)",24,0,0,0,0,0,0,False,0.000000,0.000000,False,0.000000,0.000000,False,False,True,2.000000,5,24045,92.000000,True,metro,80.436019,True
MD,Maryland,Worcester,24047,54171,44887,4.200000,"( 3.6,  4.8)",2.800000,"( 2.5,  3.2)",24,0,0,0,0,0,0,False,0.000000,0.000000,False,0.000000,0.000000,True,True,False,3.000000,4,24047,61.000000,True,nonmetro,82.872242,True
MD,Maryland,Baltimore,24510,565239,447486,4.400000,"( 3.8,  5.0)",4.100000,"( 3.7,  4.7)",24,32,27,20,32,27,20,True,5.661322,7.151062,True,5.661322,7.151062,False,False,False,4.000000,5,24510,384.000000,True,metro,3.366054,True
MA,Massachusetts,Barnstable,25001,231735,199941,3.800000,"( 3.2,  4.5)",2.400000,"( 2.1,  2.8)",25,0,0,0,0,0,0,False,0.000000,0.000000,False,0.000000,0.000000,False,False,False,2.000000,5,25001,135.000000,True,metro,55.789713,True
MA,Massachusetts,Berkshire,25003,126818,106721,3.700000,"( 3.2,  4.3)",2.700000,"( 2.3,  3.1)",25,0,0,0,0,0,0,False,0.000000,0.000000,False,0.000000,0.000000,False,False,False,2.000000,5,25003,69.000000,True,metro,28.812352,True
MA,Massachusetts,Bristol,25005,581841,463617,3.500000,"( 3.0,  4.0)",2.900000,"( 2.5,  3.3)",25,0,0,0,0,0,0,False,0.000000,0.000000,False,0.000000,0.000000,False,False,False,2.000000,5,25005,220.000000,True,metro,18.527306,True
MA,Massachusetts,Dukes,25007,20819,17186,3.500000,"( 3.0,  4.1)",2.400000,"( 2.1,  2.8)",25,0,0,0,0,0,0,False,0.000000,0.000000,False,0.000000,0.000000,False,False,False,2.000000,3,25007,10.000000,True,nonmetro,50.342418,True
MA,Massachusetts,Essex,25009,810089,642879,3.100000,"( 2.7,  3.6)",2.600000,"( 2.2,  2.9)",25,0,0,0,0,0,0,False,0.000000,0.000000,False,0.000000,0.000000,False,False,False,1.000000,5,25009,292.000000,True,metro,15.013444,True
MA,Massachusetts,Franklin,25011,70836,59245,3.600000,"( 3.1,  4.2)",2.700000,"( 2.3,  3.1)",25,0,0,0,0,0,0,False,0.000000,0.000000,False,0.000000,0.000000,False,False,False,2.000000,4,25011,27.000000,True,nonmetro,18.363113,True
MA,Massachusetts,Hampden,25013,460291,365283,3.700000,"( 3.2,  4.1)",3.100000,"( 2.7,  3.5)",25,2,2,1,3,3,2,True,0.434508,0.547521,True,0.651762,0.821281,False,False,False,2.000000,5,25013,195.000000,True,metro,5.612429,True
MA,Massachusetts,Hampshire,25015,162502,139946,2.700000,"( 2.4,  3.1)",2.500000,"( 2.2,  2.9)",25,1,1,1,1,1,1,True,0.615377,0.714561,True,0.615377,0.714561,False,False,False,1.000000,5,25015,54.000000,True,metro,8.914976,True
MA,Massachusetts,Middlesex,25017,1623952,1310019,2.500000,"( 2.2,  2.9)",2.300000,"( 2.0,  2.6)",25,5,5,4,5,5,4,True,0.307891,0.381674,True,0.307891,0.381674,False,False,False,1.000000,5,25017,433.000000,True,metro,8.026813,True
MA,Massachusetts,Nantucket,25019,14444,11509,2.500000,"( 2.2,  2.9)",2.200000,"( 1.9,  2.5)",25,0,0,0,0,0,0,False,0.000000,0.000000,False,0.000000,0.000000,False,False,False,1.000000,2,25019,,False,nonmetro,78.520089,True
MA,Massachusetts,Norfolk,25021,727473,580073,2.700000,"( 2.3,  3.1)",2.300000,"( 2.0,  2.6)",25,0,0,0,0,0,0,False,0.000000,0.000000,False,0.000000,0.000000,False,False,False,1.000000,5,25021,265.000000,True,metro,12.086651,True
MA,Massachusetts,Plymouth,25023,535308,426137,3.200000,"( 2.8,  3.7)",2.500000,"( 2.2,  2.9)",25,0,0,0,0,0,0,False,0.000000,0.000000,False,0.000000,0.000000,False,False,False,1.000000,5,25023,200.000000,True,metro,24.550667,True
MA,Massachusetts,Suffolk,25025,768425,646638,2.800000,"( 2.5,  3.1)",3.000000,"( 2.7,  3.3)",25,48,36,18,51,37,19,True,6.246543,7.423009,True,6.636952,7.886948,False,False,False,1.000000,5,25025,201.000000,True,metro,3.290409,True
MA,Massachusetts,Worcester,25027,866866,690404,3.100000,"( 2.6,  3.5)",2.600000,"( 2.3,  3.0)",25,4,4,3,5,5,3,True,0.461432,0.579371,True,0.576790,0.724214,False,False,False,1.000000,5,25027,250.000000,True,metro,11.501124,True
MI,Michigan,Alcona,26001,10489,9146,5.200000,"( 4.5,  6.1)",3.100000,"( 2.7,  3.5)",26,0,0,0,0,0,0,False,0.000000,0.000000,False,0.000000,0.000000,True,True,False,5.000000,2,26001,11.000000,True,nonmetro,85.763150,True
MI,Michigan,Alger,26003,8757,7484,4.300000,"( 3.7,  4.9)",3.100000,"( 2.7,  3.5)",26,0,0,0,0,0,0,False,0.000000,0.000000,False,0.000000,0.000000,True,True,False,4.000000,2,26003,,False,nonmetro,109.840243,True
MI,Michigan,Allegan,26005,121939,93939,3.500000,"( 3.0,  4.0)",2.900000,"( 2.5,  3.3)",26,0,0,0,0,0,0,False,0.000000,0.000000,False,0.000000,0.000000,False,False,False,2.000000,5,26005,56.000000,True,nonmetro,20.169212,True
MI,Michigan,Alpena,26007,28904,23463,4.600000,"( 4.0,  5.3)",3.300000,"( 2.9,  3.8)",26,0,0,0,0,0,0,False,0.000000,0.000000,False,0.000000,0.000000,True,True,True,4.000000,3,26007,22.000000,True,nonmetro,74.261923,True
MI,Michigan,Antrim,26009,24409,20323,4.000000,"( 3.4,  4.7)",2.700000,"( 2.3,  3.1)",26,0,0,0,0,0,0,False,0.000000,0.000000,False,0.000000,0.000000,False,False,False,3.000000,3,26009,20.000000,True,nonmetro,23.766293,True
MI,Michigan,Arenac,26011,15145,12334,4.700000,"( 4.1,  5.4)",3.300000,"( 2.9,  3.7)",26,0,0,0,0,0,0,False,0.000000,0.000000,False,0.000000,0.000000,True,True,True,4.000000,2,26011,10.000000,True,nonmetro,43.807258,True
MI,Michigan,Baraga,26013,8310,6876,4.600000,"( 4.1,  5.2)",3.600000,"( 3.2,  4.0)",26,0,0,0,0,0,0,False,0.000000,0.000000,False,0.000000,0.000000,True,True,True,4.000000,1,26013,,False,nonmetro,157.252337,True
MI,Michigan,Barry,26015,63808,50005,3.500000,"( 3.1,  4.0)",2.800000,"( 2.4,  3.2)",26,0,0,0,0,0,0,False,0.000000,0.000000,False,0.000000,0.000000,False,False,False,2.000000,4,26015,37.000000,True,metro,22.620530,True
MI,Michigan,Bay,26017,102500,82758,3.900000,"( 3.4,  4.5)",3.000000,"( 2.7,  3.5)",26,0,0,0,0,0,0,False,0.000000,0.000000,False,0.000000,0.000000,False,False,False,3.000000,5,26017,55.000000,True,metro,15.197023,True
MI,Michigan,Benzie,26019,18441,15317,4.100000,"( 3.5,  4.7)",2.700000,"( 2.4,  3.1)",26,0,0,0,0,0,0,False,0.000000,0.000000,False,0.000000,0.000000,True,True,False,3.000000,2,26019,12.000000,True,metro,20.860279,True
MI,Michigan,Berrien,26021,152261,120080,4.200000,"( 3.6,  4.7)",3.200000,"( 2.8,  3.6)",26,0,0,0,0,0,0,False,0.000000,0.000000,False,0.000000,0.000000,True,True,True,3.000000,5,26021,142.000000,True,metro,46.039201,True
MI,Michigan,Branch,26023,45215,34668,4.200000,"( 3.7,  4.8)",3.400000,"( 2.9,  3.8)",26,0,0,0,0,0,0,False,0.000000,0.000000,False,0.000000,0.000000,True,True,True,3.000000,4,26023,26.000000,True,nonmetro,38.237592,True
MI,Michigan,Calhoun,26025,133366,102982,4.000000,"( 3.5,  4.5)",3.300000,"( 2.9,  3.7)",26,0,0,0,0,0,0,False,0.000000,0.000000,False,0.000000,0.000000,False,False,True,3.000000,5,26025,85.000000,True,metro,24.155791,True
MI,Michigan,Cass,26027,51642,41306,4.200000,"( 3.6,  4.8)",3.100000,"( 2.8,  3.5)",26,0,0,0,0,0,0,False,0.000000,0.000000,False,0.000000,0.000000,True,True,False,3.000000,4,26027,36.000000,True,metro,36.615004,True
MI,Michigan,Charlevoix,26029,26159,21621,3.900000,"( 3.3,  4.6)",2.700000,"( 2.3,  3.1)",26,0,0,0,0,0,0,False,0.000000,0.000000,False,0.000000,0.000000,False,False,False,3.000000,3,26029,22.000000,True,nonmetro,14.131700,True
MI,Michigan,Cheboygan,26031,26048,22070,4.600000,"( 4.0,  5.3)",3.200000,"( 2.8,  3.6)",26,0,0,0,0,0,0,False,0.000000,0.000000,False,0.000000,0.000000,True,True,True,4.000000,3,26031,21.000000,True,nonmetro,24.513866,True
MI,Michigan,Chippewa,26033,36264,29773,4.000000,"( 3.6,  4.5)",3.500000,"( 3.1,  3.9)",26,0,0,0,0,0,0,False,0.000000,0.000000,False,0.000000,0.000000,False,False,True,3.000000,3,26033,16.000000,True,nonmetro,74.388003,True
MI,Michigan,Clare,26035,31316,25226,5.100000,"( 4.4,  5.8)",3.600000,"( 3.2,  4.1)",26,0,0,0,0,0,0,False,0.000000,0.000000,False,0.000000,0.000000,True,True,True,5.000000,3,26035,30.000000,True,nonmetro,56.601600,True
MI,Michigan,Clinton,26037,79720,62943,3.200000,"( 2.8,  3.7)",2.600000,"( 2.3,  3.0)",26,0,0,0,0,0,0,False,0.000000,0.000000,False,0.000000,0.000000,False,False,False,1.000000,4,26037,38.000000,True,metro,12.029186,True
MI,Michigan,Crawford,26039,13538,11172,4.800000,"( 4.2,  5.6)",3.300000,"( 2.9,  3.8)",26,0,0,0,0,0,0,False,0.000000,0.000000,False,0.000000,0.000000,True,True,True,5.000000,2,26039,10.000000,True,nonmetro,46.950927,True
MI,Michigan,Delta,26041,36790,29801,4.400000,"( 3.8,  5.1)",3.100000,"( 2.7,  3.5)",26,0,0,0,0,0,0,False,0.000000,0.000000,False,0.000000,0.000000,True,True,False,4.000000,3,26041,20.000000,True,nonmetro,99.909414,True
MI,Michigan,Dickinson,26043,25982,20842,4.000000,"( 3.5,  4.6)",2.900000,"( 2.5,  3.3)",26,0,0,0,0,0,0,False,0.000000,0.000000,False,0.000000,0.000000,False,False,False,3.000000,3,26043,20.000000,True,nonmetro,92.626974,True
MI,Michigan,Eaton,26045,108820,86607,3.400000,"( 2.9,  3.9)",2.700000,"( 2.4,  3.1)",26,0,0,0,0,0,0,False,0.000000,0.000000,False,0.000000,0.000000,False,False,False,1.000000,5,26045,70.000000,True,metro,12.331891,True
MI,Michigan,Emmet,26047,34123,28041,3.600000,"( 3.1,  4.1)",2.600000,"( 2.3,  3.0)",26,0,0,0,1,1,1,False,0.000000,0.000000,True,2.930575,3.566207,False,False,False,2.000000,3,26047,26.000000,True,nonmetro,6.597539,True
MI,Michigan,Genesee,26049,401522,313303,4.200000,"( 3.7,  4.7)",3.500000,"( 3.1,  3.9)",26,4,4,3,4,4,3,True,0.996209,1.276719,True,0.996209,1.276719,False,False,False,3.000000,5,26049,264.000000,True,metro,7.181894,True
MI,Michigan,Gladwin,26051,25853,20920,4.900000,"( 4.2,  5.6)",3.300000,"( 2.9,  3.8)",26,0,0,0,0,0,0,False,0.000000,0.000000,False,0.000000,0.000000,True,True,True,5.000000,3,26051,21.000000,True,nonmetro,45.321641,True
MI,Michigan,Gogebic,26053,14224,11925,4.900000,"( 4.3,  5.6)",3.300000,"( 2.9,  3.7)",26,0,0,0,0,0,0,False,0.000000,0.000000,False,0.000000,0.000000,True,True,True,5.000000,2,26053,,False,nonmetro,102.993387,True
MI,Michigan,Grand Traverse,26055,96421,77995,3.300000,"( 2.8,  3.9)",2.600000,"( 2.2,  3.0)",26,2,2,2,2,2,2,True,2.074237,2.564267,True,2.074237,2.564267,False,False,False,1.000000,4,26055,94.000000,True,metro,6.176095,True
MI,Michigan,Gratiot,26057,41368,33395,3.700000,"( 3.2,  4.2)",3.200000,"( 2.9,  3.7)",26,0,0,0,0,0,0,False,0.000000,0.000000,False,0.000000,0.000000,False,False,True,2.000000,4,26057,22.000000,True,nonmetro,34.048428,True
MI,Michigan,Hillsdale,26059,45587,35783,4.200000,"( 3.7,  4.8)",3.300000,"( 2.9,  3.7)",26,0,0,0,0,0,0,False,0.000000,0.000000,False,0.000000,0.000000,True,True,True,3.000000,4,26059,25.000000,True,nonmetro,48.262748,True
MI,Michigan,Houghton,26061,37599,30241,3.200000,"( 2.7,  3.7)",3.000000,"( 2.6,  3.5)",26,0,0,0,0,0,0,False,0.000000,0.000000,False,0.000000,0.000000,False,False,False,1.000000,4,26061,21.000000,True,nonmetro,169.857065,True
MI,Michigan,Huron,26063,30927,25092,4.600000,"( 4.0,  5.2)",3.100000,"( 2.8,  3.5)",26,0,0,0,0,0,0,False,0.000000,0.000000,False,0.000000,0.000000,True,True,False,4.000000,3,26063,15.000000,True,nonmetro,53.271912,True
MI,Michigan,Ingham,26065,284637,229779,2.900000,"( 2.6,  3.3)",3.000000,"( 2.7,  3.4)",26,2,2,2,2,2,2,True,0.702649,0.870402,True,0.702649,0.870402,False,False,False,1.000000,5,26065,143.000000,True,metro,6.237168,True
MI,Michigan,Ionia,26067,66262,52509,3.400000,"( 2.9,  3.9)",3.000000,"( 2.7,  3.5)",26,0,0,0,0,0,0,False,0.000000,0.000000,False,0.000000,0.000000,False,False,False,1.000000,4,26067,34.000000,True,metro,25.901017,True
MI,Michigan,Iosco,26069,25373,21051,5.300000,"( 4.5,  6.0)",3.400000,"( 3.0,  3.9)",26,0,0,0,0,0,0,False,0.000000,0.000000,False,0.000000,0.000000,True,True,True,5.000000,3,26069,24.000000,True,nonmetro,68.433884,True
MI,Michigan,Iron,26071,11740,9748,5.000000,"( 4.2,  5.8)",3.200000,"( 2.8,  3.6)",26,0,0,0,0,0,0,False,0.000000,0.000000,False,0.000000,0.000000,True,True,True,5.000000,2,26071,13.000000,True,nonmetro,112.152025,True
MI,Michigan,Isabella,26073,64118,52691,3.200000,"( 2.8,  3.6)",3.500000,"( 3.1,  3.9)",26,0,0,0,0,0,0,False,0.000000,0.000000,False,0.000000,0.000000,False,False,True,1.000000,4,26073,34.000000,True,nonmetro,44.832635,True
MI,Michigan,Jackson,26075,159424,126422,3.700000,"( 3.3,  4.2)",3.100000,"( 2.7,  3.4)",26,0,0,0,0,0,0,False,0.000000,0.000000,False,0.000000,0.000000,False,False,False,2.000000,5,26075,93.000000,True,metro,31.847057,True
MI,Michigan,Kalamazoo,26077,262215,206827,3.100000,"( 2.7,  3.5)",2.900000,"( 2.6,  3.3)",26,2,2,2,3,3,3,True,0.762733,0.966992,True,1.144099,1.450488,False,False,False,1.000000,5,26077,113.000000,True,metro,5.256952,True
MI,Michigan,Kalkaska,26079,18490,14833,4.300000,"( 3.7,  4.9)",3.300000,"( 2.9,  3.7)",26,0,0,0,0,0,0,False,0.000000,0.000000,False,0.000000,0.000000,True,True,True,4.000000,2,26079,12.000000,True,metro,23.375208,True
MI,Michigan,Kent,26081,661354,507844,2.900000,"( 2.6,  3.3)",2.800000,"( 2.4,  3.1)",26,5,4,5,5,4,5,True,0.756025,0.984554,True,0.756025,0.984554,False,False,False,1.000000,5,26081,296.000000,True,metro,6.224401,True
MI,Michigan,Keweenaw,26083,2172,1839,4.300000,"( 3.6,  5.1)",2.600000,"( 2.2,  3.0)",26,0,0,0,0,0,0,False,0.000000,0.000000,False,0.000000,0.000000,True,True,False,4.000000,1,26083,,False,nonmetro,183.671840,True
MI,Michigan,Lake,26085,12734,10887,5.600000,"( 4.9,  6.2)",4.000000,"( 3.5,  4.4)",26,0,0,0,0,0,0,False,0.000000,0.000000,False,0.000000,0.000000,True,True,True,5.000000,2,26085,,False,nonmetro,56.627053,True
MI,Michigan,Lapeer,26087,88977,71497,3.700000,"( 3.3,  4.3)",2.900000,"( 2.6,  3.3)",26,0,0,0,0,0,0,False,0.000000,0.000000,False,0.000000,0.000000,False,False,False,2.000000,4,26087,61.000000,True,metro,22.476141,True
MI,Michigan,Leelanau,26089,23019,19453,3.800000,"( 3.2,  4.6)",2.400000,"( 2.0,  2.8)",26,0,0,0,0,0,0,False,0.000000,0.000000,False,0.000000,0.000000,False,False,False,2.000000,3,26089,23.000000,True,metro,12.716138,True
MI,Michigan,Lenawee,26091,97520,77713,3.800000,"( 3.2,  4.3)",3.000000,"( 2.6,  3.4)",26,0,0,0,0,0,0,False,0.000000,0.000000,False,0.000000,0.000000,False,False,False,2.000000,5,26091,54.000000,True,nonmetro,27.395710,True
MI,Michigan,Livingston,26093,196757,157470,3.000000,"( 2.6,  3.5)",2.400000,"( 2.1,  2.8)",26,0,0,0,0,0,0,False,0.000000,0.000000,False,0.000000,0.000000,False,False,False,1.000000,5,26093,104.000000,True,metro,19.973140,True
MI,Michigan,Luce,26095,6435,5396,4.500000,"( 3.9,  5.1)",3.500000,"( 3.1,  4.0)",26,0,0,0,0,0,0,False,0.000000,0.000000,False,0.000000,0.000000,True,True,True,4.000000,1,26095,,False,nonmetro,72.678267,True
MI,Michigan,Mackinac,26097,10851,9233,5.200000,"( 4.5,  5.9)",3.500000,"( 3.1,  3.9)",26,0,0,0,0,0,0,False,0.000000,0.000000,False,0.000000,0.000000,True,True,True,5.000000,2,26097,,False,nonmetro,46.992495,True
MI,Michigan,Macomb,26099,875101,695938,3.500000,"( 3.1,  4.0)",2.900000,"( 2.6,  3.3)",26,1,1,1,1,1,1,True,0.114273,0.143691,True,0.114273,0.143691,False,False,False,2.000000,5,26099,498.000000,True,metro,6.874751,True
MI,Michigan,Manistee,26101,25562,21306,4.400000,"( 3.8,  5.1)",3.100000,"( 2.7,  3.5)",26,0,0,0,0,0,0,False,0.000000,0.000000,False,0.000000,0.000000,True,True,False,4.000000,3,26101,23.000000,True,nonmetro,42.300021,True
MI,Michigan,Marquette,26103,66999,55244,3.300000,"( 2.9,  3.9)",2.900000,"( 2.5,  3.3)",26,0,0,0,0,0,0,False,0.000000,0.000000,False,0.000000,0.000000,False,False,False,1.000000,4,26103,29.000000,True,nonmetro,139.591236,True
MI,Michigan,Mason,26105,29159,23606,4.400000,"( 3.7,  5.0)",3.100000,"( 2.7,  3.5)",26,0,0,0,0,0,0,False,0.000000,0.000000,False,0.000000,0.000000,True,True,False,4.000000,3,26105,19.000000,True,nonmetro,65.391556,True
MI,Michigan,Mecosta,26107,41099,33152,4.100000,"( 3.6,  4.6)",3.400000,"( 3.0,  3.8)",26,0,0,0,0,0,0,False,0.000000,0.000000,False,0.000000,0.000000,True,True,True,3.000000,4,26107,27.000000,True,nonmetro,50.010871,True
MI,Michigan,Menominee,26109,22945,19083,4.500000,"( 3.9,  5.1)",3.100000,"( 2.7,  3.5)",26,0,0,0,0,0,0,False,0.000000,0.000000,False,0.000000,0.000000,True,True,False,4.000000,3,26109,11.000000,True,nonmetro,65.546913,True
MI,Michigan,Midland,26111,84039,66530,3.400000,"( 2.9,  4.0)",2.700000,"( 2.3,  3.1)",26,0,0,0,0,0,0,False,0.000000,0.000000,False,0.000000,0.000000,False,False,False,1.000000,4,26111,48.000000,True,metro,23.561878,True
MI,Michigan,Missaukee,26113,15311,11930,4.200000,"( 3.7,  4.8)",3.200000,"( 2.8,  3.6)",26,0,0,0,0,0,0,False,0.000000,0.000000,False,0.000000,0.000000,True,True,True,3.000000,2,26113,14.000000,True,nonmetro,38.474609,True
MI,Michigan,Monroe,26115,155045,123173,3.600000,"( 3.2,  4.1)",2.900000,"( 2.5,  3.3)",26,0,0,0,0,0,0,False,0.000000,0.000000,False,0.000000,0.000000,False,False,False,2.000000,5,26115,87.000000,True,metro,15.790997,True
MI,Michigan,Montcalm,26117,68154,54137,3.800000,"( 3.3,  4.3)",3.300000,"( 2.9,  3.7)",26,0,0,0,0,0,0,False,0.000000,0.000000,False,0.000000,0.000000,False,False,True,2.000000,4,26117,38.000000,True,metro,33.707145,True
MI,Michigan,Montmorency,26119,9678,8165,5.400000,"( 4.7,  6.3)",3.400000,"( 3.0,  3.9)",26,0,0,0,0,0,0,False,0.000000,0.000000,False,0.000000,0.000000,True,True,True,5.000000,2,26119,,False,nonmetro,48.660112,True
MI,Michigan,Muskegon,26121,176564,137270,3.900000,"( 3.4,  4.3)",3.200000,"( 2.9,  3.6)",26,0,0,0,0,0,0,False,0.000000,0.000000,False,0.000000,0.000000,False,False,True,3.000000,5,26121,103.000000,True,metro,34.005903,True
MI,Michigan,Newaygo,26123,51108,40085,4.200000,"( 3.7,  4.8)",3.300000,"( 2.9,  3.7)",26,0,0,0,0,0,0,False,0.000000,0.000000,False,0.000000,0.000000,True,True,True,3.000000,4,26123,30.000000,True,nonmetro,35.941140,True
MI,Michigan,Oakland,26125,1270426,1015769,3.000000,"( 2.6,  3.4)",2.500000,"( 2.2,  2.8)",26,6,4,3,6,4,3,True,0.472283,0.590685,True,0.472283,0.590685,False,False,False,1.000000,5,26125,727.000000,True,metro,6.918059,True
MI,Michigan,Oceana,26127,26981,21345,4.300000,"( 3.7,  4.9)",3.200000,"( 2.8,  3.6)",26,0,0,0,0,0,0,False,0.000000,0.000000,False,0.000000,0.000000,True,True,True,4.000000,3,26127,14.000000,True,nonmetro,56.513825,True
MI,Michigan,Ogemaw,26129,20990,17270,4.900000,"( 4.3,  5.6)",3.400000,"( 3.0,  3.8)",26,0,0,0,0,0,0,False,0.000000,0.000000,False,0.000000,0.000000,True,True,True,5.000000,3,26129,13.000000,True,nonmetro,60.765481,True
MI,Michigan,Ontonagon,26131,5906,5167,5.500000,"( 4.8,  6.3)",3.200000,"( 2.8,  3.6)",26,0,0,0,0,0,0,False,0.000000,0.000000,False,0.000000,0.000000,True,True,True,5.000000,1,26131,,False,nonmetro,133.705336,True
MI,Michigan,Osceola,26133,23330,18218,4.400000,"( 3.9,  5.1)",3.300000,"( 2.9,  3.7)",26,0,0,0,0,0,0,False,0.000000,0.000000,False,0.000000,0.000000,True,True,True,4.000000,3,26133,17.000000,True,nonmetro,56.940566,True
MI,Michigan,Oscoda,26135,8545,6848,5.500000,"( 4.7,  6.2)",3.600000,"( 3.2,  4.1)",26,0,0,0,0,0,0,False,0.000000,0.000000,False,0.000000,0.000000,True,True,True,5.000000,1,26135,,False,nonmetro,60.991301,True
MI,Michigan,Otsego,26137,25747,20430,3.800000,"( 3.3,  4.4)",2.900000,"( 2.5,  3.3)",26,0,0,0,0,0,0,False,0.000000,0.000000,False,0.000000,0.000000,False,False,False,2.000000,3,26137,22.000000,True,nonmetro,29.136045,True
MI,Michigan,Ottawa,26139,303372,234628,2.900000,"( 2.5,  3.3)",2.600000,"( 2.3,  2.9)",26,0,0,0,0,0,0,False,0.000000,0.000000,False,0.000000,0.000000,False,False,False,1.000000,5,26139,119.000000,True,metro,17.017653,True
MI,Michigan,Presque Isle,26141,13285,11288,5.100000,"( 4.4,  5.9)",3.200000,"( 2.8,  3.6)",26,0,0,0,0,0,0,False,0.000000,0.000000,False,0.000000,0.000000,True,True,True,5.000000,2,26141,,False,nonmetro,52.976758,True
MI,Michigan,Roscommon,26143,23863,20479,5.100000,"( 4.4,  5.9)",3.200000,"( 2.8,  3.6)",26,0,0,0,0,0,0,False,0.000000,0.000000,False,0.000000,0.000000,True,True,True,5.000000,3,26143,18.000000,True,nonmetro,55.430967,True
MI,Michigan,Saginaw,26145,187782,147908,4.300000,"( 3.8,  4.9)",3.500000,"( 3.1,  3.9)",26,0,0,0,1,1,1,False,0.000000,0.000000,True,0.532532,0.676096,True,False,False,4.000000,5,26145,125.000000,True,metro,6.806315,True
MI,Michigan,St. Clair,26147,159874,127824,3.800000,"( 3.3,  4.3)",3.000000,"( 2.6,  3.4)",26,0,0,0,0,0,0,False,0.000000,0.000000,False,0.000000,0.000000,False,False,False,2.000000,5,26147,89.000000,True,metro,28.369488,True
MI,Michigan,St. Joseph,26149,60878,46399,3.900000,"( 3.4,  4.5)",3.200000,"( 2.8,  3.6)",26,0,0,0,0,0,0,False,0.000000,0.000000,False,0.000000,0.000000,False,False,True,3.000000,4,26149,54.000000,True,nonmetro,28.752071,True
MI,Michigan,Sanilac,26151,40368,32004,4.400000,"( 3.8,  5.0)",3.200000,"( 2.8,  3.7)",26,0,0,0,0,0,0,False,0.000000,0.000000,False,0.000000,0.000000,True,True,True,4.000000,4,26151,24.000000,True,nonmetro,49.110354,True
MI,Michigan,Schoolcraft,26153,8149,6684,5.100000,"( 4.4,  5.8)",3.400000,"( 3.0,  3.8)",26,0,0,0,0,0,0,False,0.000000,0.000000,False,0.000000,0.000000,True,True,True,5.000000,1,26153,,False,nonmetro,75.549840,True
MI,Michigan,Shiawassee,26155,68025,54057,3.800000,"( 3.3,  4.3)",3.000000,"( 2.6,  3.4)",26,0,0,0,0,0,0,False,0.000000,0.000000,False,0.000000,0.000000,False,False,False,2.000000,4,26155,45.000000,True,nonmetro,20.734291,True
MI,Michigan,Tuscola,26157,52826,42309,4.200000,"( 3.6,  4.7)",3.200000,"( 2.8,  3.6)",26,0,0,0,0,0,0,False,0.000000,0.000000,False,0.000000,0.000000,True,True,True,3.000000,4,26157,26.000000,True,nonmetro,26.221981,True
MI,Michigan,Van Buren,26159,75798,58504,4.000000,"( 3.5,  4.6)",3.200000,"( 2.8,  3.6)",26,0,0,0,0,0,0,False,0.000000,0.000000,False,0.000000,0.000000,False,False,True,3.000000,4,26159,47.000000,True,nonmetro,22.271415,True
MI,Michigan,Washtenaw,26161,365536,299903,2.700000,"( 2.3,  3.0)",2.600000,"( 2.3,  3.0)",26,12,12,7,12,12,7,True,3.282850,4.001294,True,3.282850,4.001294,False,False,False,1.000000,5,26161,153.000000,True,metro,4.570757,True
MI,Michigan,Wayne,26163,1751169,1339690,4.400000,"( 4.0,  4.9)",3.900000,"( 3.5,  4.3)",26,7,7,3,8,7,4,True,0.399733,0.522509,True,0.456838,0.597153,False,False,False,4.000000,5,26163,1024.000000,True,metro,8.558120,True
MI,Michigan,Wexford,26165,34122,26384,4.100000,"( 3.6,  4.7)",3.200000,"( 2.8,  3.7)",26,0,0,0,0,0,0,False,0.000000,0.000000,False,0.000000,0.000000,True,True,True,3.000000,3,26165,33.000000,True,nonmetro,32.500657,True
MN,Minnesota,Aitkin,27001,16102,13701,5.000000,"( 4.3,  5.8)",3.000000,"( 2.7,  3.4)",27,0,0,0,0,0,0,False,0.000000,0.000000,False,0.000000,0.000000,True,True,False,5.000000,2,27001,12.000000,True,nonmetro,64.389192,True
MN,Minnesota,Anoka,27003,372441,284448,3.000000,"( 2.6,  3.4)",2.700000,"( 2.3,  3.0)",27,0,0,0,0,0,0,False,0.000000,0.000000,False,0.000000,0.000000,False,False,False,1.000000,5,27003,124.000000,True,metro,15.435015,True
MN,Minnesota,Becker,27005,35283,27215,3.900000,"( 3.4,  4.5)",2.900000,"( 2.5,  3.3)",27,0,0,0,0,0,0,False,0.000000,0.000000,False,0.000000,0.000000,False,False,False,3.000000,3,27005,15.000000,True,nonmetro,118.199138,True
MN,Minnesota,Beltrami,27007,46718,35293,3.700000,"( 3.2,  4.1)",3.200000,"( 2.9,  3.6)",27,0,0,0,0,0,0,False,0.000000,0.000000,False,0.000000,0.000000,False,False,True,2.000000,4,27007,16.000000,True,nonmetro,139.869005,True
MN,Minnesota,Benton,27009,41600,31235,3.100000,"( 2.7,  3.6)",2.900000,"( 2.5,  3.3)",27,0,0,0,0,0,0,False,0.000000,0.000000,False,0.000000,0.000000,False,False,False,1.000000,4,27009,19.000000,True,metro,6.907769,True
MN,Minnesota,Big Stone,27011,5105,3985,4.400000,"( 3.8,  5.0)",2.900000,"( 2.6,  3.3)",27,0,0,0,0,0,0,False,0.000000,0.000000,False,0.000000,0.000000,True,True,False,4.000000,1,27011,,False,nonmetro,111.376280,True
MN,Minnesota,Blue Earth,27013,70006,56268,2.900000,"( 2.5,  3.3)",3.000000,"( 2.6,  3.4)",27,0,0,0,0,0,0,False,0.000000,0.000000,False,0.000000,0.000000,False,False,False,1.000000,4,27013,36.000000,True,metro,56.395285,True
MN,Minnesota,Brown,27015,25628,19942,3.700000,"( 3.2,  4.2)",2.800000,"( 2.4,  3.1)",27,0,0,0,0,0,0,False,0.000000,0.000000,False,0.000000,0.000000,False,False,False,2.000000,3,27015,14.000000,True,nonmetro,72.876311,True
MN,Minnesota,Carlton,27017,36825,28845,3.500000,"( 3.0,  4.0)",2.900000,"( 2.5,  3.3)",27,0,0,0,0,0,0,False,0.000000,0.000000,False,0.000000,0.000000,False,False,False,2.000000,3,27017,21.000000,True,metro,22.680707,True
MN,Minnesota,Carver,27019,111057,83547,2.500000,"( 2.2,  2.9)",2.200000,"( 1.9,  2.5)",27,0,0,0,0,0,0,False,0.000000,0.000000,False,0.000000,0.000000,False,False,False,1.000000,5,27019,36.000000,True,metro,16.837502,True
MN,Minnesota,Cass,27021,31446,25212,4.400000,"( 3.8,  5.1)",3.000000,"( 2.7,  3.4)",27,0,0,0,0,0,0,False,0.000000,0.000000,False,0.000000,0.000000,True,True,False,4.000000,3,27021,15.000000,True,nonmetro,86.615679,True
MN,Minnesota,Chippewa,27023,12172,9114,4.100000,"( 3.5,  4.7)",3.100000,"( 2.7,  3.5)",27,0,0,0,0,0,0,False,0.000000,0.000000,False,0.000000,0.000000,True,True,False,3.000000,2,27023,10.000000,True,nonmetro,82.206001,True
MN,Minnesota,Chisago,27025,58535,45564,3.100000,"( 2.7,  3.5)",2.600000,"( 2.3,  2.9)",27,0,0,0,0,0,0,False,0.000000,0.000000,False,0.000000,0.000000,False,False,False,1.000000,4,27025,21.000000,True,metro,34.869977,True
MN,Minnesota,Clay,27027,66258,50084,2.800000,"( 2.4,  3.2)",2.800000,"( 2.4,  3.2)",27,0,0,0,0,0,0,False,0.000000,0.000000,False,0.000000,0.000000,False,False,False,1.000000,4,27027,20.000000,True,metro,149.792294,True
MN,Minnesota,Clearwater,27029,8644,6482,4.300000,"( 3.8,  4.8)",3.200000,"( 2.9,  3.6)",27,0,0,0,0,0,0,False,0.000000,0.000000,False,0.000000,0.000000,True,True,True,4.000000,1,27029,,False,nonmetro,149.925061,True
MN,Minnesota,Cook,27031,5639,4830,4.000000,"( 3.4,  4.6)",2.600000,"( 2.3,  3.0)",27,0,0,0,0,0,0,False,0.000000,0.000000,False,0.000000,0.000000,False,False,False,3.000000,1,27031,,False,nonmetro,108.229883,True
MN,Minnesota,Cottonwood,27033,11319,8460,4.200000,"( 3.7,  4.9)",3.100000,"( 2.7,  3.5)",27,0,0,0,0,0,0,False,0.000000,0.000000,False,0.000000,0.000000,True,True,False,3.000000,2,27033,,False,nonmetro,84.966847,True
MN,Minnesota,Crow Wing,27035,68304,54545,3.800000,"( 3.3,  4.5)",2.800000,"( 2.4,  3.2)",27,0,0,0,0,0,0,False,0.000000,0.000000,False,0.000000,0.000000,False,False,False,2.000000,4,27035,32.000000,True,nonmetro,60.406984,True
MN,Minnesota,Dakota,27037,447440,341048,2.700000,"( 2.4,  3.2)",2.400000,"( 2.1,  2.7)",27,2,2,1,2,2,1,True,0.446987,0.586428,True,0.446987,0.586428,False,False,False,1.000000,5,27037,159.000000,True,metro,6.722803,True
MN,Minnesota,Dodge,27039,21088,15823,2.900000,"( 2.5,  3.3)",2.500000,"( 2.2,  2.9)",27,0,0,0,0,0,0,False,0.000000,0.000000,False,0.000000,0.000000,False,False,False,1.000000,3,27039,,False,metro,17.219251,True
MN,Minnesota,Douglas,27041,39953,31487,3.700000,"( 3.2,  4.2)",2.600000,"( 2.3,  3.0)",27,0,0,0,0,0,0,False,0.000000,0.000000,False,0.000000,0.000000,False,False,False,2.000000,4,27041,23.000000,True,nonmetro,63.949559,True
MN,Minnesota,Faribault,27043,13873,10857,4.200000,"( 3.7,  4.8)",3.100000,"( 2.7,  3.5)",27,0,0,0,0,0,0,False,0.000000,0.000000,False,0.000000,0.000000,True,True,False,3.000000,2,27043,,False,nonmetro,77.186691,True
MN,Minnesota,Fillmore,27045,21522,16319,3.800000,"( 3.3,  4.4)",2.800000,"( 2.4,  3.2)",27,0,0,0,0,0,0,False,0.000000,0.000000,False,0.000000,0.000000,False,False,False,2.000000,3,27045,,False,metro,30.945515,True
MN,Minnesota,Freeborn,27047,30515,23904,4.100000,"( 3.5,  4.7)",3.000000,"( 2.6,  3.4)",27,0,0,0,0,0,0,False,0.000000,0.000000,False,0.000000,0.000000,True,True,False,3.000000,3,27047,19.000000,True,nonmetro,51.010123,True
MN,Minnesota,Goodhue,27049,48035,37607,3.500000,"( 3.0,  4.0)",2.700000,"( 2.4,  3.1)",27,0,0,0,0,0,0,False,0.000000,0.000000,False,0.000000,0.000000,False,False,False,2.000000,4,27049,20.000000,True,nonmetro,29.347137,True
MN,Minnesota,Grant,27051,6139,4712,4.100000,"( 3.6,  4.7)",3.000000,"( 2.7,  3.4)",27,0,0,0,0,0,0,False,0.000000,0.000000,False,0.000000,0.000000,True,True,False,3.000000,1,27051,,False,nonmetro,89.568961,True
MN,Minnesota,Hennepin,27053,1258713,989486,2.800000,"( 2.4,  3.2)",2.500000,"( 2.2,  2.9)",27,15,9,9,18,10,11,True,1.191693,1.515939,True,1.430032,1.819126,False,False,False,1.000000,5,27053,466.000000,True,metro,5.724466,True
MN,Minnesota,Houston,27055,18582,14697,3.600000,"( 3.1,  4.2)",2.600000,"( 2.2,  3.0)",27,0,0,0,0,0,0,False,0.000000,0.000000,False,0.000000,0.000000,False,False,False,2.000000,2,27055,,False,metro,55.983840,True
MN,Minnesota,Hubbard,27057,22132,17563,4.100000,"( 3.5,  4.7)",2.800000,"( 2.4,  3.2)",27,0,0,0,0,0,0,False,0.000000,0.000000,False,0.000000,0.000000,True,True,False,3.000000,3,27057,,False,nonmetro,110.113358,True
MN,Minnesota,Isanti,27059,43182,33233,3.300000,"( 2.9,  3.9)",2.800000,"( 2.5,  3.2)",27,0,0,0,0,0,0,False,0.000000,0.000000,False,0.000000,0.000000,False,False,False,1.000000,4,27059,21.000000,True,metro,38.174607,True
MN,Minnesota,Itasca,27061,45365,36288,4.100000,"( 3.5,  4.7)",2.900000,"( 2.5,  3.3)",27,0,0,0,0,0,0,False,0.000000,0.000000,False,0.000000,0.000000,True,True,False,3.000000,4,27061,32.000000,True,nonmetro,76.583222,True
MN,Minnesota,Jackson,27063,9919,7831,3.800000,"( 3.2,  4.4)",2.700000,"( 2.4,  3.1)",27,0,0,0,0,0,0,False,0.000000,0.000000,False,0.000000,0.000000,False,False,False,2.000000,2,27063,,False,nonmetro,81.470776,True
MN,Minnesota,Kanabec,27065,16602,13036,4.000000,"( 3.6,  4.6)",3.100000,"( 2.7,  3.5)",27,0,0,0,0,0,0,False,0.000000,0.000000,False,0.000000,0.000000,False,False,False,3.000000,2,27065,,False,nonmetro,47.505759,True
MN,Minnesota,Kandiyohi,27067,43813,33278,3.700000,"( 3.2,  4.2)",2.900000,"( 2.5,  3.3)",27,0,0,0,0,0,0,False,0.000000,0.000000,False,0.000000,0.000000,False,False,False,2.000000,4,27067,15.000000,True,nonmetro,50.331755,True
MN,Minnesota,Kittson,27069,4060,3182,4.000000,"( 3.4,  4.6)",2.700000,"( 2.4,  3.1)",27,0,0,0,0,0,0,False,0.000000,0.000000,False,0.000000,0.000000,False,False,False,3.000000,1,27069,,False,nonmetro,251.052605,True
MN,Minnesota,Koochiching,27071,11751,9706,4.300000,"( 3.7,  4.9)",2.900000,"( 2.5,  3.3)",27,0,0,0,0,0,0,False,0.000000,0.000000,False,0.000000,0.000000,True,True,False,4.000000,2,27071,,False,nonmetro,136.123299,True
MN,Minnesota,Lac qui Parle,27073,6630,5192,4.000000,"( 3.5,  4.7)",2.700000,"( 2.3,  3.0)",27,0,0,0,0,0,0,False,0.000000,0.000000,False,0.000000,0.000000,False,False,False,3.000000,1,27073,,False,nonmetro,102.065021,True
MN,Minnesota,Lake,27075,10855,8819,4.200000,"( 3.6,  4.7)",2.800000,"( 2.4,  3.2)",27,0,0,0,0,0,0,False,0.000000,0.000000,False,0.000000,0.000000,True,True,False,3.000000,2,27075,,False,nonmetro,38.363360,True
MN,Minnesota,Lake of the Woods,27077,3778,3059,4.000000,"( 3.4,  4.6)",2.800000,"( 2.4,  3.1)",27,0,0,0,0,0,0,False,0.000000,0.000000,False,0.000000,0.000000,False,False,False,3.000000,1,27077,,False,nonmetro,183.952709,True
MN,Minnesota,Le Sueur,27079,29255,22562,3.300000,"( 2.8,  3.8)",2.600000,"( 2.3,  3.0)",27,0,0,0,0,0,0,False,0.000000,0.000000,False,0.000000,0.000000,False,False,False,1.000000,3,27079,,False,metro,33.994838,True
MN,Minnesota,Lincoln,27081,5521,4227,4.000000,"( 3.4,  4.6)",2.800000,"( 2.4,  3.2)",27,0,0,0,0,0,0,False,0.000000,0.000000,False,0.000000,0.000000,False,False,False,3.000000,1,27081,,False,nonmetro,62.222516,True
MN,Minnesota,Lyon,27083,25427,18733,3.400000,"( 2.9,  3.9)",2.800000,"( 2.5,  3.2)",27,0,0,0,0,0,0,False,0.000000,0.000000,False,0.000000,0.000000,False,False,False,1.000000,3,27083,12.000000,True,nonmetro,76.901544,True
MN,Minnesota,McLeod,27085,36785,28829,3.500000,"( 3.0,  4.0)",2.700000,"( 2.4,  3.1)",27,0,0,0,0,0,0,False,0.000000,0.000000,False,0.000000,0.000000,False,False,False,2.000000,3,27085,22.000000,True,nonmetro,43.652041,True
MN,Minnesota,Mahnomen,27087,5280,3646,5.300000,"( 4.8,  5.9)",4.300000,"( 3.9,  4.7)",27,0,0,0,0,0,0,False,0.000000,0.000000,False,0.000000,0.000000,True,True,True,5.000000,1,27087,,False,nonmetro,144.326378,True
MN,Minnesota,Marshall,27089,8810,6782,3.900000,"( 3.3,  4.5)",2.800000,"( 2.4,  3.2)",27,0,0,0,0,0,0,False,0.000000,0.000000,False,0.000000,0.000000,False,False,False,3.000000,2,27089,,False,nonmetro,220.708582,True
MN,Minnesota,Martin,27091,19657,15122,4.100000,"( 3.5,  4.7)",2.900000,"( 2.5,  3.3)",27,0,0,0,0,0,0,False,0.000000,0.000000,False,0.000000,0.000000,True,True,False,3.000000,3,27091,13.000000,True,nonmetro,97.643381,True
MN,Minnesota,Meeker,27093,23490,17928,3.700000,"( 3.2,  4.3)",2.800000,"( 2.5,  3.2)",27,0,0,0,0,0,0,False,0.000000,0.000000,False,0.000000,0.000000,False,False,False,2.000000,3,27093,13.000000,True,nonmetro,33.571437,True
MN,Minnesota,Mille Lacs,27095,27427,21090,3.700000,"( 3.3,  4.3)",3.000000,"( 2.6,  3.5)",27,0,0,0,0,0,0,False,0.000000,0.000000,False,0.000000,0.000000,False,False,False,2.000000,3,27095,13.000000,True,metro,32.662898,True
MN,Minnesota,Morrison,27097,34250,26469,3.800000,"( 3.3,  4.4)",2.900000,"( 2.5,  3.3)",27,0,0,0,0,0,0,False,0.000000,0.000000,False,0.000000,0.000000,False,False,False,2.000000,3,27097,17.000000,True,nonmetro,31.512014,True
MN,Minnesota,Mower,27099,40058,30015,3.700000,"( 3.2,  4.2)",3.000000,"( 2.6,  3.4)",27,0,0,0,0,0,0,False,0.000000,0.000000,False,0.000000,0.000000,False,False,False,2.000000,4,27099,17.000000,True,nonmetro,33.276498,True
MN,Minnesota,Murray,27101,8049,6312,4.100000,"( 3.5,  4.8)",2.800000,"( 2.4,  3.2)",27,0,0,0,0,0,0,False,0.000000,0.000000,False,0.000000,0.000000,True,True,False,3.000000,1,27101,,False,nonmetro,58.008499,True
MN,Minnesota,Nicollet,27103,34242,27053,3.100000,"( 2.6,  3.5)",2.700000,"( 2.4,  3.1)",27,0,0,0,0,0,0,False,0.000000,0.000000,False,0.000000,0.000000,False,False,False,1.000000,3,27103,21.000000,True,metro,52.130069,True
MN,Minnesota,Nobles,27105,21727,15454,4.000000,"( 3.5,  4.6)",3.300000,"( 2.9,  3.8)",27,0,0,0,0,0,0,False,0.000000,0.000000,False,0.000000,0.000000,False,False,True,3.000000,3,27105,,False,nonmetro,53.750631,True
MN,Minnesota,Norman,27107,6329,4857,4.000000,"( 3.5,  4.6)",3.000000,"( 2.6,  3.4)",27,0,0,0,0,0,0,False,0.000000,0.000000,False,0.000000,0.000000,False,False,False,3.000000,1,27107,,False,nonmetro,163.864730,True
MN,Minnesota,Olmsted,27109,164784,125821,2.800000,"( 2.4,  3.3)",2.400000,"( 2.1,  2.8)",27,7,7,3,7,7,3,True,4.247985,5.563459,True,4.247985,5.563459,False,False,False,1.000000,5,27109,51.000000,True,metro,4.293463,True
MN,Minnesota,Otter Tail,27111,60626,47492,4.000000,"( 3.4,  4.6)",2.800000,"( 2.4,  3.2)",27,0,0,0,0,0,0,False,0.000000,0.000000,False,0.000000,0.000000,False,False,False,3.000000,4,27111,35.000000,True,nonmetro,98.453387,True
MN,Minnesota,Pennington,27113,13714,10676,3.500000,"( 3.0,  4.0)",2.800000,"( 2.5,  3.2)",27,0,0,0,0,0,0,False,0.000000,0.000000,False,0.000000,0.000000,False,False,False,2.000000,2,27113,,False,nonmetro,199.160376,True
MN,Minnesota,Pine,27115,30197,24419,4.100000,"( 3.5,  4.6)",3.100000,"( 2.7,  3.5)",27,0,0,0,0,0,0,False,0.000000,0.000000,False,0.000000,0.000000,True,True,False,3.000000,3,27115,13.000000,True,nonmetro,56.780834,True
MN,Minnesota,Pipestone,27117,9245,6729,4.100000,"( 3.5,  4.7)",3.000000,"( 2.7,  3.4)",27,0,0,0,0,0,0,False,0.000000,0.000000,False,0.000000,0.000000,True,True,False,3.000000,2,27117,,False,nonmetro,38.205363,True
MN,Minnesota,Polk,27119,30412,23008,3.600000,"( 3.1,  4.2)",2.900000,"( 2.5,  3.3)",27,0,0,0,0,0,0,False,0.000000,0.000000,False,0.000000,0.000000,False,False,False,2.000000,3,27119,14.000000,True,metro,191.571951,True
MN,Minnesota,Pope,27121,11400,8902,4.000000,"( 3.4,  4.6)",2.800000,"( 2.4,  3.2)",27,0,0,0,0,0,0,False,0.000000,0.000000,False,0.000000,0.000000,False,False,False,3.000000,2,27121,,False,nonmetro,61.965375,True
MN,Minnesota,Ramsey,27123,536075,413891,3.000000,"( 2.6,  3.4)",2.800000,"( 2.4,  3.1)",27,2,2,2,3,3,3,True,0.373082,0.483219,True,0.559623,0.724829,False,False,False,1.000000,5,27123,257.000000,True,metro,5.572338,True
MN,Minnesota,Red Lake,27125,3911,2973,3.800000,"( 3.4,  4.3)",2.800000,"( 2.5,  3.2)",27,0,0,0,0,0,0,False,0.000000,0.000000,False,0.000000,0.000000,False,False,False,2.000000,1,27125,,False,nonmetro,185.233715,True
MN,Minnesota,Redwood,27127,15288,11470,4.100000,"( 3.5,  4.6)",3.000000,"( 2.7,  3.4)",27,0,0,0,0,0,0,False,0.000000,0.000000,False,0.000000,0.000000,True,True,False,3.000000,2,27127,,False,nonmetro,86.449631,True
MN,Minnesota,Renville,27129,14348,11042,4.000000,"( 3.5,  4.6)",3.000000,"( 2.7,  3.4)",27,0,0,0,0,0,0,False,0.000000,0.000000,False,0.000000,0.000000,False,False,False,3.000000,2,27129,11.000000,True,nonmetro,69.603086,True
MN,Minnesota,Rice,27131,67948,53679,3.100000,"( 2.7,  3.5)",2.800000,"( 2.5,  3.2)",27,0,0,0,0,0,0,False,0.000000,0.000000,False,0.000000,0.000000,False,False,False,1.000000,4,27131,28.000000,True,nonmetro,27.680328,True
MN,Minnesota,Rock,27133,9551,7310,3.700000,"( 3.1,  4.2)",2.800000,"( 2.5,  3.2)",27,0,0,0,0,0,0,False,0.000000,0.000000,False,0.000000,0.000000,False,False,False,2.000000,2,27133,,False,metro,25.803897,True
MN,Minnesota,Roseau,27135,15252,11622,3.700000,"( 3.2,  4.2)",2.800000,"( 2.5,  3.2)",27,0,0,0,0,0,0,False,0.000000,0.000000,False,0.000000,0.000000,False,False,False,2.000000,2,27135,,False,nonmetro,216.770877,True
MN,Minnesota,St. Louis,27137,200514,163794,3.500000,"( 3.0,  4.0)",2.900000,"( 2.5,  3.2)",27,0,0,0,1,1,1,False,0.000000,0.000000,True,0.498718,0.610523,False,False,False,2.000000,5,27137,120.000000,True,metro,25.352356,True
MN,Minnesota,Scott,27139,155814,116237,2.500000,"( 2.2,  2.9)",2.400000,"( 2.1,  2.7)",27,0,0,0,0,0,0,False,0.000000,0.000000,False,0.000000,0.000000,False,False,False,1.000000,5,27139,45.000000,True,metro,10.693287,True
MN,Minnesota,Sherburne,27141,102206,75976,2.600000,"( 2.3,  3.0)",2.500000,"( 2.2,  2.9)",27,0,0,0,0,0,0,False,0.000000,0.000000,False,0.000000,0.000000,False,False,False,1.000000,5,27141,29.000000,True,metro,22.946420,True
MN,Minnesota,Sibley,27143,15084,11635,3.600000,"( 3.2,  4.1)",2.900000,"( 2.5,  3.2)",27,0,0,0,0,0,0,False,0.000000,0.000000,False,0.000000,0.000000,False,False,False,2.000000,2,27143,,False,nonmetro,45.268904,True
MN,Minnesota,Stearns,27145,160977,123090,3.200000,"( 2.8,  3.6)",2.900000,"( 2.6,  3.3)",27,1,1,1,1,1,1,True,0.621207,0.812414,True,0.621207,0.812414,False,False,False,1.000000,5,27145,53.000000,True,metro,11.110816,True
MN,Minnesota,Steele,27147,37421,28437,3.400000,"( 2.9,  3.9)",2.700000,"( 2.4,  3.1)",27,0,0,0,0,0,0,False,0.000000,0.000000,False,0.000000,0.000000,False,False,False,1.000000,4,27147,12.000000,True,nonmetro,37.445944,True
MN,Minnesota,Stevens,27149,9728,7542,3.000000,"( 2.6,  3.5)",2.800000,"( 2.5,  3.3)",27,0,0,0,0,0,0,False,0.000000,0.000000,False,0.000000,0.000000,False,False,False,1.000000,2,27149,,False,nonmetro,85.125747,True
MN,Minnesota,Swift,27151,9719,7508,4.300000,"( 3.7,  5.0)",3.100000,"( 2.7,  3.5)",27,0,0,0,0,0,0,False,0.000000,0.000000,False,0.000000,0.000000,True,True,False,4.000000,2,27151,,False,nonmetro,74.343808,True
MN,Minnesota,Todd,27153,25667,19382,4.400000,"( 3.8,  5.1)",3.200000,"( 2.8,  3.6)",27,0,0,0,0,0,0,False,0.000000,0.000000,False,0.000000,0.000000,True,True,True,4.000000,3,27153,11.000000,True,nonmetro,50.245931,True
MN,Minnesota,Traverse,27155,3136,2467,4.400000,"( 3.7,  5.0)",3.000000,"( 2.6,  3.4)",27,0,0,0,0,0,0,False,0.000000,0.000000,False,0.000000,0.000000,True,True,False,4.000000,1,27155,,False,nonmetro,116.122392,True
MN,Minnesota,Wabasha,27157,21683,16964,3.700000,"( 3.2,  4.2)",2.600000,"( 2.3,  3.0)",27,0,0,0,0,0,0,False,0.000000,0.000000,False,0.000000,0.000000,False,False,False,2.000000,3,27157,11.000000,True,metro,23.967948,True
MN,Minnesota,Wadena,27159,14241,10464,4.100000,"( 3.5,  4.6)",3.200000,"( 2.8,  3.6)",27,0,0,0,0,0,0,False,0.000000,0.000000,False,0.000000,0.000000,True,True,True,3.000000,2,27159,11.000000,True,nonmetro,79.258639,True
MN,Minnesota,Waseca,27161,18981,14718,3.500000,"( 3.0,  4.0)",2.800000,"( 2.5,  3.2)",27,0,0,0,0,0,0,False,0.000000,0.000000,False,0.000000,0.000000,False,False,False,2.000000,3,27161,,False,nonmetro,49.839861,True
MN,Minnesota,Washington,27163,278936,212815,2.700000,"( 2.3,  3.1)",2.300000,"( 2.0,  2.6)",27,0,0,0,0,0,0,False,0.000000,0.000000,False,0.000000,0.000000,False,False,False,1.000000,5,27163,113.000000,True,metro,8.637738,True
MN,Minnesota,Watonwan,27165,11077,8140,3.900000,"( 3.4,  4.5)",3.000000,"( 2.6,  3.3)",27,0,0,0,0,0,0,False,0.000000,0.000000,False,0.000000,0.000000,False,False,False,3.000000,2,27165,,False,nonmetro,83.820902,True
MN,Minnesota,Wilkin,27167,6306,4874,3.900000,"( 3.3,  4.5)",3.000000,"( 2.6,  3.4)",27,0,0,0,0,0,0,False,0.000000,0.000000,False,0.000000,0.000000,False,False,False,3.000000,1,27167,,False,nonmetro,125.048353,True
MN,Minnesota,Winona,27169,49721,41197,3.100000,"( 2.7,  3.6)",2.800000,"( 2.5,  3.2)",27,0,0,0,0,0,0,False,0.000000,0.000000,False,0.000000,0.000000,False,False,False,1.000000,4,27169,26.000000,True,nonmetro,37.495049,True
MN,Minnesota,Wright,27171,151150,110472,2.700000,"( 2.3,  3.1)",2.400000,"( 2.1,  2.8)",27,0,0,0,0,0,0,False,0.000000,0.000000,False,0.000000,0.000000,False,False,False,1.000000,5,27171,46.000000,True,metro,25.482763,True
MN,Minnesota,Yellow Medicine,27173,9467,7259,3.900000,"( 3.4,  4.5)",3.000000,"( 2.6,  3.4)",27,0,0,0,0,0,0,False,0.000000,0.000000,False,0.000000,0.000000,False,False,False,3.000000,2,27173,,False,nonmetro,88.158152,True
MS,Mississippi,Adams,28001,28746,22919,6.300000,"( 5.6,  7.0)",4.900000,"( 4.4,  5.5)",28,0,0,0,0,0,0,False,0.000000,0.000000,False,0.000000,0.000000,True,True,True,5.000000,3,28001,25.000000,True,nonmetro,63.155949,True
MS,Mississippi,Alcorn,28003,34135,26535,4.500000,"( 4.0,  5.2)",3.700000,"( 3.2,  4.2)",28,0,0,0,0,0,0,False,0.000000,0.000000,False,0.000000,0.000000,True,True,True,4.000000,3,28003,26.000000,True,nonmetro,51.479883,True
MS,Mississippi,Amite,28005,12442,9961,6.500000,"( 5.8,  7.2)",4.500000,"( 4.1,  5.0)",28,0,0,0,0,0,0,False,0.000000,0.000000,False,0.000000,0.000000,True,True,True,5.000000,2,28005,,False,nonmetro,43.232571,True
MS,Mississippi,Attala,28007,17359,13015,5.300000,"( 4.7,  5.9)",4.200000,"( 3.8,  4.7)",28,0,0,0,0,0,0,False,0.000000,0.000000,False,0.000000,0.000000,True,True,True,5.000000,2,28007,16.000000,True,nonmetro,52.893084,True
MS,Mississippi,Benton,28009,7438,5911,5.200000,"( 4.7,  5.8)",4.200000,"( 3.7,  4.6)",28,0,0,0,0,0,0,False,0.000000,0.000000,False,0.000000,0.000000,True,True,True,5.000000,1,28009,,False,metro,39.622378,True
MS,Mississippi,Bolivar,28011,28968,21837,6.100000,"( 5.4,  6.9)",5.200000,"( 4.6,  5.9)",28,0,0,0,0,0,0,False,0.000000,0.000000,False,0.000000,0.000000,True,True,True,5.000000,3,28011,28.000000,True,nonmetro,43.908753,True
MS,Mississippi,Calhoun,28013,12685,9911,5.600000,"( 5.0,  6.3)",4.400000,"( 3.9,  4.9)",28,0,0,0,0,0,0,False,0.000000,0.000000,False,0.000000,0.000000,True,True,True,5.000000,2,28013,12.000000,True,nonmetro,80.941512,True
MS,Mississippi,Carroll,28015,9535,7933,5.900000,"( 5.2,  6.6)",4.300000,"( 3.9,  4.8)",28,0,0,0,0,0,0,False,0.000000,0.000000,False,0.000000,0.000000,True,True,True,5.000000,2,28015,,False,nonmetro,38.657569,True
MS,Mississippi,Chickasaw,28017,16866,12706,5.600000,"( 5.0,  6.2)",4.600000,"( 4.2,  5.1)",28,0,0,0,0,0,0,False,0.000000,0.000000,False,0.000000,0.000000,True,True,True,5.000000,2,28017,15.000000,True,nonmetro,93.801856,True
MS,Mississippi,Choctaw,28019,8088,6352,5.200000,"( 4.6,  5.9)",3.800000,"( 3.4,  4.2)",28,0,0,0,0,0,0,False,0.000000,0.000000,False,0.000000,0.000000,True,True,True,5.000000,1,28019,,False,nonmetro,73.452923,True
MS,Mississippi,Claiborne,28021,8617,6742,6.100000,"( 5.4,  6.9)",5.700000,"( 5.1,  6.4)",28,0,0,0,0,0,0,False,0.000000,0.000000,False,0.000000,0.000000,True,True,True,5.000000,1,28021,,False,nonmetro,51.531220,True
MS,Mississippi,Clarke,28023,15228,11869,5.500000,"( 4.9,  6.2)",4.200000,"( 3.7,  4.6)",28,0,0,0,0,0,0,False,0.000000,0.000000,False,0.000000,0.000000,True,True,True,5.000000,2,28023,17.000000,True,nonmetro,86.639011,True
MS,Mississippi,Clay,28025,18206,14127,5.800000,"( 5.1,  6.5)",4.700000,"( 4.2,  5.2)",28,0,0,0,0,0,0,False,0.000000,0.000000,False,0.000000,0.000000,True,True,True,5.000000,2,28025,17.000000,True,nonmetro,104.326421,True
MS,Mississippi,Coahoma,28027,20077,14632,6.500000,"( 5.8,  7.4)",5.700000,"( 5.0,  6.5)",28,0,0,0,0,0,0,False,0.000000,0.000000,False,0.000000,0.000000,True,True,True,5.000000,3,28027,20.000000,True,nonmetro,61.905019,True
MS,Mississippi,Copiah,28029,27664,21515,5.400000,"( 4.8,  6.0)",4.400000,"( 3.9,  4.9)",28,0,0,0,0,0,0,False,0.000000,0.000000,False,0.000000,0.000000,True,True,True,5.000000,3,28029,19.000000,True,metro,30.511951,True
MS,Mississippi,Covington,28031,18059,13606,4.700000,"( 4.2,  5.3)",4.000000,"( 3.6,  4.4)",28,0,0,0,0,0,0,False,0.000000,0.000000,False,0.000000,0.000000,True,True,True,4.000000,2,28031,14.000000,True,nonmetro,59.294778,True
MS,Mississippi,DeSoto,28033,193247,145706,3.400000,"( 3.0,  3.8)",3.200000,"( 2.8,  3.5)",28,1,1,1,1,1,1,True,0.517472,0.686314,True,0.517472,0.686314,False,False,False,1.000000,5,28033,84.000000,True,metro,7.151296,True
MS,Mississippi,Forrest,28035,78208,60424,3.800000,"( 3.4,  4.2)",3.900000,"( 3.5,  4.3)",28,0,0,0,0,0,0,False,0.000000,0.000000,False,0.000000,0.000000,False,False,True,2.000000,4,28035,42.000000,True,metro,75.091915,True
MS,Mississippi,Franklin,28037,7610,5846,5.700000,"( 5.2,  6.4)",4.400000,"( 4.0,  4.9)",28,0,0,0,0,0,0,False,0.000000,0.000000,False,0.000000,0.000000,True,True,True,5.000000,1,28037,,False,nonmetro,59.867933,True
MS,Mississippi,George,28039,25619,18726,3.900000,"( 3.4,  4.4)",3.500000,"( 3.1,  4.0)",28,0,0,0,0,0,0,False,0.000000,0.000000,False,0.000000,0.000000,False,False,True,3.000000,3,28039,18.000000,True,nonmetro,34.923984,True
MS,Mississippi,Greene,28041,13601,11108,4.200000,"( 3.8,  4.7)",3.900000,"( 3.5,  4.4)",28,0,0,0,0,0,0,False,0.000000,0.000000,False,0.000000,0.000000,True,True,True,3.000000,2,28041,,False,nonmetro,49.189815,True
MS,Mississippi,Grenada,28043,21065,15948,5.300000,"( 4.7,  5.9)",4.300000,"( 3.8,  4.8)",28,0,0,0,0,0,0,False,0.000000,0.000000,False,0.000000,0.000000,True,True,True,5.000000,3,28043,17.000000,True,nonmetro,56.546927,True
MS,Mississippi,Hancock,28045,46159,37467,4.300000,"( 3.7,  4.8)",3.200000,"( 2.8,  3.6)",28,0,0,0,0,0,0,False,0.000000,0.000000,False,0.000000,0.000000,True,True,True,4.000000,4,28045,32.000000,True,metro,24.501992,True
MS,Mississippi,Harrison,28047,210612,161589,4.000000,"( 3.6,  4.5)",3.500000,"( 3.2,  3.9)",28,0,0,0,0,0,0,False,0.000000,0.000000,False,0.000000,0.000000,False,False,True,3.000000,5,28047,109.000000,True,metro,44.322957,True
MS,Mississippi,Hinds,28049,214870,165112,4.900000,"( 4.3,  5.6)",4.400000,"( 3.9,  5.0)",28,1,1,1,1,1,1,True,0.465398,0.605649,True,0.465398,0.605649,False,False,False,5.000000,5,28049,169.000000,True,metro,7.110056,True
MS,Mississippi,Holmes,28051,15777,11936,7.000000,"( 6.1,  7.9)",6.200000,"( 5.5,  6.9)",28,0,0,0,0,0,0,False,0.000000,0.000000,False,0.000000,0.000000,True,True,True,5.000000,2,28051,15.000000,True,metro,27.899975,True
MS,Mississippi,Humphreys,28053,7216,5419,7.700000,"( 6.8,  8.8)",6.200000,"( 5.5,  7.0)",28,1,1,1,1,1,1,True,13.858093,18.453589,True,13.858093,18.453589,False,False,False,5.000000,1,28053,,False,nonmetro,3.371838,True
MS,Mississippi,Issaquena,28055,1256,1128,5.100000,"( 4.6,  5.6)",5.400000,"( 4.9,  5.8)",28,0,0,0,0,0,0,False,0.000000,0.000000,False,0.000000,0.000000,True,True,True,5.000000,1,28055,,False,nonmetro,36.815833,True
MS,Mississippi,Itawamba,28057,24093,18967,3.700000,"( 3.3,  4.3)",3.300000,"( 2.9,  3.7)",28,0,0,0,0,0,0,False,0.000000,0.000000,False,0.000000,0.000000,False,False,True,2.000000,3,28057,16.000000,True,nonmetro,94.041692,True
MS,Mississippi,Jackson,28059,146389,113275,4.000000,"( 3.5,  4.4)",3.400000,"( 3.0,  3.8)",28,0,0,0,0,0,0,False,0.000000,0.000000,False,0.000000,0.000000,False,False,True,3.000000,5,28059,91.000000,True,metro,41.522019,True
MS,Mississippi,Jasper,28061,16013,12328,5.800000,"( 5.2,  6.4)",4.400000,"( 4.0,  4.9)",28,0,0,0,0,0,0,False,0.000000,0.000000,False,0.000000,0.000000,True,True,True,5.000000,2,28061,15.000000,True,nonmetro,65.484650,True
MS,Mississippi,Jefferson,28063,6941,5423,7.200000,"( 6.2,  8.1)",5.800000,"( 5.1,  6.5)",28,0,0,0,0,0,0,False,0.000000,0.000000,False,0.000000,0.000000,True,True,True,5.000000,1,28063,,False,nonmetro,65.208199,True
MS,Mississippi,Jefferson Davis,28065,10969,8785,6.800000,"( 6.1,  7.5)",5.000000,"( 4.5,  5.5)",28,0,0,0,0,0,0,False,0.000000,0.000000,False,0.000000,0.000000,True,True,True,5.000000,2,28065,13.000000,True,nonmetro,54.546529,True
MS,Mississippi,Jones,28067,66250,49715,4.700000,"( 4.2,  5.2)",3.900000,"( 3.5,  4.4)",28,0,0,0,0,0,0,False,0.000000,0.000000,False,0.000000,0.000000,True,True,True,4.000000,4,28067,62.000000,True,nonmetro,74.167338,True
MS,Mississippi,Kemper,28069,8584,7073,5.700000,"( 5.1,  6.4)",4.600000,"( 4.1,  5.1)",28,0,0,0,0,0,0,False,0.000000,0.000000,False,0.000000,0.000000,True,True,True,5.000000,1,28069,,False,nonmetro,93.779584,True
MS,Mississippi,Lafayette,28071,58467,47706,3.100000,"( 2.8,  3.5)",3.400000,"( 3.0,  3.8)",28,0,0,0,0,0,0,False,0.000000,0.000000,False,0.000000,0.000000,False,False,True,1.000000,4,28071,28.000000,True,nonmetro,51.570118,True
MS,Mississippi,Lamar,28073,66217,50292,3.600000,"( 3.1,  4.0)",3.200000,"( 2.8,  3.6)",28,0,0,0,0,0,0,False,0.000000,0.000000,False,0.000000,0.000000,False,False,True,2.000000,4,28073,20.000000,True,metro,67.840330,True
MS,Mississippi,Lauderdale,28075,70527,54144,5.200000,"( 4.6,  5.8)",4.300000,"( 3.8,  4.8)",28,0,0,0,0,0,0,False,0.000000,0.000000,False,0.000000,0.000000,True,True,True,5.000000,4,28075,55.000000,True,nonmetro,87.491127,True
MS,Mississippi,Lawrence,28077,11741,8893,5.800000,"( 5.2,  6.4)",4.600000,"( 4.1,  5.0)",28,0,0,0,0,0,0,False,0.000000,0.000000,False,0.000000,0.000000,True,True,True,5.000000,2,28077,,False,nonmetro,51.829265,True
MS,Mississippi,Leake,28079,21258,16198,5.100000,"( 4.6,  5.7)",4.300000,"( 3.9,  4.8)",28,0,0,0,0,0,0,False,0.000000,0.000000,False,0.000000,0.000000,True,True,True,5.000000,3,28079,16.000000,True,nonmetro,49.726931,True
MS,Mississippi,Lee,28081,82799,62227,3.800000,"( 3.3,  4.2)",3.400000,"( 3.0,  3.8)",28,0,0,0,0,0,0,False,0.000000,0.000000,False,0.000000,0.000000,False,False,True,2.000000,4,28081,60.000000,True,nonmetro,84.256220,True
MS,Mississippi,Leflore,28083,26378,19118,6.200000,"( 5.5,  6.9)",5.600000,"( 5.0,  6.2)",28,0,0,0,0,0,0,False,0.000000,0.000000,False,0.000000,0.000000,True,True,True,5.000000,3,28083,26.000000,True,nonmetro,28.311407,True
MS,Mississippi,Lincoln,28085,34702,26720,4.600000,"( 4.1,  5.2)",3.900000,"( 3.5,  4.3)",28,0,0,0,0,0,0,False,0.000000,0.000000,False,0.000000,0.000000,True,True,True,4.000000,3,28085,25.000000,True,nonmetro,54.390107,True
MS,Mississippi,Lowndes,28087,57283,43676,4.500000,"( 4.0,  5.0)",3.900000,"( 3.5,  4.3)",28,0,0,0,0,0,0,False,0.000000,0.000000,False,0.000000,0.000000,True,True,True,4.000000,4,28087,40.000000,True,nonmetro,91.552431,True
MS,Mississippi,Madison,28089,112511,85633,3.400000,"( 3.0,  3.8)",3.000000,"( 2.6,  3.4)",28,0,0,0,0,0,0,False,0.000000,0.000000,False,0.000000,0.000000,False,False,False,1.000000,5,28089,63.000000,True,metro,15.798571,True
MS,Mississippi,Marion,28091,24224,18622,5.300000,"( 4.7,  5.9)",4.300000,"( 3.9,  4.8)",28,0,0,0,0,0,0,False,0.000000,0.000000,False,0.000000,0.000000,True,True,True,5.000000,3,28091,17.000000,True,nonmetro,55.700731,True
MS,Mississippi,Marshall,28093,34123,27051,5.600000,"( 4.9,  6.2)",4.600000,"( 4.1,  5.1)",28,0,0,0,0,0,0,False,0.000000,0.000000,False,0.000000,0.000000,True,True,True,5.000000,3,28093,17.000000,True,metro,24.415656,True
MS,Mississippi,Monroe,28095,33609,26102,5.100000,"( 4.5,  5.7)",4.000000,"( 3.6,  4.5)",28,0,0,0,0,0,0,False,0.000000,0.000000,False,0.000000,0.000000,True,True,True,5.000000,3,28095,26.000000,True,nonmetro,100.058186,True
MS,Mississippi,Montgomery,28097,9600,7441,6.100000,"( 5.4,  6.9)",4.600000,"( 4.1,  5.1)",28,0,0,0,0,0,0,False,0.000000,0.000000,False,0.000000,0.000000,True,True,True,5.000000,2,28097,12.000000,True,nonmetro,51.516465,True
MS,Mississippi,Neshoba,28099,28789,20927,4.900000,"( 4.4,  5.5)",4.300000,"( 3.8,  4.8)",28,0,0,0,0,0,0,False,0.000000,0.000000,False,0.000000,0.000000,True,True,True,5.000000,3,28099,24.000000,True,nonmetro,69.750942,True
MS,Mississippi,Newton,28101,21019,15910,4.800000,"( 4.3,  5.3)",4.100000,"( 3.7,  4.5)",28,0,0,0,0,0,0,False,0.000000,0.000000,False,0.000000,0.000000,True,True,True,5.000000,3,28101,13.000000,True,nonmetro,62.410405,True
MS,Mississippi,Noxubee,28103,9914,7406,6.500000,"( 5.8,  7.3)",5.400000,"( 4.8,  6.0)",28,0,0,0,0,0,0,False,0.000000,0.000000,False,0.000000,0.000000,True,True,True,5.000000,2,28103,,False,nonmetro,104.035803,True
MS,Mississippi,Oktibbeha,28105,51203,42382,3.200000,"( 2.9,  3.6)",4.000000,"( 3.6,  4.5)",28,0,0,0,0,0,0,False,0.000000,0.000000,False,0.000000,0.000000,False,False,True,1.000000,4,28105,24.000000,True,nonmetro,97.816304,True
MS,Mississippi,Panola,28107,32669,24732,5.500000,"( 4.9,  6.2)",4.700000,"( 4.2,  5.2)",28,0,0,0,0,0,0,False,0.000000,0.000000,False,0.000000,0.000000,True,True,True,5.000000,3,28107,21.000000,True,nonmetro,44.952571,True
MS,Mississippi,Pearl River,28109,57978,44780,4.400000,"( 3.8,  4.9)",3.500000,"( 3.1,  3.9)",28,0,0,0,0,0,0,False,0.000000,0.000000,False,0.000000,0.000000,True,True,True,4.000000,4,28109,34.000000,True,nonmetro,26.659184,True
MS,Mississippi,Perry,28111,11315,8819,4.900000,"( 4.3,  5.4)",4.000000,"( 3.5,  4.4)",28,0,0,0,0,0,0,False,0.000000,0.000000,False,0.000000,0.000000,True,True,True,5.000000,2,28111,,False,metro,68.895001,True
MS,Mississippi,Pike,28113,39394,29430,5.700000,"( 5.1,  6.3)",4.800000,"( 4.3,  5.3)",28,0,0,0,0,0,0,False,0.000000,0.000000,False,0.000000,0.000000,True,True,True,5.000000,4,28113,29.000000,True,nonmetro,54.958453,True
MS,Mississippi,Pontotoc,28115,31535,23394,4.000000,"( 3.6,  4.6)",3.600000,"( 3.2,  4.1)",28,0,0,0,0,0,0,False,0.000000,0.000000,False,0.000000,0.000000,False,False,True,3.000000,3,28115,21.000000,True,nonmetro,73.324603,True
MS,Mississippi,Prentiss,28117,25135,19567,4.200000,"( 3.7,  4.7)",3.600000,"( 3.2,  4.1)",28,0,0,0,0,0,0,False,0.000000,0.000000,False,0.000000,0.000000,True,True,True,3.000000,3,28117,16.000000,True,nonmetro,69.541252,True
MS,Mississippi,Quitman,28119,5546,4262,7.000000,"( 6.2,  7.8)",5.900000,"( 5.2,  6.6)",28,0,0,0,0,0,0,False,0.000000,0.000000,False,0.000000,0.000000,True,True,True,5.000000,1,28119,,False,nonmetro,51.848097,True
MS,Mississippi,Rankin,28121,160417,124962,3.400000,"( 2.9,  3.8)",2.900000,"( 2.6,  3.3)",28,0,0,0,0,0,0,False,0.000000,0.000000,False,0.000000,0.000000,False,False,False,1.000000,5,28121,78.000000,True,metro,10.947872,True
MS,Mississippi,Scott,28123,27507,19774,5.400000,"( 4.8,  6.0)",4.600000,"( 4.1,  5.1)",28,0,0,0,0,0,0,False,0.000000,0.000000,False,0.000000,0.000000,True,True,True,5.000000,3,28123,12.000000,True,metro,39.218730,True
MS,Mississippi,Sharkey,28125,3336,2528,7.800000,"( 7.0,  8.7)",5.900000,"( 5.3,  6.5)",28,0,0,0,0,0,0,False,0.000000,0.000000,False,0.000000,0.000000,True,True,True,5.000000,1,28125,,False,nonmetro,28.226913,True
MS,Mississippi,Simpson,28127,25715,19707,4.900000,"( 4.3,  5.4)",3.900000,"( 3.5,  4.4)",28,0,0,0,0,0,0,False,0.000000,0.000000,False,0.000000,0.000000,True,True,True,5.000000,3,28127,13.000000,True,metro,33.196942,True
MS,Mississippi,Smith,28129,14099,10861,5.300000,"( 4.7,  6.0)",4.100000,"( 3.7,  4.6)",28,0,0,0,0,0,0,False,0.000000,0.000000,False,0.000000,0.000000,True,True,True,5.000000,2,28129,12.000000,True,nonmetro,46.361638,True
MS,Mississippi,Stone,28131,18756,14785,4.100000,"( 3.7,  4.6)",3.600000,"( 3.2,  4.0)",28,0,0,0,0,0,0,False,0.000000,0.000000,False,0.000000,0.000000,True,True,True,3.000000,2,28131,,False,metro,53.269270,True
MS,Mississippi,Sunflower,28133,24468,19260,5.800000,"( 5.1,  6.5)",5.500000,"( 4.9,  6.1)",28,0,0,0,0,0,0,False,0.000000,0.000000,False,0.000000,0.000000,True,True,True,5.000000,3,28133,23.000000,True,nonmetro,29.282640,True
MS,Mississippi,Tallahatchie,28135,11837,9494,5.700000,"( 5.1,  6.3)",5.000000,"( 4.5,  5.6)",28,0,0,0,0,0,0,False,0.000000,0.000000,False,0.000000,0.000000,True,True,True,5.000000,2,28135,,False,nonmetro,58.687133,True
MS,Mississippi,Tate,28137,28261,22008,4.100000,"( 3.7,  4.7)",3.600000,"( 3.2,  4.1)",28,0,0,0,0,0,0,False,0.000000,0.000000,False,0.000000,0.000000,True,True,True,3.000000,3,28137,13.000000,True,metro,24.878321,True
MS,Mississippi,Tippah,28139,21287,16342,4.600000,"( 4.0,  5.1)",3.900000,"( 3.4,  4.3)",28,0,0,0,0,0,0,False,0.000000,0.000000,False,0.000000,0.000000,True,True,True,4.000000,3,28139,14.000000,True,nonmetro,54.349259,True
MS,Mississippi,Tishomingo,28141,18507,14543,4.700000,"( 4.1,  5.4)",3.700000,"( 3.2,  4.2)",28,0,0,0,0,0,0,False,0.000000,0.000000,False,0.000000,0.000000,True,True,True,4.000000,2,28141,16.000000,True,nonmetro,69.585675,True
MS,Mississippi,Tunica,28143,9234,6698,6.300000,"( 5.6,  7.0)",5.900000,"( 5.3,  6.6)",28,0,0,0,0,0,0,False,0.000000,0.000000,False,0.000000,0.000000,True,True,True,5.000000,2,28143,,False,metro,26.429266,True
MS,Mississippi,Union,28145,28284,21239,4.300000,"( 3.8,  4.9)",3.700000,"( 3.3,  4.2)",28,0,0,0,0,0,0,False,0.000000,0.000000,False,0.000000,0.000000,True,True,True,4.000000,3,28145,18.000000,True,nonmetro,61.756709,True
MS,Mississippi,Walthall,28147,13863,10730,5.500000,"( 4.9,  6.1)",4.300000,"( 3.9,  4.8)",28,0,0,0,0,0,0,False,0.000000,0.000000,False,0.000000,0.000000,True,True,True,5.000000,2,28147,10.000000,True,nonmetro,46.899903,True
MS,Mississippi,Warren,28149,42298,32439,4.700000,"( 4.2,  5.3)",3.900000,"( 3.5,  4.3)",28,0,0,0,0,0,0,False,0.000000,0.000000,False,0.000000,0.000000,True,True,True,4.000000,4,28149,34.000000,True,nonmetro,38.752147,True
MS,Mississippi,Washington,28151,41946,31186,6.500000,"( 5.7,  7.4)",5.400000,"( 4.8,  6.1)",28,0,0,0,0,0,0,False,0.000000,0.000000,False,0.000000,0.000000,True,True,True,5.000000,4,28151,33.000000,True,nonmetro,32.997878,True
MS,Mississippi,Wayne,28153,19703,14753,5.500000,"( 4.9,  6.1)",4.500000,"( 4.0,  5.0)",28,0,0,0,0,0,0,False,0.000000,0.000000,False,0.000000,0.000000,True,True,True,5.000000,3,28153,16.000000,True,nonmetro,75.684130,True
MS,Mississippi,Webster,28155,9988,7562,4.100000,"( 3.7,  4.7)",3.400000,"( 3.0,  3.8)",28,0,0,0,0,0,0,False,0.000000,0.000000,False,0.000000,0.000000,True,True,True,3.000000,2,28155,,False,nonmetro,78.205369,True
MS,Mississippi,Wilkinson,28157,8058,6454,6.200000,"( 5.6,  6.9)",5.200000,"( 4.6,  5.7)",28,0,0,0,0,0,0,False,0.000000,0.000000,False,0.000000,0.000000,True,True,True,5.000000,1,28157,,False,nonmetro,33.802582,True
MS,Mississippi,Winston,28159,17416,13573,5.900000,"( 5.3,  6.6)",4.600000,"( 4.2,  5.1)",28,0,0,0,0,0,0,False,0.000000,0.000000,False,0.000000,0.000000,True,True,True,5.000000,2,28159,11.000000,True,nonmetro,83.294991,True
MS,Mississippi,Yalobusha,28161,12386,9781,5.800000,"( 5.3,  6.5)",4.500000,"( 4.1,  5.0)",28,0,0,0,0,0,0,False,0.000000,0.000000,False,0.000000,0.000000,True,True,True,5.000000,2,28161,,False,nonmetro,65.345210,True
MS,Mississippi,Yazoo,28163,25796,20207,5.500000,"( 5.0,  6.2)",5.300000,"( 4.8,  5.9)",28,0,0,0,0,0,0,False,0.000000,0.000000,False,0.000000,0.000000,True,True,True,5.000000,3,28163,20.000000,True,metro,25.293888,True
MO,Missouri,Adair,29001,25122,20545,3.100000,"( 2.7,  3.6)",3.300000,"( 2.8,  3.7)",29,0,0,0,0,0,0,False,0.000000,0.000000,False,0.000000,0.000000,False,False,True,1.000000,3,29001,,False,nonmetro,86.970730,True
MO,Missouri,Andrew,29003,18127,14052,3.600000,"( 3.1,  4.1)",2.800000,"( 2.4,  3.1)",29,0,0,0,0,0,0,False,0.000000,0.000000,False,0.000000,0.000000,False,False,False,2.000000,2,29003,,False,metro,56.633480,True
MO,Missouri,Atchison,29005,5107,4077,4.700000,"( 4.1,  5.5)",3.300000,"( 2.8,  3.8)",29,0,0,0,0,0,0,False,0.000000,0.000000,False,0.000000,0.000000,True,True,True,4.000000,1,29005,,False,nonmetro,63.550955,True
MO,Missouri,Audrain,29007,24394,18823,4.400000,"( 3.8,  5.0)",3.600000,"( 3.1,  4.0)",29,0,0,0,0,0,0,False,0.000000,0.000000,False,0.000000,0.000000,True,True,True,4.000000,3,29007,12.000000,True,nonmetro,32.687196,True
MO,Missouri,Barry,29009,35265,27271,4.700000,"( 4.1,  5.3)",3.500000,"( 3.1,  4.0)",29,0,0,0,0,0,0,False,0.000000,0.000000,False,0.000000,0.000000,True,True,True,4.000000,3,29009,15.000000,True,nonmetro,46.336135,True
MO,Missouri,Barton,29011,11731,8988,4.900000,"( 4.3,  5.6)",3.800000,"( 3.3,  4.3)",29,0,0,0,0,0,0,False,0.000000,0.000000,False,0.000000,0.000000,True,True,True,5.000000,2,29011,,False,nonmetro,58.620264,True
MO,Missouri,Bates,29013,16242,12485,4.400000,"( 3.8,  5.0)",3.500000,"( 3.1,  3.9)",29,0,0,0,0,0,0,False,0.000000,0.000000,False,0.000000,0.000000,True,True,True,4.000000,2,29013,11.000000,True,metro,51.490643,True
MO,Missouri,Benton,29015,20552,16999,5.400000,"( 4.7,  6.2)",3.400000,"( 3.0,  3.9)",29,0,0,0,0,0,0,False,0.000000,0.000000,False,0.000000,0.000000,True,True,True,5.000000,3,29015,19.000000,True,nonmetro,67.461086,True
MO,Missouri,Bollinger,29017,10544,8227,4.600000,"( 3.9,  5.2)",3.500000,"( 3.0,  3.9)",29,0,0,0,0,0,0,False,0.000000,0.000000,False,0.000000,0.000000,True,True,True,4.000000,2,29017,,False,metro,89.114084,True
MO,Missouri,Boone,29019,189463,151585,2.700000,"( 2.4,  3.1)",2.900000,"( 2.6,  3.3)",29,3,3,2,3,3,2,True,1.583423,1.979088,True,1.583423,1.979088,False,False,False,1.000000,5,29019,60.000000,True,metro,4.917164,True
MO,Missouri,Buchanan,29021,82956,64505,3.900000,"( 3.4,  4.5)",3.400000,"( 3.0,  3.8)",29,0,0,0,0,0,0,False,0.000000,0.000000,False,0.000000,0.000000,False,False,True,3.000000,4,29021,49.000000,True,metro,45.235160,True
MO,Missouri,Butler,29023,41948,32109,4.800000,"( 4.2,  5.5)",3.900000,"( 3.4,  4.4)",29,0,0,0,0,0,0,False,0.000000,0.000000,False,0.000000,0.000000,True,True,True,5.000000,4,29023,25.000000,True,nonmetro,65.314531,True
MO,Missouri,Caldwell,29025,8955,6849,4.100000,"( 3.6,  4.7)",3.200000,"( 2.8,  3.6)",29,0,0,0,0,0,0,False,0.000000,0.000000,False,0.000000,0.000000,True,True,True,3.000000,2,29025,,False,metro,50.031078,True
MO,Missouri,Callaway,29027,44731,35515,3.600000,"( 3.1,  4.1)",3.100000,"( 2.7,  3.5)",29,0,0,0,0,0,0,False,0.000000,0.000000,False,0.000000,0.000000,False,False,False,2.000000,4,29027,21.000000,True,metro,22.739853,True
MO,Missouri,Camden,29029,44044,36598,4.600000,"( 4.0,  5.3)",3.000000,"( 2.6,  3.4)",29,0,0,0,0,0,0,False,0.000000,0.000000,False,0.000000,0.000000,True,True,False,4.000000,4,29029,28.000000,True,nonmetro,60.845725,True
MO,Missouri,Cape Girardeau,29031,82984,65388,3.400000,"( 3.0,  3.9)",3.000000,"( 2.6,  3.4)",29,0,0,0,0,0,0,False,0.000000,0.000000,False,0.000000,0.000000,False,False,False,1.000000,4,29031,36.000000,True,metro,93.642085,True
MO,Missouri,Carroll,29033,8391,6542,4.400000,"( 3.8,  5.0)",3.200000,"( 2.8,  3.7)",29,0,0,0,0,0,0,False,0.000000,0.000000,False,0.000000,0.000000,True,True,True,4.000000,1,29033,,False,nonmetro,60.647034,True
MO,Missouri,Carter,29035,5303,4026,5.000000,"( 4.4,  5.7)",3.900000,"( 3.4,  4.4)",29,0,0,0,0,0,0,False,0.000000,0.000000,False,0.000000,0.000000,True,True,True,5.000000,1,29035,,False,nonmetro,77.255166,True
MO,Missouri,Cass,29037,111732,85880,3.300000,"( 2.9,  3.8)",2.700000,"( 2.4,  3.1)",29,0,0,0,0,0,0,False,0.000000,0.000000,False,0.000000,0.000000,False,False,False,1.000000,5,29037,54.000000,True,metro,21.194410,True
MO,Missouri,Cedar,29039,14672,11098,5.000000,"( 4.3,  5.8)",3.700000,"( 3.2,  4.1)",29,0,0,0,0,0,0,False,0.000000,0.000000,False,0.000000,0.000000,True,True,True,5.000000,2,29039,13.000000,True,nonmetro,50.272721,True
MO,Missouri,Chariton,29041,7399,5676,4.600000,"( 4.0,  5.3)",3.200000,"( 2.8,  3.7)",29,0,0,0,0,0,0,False,0.000000,0.000000,False,0.000000,0.000000,True,True,True,4.000000,1,29041,,False,nonmetro,49.059662,True
MO,Missouri,Christian,29043,94422,70802,3.200000,"( 2.7,  3.6)",2.700000,"( 2.3,  3.1)",29,0,0,0,0,0,0,False,0.000000,0.000000,False,0.000000,0.000000,False,False,False,1.000000,4,29043,40.000000,True,metro,14.236814,True
MO,Missouri,Clark,29045,6641,5096,4.800000,"( 4.1,  5.4)",3.600000,"( 3.1,  4.0)",29,0,0,0,0,0,0,False,0.000000,0.000000,False,0.000000,0.000000,True,True,True,5.000000,1,29045,,False,nonmetro,86.922285,True
MO,Missouri,Clay,29047,259772,199234,3.000000,"( 2.6,  3.4)",2.700000,"( 2.4,  3.1)",29,0,0,0,0,0,0,False,0.000000,0.000000,False,0.000000,0.000000,False,False,False,1.000000,5,29047,102.000000,True,metro,11.767668,True
MO,Missouri,Clinton,29049,21548,16643,3.800000,"( 3.3,  4.3)",3.000000,"( 2.6,  3.4)",29,0,0,0,0,0,0,False,0.000000,0.000000,False,0.000000,0.000000,False,False,False,2.000000,3,29049,13.000000,True,metro,36.763634,True
MO,Missouri,Cole,29051,77278,60406,3.300000,"( 2.8,  3.7)",2.800000,"( 2.4,  3.2)",29,0,0,0,0,0,0,False,0.000000,0.000000,False,0.000000,0.000000,False,False,False,1.000000,4,29051,29.000000,True,metro,28.556981,True
MO,Missouri,Cooper,29053,16947,13165,3.800000,"( 3.3,  4.3)",3.000000,"( 2.6,  3.4)",29,0,0,0,0,0,0,False,0.000000,0.000000,False,0.000000,0.000000,False,False,False,2.000000,2,29053,,False,metro,24.078320,True
MO,Missouri,Crawford,29055,22719,17715,4.400000,"( 3.9,  5.1)",3.400000,"( 3.0,  3.9)",29,0,0,0,0,0,0,False,0.000000,0.000000,False,0.000000,0.000000,True,True,True,4.000000,3,29055,16.000000,True,nonmetro,63.553605,True
MO,Missouri,Dade,29057,7716,6133,5.100000,"( 4.5,  5.8)",3.600000,"( 3.2,  4.1)",29,0,0,0,0,0,0,False,0.000000,0.000000,False,0.000000,0.000000,True,True,True,5.000000,1,29057,,False,nonmetro,32.151341,True
MO,Missouri,Dallas,29059,17768,13540,4.700000,"( 4.1,  5.4)",3.600000,"( 3.2,  4.1)",29,0,0,0,0,0,0,False,0.000000,0.000000,False,0.000000,0.000000,True,True,True,4.000000,2,29059,,False,metro,32.379666,True
MO,Missouri,Daviess,29061,8551,6434,4.600000,"( 3.9,  5.3)",3.500000,"( 3.0,  3.9)",29,0,0,0,0,0,0,False,0.000000,0.000000,False,0.000000,0.000000,True,True,True,4.000000,1,29061,,False,nonmetro,66.209730,True
MO,Missouri,DeKalb,29063,9899,7741,4.000000,"( 3.5,  4.6)",3.100000,"( 2.7,  3.5)",29,0,0,0,0,0,0,False,0.000000,0.000000,False,0.000000,0.000000,False,False,False,3.000000,2,29063,,False,metro,51.651065,True
MO,Missouri,Dent,29065,14647,11351,4.700000,"( 4.0,  5.3)",3.500000,"( 3.0,  3.9)",29,0,0,0,0,0,0,False,0.000000,0.000000,False,0.000000,0.000000,True,True,True,4.000000,2,29065,,False,nonmetro,94.511210,True
MO,Missouri,Douglas,29067,12228,9333,4.900000,"( 4.3,  5.6)",3.500000,"( 3.1,  4.0)",29,0,0,0,0,0,0,False,0.000000,0.000000,False,0.000000,0.000000,True,True,True,5.000000,2,29067,10.000000,True,nonmetro,42.891081,True
MO,Missouri,Dunklin,29069,27032,20004,5.000000,"( 4.4,  5.6)",4.000000,"( 3.5,  4.5)",29,0,0,0,0,0,0,False,0.000000,0.000000,False,0.000000,0.000000,True,True,True,5.000000,3,29069,27.000000,True,nonmetro,49.625311,True
MO,Missouri,Franklin,29071,106404,82845,3.700000,"( 3.2,  4.2)",2.900000,"( 2.5,  3.3)",29,0,0,0,0,0,0,False,0.000000,0.000000,False,0.000000,0.000000,False,False,False,2.000000,5,29071,51.000000,True,metro,32.986204,True
MO,Missouri,Gasconade,29073,14705,11709,4.300000,"( 3.7,  4.9)",3.100000,"( 2.7,  3.5)",29,0,0,0,0,0,0,False,0.000000,0.000000,False,0.000000,0.000000,True,True,False,4.000000,2,29073,13.000000,True,nonmetro,53.466770,True
MO,Missouri,Gentry,29075,6287,4635,4.100000,"( 3.6,  4.7)",3.300000,"( 2.9,  3.7)",29,0,0,0,0,0,0,False,0.000000,0.000000,False,0.000000,0.000000,True,True,True,3.000000,1,29075,,False,nonmetro,76.166742,True
MO,Missouri,Greene,29077,304611,241659,3.400000,"( 2.9,  3.8)",3.100000,"( 2.6,  3.5)",29,2,1,2,2,1,2,True,0.656575,0.827612,True,0.656575,0.827612,False,False,False,1.000000,5,29077,129.000000,True,metro,5.392012,True
MO,Missouri,Grundy,29079,9815,7321,4.700000,"( 4.0,  5.4)",3.500000,"( 3.0,  3.9)",29,0,0,0,0,0,0,False,0.000000,0.000000,False,0.000000,0.000000,True,True,True,4.000000,2,29079,,False,nonmetro,86.340330,True
MO,Missouri,Harrison,29081,8220,6218,4.800000,"( 4.2,  5.5)",3.500000,"( 3.1,  4.0)",29,0,0,0,0,0,0,False,0.000000,0.000000,False,0.000000,0.000000,True,True,True,5.000000,1,29081,,False,nonmetro,85.751200,True
MO,Missouri,Henry,29083,22485,17438,4.600000,"( 4.0,  5.2)",3.400000,"( 3.0,  3.9)",29,0,0,0,0,0,0,False,0.000000,0.000000,False,0.000000,0.000000,True,True,True,4.000000,3,29083,14.000000,True,nonmetro,64.988278,True
MO,Missouri,Hickory,29085,8718,7163,6.700000,"( 5.8,  7.6)",4.100000,"( 3.6,  4.7)",29,0,0,0,0,0,0,False,0.000000,0.000000,False,0.000000,0.000000,True,True,True,5.000000,1,29085,10.000000,True,nonmetro,48.251202,True
MO,Missouri,Holt,29087,4248,3342,4.500000,"( 3.9,  5.2)",3.200000,"( 2.8,  3.6)",29,0,0,0,0,0,0,False,0.000000,0.000000,False,0.000000,0.000000,True,True,True,4.000000,1,29087,,False,nonmetro,73.342845,True
MO,Missouri,Howard,29089,10101,7943,3.700000,"( 3.2,  4.3)",3.100000,"( 2.7,  3.5)",29,0,0,0,0,0,0,False,0.000000,0.000000,False,0.000000,0.000000,False,False,False,2.000000,2,29089,,False,metro,24.100823,True
MO,Missouri,Howell,29091,40735,30898,4.800000,"( 4.1,  5.4)",3.800000,"( 3.3,  4.2)",29,0,0,0,0,0,0,False,0.000000,0.000000,False,0.000000,0.000000,True,True,True,5.000000,4,29091,32.000000,True,nonmetro,83.461844,True
MO,Missouri,Iron,29093,9440,7420,4.700000,"( 4.1,  5.4)",3.600000,"( 3.1,  4.0)",29,0,0,0,0,0,0,False,0.000000,0.000000,False,0.000000,0.000000,True,True,True,4.000000,2,29093,,False,nonmetro,78.159005,True
MO,Missouri,Jackson,29095,718560,553202,3.600000,"( 3.2,  4.0)",3.200000,"( 2.9,  3.6)",29,4,4,4,4,4,4,True,0.556669,0.723063,True,0.556669,0.723063,False,False,False,2.000000,5,29095,325.000000,True,metro,10.127085,True
MO,Missouri,Jasper,29097,125056,94515,3.800000,"( 3.3,  4.3)",3.400000,"( 2.9,  3.8)",29,0,0,0,0,0,0,False,0.000000,0.000000,False,0.000000,0.000000,False,False,True,2.000000,5,29097,61.000000,True,metro,63.462765,True
MO,Missouri,Jefferson,29099,231230,179619,3.300000,"( 2.9,  3.8)",2.800000,"( 2.5,  3.2)",29,0,0,0,0,0,0,False,0.000000,0.000000,False,0.000000,0.000000,False,False,False,1.000000,5,29099,96.000000,True,metro,25.365834,True
MO,Missouri,Johnson,29101,54962,42654,2.900000,"( 2.5,  3.3)",3.100000,"( 2.7,  3.5)",29,0,0,0,0,0,0,False,0.000000,0.000000,False,0.000000,0.000000,False,False,False,1.000000,4,29101,19.000000,True,nonmetro,49.604350,True
MO,Missouri,Knox,29103,3723,2854,4.900000,"( 4.3,  5.6)",3.700000,"( 3.2,  4.2)",29,0,0,0,0,0,0,False,0.000000,0.000000,False,0.000000,0.000000,True,True,True,5.000000,1,29103,,False,nonmetro,83.768534,True
MO,Missouri,Laclede,29105,36680,27574,4.500000,"( 3.9,  5.1)",3.600000,"( 3.2,  4.1)",29,0,0,0,0,0,0,False,0.000000,0.000000,False,0.000000,0.000000,True,True,True,4.000000,3,29105,31.000000,True,nonmetro,47.442087,True
MO,Missouri,Lafayette,29107,33196,25607,3.700000,"( 3.2,  4.2)",2.900000,"( 2.6,  3.3)",29,0,0,0,0,0,0,False,0.000000,0.000000,False,0.000000,0.000000,False,False,False,2.000000,3,29107,16.000000,True,metro,39.983889,True
MO,Missouri,Lawrence,29109,38872,28920,4.300000,"( 3.8,  4.9)",3.600000,"( 3.1,  4.0)",29,0,0,0,0,0,0,False,0.000000,0.000000,False,0.000000,0.000000,True,True,True,4.000000,4,29109,18.000000,True,nonmetro,30.882798,True
MO,Missouri,Lewis,29111,9818,7755,4.100000,"( 3.6,  4.7)",3.400000,"( 3.0,  3.9)",29,0,0,0,0,0,0,False,0.000000,0.000000,False,0.000000,0.000000,True,True,True,3.000000,2,29111,,False,nonmetro,87.039961,True
MO,Missouri,Lincoln,29113,64699,48548,3.300000,"( 2.9,  3.7)",3.000000,"( 2.6,  3.3)",29,0,0,0,0,0,0,False,0.000000,0.000000,False,0.000000,0.000000,False,False,False,1.000000,4,29113,30.000000,True,metro,21.832390,True
MO,Missouri,Linn,29115,11791,9017,4.300000,"( 3.8,  5.0)",3.300000,"( 2.9,  3.8)",29,0,0,0,0,0,0,False,0.000000,0.000000,False,0.000000,0.000000,True,True,True,4.000000,2,29115,,False,nonmetro,70.401920,True
MO,Missouri,Livingston,29117,14557,11376,4.100000,"( 3.5,  4.7)",3.300000,"( 2.9,  3.7)",29,0,0,0,0,0,0,False,0.000000,0.000000,False,0.000000,0.000000,True,True,True,3.000000,2,29117,,False,nonmetro,72.952012,True
MO,Missouri,McDonald,29119,23903,17900,4.800000,"( 4.3,  5.3)",4.100000,"( 3.6,  4.5)",29,0,0,0,0,0,0,False,0.000000,0.000000,False,0.000000,0.000000,True,True,True,5.000000,3,29119,14.000000,True,nonmetro,73.810993,True
MO,Missouri,Macon,29121,15161,11647,4.100000,"( 3.6,  4.7)",3.100000,"( 2.7,  3.5)",29,0,0,0,0,0,0,False,0.000000,0.000000,False,0.000000,0.000000,True,True,False,3.000000,2,29121,10.000000,True,nonmetro,59.206795,True
MO,Missouri,Madison,29123,12698,9847,4.100000,"( 3.6,  4.6)",3.200000,"( 2.8,  3.7)",29,0,0,0,0,0,0,False,0.000000,0.000000,False,0.000000,0.000000,True,True,True,3.000000,2,29123,,False,nonmetro,75.387109,True
MO,Missouri,Maries,29125,8430,6697,4.300000,"( 3.7,  5.0)",3.200000,"( 2.8,  3.7)",29,0,0,0,0,0,0,False,0.000000,0.000000,False,0.000000,0.000000,True,True,True,4.000000,1,29125,,False,nonmetro,59.734154,True
MO,Missouri,Marion,29127,28336,21790,3.900000,"( 3.4,  4.4)",3.200000,"( 2.8,  3.6)",29,0,0,0,0,0,0,False,0.000000,0.000000,False,0.000000,0.000000,False,False,True,3.000000,3,29127,20.000000,True,nonmetro,72.173110,True
MO,Missouri,Mercer,29129,3469,2611,4.900000,"( 4.3,  5.6)",3.600000,"( 3.1,  4.0)",29,0,0,0,0,0,0,False,0.000000,0.000000,False,0.000000,0.000000,True,True,True,5.000000,1,29129,,False,nonmetro,80.628373,True
MO,Missouri,Miller,29131,25590,19541,4.100000,"( 3.6,  4.8)",3.300000,"( 2.8,  3.7)",29,0,0,0,0,0,0,False,0.000000,0.000000,False,0.000000,0.000000,True,True,True,3.000000,3,29131,13.000000,True,nonmetro,50.108769,True
MO,Missouri,Mississippi,29133,11822,9153,5.200000,"( 4.6,  5.8)",4.300000,"( 3.9,  4.8)",29,0,0,0,0,0,0,False,0.000000,0.000000,False,0.000000,0.000000,True,True,True,5.000000,2,29133,11.000000,True,nonmetro,91.204113,True
MO,Missouri,Moniteau,29135,15256,11398,3.700000,"( 3.2,  4.2)",3.100000,"( 2.7,  3.6)",29,0,0,0,0,0,0,False,0.000000,0.000000,False,0.000000,0.000000,False,False,False,2.000000,2,29135,11.000000,True,metro,27.264383,True
MO,Missouri,Monroe,29137,8698,6787,4.900000,"( 4.2,  5.6)",3.400000,"( 3.0,  3.9)",29,0,0,0,0,0,0,False,0.000000,0.000000,False,0.000000,0.000000,True,True,True,5.000000,1,29137,,False,nonmetro,44.843765,True
MO,Missouri,Montgomery,29139,11459,8974,4.400000,"( 3.8,  5.0)",3.400000,"( 2.9,  3.8)",29,0,0,0,0,0,0,False,0.000000,0.000000,False,0.000000,0.000000,True,True,True,4.000000,2,29139,,False,nonmetro,43.684883,True
MO,Missouri,Morgan,29141,21970,16914,5.100000,"( 4.4,  5.9)",3.700000,"( 3.2,  4.2)",29,0,0,0,0,0,0,False,0.000000,0.000000,False,0.000000,0.000000,True,True,True,5.000000,3,29141,11.000000,True,nonmetro,48.420317,True
MO,Missouri,New Madrid,29143,15424,11775,5.100000,"( 4.5,  5.7)",4.000000,"( 3.5,  4.5)",29,0,0,0,0,0,0,False,0.000000,0.000000,False,0.000000,0.000000,True,True,True,5.000000,2,29143,16.000000,True,nonmetro,78.653224,True
MO,Missouri,Newton,29145,60677,46193,4.100000,"( 3.6,  4.7)",3.300000,"( 2.9,  3.8)",29,0,0,0,0,0,0,False,0.000000,0.000000,False,0.000000,0.000000,True,True,True,3.000000,4,29145,37.000000,True,metro,65.086995,True
MO,Missouri,Nodaway,29147,20695,17134,3.300000,"( 2.9,  3.8)",3.100000,"( 2.8,  3.6)",29,0,0,0,0,0,0,False,0.000000,0.000000,False,0.000000,0.000000,False,False,False,1.000000,3,29147,,False,nonmetro,82.765429,True
MO,Missouri,Oregon,29149,8720,6668,5.400000,"( 4.7,  6.1)",3.900000,"( 3.4,  4.4)",29,0,0,0,0,0,0,False,0.000000,0.000000,False,0.000000,0.000000,True,True,True,5.000000,2,29149,,False,nonmetro,68.774946,True
MO,Missouri,Osage,29151,13468,10389,3.500000,"( 3.0,  4.0)",2.800000,"( 2.5,  3.2)",29,0,0,0,0,0,0,False,0.000000,0.000000,False,0.000000,0.000000,False,False,False,2.000000,2,29151,,False,metro,42.345428,True
MO,Missouri,Ozark,29153,8970,7255,6.100000,"( 5.3,  6.9)",4.000000,"( 3.6,  4.5)",29,0,0,0,0,0,0,False,0.000000,0.000000,False,0.000000,0.000000,True,True,True,5.000000,2,29153,,False,nonmetro,63.667926,True
MO,Missouri,Pemiscot,29155,14613,10795,5.600000,"( 5.1,  6.3)",4.600000,"( 4.1,  5.1)",29,0,0,0,0,0,0,False,0.000000,0.000000,False,0.000000,0.000000,True,True,True,5.000000,2,29155,,False,nonmetro,58.231490,True
MO,Missouri,Perry,29157,18950,14765,3.900000,"( 3.4,  4.5)",3.100000,"( 2.7,  3.5)",29,0,0,0,0,0,0,False,0.000000,0.000000,False,0.000000,0.000000,False,False,False,3.000000,3,29157,12.000000,True,nonmetro,65.809581,True
MO,Missouri,Pettis,29159,43530,32613,3.900000,"( 3.4,  4.4)",3.200000,"( 2.8,  3.6)",29,0,0,0,0,0,0,False,0.000000,0.000000,False,0.000000,0.000000,False,False,True,3.000000,4,29159,21.000000,True,nonmetro,52.216970,True
MO,Missouri,Phelps,29161,45284,35710,3.600000,"( 3.1,  4.1)",3.200000,"( 2.8,  3.7)",29,0,0,0,0,0,0,False,0.000000,0.000000,False,0.000000,0.000000,False,False,True,2.000000,4,29161,21.000000,True,nonmetro,76.693946,True
MO,Missouri,Pike,29163,17935,13889,4.300000,"( 3.8,  4.9)",3.500000,"( 3.1,  4.0)",29,0,0,0,0,0,0,False,0.000000,0.000000,False,0.000000,0.000000,True,True,True,4.000000,2,29163,11.000000,True,nonmetro,48.570420,True
MO,Missouri,Platte,29165,111940,86325,2.800000,"( 2.5,  3.3)",2.500000,"( 2.2,  2.9)",29,0,0,0,0,0,0,False,0.000000,0.000000,False,0.000000,0.000000,False,False,False,1.000000,5,29165,41.000000,True,metro,10.819182,True
MO,Missouri,Polk,29167,32780,25174,4.100000,"( 3.6,  4.8)",3.500000,"( 3.0,  3.9)",29,0,0,0,0,0,0,False,0.000000,0.000000,False,0.000000,0.000000,True,True,True,3.000000,3,29167,22.000000,True,metro,27.684411,True
MO,Missouri,Pulaski,29169,53812,42066,2.500000,"( 2.2,  2.7)",3.200000,"( 2.8,  3.5)",29,0,0,0,0,0,0,False,0.000000,0.000000,False,0.000000,0.000000,False,False,True,1.000000,4,29169,17.000000,True,nonmetro,73.172729,True
MO,Missouri,Putnam,29171,4638,3551,4.300000,"( 3.8,  4.9)",3.100000,"( 2.7,  3.5)",29,0,0,0,0,0,0,False,0.000000,0.000000,False,0.000000,0.000000,True,True,False,4.000000,1,29171,,False,nonmetro,84.569634,True
MO,Missouri,Ralls,29173,10489,8338,4.500000,"( 3.9,  5.1)",3.200000,"( 2.8,  3.7)",29,0,0,0,0,0,0,False,0.000000,0.000000,False,0.000000,0.000000,True,True,True,4.000000,2,29173,,False,nonmetro,62.836020,True
MO,Missouri,Randolph,29175,24109,18724,4.000000,"( 3.5,  4.5)",3.400000,"( 3.0,  3.8)",29,0,0,0,0,0,0,False,0.000000,0.000000,False,0.000000,0.000000,False,False,True,3.000000,3,29175,11.000000,True,nonmetro,32.600837,True
MO,Missouri,Ray,29177,23182,17877,4.000000,"( 3.5,  4.6)",3.200000,"( 2.8,  3.6)",29,0,0,0,0,0,0,False,0.000000,0.000000,False,0.000000,0.000000,False,False,True,3.000000,3,29177,16.000000,True,metro,32.631848,True
MO,Missouri,Reynolds,29179,5950,4821,5.200000,"( 4.5,  6.0)",3.800000,"( 3.3,  4.3)",29,0,0,0,0,0,0,False,0.000000,0.000000,False,0.000000,0.000000,True,True,True,5.000000,1,29179,,False,nonmetro,94.393458,True
MO,Missouri,Ripley,29181,10806,8128,5.000000,"( 4.4,  5.7)",3.900000,"( 3.5,  4.4)",29,0,0,0,0,0,0,False,0.000000,0.000000,False,0.000000,0.000000,True,True,True,5.000000,2,29181,,False,nonmetro,54.648996,True
MO,Missouri,St. Charles,29183,416659,323865,2.800000,"( 2.4,  3.2)",2.400000,"( 2.1,  2.7)",29,1,1,1,1,1,1,True,0.240004,0.308771,True,0.240004,0.308771,False,False,False,1.000000,5,29183,172.000000,True,metro,6.377839,True
MO,Missouri,St. Clair,29185,9752,7697,5.300000,"( 4.6,  6.0)",3.600000,"( 3.2,  4.1)",29,0,0,0,0,0,0,False,0.000000,0.000000,False,0.000000,0.000000,True,True,True,5.000000,2,29185,,False,nonmetro,63.645494,True
MO,Missouri,Ste. Genevieve,29186,18642,14648,3.900000,"( 3.4,  4.5)",3.000000,"( 2.6,  3.4)",29,0,0,0,0,0,0,False,0.000000,0.000000,False,0.000000,0.000000,False,False,False,3.000000,2,29186,,False,nonmetro,47.819161,True
MO,Missouri,St. Francois,29187,67058,53194,4.000000,"( 3.5,  4.6)",3.500000,"( 3.1,  4.0)",29,0,0,0,0,0,0,False,0.000000,0.000000,False,0.000000,0.000000,False,False,True,3.000000,4,29187,29.000000,True,nonmetro,57.176993,True
MO,Missouri,St. Louis,29189,987059,771815,3.400000,"( 3.0,  3.8)",2.800000,"( 2.5,  3.1)",29,1,1,1,1,1,1,True,0.101311,0.129565,True,0.101311,0.129565,False,False,False,1.000000,5,29189,585.000000,True,metro,9.321882,True
MO,Missouri,Saline,29195,23049,18077,3.700000,"( 3.2,  4.2)",3.200000,"( 2.9,  3.6)",29,0,0,0,0,0,0,False,0.000000,0.000000,False,0.000000,0.000000,False,False,True,2.000000,3,29195,11.000000,True,nonmetro,48.144152,True
MO,Missouri,Schuyler,29197,4053,2951,3.900000,"( 3.4,  4.4)",3.000000,"( 2.7,  3.4)",29,0,0,0,0,0,0,False,0.000000,0.000000,False,0.000000,0.000000,False,False,False,3.000000,1,29197,,False,nonmetro,96.530572,True
MO,Missouri,Scotland,29199,4676,3300,4.300000,"( 3.7,  5.0)",3.300000,"( 2.9,  3.8)",29,0,0,0,0,0,0,False,0.000000,0.000000,False,0.000000,0.000000,True,True,True,4.000000,1,29199,,False,nonmetro,89.859799,True
MO,Missouri,Scott,29201,37889,28776,4.200000,"( 3.7,  4.8)",3.400000,"( 3.0,  3.9)",29,0,0,0,0,0,0,False,0.000000,0.000000,False,0.000000,0.000000,True,True,True,3.000000,4,29201,26.000000,True,nonmetro,100.343703,True
MO,Missouri,Shannon,29203,7238,5590,4.900000,"( 4.2,  5.5)",3.500000,"( 3.1,  4.0)",29,0,0,0,0,0,0,False,0.000000,0.000000,False,0.000000,0.000000,True,True,True,5.000000,1,29203,,False,nonmetro,93.979760,True
MO,Missouri,Shelby,29205,5931,4506,4.800000,"( 4.2,  5.5)",3.600000,"( 3.2,  4.1)",29,0,0,0,0,0,0,False,0.000000,0.000000,False,0.000000,0.000000,True,True,True,5.000000,1,29205,,False,nonmetro,57.871797,True
MO,Missouri,Stoddard,29207,28397,22190,4.600000,"( 3.9,  5.3)",3.600000,"( 3.1,  4.1)",29,0,0,0,0,0,0,False,0.000000,0.000000,False,0.000000,0.000000,True,True,True,4.000000,3,29207,25.000000,True,nonmetro,80.728089,True
MO,Missouri,Stone,29209,32658,27152,5.000000,"( 4.2,  5.8)",3.200000,"( 2.7,  3.6)",29,0,0,0,0,0,0,False,0.000000,0.000000,False,0.000000,0.000000,True,True,True,5.000000,3,29209,21.000000,True,nonmetro,35.190108,True
MO,Missouri,Sullivan,29211,5797,4514,4.500000,"( 3.9,  5.1)",3.400000,"( 3.0,  3.9)",29,0,0,0,0,0,0,False,0.000000,0.000000,False,0.000000,0.000000,True,True,True,4.000000,1,29211,,False,nonmetro,96.553517,True
MO,Missouri,Taney,29213,56775,45069,4.200000,"( 3.6,  4.8)",3.200000,"( 2.8,  3.7)",29,0,0,0,0,0,0,False,0.000000,0.000000,False,0.000000,0.000000,True,True,True,3.000000,4,29213,23.000000,True,nonmetro,39.250178,True
MO,Missouri,Texas,29215,25619,20067,4.900000,"( 4.3,  5.6)",3.900000,"( 3.4,  4.3)",29,0,0,0,0,0,0,False,0.000000,0.000000,False,0.000000,0.000000,True,True,True,5.000000,3,29215,24.000000,True,nonmetro,74.351534,True
MO,Missouri,Vernon,29217,19710,15019,4.600000,"( 4.0,  5.3)",3.600000,"( 3.1,  4.1)",29,0,0,0,0,0,0,False,0.000000,0.000000,False,0.000000,0.000000,True,True,True,4.000000,3,29217,13.000000,True,nonmetro,70.837300,True
MO,Missouri,Warren,29219,37806,29200,3.700000,"( 3.2,  4.2)",3.000000,"( 2.6,  3.4)",29,0,0,0,0,0,0,False,0.000000,0.000000,False,0.000000,0.000000,False,False,False,2.000000,4,29219,14.000000,True,metro,25.854411,True
MO,Missouri,Washington,29221,23534,18183,4.600000,"( 4.0,  5.2)",3.800000,"( 3.4,  4.3)",29,0,0,0,0,0,0,False,0.000000,0.000000,False,0.000000,0.000000,True,True,True,4.000000,3,29221,13.000000,True,nonmetro,56.369812,True
MO,Missouri,Wayne,29223,10811,8628,5.700000,"( 5.0,  6.5)",4.000000,"( 3.5,  4.6)",29,0,0,0,0,0,0,False,0.000000,0.000000,False,0.000000,0.000000,True,True,True,5.000000,2,29223,12.000000,True,nonmetro,88.524284,True
MO,Missouri,Webster,29225,41472,29983,3.800000,"( 3.3,  4.3)",3.300000,"( 2.9,  3.8)",29,0,0,0,0,0,0,False,0.000000,0.000000,False,0.000000,0.000000,False,False,True,2.000000,4,29225,20.000000,True,metro,22.943919,True
MO,Missouri,Worth,29227,1907,1536,5.000000,"( 4.3,  5.6)",3.400000,"( 3.0,  3.8)",29,0,0,0,0,0,0,False,0.000000,0.000000,False,0.000000,0.000000,True,True,True,5.000000,1,29227,,False,nonmetro,84.621186,True
MO,Missouri,Wright,29229,19403,14305,5.000000,"( 4.3,  5.7)",3.900000,"( 3.4,  4.5)",29,0,0,0,0,0,0,False,0.000000,0.000000,False,0.000000,0.000000,True,True,True,5.000000,3,29229,11.000000,True,nonmetro,48.007513,True
MO,Missouri,St. Louis,29510,281754,230905,3.900000,"( 3.5,  4.4)",3.800000,"( 3.4,  4.2)",29,20,17,11,20,17,11,True,7.098391,8.661571,True,7.098391,8.661571,False,False,False,3.000000,5,29510,146.000000,True,metro,4.035806,True
MT,Montana,Beaverhead,30001,9885,8156,3.800000,"( 3.2,  4.3)",2.900000,"( 2.6,  3.3)",30,0,0,0,0,0,0,False,0.000000,0.000000,False,0.000000,0.000000,False,False,False,2.000000,2,30001,,False,nonmetro,205.896959,True
MT,Montana,Big Horn,30003,12751,8784,5.000000,"( 4.5,  5.6)",4.600000,"( 4.1,  5.1)",30,0,0,0,0,0,0,False,0.000000,0.000000,False,0.000000,0.000000,True,True,True,5.000000,2,30003,,False,nonmetro,233.385829,True
MT,Montana,Blaine,30005,6899,4948,4.700000,"( 4.2,  5.2)",4.000000,"( 3.5,  4.4)",30,0,0,0,0,0,0,False,0.000000,0.000000,False,0.000000,0.000000,True,True,True,4.000000,1,30005,,False,nonmetro,368.865732,True
MT,Montana,Broadwater,30007,8032,6410,3.700000,"( 3.2,  4.3)",2.800000,"( 2.4,  3.2)",30,0,0,0,0,0,0,False,0.000000,0.000000,False,0.000000,0.000000,False,False,False,2.000000,1,30007,,False,metro,264.989555,True
MT,Montana,Carbon,30009,11419,9474,4.100000,"( 3.5,  4.7)",2.800000,"( 2.4,  3.1)",30,0,0,0,0,0,0,False,0.000000,0.000000,False,0.000000,0.000000,True,True,False,3.000000,2,30009,,False,metro,300.087236,True
MT,Montana,Carter,30011,1418,1121,4.700000,"( 4.0,  5.5)",3.100000,"( 2.7,  3.5)",30,0,0,0,0,0,0,False,0.000000,0.000000,False,0.000000,0.000000,True,True,False,4.000000,1,30011,,False,nonmetro,127.825640,True
MT,Montana,Cascade,30013,84900,66139,3.600000,"( 3.1,  4.1)",3.000000,"( 2.6,  3.4)",30,0,0,0,0,0,0,False,0.000000,0.000000,False,0.000000,0.000000,False,False,False,2.000000,4,30013,25.000000,True,metro,255.401093,True
MT,Montana,Chouteau,30015,5847,4657,4.200000,"( 3.7,  4.8)",3.200000,"( 2.8,  3.6)",30,0,0,0,0,0,0,False,0.000000,0.000000,False,0.000000,0.000000,True,True,True,3.000000,1,30015,,False,nonmetro,297.280887,True
MT,Montana,Custer,30017,11985,9637,3.600000,"( 3.1,  4.1)",2.900000,"( 2.5,  3.3)",30,0,0,0,0,0,0,False,0.000000,0.000000,False,0.000000,0.000000,False,False,False,2.000000,2,30017,,False,nonmetro,203.743405,True
MT,Montana,Daniels,30019,1633,1289,4.100000,"( 3.5,  4.7)",2.800000,"( 2.5,  3.2)",30,0,0,0,0,0,0,False,0.000000,0.000000,False,0.000000,0.000000,True,True,False,3.000000,1,30019,,False,nonmetro,341.394183,True
MT,Montana,Dawson,30021,8810,6918,3.500000,"( 3.0,  4.0)",2.800000,"( 2.4,  3.2)",30,0,0,0,0,0,0,False,0.000000,0.000000,False,0.000000,0.000000,False,False,False,2.000000,2,30021,,False,nonmetro,223.568267,True
MT,Montana,Deer Lodge,30023,9673,8546,4.600000,"( 3.9,  5.2)",3.300000,"( 2.9,  3.8)",30,0,0,0,0,0,0,False,0.000000,0.000000,False,0.000000,0.000000,True,True,True,4.000000,2,30023,,False,nonmetro,209.600164,True
MT,Montana,Fallon,30025,2994,2225,3.600000,"( 3.1,  4.1)",2.900000,"( 2.5,  3.3)",30,0,0,0,0,0,0,False,0.000000,0.000000,False,0.000000,0.000000,False,False,False,2.000000,1,30025,,False,nonmetro,166.141702,True
MT,Montana,Fergus,30027,11772,9316,4.200000,"( 3.6,  4.8)",3.000000,"( 2.7,  3.4)",30,0,0,0,0,0,0,False,0.000000,0.000000,False,0.000000,0.000000,True,True,False,3.000000,2,30027,,False,nonmetro,346.824731,True
MT,Montana,Flathead,30029,113679,89230,3.400000,"( 2.9,  3.9)",2.700000,"( 2.3,  3.1)",30,0,0,0,0,0,0,False,0.000000,0.000000,False,0.000000,0.000000,False,False,False,1.000000,5,30029,40.000000,True,nonmetro,122.371879,True
MT,Montana,Gallatin,30031,126409,102868,2.300000,"( 2.0,  2.7)",2.500000,"( 2.1,  2.9)",30,0,0,0,0,0,0,False,0.000000,0.000000,False,0.000000,0.000000,False,False,False,1.000000,5,30031,29.000000,True,metro,287.396779,True
MT,Montana,Garfield,30033,1211,917,4.300000,"( 3.7,  4.9)",3.000000,"( 2.7,  3.4)",30,0,0,0,0,0,0,False,0.000000,0.000000,False,0.000000,0.000000,True,True,False,4.000000,1,30033,,False,nonmetro,286.185290,True
MT,Montana,Glacier,30035,13609,9584,5.300000,"( 4.7,  5.9)",5.000000,"( 4.4,  5.5)",30,0,0,0,0,0,0,False,0.000000,0.000000,False,0.000000,0.000000,True,True,True,5.000000,2,30035,,False,nonmetro,194.162626,True
MT,Montana,Golden Valley,30037,835,693,5.400000,"( 4.6,  6.3)",3.300000,"( 2.9,  3.8)",30,0,0,0,0,0,0,False,0.000000,0.000000,False,0.000000,0.000000,True,True,True,5.000000,1,30037,,False,nonmetro,325.035907,True
MT,Montana,Granite,30039,3595,3047,4.600000,"( 3.9,  5.3)",3.000000,"( 2.6,  3.4)",30,0,0,0,0,0,0,False,0.000000,0.000000,False,0.000000,0.000000,True,True,False,4.000000,1,30039,,False,nonmetro,184.053536,True
MT,Montana,Hill,30041,16276,11705,4.000000,"( 3.5,  4.6)",3.600000,"( 3.2,  4.1)",30,0,0,0,0,0,0,False,0.000000,0.000000,False,0.000000,0.000000,False,False,True,3.000000,2,30041,,False,nonmetro,328.691213,True
MT,Montana,Jefferson,30043,13048,10436,3.500000,"( 3.0,  4.0)",2.600000,"( 2.3,  3.0)",30,0,0,0,0,0,0,False,0.000000,0.000000,False,0.000000,0.000000,False,False,False,2.000000,2,30043,,False,metro,244.122681,True
MT,Montana,Judith Basin,30045,2093,1704,4.700000,"( 4.0,  5.4)",3.200000,"( 2.8,  3.6)",30,0,0,0,0,0,0,False,0.000000,0.000000,False,0.000000,0.000000,True,True,True,4.000000,1,30045,,False,nonmetro,311.700511,True
MT,Montana,Lake,30047,33338,26163,4.500000,"( 3.9,  5.1)",3.300000,"( 2.9,  3.7)",30,0,0,0,0,0,0,False,0.000000,0.000000,False,0.000000,0.000000,True,True,True,4.000000,3,30047,11.000000,True,nonmetro,124.561807,True
MT,Montana,Lewis and Clark,30049,75011,59205,3.200000,"( 2.7,  3.7)",2.600000,"( 2.2,  2.9)",30,0,0,0,0,0,0,False,0.000000,0.000000,False,0.000000,0.000000,False,False,False,1.000000,4,30049,32.000000,True,metro,234.763006,True
MT,Montana,Liberty,30051,1974,1533,5.100000,"( 4.3,  6.0)",3.600000,"( 3.1,  4.2)",30,0,0,0,0,0,0,False,0.000000,0.000000,False,0.000000,0.000000,True,True,True,5.000000,1,30051,,False,nonmetro,273.824796,True
MT,Montana,Lincoln,30053,21895,18010,5.100000,"( 4.4,  5.8)",3.400000,"( 2.9,  3.8)",30,0,0,0,0,0,0,False,0.000000,0.000000,False,0.000000,0.000000,True,True,True,5.000000,3,30053,13.000000,True,nonmetro,87.333946,True
MT,Montana,McCone,30055,1676,1334,4.100000,"( 3.5,  4.7)",2.700000,"( 2.4,  3.1)",30,0,0,0,0,0,0,False,0.000000,0.000000,False,0.000000,0.000000,True,True,False,3.000000,1,30055,,False,nonmetro,267.472604,True
MT,Montana,Madison,30057,9521,8033,3.800000,"( 3.3,  4.5)",2.600000,"( 2.2,  3.0)",30,0,0,0,0,0,0,False,0.000000,0.000000,False,0.000000,0.000000,False,False,False,2.000000,2,30057,,False,nonmetro,245.326229,True
MT,Montana,Meagher,30059,2071,1699,4.600000,"( 3.9,  5.2)",2.900000,"( 2.5,  3.3)",30,0,0,0,0,0,0,False,0.000000,0.000000,False,0.000000,0.000000,True,True,False,4.000000,1,30059,,False,nonmetro,288.458173,True
MT,Montana,Mineral,30061,5090,4134,4.600000,"( 4.0,  5.3)",3.100000,"( 2.7,  3.5)",30,0,0,0,0,0,0,False,0.000000,0.000000,False,0.000000,0.000000,True,True,False,4.000000,1,30061,,False,metro,94.594303,True
MT,Montana,Missoula,30063,121849,100124,2.800000,"( 2.4,  3.2)",2.600000,"( 2.3,  3.0)",30,0,0,0,0,0,0,False,0.000000,0.000000,False,0.000000,0.000000,False,False,False,1.000000,5,30063,39.000000,True,metro,140.802469,True
MT,Montana,Musselshell,30065,5308,4266,4.500000,"( 3.9,  5.1)",3.100000,"( 2.7,  3.5)",30,0,0,0,0,0,0,False,0.000000,0.000000,False,0.000000,0.000000,True,True,False,4.000000,1,30065,,False,nonmetro,302.222545,True
MT,Montana,Park,30067,17903,14881,3.700000,"( 3.2,  4.3)",2.800000,"( 2.4,  3.2)",30,0,0,0,0,0,0,False,0.000000,0.000000,False,0.000000,0.000000,False,False,False,2.000000,2,30067,,False,nonmetro,307.533974,True
MT,Montana,Petroleum,30069,554,454,4.500000,"( 3.8,  5.2)",2.800000,"( 2.5,  3.2)",30,0,0,0,0,0,0,False,0.000000,0.000000,False,0.000000,0.000000,True,True,False,4.000000,1,30069,,False,nonmetro,318.654897,True
MT,Montana,Phillips,30071,4249,3245,4.300000,"( 3.8,  4.9)",3.100000,"( 2.8,  3.5)",30,0,0,0,0,0,0,False,0.000000,0.000000,False,0.000000,0.000000,True,True,False,4.000000,1,30071,,False,nonmetro,369.747847,True
MT,Montana,Pondera,30073,6125,4691,4.900000,"( 4.2,  5.6)",3.700000,"( 3.2,  4.2)",30,0,0,0,0,0,0,False,0.000000,0.000000,False,0.000000,0.000000,True,True,True,5.000000,1,30073,,False,nonmetro,217.140530,True
MT,Montana,Powder River,30075,1743,1437,4.200000,"( 3.6,  5.0)",2.800000,"( 2.4,  3.2)",30,0,0,0,0,0,0,False,0.000000,0.000000,False,0.000000,0.000000,True,True,False,3.000000,1,30075,,False,nonmetro,147.254833,True
MT,Montana,Powell,30077,7133,6094,3.900000,"( 3.4,  4.5)",3.200000,"( 2.8,  3.6)",30,0,0,0,0,0,0,False,0.000000,0.000000,False,0.000000,0.000000,False,False,True,3.000000,1,30077,,False,nonmetro,207.541616,True
MT,Montana,Prairie,30079,1112,902,6.300000,"( 5.4,  7.3)",3.600000,"( 3.2,  4.1)",30,0,0,0,0,0,0,False,0.000000,0.000000,False,0.000000,0.000000,True,True,True,5.000000,1,30079,,False,nonmetro,213.023383,True
MT,Montana,Ravalli,30081,47738,38925,3.800000,"( 3.3,  4.5)",2.700000,"( 2.3,  3.1)",30,0,0,0,0,0,0,False,0.000000,0.000000,False,0.000000,0.000000,False,False,False,2.000000,4,30081,25.000000,True,nonmetro,155.660663,True
MT,Montana,Richland,30083,11173,8358,3.200000,"( 2.8,  3.6)",2.700000,"( 2.4,  3.0)",30,0,0,0,0,0,0,False,0.000000,0.000000,False,0.000000,0.000000,False,False,False,1.000000,2,30083,,False,nonmetro,255.866471,True
MT,Montana,Roosevelt,30085,10319,6918,4.600000,"( 4.1,  5.1)",4.500000,"( 4.0,  5.0)",30,0,0,0,0,0,0,False,0.000000,0.000000,False,0.000000,0.000000,True,True,True,4.000000,2,30085,,False,nonmetro,296.443457,True
MT,Montana,Rosebud,30087,8160,5803,4.600000,"( 4.1,  5.1)",3.800000,"( 3.4,  4.3)",30,0,0,0,0,0,0,False,0.000000,0.000000,False,0.000000,0.000000,True,True,True,4.000000,1,30087,,False,nonmetro,208.126735,True
MT,Montana,Sanders,30089,13684,11386,5.200000,"( 4.5,  6.0)",3.400000,"( 2.9,  3.8)",30,0,0,0,0,0,0,False,0.000000,0.000000,False,0.000000,0.000000,True,True,True,5.000000,2,30089,,False,nonmetro,75.953393,True
MT,Montana,Sheridan,30091,3498,2775,4.100000,"( 3.6,  4.7)",2.900000,"( 2.6,  3.4)",30,0,0,0,0,0,0,False,0.000000,0.000000,False,0.000000,0.000000,True,True,False,3.000000,1,30091,,False,nonmetro,327.131062,True
MT,Montana,Silver Bow,30093,36360,29065,3.600000,"( 3.1,  4.1)",3.000000,"( 2.7,  3.4)",30,0,0,0,0,0,0,False,0.000000,0.000000,False,0.000000,0.000000,False,False,False,2.000000,3,30093,16.000000,True,nonmetro,232.528692,True
MT,Montana,Stillwater,30095,9173,7300,3.800000,"( 3.2,  4.4)",2.700000,"( 2.3,  3.1)",30,0,0,0,0,0,0,False,0.000000,0.000000,False,0.000000,0.000000,False,False,False,2.000000,2,30095,,False,metro,312.782675,True
MT,Montana,Sweet Grass,30097,3763,3087,4.000000,"( 3.5,  4.6)",2.700000,"( 2.4,  3.1)",30,0,0,0,0,0,0,False,0.000000,0.000000,False,0.000000,0.000000,False,False,False,3.000000,1,30097,,False,nonmetro,341.196640,True
MT,Montana,Teton,30099,6430,4837,4.100000,"( 3.5,  4.7)",2.900000,"( 2.6,  3.4)",30,0,0,0,0,0,0,False,0.000000,0.000000,False,0.000000,0.000000,True,True,False,3.000000,1,30099,,False,nonmetro,220.524085,True
MT,Montana,Toole,30101,5133,4036,4.000000,"( 3.5,  4.6)",3.600000,"( 3.1,  4.1)",30,0,0,0,0,0,0,False,0.000000,0.000000,False,0.000000,0.000000,False,False,True,3.000000,1,30101,,False,nonmetro,235.910065,True
MT,Montana,Treasure,30103,772,586,4.600000,"( 3.8,  5.3)",2.900000,"( 2.5,  3.3)",30,0,0,0,0,0,0,False,0.000000,0.000000,False,0.000000,0.000000,True,True,False,4.000000,1,30103,,False,nonmetro,246.294838,True
MT,Montana,Valley,30105,7474,5820,4.300000,"( 3.7,  4.9)",3.100000,"( 2.7,  3.4)",30,0,0,0,0,0,0,False,0.000000,0.000000,False,0.000000,0.000000,True,True,False,4.000000,1,30105,,False,nonmetro,327.906530,True
MT,Montana,Wheatland,30107,2057,1534,4.700000,"( 4.1,  5.5)",3.400000,"( 3.0,  3.9)",30,0,0,0,0,0,0,False,0.000000,0.000000,False,0.000000,0.000000,True,True,True,4.000000,1,30107,,False,nonmetro,337.017411,True
MT,Montana,Wibaux,30109,910,719,4.200000,"( 3.6,  4.8)",3.000000,"( 2.6,  3.4)",30,0,0,0,0,0,0,False,0.000000,0.000000,False,0.000000,0.000000,True,True,False,3.000000,1,30109,,False,nonmetro,204.974554,True
MT,Montana,Yellowstone,30111,170843,132003,3.200000,"( 2.8,  3.7)",2.800000,"( 2.4,  3.2)",30,0,0,0,0,0,0,False,0.000000,0.000000,False,0.000000,0.000000,False,False,False,1.000000,5,30111,60.000000,True,metro,285.513581,True
NE,Nebraska,Adams,31001,30899,23578,3.400000,"( 3.0,  4.0)",2.800000,"( 2.5,  3.2)",31,0,0,0,0,0,0,False,0.000000,0.000000,False,0.000000,0.000000,False,False,False,1.000000,3,31001,12.000000,True,nonmetro,137.274992,True
NE,Nebraska,Antelope,31003,6302,4745,4.000000,"( 3.5,  4.7)",2.800000,"( 2.5,  3.2)",31,0,0,0,0,0,0,False,0.000000,0.000000,False,0.000000,0.000000,False,False,False,3.000000,1,31003,,False,nonmetro,116.960408,True
NE,Nebraska,Arthur,31005,412,313,3.900000,"( 3.3,  4.5)",2.900000,"( 2.5,  3.3)",31,0,0,0,0,0,0,False,0.000000,0.000000,False,0.000000,0.000000,False,False,False,3.000000,1,31005,,False,nonmetro,190.491645,True
NE,Nebraska,Banner,31007,674,520,3.900000,"( 3.3,  4.6)",2.600000,"( 2.3,  3.1)",31,0,0,0,0,0,0,False,0.000000,0.000000,False,0.000000,0.000000,False,False,False,3.000000,1,31007,,False,nonmetro,106.856664,True
NE,Nebraska,Blaine,31009,436,344,4.000000,"( 3.5,  4.6)",2.800000,"( 2.5,  3.2)",31,0,0,0,0,0,0,False,0.000000,0.000000,False,0.000000,0.000000,False,False,False,3.000000,1,31009,,False,nonmetro,201.493968,True
NE,Nebraska,Boone,31011,5310,4024,4.100000,"( 3.5,  4.7)",2.900000,"( 2.5,  3.3)",31,0,0,0,0,0,0,False,0.000000,0.000000,False,0.000000,0.000000,True,True,False,3.000000,1,31011,,False,nonmetro,111.228857,True
NE,Nebraska,Box Butte,31013,10692,8035,3.800000,"( 3.4,  4.3)",3.000000,"( 2.6,  3.3)",31,0,0,0,0,0,0,False,0.000000,0.000000,False,0.000000,0.000000,False,False,False,2.000000,2,31013,,False,nonmetro,135.344256,True
NE,Nebraska,Boyd,31015,1725,1404,4.800000,"( 4.1,  5.5)",3.000000,"( 2.6,  3.4)",31,0,0,0,0,0,0,False,0.000000,0.000000,False,0.000000,0.000000,True,True,False,5.000000,1,31015,,False,nonmetro,111.039357,True
NE,Nebraska,Brown,31017,2853,2242,4.200000,"( 3.6,  4.9)",3.000000,"( 2.6,  3.4)",31,0,0,0,0,0,0,False,0.000000,0.000000,False,0.000000,0.000000,True,True,False,3.000000,1,31017,,False,nonmetro,172.111279,True
NE,Nebraska,Buffalo,31019,50697,39269,2.900000,"( 2.5,  3.4)",2.700000,"( 2.4,  3.1)",31,0,0,0,0,0,0,False,0.000000,0.000000,False,0.000000,0.000000,False,False,False,1.000000,4,31019,19.000000,True,nonmetro,167.290512,True
NE,Nebraska,Burt,31021,6727,5218,4.100000,"( 3.5,  4.7)",2.900000,"( 2.5,  3.3)",31,0,0,0,0,0,0,False,0.000000,0.000000,False,0.000000,0.000000,True,True,False,3.000000,1,31021,,False,nonmetro,45.997052,True
NE,Nebraska,Butler,31023,8459,6408,3.500000,"( 3.0,  4.0)",2.700000,"( 2.3,  3.1)",31,0,0,0,0,0,0,False,0.000000,0.000000,False,0.000000,0.000000,False,False,False,2.000000,1,31023,,False,nonmetro,62.608663,True
NE,Nebraska,Cass,31025,27446,21215,3.200000,"( 2.7,  3.7)",2.500000,"( 2.2,  3.0)",31,0,0,0,0,0,0,False,0.000000,0.000000,False,0.000000,0.000000,False,False,False,1.000000,3,31025,13.000000,True,metro,23.642973,True
NE,Nebraska,Cedar,31027,8262,6180,3.600000,"( 3.1,  4.1)",2.600000,"( 2.3,  2.9)",31,0,0,0,0,0,0,False,0.000000,0.000000,False,0.000000,0.000000,False,False,False,2.000000,1,31027,,False,nonmetro,71.989415,True
NE,Nebraska,Chase,31029,3724,2808,4.000000,"( 3.4,  4.7)",2.900000,"( 2.5,  3.3)",31,0,0,0,0,0,0,False,0.000000,0.000000,False,0.000000,0.000000,False,False,False,3.000000,1,31029,,False,nonmetro,177.613597,True
NE,Nebraska,Cherry,31031,5492,4162,4.100000,"( 3.5,  4.6)",3.000000,"( 2.6,  3.4)",31,0,0,0,0,0,0,False,0.000000,0.000000,False,0.000000,0.000000,True,True,False,3.000000,1,31031,,False,nonmetro,153.750815,True
NE,Nebraska,Cheyenne,31033,9541,7351,4.000000,"( 3.4,  4.6)",3.000000,"( 2.6,  3.4)",31,0,0,0,0,0,0,False,0.000000,0.000000,False,0.000000,0.000000,False,False,False,3.000000,2,31033,,False,nonmetro,121.650285,True
NE,Nebraska,Clay,31035,6116,4559,3.600000,"( 3.1,  4.1)",2.800000,"( 2.4,  3.2)",31,0,0,0,0,0,0,False,0.000000,0.000000,False,0.000000,0.000000,False,False,False,2.000000,1,31035,,False,nonmetro,119.573593,True
NE,Nebraska,Colfax,31037,10566,7357,3.500000,"( 3.0,  3.9)",3.100000,"( 2.7,  3.4)",31,0,0,0,0,0,0,False,0.000000,0.000000,False,0.000000,0.000000,False,False,False,2.000000,2,31037,,False,nonmetro,61.892920,True
NE,Nebraska,Cuming,31039,8918,6695,3.800000,"( 3.2,  4.3)",2.800000,"( 2.4,  3.2)",31,0,0,0,0,0,0,False,0.000000,0.000000,False,0.000000,0.000000,False,False,False,2.000000,2,31039,,False,nonmetro,61.302809,True
NE,Nebraska,Custer,31041,10581,8019,3.800000,"( 3.2,  4.4)",2.800000,"( 2.4,  3.2)",31,0,0,0,0,0,0,False,0.000000,0.000000,False,0.000000,0.000000,False,False,False,2.000000,2,31041,,False,nonmetro,194.076215,True
NE,Nebraska,Dakota,31043,21268,15010,3.300000,"( 3.0,  3.8)",3.100000,"( 2.7,  3.5)",31,0,0,0,0,0,0,False,0.000000,0.000000,False,0.000000,0.000000,False,False,False,1.000000,3,31043,,False,metro,77.243429,True
NE,Nebraska,Dawes,31045,8133,6654,3.200000,"( 2.8,  3.8)",2.800000,"( 2.5,  3.2)",31,0,0,0,0,0,0,False,0.000000,0.000000,False,0.000000,0.000000,False,False,False,1.000000,1,31045,,False,nonmetro,89.943646,True
NE,Nebraska,Dawson,31047,24085,17395,3.600000,"( 3.2,  4.1)",3.100000,"( 2.7,  3.5)",31,0,0,0,0,0,0,False,0.000000,0.000000,False,0.000000,0.000000,False,False,False,2.000000,3,31047,,False,nonmetro,206.272612,True
NE,Nebraska,Deuel,31049,1871,1493,4.400000,"( 3.8,  5.1)",2.900000,"( 2.5,  3.3)",31,0,0,0,0,0,0,False,0.000000,0.000000,False,0.000000,0.000000,True,True,False,4.000000,1,31049,,False,nonmetro,151.131519,True
NE,Nebraska,Dixon,31051,5491,4099,4.100000,"( 3.4,  4.7)",3.000000,"( 2.6,  3.4)",31,0,0,0,0,0,0,False,0.000000,0.000000,False,0.000000,0.000000,True,True,False,3.000000,1,31051,,False,nonmetro,76.645167,True
NE,Nebraska,Dodge,31053,37187,27891,3.600000,"( 3.1,  4.1)",2.900000,"( 2.5,  3.3)",31,0,0,0,0,0,0,False,0.000000,0.000000,False,0.000000,0.000000,False,False,False,2.000000,4,31053,19.000000,True,nonmetro,34.067429,True
NE,Nebraska,Douglas,31055,589540,441789,2.900000,"( 2.6,  3.3)",2.800000,"( 2.4,  3.1)",31,3,3,3,4,4,4,True,0.508871,0.679057,True,0.678495,0.905410,False,False,False,1.000000,5,31055,216.000000,True,metro,7.566865,True
NE,Nebraska,Dundy,31057,1561,1277,4.400000,"( 3.8,  5.1)",2.900000,"( 2.5,  3.3)",31,0,0,0,0,0,0,False,0.000000,0.000000,False,0.000000,0.000000,True,True,False,4.000000,1,31057,,False,nonmetro,173.113035,True
NE,Nebraska,Fillmore,31059,5548,4435,3.700000,"( 3.2,  4.3)",2.700000,"( 2.3,  3.1)",31,0,0,0,0,0,0,False,0.000000,0.000000,False,0.000000,0.000000,False,False,False,2.000000,1,31059,,False,nonmetro,98.855826,True
NE,Nebraska,Franklin,31061,2825,2223,4.600000,"( 4.0,  5.3)",3.100000,"( 2.7,  3.5)",31,0,0,0,0,0,0,False,0.000000,0.000000,False,0.000000,0.000000,True,True,False,4.000000,1,31061,,False,nonmetro,174.390869,True
NE,Nebraska,Frontier,31063,2585,2060,3.800000,"( 3.3,  4.5)",2.800000,"( 2.4,  3.1)",31,0,0,0,0,0,0,False,0.000000,0.000000,False,0.000000,0.000000,False,False,False,2.000000,1,31063,,False,nonmetro,236.937318,True
NE,Nebraska,Furnas,31065,4556,3583,4.200000,"( 3.6,  4.9)",3.000000,"( 2.6,  3.4)",31,0,0,0,0,0,0,False,0.000000,0.000000,False,0.000000,0.000000,True,True,False,3.000000,1,31065,,False,nonmetro,220.245734,True
NE,Nebraska,Gage,31067,21634,16755,3.900000,"( 3.4,  4.5)",2.900000,"( 2.6,  3.3)",31,0,0,0,0,0,0,False,0.000000,0.000000,False,0.000000,0.000000,False,False,False,3.000000,3,31067,12.000000,True,nonmetro,78.687970,True
NE,Nebraska,Garden,31069,1794,1468,5.000000,"( 4.3,  5.8)",3.200000,"( 2.8,  3.6)",31,0,0,0,0,0,0,False,0.000000,0.000000,False,0.000000,0.000000,True,True,True,5.000000,1,31069,,False,nonmetro,160.351153,True
NE,Nebraska,Garfield,31071,1763,1422,4.000000,"( 3.4,  4.7)",2.600000,"( 2.3,  3.0)",31,0,0,0,0,0,0,False,0.000000,0.000000,False,0.000000,0.000000,False,False,False,3.000000,1,31071,,False,nonmetro,167.941823,True
NE,Nebraska,Gosper,31073,1847,1454,3.800000,"( 3.2,  4.4)",2.700000,"( 2.3,  3.1)",31,0,0,0,0,0,0,False,0.000000,0.000000,False,0.000000,0.000000,False,False,False,2.000000,1,31073,,False,nonmetro,207.957663,True
NE,Nebraska,Grant,31075,565,427,3.800000,"( 3.2,  4.3)",2.700000,"( 2.3,  3.0)",31,0,0,0,0,0,0,False,0.000000,0.000000,False,0.000000,0.000000,False,False,False,2.000000,1,31075,,False,nonmetro,164.267228,True
NE,Nebraska,Greeley,31077,2219,1694,4.100000,"( 3.5,  4.7)",2.900000,"( 2.5,  3.2)",31,0,0,0,0,0,0,False,0.000000,0.000000,False,0.000000,0.000000,True,True,False,3.000000,1,31077,,False,nonmetro,134.209642,True
NE,Nebraska,Hall,31079,62197,45205,3.500000,"( 3.1,  4.0)",3.000000,"( 2.7,  3.4)",31,0,0,0,0,0,0,False,0.000000,0.000000,False,0.000000,0.000000,False,False,False,2.000000,4,31079,25.000000,True,metro,129.102650,True
NE,Nebraska,Hamilton,31081,9537,7226,3.300000,"( 2.9,  3.8)",2.500000,"( 2.2,  2.9)",31,0,0,0,0,0,0,False,0.000000,0.000000,False,0.000000,0.000000,False,False,False,1.000000,2,31081,,False,nonmetro,111.567490,True
NE,Nebraska,Harlan,31083,3045,2375,4.100000,"( 3.5,  4.7)",2.700000,"( 2.4,  3.1)",31,0,0,0,0,0,0,False,0.000000,0.000000,False,0.000000,0.000000,True,True,False,3.000000,1,31083,,False,nonmetro,197.089077,True
NE,Nebraska,Hayes,31085,846,629,4.500000,"( 3.9,  5.3)",2.900000,"( 2.6,  3.3)",31,0,0,0,0,0,0,False,0.000000,0.000000,False,0.000000,0.000000,True,True,False,4.000000,1,31085,,False,nonmetro,206.813083,True
NE,Nebraska,Hitchcock,31087,2552,1964,4.300000,"( 3.7,  5.0)",3.000000,"( 2.6,  3.4)",31,0,0,0,0,0,0,False,0.000000,0.000000,False,0.000000,0.000000,True,True,False,4.000000,1,31087,,False,nonmetro,205.354809,True
NE,Nebraska,Holt,31089,10093,7493,4.000000,"( 3.4,  4.7)",2.900000,"( 2.5,  3.3)",31,0,0,0,0,0,0,False,0.000000,0.000000,False,0.000000,0.000000,False,False,False,3.000000,2,31089,,False,nonmetro,126.746677,True
NE,Nebraska,Hooker,31091,679,529,4.300000,"( 3.7,  4.9)",2.900000,"( 2.5,  3.2)",31,0,0,0,0,0,0,False,0.000000,0.000000,False,0.000000,0.000000,True,True,False,4.000000,1,31091,,False,nonmetro,180.471427,True
NE,Nebraska,Howard,31093,6527,4978,3.600000,"( 3.1,  4.2)",2.700000,"( 2.3,  3.0)",31,0,0,0,0,0,0,False,0.000000,0.000000,False,0.000000,0.000000,False,False,False,2.000000,1,31093,,False,metro,132.561318,True
NE,Nebraska,Jefferson,31095,7054,5436,4.000000,"( 3.4,  4.5)",2.800000,"( 2.4,  3.2)",31,0,0,0,0,0,0,False,0.000000,0.000000,False,0.000000,0.000000,False,False,False,3.000000,1,31095,,False,nonmetro,98.240489,True
NE,Nebraska,Johnson,31097,5198,4248,3.500000,"( 3.0,  4.0)",3.000000,"( 2.6,  3.4)",31,0,0,0,0,0,0,False,0.000000,0.000000,False,0.000000,0.000000,False,False,False,2.000000,1,31097,,False,nonmetro,61.072152,True
NE,Nebraska,Kearney,31099,6770,5096,3.300000,"( 2.8,  3.8)",2.500000,"( 2.2,  2.9)",31,0,0,0,0,0,0,False,0.000000,0.000000,False,0.000000,0.000000,False,False,False,1.000000,1,31099,,False,nonmetro,167.604052,True
NE,Nebraska,Keith,31101,8113,6429,4.200000,"( 3.6,  4.8)",2.800000,"( 2.4,  3.2)",31,0,0,0,0,0,0,False,0.000000,0.000000,False,0.000000,0.000000,True,True,False,3.000000,1,31101,,False,nonmetro,183.930110,True
NE,Nebraska,Keya Paha,31103,805,656,4.800000,"( 4.0,  5.6)",2.900000,"( 2.5,  3.4)",31,0,0,0,0,0,0,False,0.000000,0.000000,False,0.000000,0.000000,True,True,False,5.000000,1,31103,,False,nonmetro,157.596278,True
NE,Nebraska,Kimball,31105,3289,2640,4.900000,"( 4.3,  5.6)",3.300000,"( 2.9,  3.7)",31,0,0,0,0,0,0,False,0.000000,0.000000,False,0.000000,0.000000,True,True,True,5.000000,1,31105,,False,nonmetro,93.696276,True
NE,Nebraska,Knox,31107,8298,6275,4.500000,"( 3.9,  5.1)",3.100000,"( 2.8,  3.5)",31,0,0,0,0,0,0,False,0.000000,0.000000,False,0.000000,0.000000,True,True,False,4.000000,1,31107,,False,nonmetro,83.084684,True
NE,Nebraska,Lancaster,31109,326716,254106,2.800000,"( 2.4,  3.2)",2.700000,"( 2.3,  3.1)",31,0,0,0,0,0,0,False,0.000000,0.000000,False,0.000000,0.000000,False,False,False,1.000000,5,31109,133.000000,True,metro,49.625254,True
NE,Nebraska,Lincoln,31111,33365,25829,4.000000,"( 3.4,  4.5)",3.100000,"( 2.7,  3.5)",31,0,0,0,0,0,0,False,0.000000,0.000000,False,0.000000,0.000000,False,False,False,3.000000,3,31111,22.000000,True,nonmetro,229.665457,True
NE,Nebraska,Logan,31113,655,518,3.800000,"( 3.2,  4.4)",2.600000,"( 2.2,  2.9)",31,0,0,0,0,0,0,False,0.000000,0.000000,False,0.000000,0.000000,False,False,False,2.000000,1,31113,,False,nonmetro,225.532631,True
NE,Nebraska,Loup,31115,592,479,4.200000,"( 3.6,  4.8)",2.700000,"( 2.3,  3.0)",31,0,0,0,0,0,0,False,0.000000,0.000000,False,0.000000,0.000000,True,True,False,3.000000,1,31115,,False,nonmetro,180.589060,True
NE,Nebraska,McPherson,31117,383,316,4.400000,"( 3.7,  5.1)",2.800000,"( 2.4,  3.2)",31,0,0,0,0,0,0,False,0.000000,0.000000,False,0.000000,0.000000,True,True,False,4.000000,1,31117,,False,nonmetro,207.458525,True
NE,Nebraska,Madison,31119,35627,26650,3.400000,"( 2.9,  3.8)",2.800000,"( 2.5,  3.2)",31,0,0,0,0,0,0,False,0.000000,0.000000,False,0.000000,0.000000,False,False,False,1.000000,3,31119,17.000000,True,nonmetro,94.260502,True
NE,Nebraska,Merrick,31121,7755,5997,3.700000,"( 3.2,  4.3)",2.800000,"( 2.5,  3.2)",31,0,0,0,0,0,0,False,0.000000,0.000000,False,0.000000,0.000000,False,False,False,2.000000,1,31121,,False,metro,109.427500,True
NE,Nebraska,Morrill,31123,4504,3482,4.200000,"( 3.6,  4.7)",3.100000,"( 2.7,  3.5)",31,0,0,0,0,0,0,False,0.000000,0.000000,False,0.000000,0.000000,True,True,False,3.000000,1,31123,,False,nonmetro,134.633037,True
NE,Nebraska,Nance,31125,3274,2505,3.900000,"( 3.4,  4.5)",3.100000,"( 2.7,  3.4)",31,0,0,0,0,0,0,False,0.000000,0.000000,False,0.000000,0.000000,False,False,False,3.000000,1,31125,,False,nonmetro,101.987762,True
NE,Nebraska,Nemaha,31127,7076,5443,3.700000,"( 3.1,  4.2)",3.000000,"( 2.6,  3.4)",31,0,0,0,0,0,0,False,0.000000,0.000000,False,0.000000,0.000000,False,False,False,2.000000,1,31127,,False,nonmetro,59.263136,True
NE,Nebraska,Nuckolls,31129,4095,3260,4.100000,"( 3.5,  4.8)",2.700000,"( 2.4,  3.1)",31,0,0,0,0,0,0,False,0.000000,0.000000,False,0.000000,0.000000,True,True,False,3.000000,1,31129,,False,nonmetro,136.365663,True
NE,Nebraska,Otoe,31131,16335,12426,3.400000,"( 2.9,  3.9)",2.600000,"( 2.3,  3.0)",31,0,0,0,0,0,0,False,0.000000,0.000000,False,0.000000,0.000000,False,False,False,1.000000,2,31131,10.000000,True,nonmetro,42.067051,True
NE,Nebraska,Pawnee,31133,2512,1933,4.900000,"( 4.2,  5.7)",3.100000,"( 2.7,  3.6)",31,0,0,0,0,0,0,False,0.000000,0.000000,False,0.000000,0.000000,True,True,False,5.000000,1,31133,,False,nonmetro,78.581965,True
NE,Nebraska,Perkins,31135,2795,2130,3.700000,"( 3.2,  4.3)",2.700000,"( 2.4,  3.1)",31,0,0,0,0,0,0,False,0.000000,0.000000,False,0.000000,0.000000,False,False,False,2.000000,1,31135,,False,nonmetro,180.928781,True
NE,Nebraska,Phelps,31137,9057,6814,3.700000,"( 3.1,  4.2)",2.800000,"( 2.4,  3.2)",31,0,0,0,0,0,0,False,0.000000,0.000000,False,0.000000,0.000000,False,False,False,2.000000,2,31137,,False,nonmetro,189.070988,True
NE,Nebraska,Pierce,31139,7299,5430,3.500000,"( 3.0,  4.0)",2.700000,"( 2.3,  3.0)",31,0,0,0,0,0,0,False,0.000000,0.000000,False,0.000000,0.000000,False,False,False,2.000000,1,31139,,False,nonmetro,99.117639,True
NE,Nebraska,Platte,31141,34609,25501,3.400000,"( 3.0,  4.0)",2.800000,"( 2.4,  3.2)",31,0,0,0,0,0,0,False,0.000000,0.000000,False,0.000000,0.000000,False,False,False,1.000000,3,31141,21.000000,True,nonmetro,76.454158,True
NE,Nebraska,Polk,31143,5228,4066,3.700000,"( 3.2,  4.2)",2.700000,"( 2.4,  3.0)",31,0,0,0,0,0,0,False,0.000000,0.000000,False,0.000000,0.000000,False,False,False,2.000000,1,31143,,False,nonmetro,84.269722,True
NE,Nebraska,Red Willow,31145,10457,8110,3.800000,"( 3.3,  4.3)",2.900000,"( 2.5,  3.3)",31,0,0,0,0,0,0,False,0.000000,0.000000,False,0.000000,0.000000,False,False,False,2.000000,2,31145,,False,nonmetro,226.900243,True
NE,Nebraska,Richardson,31147,7689,6032,4.200000,"( 3.6,  4.8)",2.900000,"( 2.6,  3.3)",31,0,0,0,0,0,0,False,0.000000,0.000000,False,0.000000,0.000000,True,True,False,3.000000,1,31147,,False,nonmetro,72.939494,True
NE,Nebraska,Rock,31149,1271,987,3.900000,"( 3.4,  4.6)",2.700000,"( 2.3,  3.1)",31,0,0,0,0,0,0,False,0.000000,0.000000,False,0.000000,0.000000,False,False,False,3.000000,1,31149,,False,nonmetro,156.302779,True
NE,Nebraska,Saline,31151,14555,10731,3.300000,"( 2.9,  3.8)",2.900000,"( 2.5,  3.3)",31,0,0,0,0,0,0,False,0.000000,0.000000,False,0.000000,0.000000,False,False,False,1.000000,2,31151,,False,nonmetro,73.306969,True
NE,Nebraska,Sarpy,31153,199886,148082,2.500000,"( 2.1,  2.8)",2.400000,"( 2.1,  2.7)",31,0,0,0,0,0,0,False,0.000000,0.000000,False,0.000000,0.000000,False,False,False,1.000000,5,31153,59.000000,True,metro,10.014506,True
NE,Nebraska,Saunders,31155,23463,17644,3.100000,"( 2.7,  3.6)",2.500000,"( 2.2,  2.9)",31,0,0,0,0,0,0,False,0.000000,0.000000,False,0.000000,0.000000,False,False,False,1.000000,3,31155,11.000000,True,metro,33.245855,True
NE,Nebraska,Scotts Bluff,31157,35699,27153,3.800000,"( 3.3,  4.4)",2.900000,"( 2.6,  3.4)",31,0,0,0,0,0,0,False,0.000000,0.000000,False,0.000000,0.000000,False,False,False,2.000000,3,31157,17.000000,True,nonmetro,124.772249,True
NE,Nebraska,Seward,31159,17671,13590,3.000000,"( 2.6,  3.5)",2.600000,"( 2.2,  2.9)",31,0,0,0,0,0,0,False,0.000000,0.000000,False,0.000000,0.000000,False,False,False,1.000000,2,31159,10.000000,True,metro,66.159994,True
NE,Nebraska,Sheridan,31161,4928,3887,4.500000,"( 3.9,  5.1)",3.000000,"( 2.7,  3.5)",31,0,0,0,0,0,0,False,0.000000,0.000000,False,0.000000,0.000000,True,True,False,4.000000,1,31161,,False,nonmetro,104.196642,True
NE,Nebraska,Sherman,31163,2983,2327,4.400000,"( 3.8,  5.1)",3.000000,"( 2.6,  3.3)",31,0,0,0,0,0,0,False,0.000000,0.000000,False,0.000000,0.000000,True,True,False,4.000000,1,31163,,False,nonmetro,157.328388,True
NE,Nebraska,Sioux,31165,1154,947,5.200000,"( 4.5,  6.1)",3.400000,"( 3.0,  3.9)",31,0,0,0,0,0,0,False,0.000000,0.000000,False,0.000000,0.000000,True,True,True,5.000000,1,31165,,False,nonmetro,119.417571,True
NE,Nebraska,Stanton,31167,5856,4443,3.500000,"( 3.1,  4.0)",2.700000,"( 2.3,  3.0)",31,0,0,0,0,0,0,False,0.000000,0.000000,False,0.000000,0.000000,False,False,False,2.000000,1,31167,,False,nonmetro,84.538984,True
NE,Nebraska,Thayer,31169,4829,3720,4.200000,"( 3.6,  4.8)",3.000000,"( 2.6,  3.4)",31,0,0,0,0,0,0,False,0.000000,0.000000,False,0.000000,0.000000,True,True,False,3.000000,1,31169,,False,nonmetro,115.637210,True
NE,Nebraska,Thomas,31171,677,525,3.600000,"( 3.0,  4.1)",2.500000,"( 2.2,  2.9)",31,0,0,0,0,0,0,False,0.000000,0.000000,False,0.000000,0.000000,False,False,False,2.000000,1,31171,,False,nonmetro,198.595852,True
NE,Nebraska,Thurston,31173,6557,4284,3.900000,"( 3.5,  4.3)",3.800000,"( 3.4,  4.2)",31,0,0,0,0,0,0,False,0.000000,0.000000,False,0.000000,0.000000,False,False,True,3.000000,1,31173,,False,nonmetro,69.424404,True
NE,Nebraska,Valley,31175,4012,3070,4.200000,"( 3.5,  4.8)",2.900000,"( 2.5,  3.3)",31,0,0,0,0,0,0,False,0.000000,0.000000,False,0.000000,0.000000,True,True,False,3.000000,1,31175,,False,nonmetro,157.431985,True
NE,Nebraska,Washington,31177,21152,16193,3.100000,"( 2.7,  3.6)",2.500000,"( 2.1,  2.8)",31,0,0,0,0,0,0,False,0.000000,0.000000,False,0.000000,0.000000,False,False,False,1.000000,3,31177,,False,metro,20.774278,True
NE,Nebraska,Wayne,31179,9874,7832,2.900000,"( 2.5,  3.3)",2.900000,"( 2.5,  3.3)",31,0,0,0,0,0,0,False,0.000000,0.000000,False,0.000000,0.000000,False,False,False,1.000000,2,31179,,False,nonmetro,88.232142,True
NE,Nebraska,Webster,31181,3351,2578,3.800000,"( 3.3,  4.4)",2.800000,"( 2.5,  3.2)",31,0,0,0,0,0,0,False,0.000000,0.000000,False,0.000000,0.000000,False,False,False,2.000000,1,31181,,False,nonmetro,152.246406,True
NE,Nebraska,Wheeler,31183,775,603,4.000000,"( 3.4,  4.7)",2.600000,"( 2.3,  3.0)",31,0,0,0,0,0,0,False,0.000000,0.000000,False,0.000000,0.000000,False,False,False,3.000000,1,31183,,False,nonmetro,141.489526,True
NE,Nebraska,York,31185,14356,11004,3.500000,"( 3.0,  4.0)",2.800000,"( 2.4,  3.2)",31,0,0,0,0,0,0,False,0.000000,0.000000,False,0.000000,0.000000,False,False,False,2.000000,2,31185,,False,nonmetro,90.910923,True
NV,Nevada,Churchill,32001,25803,19917,3.800000,"( 3.3,  4.2)",3.100000,"( 2.7,  3.5)",32,0,0,0,0,0,0,False,0.000000,0.000000,False,0.000000,0.000000,False,False,False,2.000000,3,32001,15.000000,True,nonmetro,148.240867,True
NV,Nevada,Clark,32003,2336573,1824661,3.400000,"( 3.1,  3.8)",3.100000,"( 2.8,  3.4)",32,1,1,1,1,1,1,True,0.042798,0.054805,True,0.042798,0.054805,False,False,False,1.000000,5,32003,934.000000,True,metro,9.356417,True
NV,Nevada,Douglas,32005,49545,42375,4.200000,"( 3.6,  4.7)",2.600000,"( 2.3,  2.9)",32,0,0,0,0,0,0,False,0.000000,0.000000,False,0.000000,0.000000,True,True,False,3.000000,4,32005,38.000000,True,nonmetro,88.085642,True
NV,Nevada,Elko,32007,54293,40093,3.300000,"( 2.9,  3.7)",3.200000,"( 2.8,  3.5)",32,0,0,0,0,0,0,False,0.000000,0.000000,False,0.000000,0.000000,False,False,True,1.000000,4,32007,14.000000,True,nonmetro,179.231835,True
NV,Nevada,Esmeralda,32009,736,636,6.100000,"( 5.3,  7.0)",3.800000,"( 3.4,  4.3)",32,0,0,0,0,0,0,False,0.000000,0.000000,False,0.000000,0.000000,True,True,True,5.000000,1,32009,,False,nonmetro,133.183648,True
NV,Nevada,Eureka,32011,1917,1480,5.200000,"( 4.5,  5.8)",4.000000,"( 3.5,  4.4)",32,0,0,0,0,0,0,False,0.000000,0.000000,False,0.000000,0.000000,True,True,True,5.000000,1,32011,,False,nonmetro,229.667384,True
NV,Nevada,Humboldt,32013,17136,12652,3.500000,"( 3.1,  3.9)",3.000000,"( 2.7,  3.4)",32,0,0,0,0,0,0,False,0.000000,0.000000,False,0.000000,0.000000,False,False,False,2.000000,2,32013,,False,nonmetro,195.953598,True
NV,Nevada,Lander,32015,5769,4270,4.100000,"( 3.6,  4.6)",3.400000,"( 3.0,  3.8)",32,0,0,0,0,0,0,False,0.000000,0.000000,False,0.000000,0.000000,True,True,True,3.000000,1,32015,,False,nonmetro,218.604213,True
NV,Nevada,Lincoln,32017,4452,3519,4.000000,"( 3.5,  4.5)",2.800000,"( 2.5,  3.2)",32,0,0,0,0,0,0,False,0.000000,0.000000,False,0.000000,0.000000,False,False,False,3.000000,1,32017,,False,nonmetro,110.144617,True
NV,Nevada,Lyon,32019,62583,49698,3.900000,"( 3.4,  4.4)",3.000000,"( 2.7,  3.4)",32,0,0,0,0,0,0,False,0.000000,0.000000,False,0.000000,0.000000,False,False,False,3.000000,4,32019,28.000000,True,metro,119.803957,True
NV,Nevada,Mineral,32021,4528,3656,6.000000,"( 5.3,  6.6)",4.100000,"( 3.7,  4.5)",32,0,0,0,0,0,0,False,0.000000,0.000000,False,0.000000,0.000000,True,True,True,5.000000,1,32021,,False,nonmetro,139.309574,True
NV,Nevada,Nye,32023,55720,46506,5.200000,"( 4.5,  5.8)",3.400000,"( 3.0,  3.8)",32,0,0,0,0,0,0,False,0.000000,0.000000,False,0.000000,0.000000,True,True,True,5.000000,4,32023,35.000000,True,nonmetro,62.298275,True
NV,Nevada,Pershing,32027,6364,5279,3.800000,"( 3.3,  4.2)",3.200000,"( 2.8,  3.5)",32,0,0,0,0,0,0,False,0.000000,0.000000,False,0.000000,0.000000,False,False,True,2.000000,1,32027,,False,nonmetro,200.643761,True
NV,Nevada,Storey,32029,4177,3662,4.100000,"( 3.5,  4.8)",2.600000,"( 2.3,  2.9)",32,0,0,0,0,0,0,False,0.000000,0.000000,False,0.000000,0.000000,True,True,False,3.000000,1,32029,,False,metro,106.013276,True
NV,Nevada,Washoe,32031,498022,396438,3.200000,"( 2.8,  3.6)",2.800000,"( 2.4,  3.1)",32,0,0,0,0,0,0,False,0.000000,0.000000,False,0.000000,0.000000,False,False,False,1.000000,5,32031,285.000000,True,metro,104.025538,True
NV,Nevada,White Pine,32033,8522,6803,4.200000,"( 3.7,  4.7)",3.300000,"( 2.9,  3.7)",32,0,0,0,0,0,0,False,0.000000,0.000000,False,0.000000,0.000000,True,True,True,3.000000,1,32033,,False,nonmetro,180.694993,True
NV,Nevada,Carson City,32510,58036,46575,3.700000,"( 3.3,  4.2)",3.000000,"( 2.6,  3.3)",32,0,0,0,0,0,0,False,0.000000,0.000000,False,0.000000,0.000000,False,False,False,2.000000,4,32510,42.000000,True,metro,92.775634,True
NH,New Hampshire,Belknap,33001,65027,53990,3.600000,"( 3.0,  4.2)",2.600000,"( 2.2,  3.0)",33,0,0,0,0,0,0,False,0.000000,0.000000,False,0.000000,0.000000,False,False,False,2.000000,4,33001,28.000000,True,nonmetro,40.904354,True
NH,New Hampshire,Carroll,33003,52448,44871,3.800000,"( 3.3,  4.5)",2.500000,"( 2.2,  2.9)",33,0,0,0,0,0,0,False,0.000000,0.000000,False,0.000000,0.000000,False,False,False,2.000000,4,33003,29.000000,True,nonmetro,45.163751,True
NH,New Hampshire,Cheshire,33005,77703,63936,3.400000,"( 2.9,  3.9)",2.600000,"( 2.3,  3.0)",33,0,0,0,0,0,0,False,0.000000,0.000000,False,0.000000,0.000000,False,False,False,1.000000,4,33005,40.000000,True,nonmetro,41.189685,True
NH,New Hampshire,Coos,33007,31372,26302,4.400000,"( 3.7,  5.0)",3.100000,"( 2.7,  3.5)",33,0,0,0,0,0,0,False,0.000000,0.000000,False,0.000000,0.000000,True,True,False,4.000000,3,33007,17.000000,True,nonmetro,73.580600,True
NH,New Hampshire,Grafton,33009,93146,78967,3.200000,"( 2.7,  3.7)",2.500000,"( 2.2,  2.9)",33,3,3,2,3,3,2,True,3.220750,3.799055,True,3.220750,3.799055,False,False,False,1.000000,4,33009,51.000000,True,nonmetro,22.648380,True
NH,New Hampshire,Hillsborough,33011,427354,344717,2.900000,"( 2.5,  3.4)",2.500000,"( 2.2,  2.9)",33,0,0,0,0,0,0,False,0.000000,0.000000,False,0.000000,0.000000,False,False,False,1.000000,5,33011,154.000000,True,metro,31.088186,True
NH,New Hampshire,Merrimack,33013,157103,128587,3.100000,"( 2.6,  3.5)",2.500000,"( 2.1,  2.9)",33,0,0,0,0,0,0,False,0.000000,0.000000,False,0.000000,0.000000,False,False,False,1.000000,5,33013,77.000000,True,nonmetro,41.164231,True
NH,New Hampshire,Rockingham,33015,320689,262293,2.900000,"( 2.5,  3.4)",2.300000,"( 2.0,  2.6)",33,0,0,0,0,0,0,False,0.000000,0.000000,False,0.000000,0.000000,False,False,False,1.000000,5,33015,123.000000,True,metro,31.460874,True
NH,New Hampshire,Strafford,33017,133243,110001,2.800000,"( 2.4,  3.2)",2.500000,"( 2.2,  2.9)",33,0,0,0,0,0,0,False,0.000000,0.000000,False,0.000000,0.000000,False,False,False,1.000000,5,33017,46.000000,True,metro,39.677016,True
NH,New Hampshire,Sullivan,33019,43969,36340,3.800000,"( 3.3,  4.4)",2.800000,"( 2.5,  3.2)",33,0,0,0,0,0,0,False,0.000000,0.000000,False,0.000000,0.000000,False,False,False,2.000000,4,33019,24.000000,True,nonmetro,19.629955,True
NJ,New Jersey,Atlantic,34001,275213,218623,3.700000,"( 3.3,  4.2)",3.000000,"( 2.7,  3.3)",34,1,1,1,1,1,1,True,0.363355,0.457408,True,0.363355,0.457408,False,False,False,2.000000,5,34001,104.000000,True,metro,10.521031,True
NJ,New Jersey,Bergen,34003,957736,759402,2.800000,"( 2.4,  3.2)",2.200000,"( 2.0,  2.6)",34,7,6,6,7,6,6,True,0.730890,0.921778,True,0.730890,0.921778,False,False,False,1.000000,5,34003,348.000000,True,metro,3.651612,True
NJ,New Jersey,Burlington,34005,469167,373419,3.100000,"( 2.7,  3.5)",2.500000,"( 2.3,  2.8)",34,0,0,0,0,0,0,False,0.000000,0.000000,False,0.000000,0.000000,False,False,False,1.000000,5,34005,232.000000,True,metro,13.592913,True
NJ,New Jersey,Camden,34007,527196,407842,3.300000,"( 2.9,  3.7)",2.900000,"( 2.6,  3.2)",34,3,3,2,3,3,2,True,0.569048,0.735579,True,0.569048,0.735579,False,False,False,1.000000,5,34007,228.000000,True,metro,7.377026,True
NJ,New Jersey,Cape May,34009,94610,78642,3.900000,"( 3.3,  4.5)",2.600000,"( 2.2,  2.9)",34,0,0,0,0,0,0,False,0.000000,0.000000,False,0.000000,0.000000,False,False,False,3.000000,4,34009,63.000000,True,metro,27.829668,True
NJ,New Jersey,Cumberland,34011,152326,115216,4.000000,"( 3.6,  4.4)",3.600000,"( 3.2,  3.9)",34,0,0,0,0,0,0,False,0.000000,0.000000,False,0.000000,0.000000,False,False,True,3.000000,5,34011,77.000000,True,metro,30.177519,True
NJ,New Jersey,Essex,34013,851117,652264,3.600000,"( 3.2,  4.0)",3.300000,"( 3.0,  3.7)",34,9,9,4,9,9,4,True,1.057434,1.379809,True,1.057434,1.379809,False,False,False,2.000000,5,34013,290.000000,True,metro,2.535561,True
NJ,New Jersey,Gloucester,34015,308423,243231,3.000000,"( 2.6,  3.4)",2.600000,"( 2.2,  2.9)",34,0,0,0,0,0,0,False,0.000000,0.000000,False,0.000000,0.000000,False,False,False,1.000000,5,34015,153.000000,True,metro,12.741471,True
NJ,New Jersey,Hudson,34017,705472,568317,2.600000,"( 2.3,  2.9)",2.700000,"( 2.4,  3.0)",34,0,0,0,0,0,0,False,0.000000,0.000000,False,0.000000,0.000000,False,False,False,1.000000,5,34017,153.000000,True,metro,3.840638,True
NJ,New Jersey,Hunterdon,34019,130183,105457,2.800000,"( 2.4,  3.3)",2.100000,"( 1.8,  2.5)",34,1,1,1,1,1,1,True,0.768149,0.948254,True,0.768149,0.948254,False,False,False,1.000000,5,34019,41.000000,True,metro,7.942597,True
NJ,New Jersey,Mercer,34021,381671,298044,3.100000,"( 2.8,  3.5)",2.700000,"( 2.5,  3.1)",34,0,0,0,0,0,0,False,0.000000,0.000000,False,0.000000,0.000000,False,False,False,1.000000,5,34021,141.000000,True,metro,8.429416,True
NJ,New Jersey,Middlesex,34023,863623,680119,2.800000,"( 2.5,  3.1)",2.500000,"( 2.2,  2.7)",34,7,6,6,7,6,6,True,0.810539,1.029232,True,0.810539,1.029232,False,False,False,1.000000,5,34023,277.000000,True,metro,6.068695,True
NJ,New Jersey,Monmouth,34025,642799,510015,2.900000,"( 2.5,  3.3)",2.300000,"( 2.0,  2.6)",34,2,2,1,2,2,1,True,0.311139,0.392145,True,0.311139,0.392145,False,False,False,1.000000,5,34025,309.000000,True,metro,9.340923,True
NJ,New Jersey,Morris,34027,514423,409159,2.600000,"( 2.3,  3.0)",2.100000,"( 1.8,  2.4)",34,1,1,1,1,1,1,True,0.194393,0.244404,True,0.194393,0.244404,False,False,False,1.000000,5,34027,197.000000,True,metro,9.498885,True
NJ,New Jersey,Ocean,34029,659197,494303,3.600000,"( 3.1,  4.2)",2.700000,"( 2.3,  3.0)",34,0,0,0,0,0,0,False,0.000000,0.000000,False,0.000000,0.000000,False,False,False,2.000000,5,34029,338.000000,True,metro,17.030162,True
NJ,New Jersey,Passaic,34031,513395,392936,3.400000,"( 3.1,  3.8)",3.000000,"( 2.7,  3.3)",34,0,0,0,0,0,0,False,0.000000,0.000000,False,0.000000,0.000000,False,False,False,1.000000,5,34031,178.000000,True,metro,6.195272,True
NJ,New Jersey,Salem,34033,65338,50965,3.800000,"( 3.3,  4.3)",3.100000,"( 2.7,  3.5)",34,0,0,0,0,0,0,False,0.000000,0.000000,False,0.000000,0.000000,False,False,False,2.000000,4,34033,37.000000,True,metro,12.939486,True
NJ,New Jersey,Somerset,34035,348842,275979,2.600000,"( 2.3,  3.0)",2.200000,"( 2.0,  2.5)",34,0,0,0,0,0,0,False,0.000000,0.000000,False,0.000000,0.000000,False,False,False,1.000000,5,34035,139.000000,True,metro,9.397314,True
NJ,New Jersey,Sussex,34037,146132,117673,2.900000,"( 2.5,  3.4)",2.400000,"( 2.0,  2.7)",34,0,0,0,0,0,0,False,0.000000,0.000000,False,0.000000,0.000000,False,False,False,1.000000,5,34037,48.000000,True,metro,24.779620,True
NJ,New Jersey,Union,34039,572726,439083,3.200000,"( 2.9,  3.6)",2.800000,"( 2.5,  3.1)",34,2,2,1,2,2,1,True,0.349207,0.455495,True,0.349207,0.455495,False,False,False,1.000000,5,34039,220.000000,True,metro,5.334758,True
NJ,New Jersey,Warren,34041,111252,89862,3.200000,"( 2.8,  3.6)",2.500000,"( 2.2,  2.8)",34,0,0,0,0,0,0,False,0.000000,0.000000,False,0.000000,0.000000,False,False,False,1.000000,5,34041,48.000000,True,metro,19.402697,True
NM,New Mexico,Bernalillo,35001,671586,538537,3.400000,"( 3.0,  3.8)",2.900000,"( 2.6,  3.2)",35,6,6,4,7,6,5,True,0.893408,1.114130,True,1.042309,1.299818,False,False,False,1.000000,5,35001,358.000000,True,metro,6.317849,True
NM,New Mexico,Catron,35003,3825,3386,6.100000,"( 5.4,  6.9)",3.400000,"( 3.0,  3.8)",35,0,0,0,0,0,0,False,0.000000,0.000000,False,0.000000,0.000000,True,True,True,5.000000,1,35003,,False,nonmetro,132.522084,True
NM,New Mexico,Chaves,35005,63561,47930,4.000000,"( 3.6,  4.5)",3.500000,"( 3.2,  3.9)",35,0,0,0,0,0,0,False,0.000000,0.000000,False,0.000000,0.000000,False,False,True,3.000000,4,35005,19.000000,True,nonmetro,153.909892,True
NM,New Mexico,Cibola,35006,26780,20607,4.700000,"( 4.3,  5.2)",4.100000,"( 3.7,  4.5)",35,0,0,0,0,0,0,False,0.000000,0.000000,False,0.000000,0.000000,True,True,True,4.000000,3,35006,12.000000,True,nonmetro,66.189842,True
NM,New Mexico,Colfax,35007,12255,10226,4.700000,"( 4.2,  5.3)",3.200000,"( 2.9,  3.6)",35,0,0,0,0,0,0,False,0.000000,0.000000,False,0.000000,0.000000,True,True,True,4.000000,2,35007,,False,nonmetro,134.645309,True
NM,New Mexico,Curry,35009,47222,34741,3.500000,"( 3.1,  3.9)",3.500000,"( 3.2,  3.9)",35,0,0,0,0,0,0,False,0.000000,0.000000,False,0.000000,0.000000,False,False,True,2.000000,4,35009,18.000000,True,nonmetro,95.757868,True
NM,New Mexico,De Baca,35011,1657,1294,4.900000,"( 4.3,  5.5)",3.300000,"( 2.9,  3.6)",35,0,0,0,0,0,0,False,0.000000,0.000000,False,0.000000,0.000000,True,True,True,5.000000,1,35011,,False,nonmetro,143.033525,True
NM,New Mexico,DoÃ±a Ana,35013,225210,174328,3.600000,"( 3.1,  4.0)",3.300000,"( 2.9,  3.7)",35,0,0,0,0,0,0,False,0.000000,0.000000,False,0.000000,0.000000,False,False,True,2.000000,5,35013,123.000000,True,metro,37.057970,True
NM,New Mexico,Eddy,35015,60275,44384,3.300000,"( 2.9,  3.7)",3.000000,"( 2.7,  3.4)",35,0,0,0,0,0,0,False,0.000000,0.000000,False,0.000000,0.000000,False,False,False,1.000000,4,35015,18.000000,True,nonmetro,122.567107,True
NM,New Mexico,Grant,35017,27472,22591,4.900000,"( 4.3,  5.6)",3.200000,"( 2.9,  3.6)",35,0,0,0,0,0,0,False,0.000000,0.000000,False,0.000000,0.000000,True,True,True,5.000000,3,35017,20.000000,True,nonmetro,124.627058,True
NM,New Mexico,Guadalupe,35019,4292,3499,4.300000,"( 3.8,  4.7)",3.500000,"( 3.1,  3.9)",35,0,0,0,0,0,0,False,0.000000,0.000000,False,0.000000,0.000000,True,True,True,4.000000,1,35019,,False,nonmetro,107.284425,True
NM,New Mexico,Harding,35021,624,540,6.400000,"( 5.5,  7.3)",3.600000,"( 3.1,  4.0)",35,0,0,0,0,0,0,False,0.000000,0.000000,False,0.000000,0.000000,True,True,True,5.000000,1,35021,,False,nonmetro,128.355188,True
NM,New Mexico,Hidalgo,35023,3965,3115,4.800000,"( 4.3,  5.3)",3.500000,"( 3.2,  3.9)",35,0,0,0,0,0,0,False,0.000000,0.000000,False,0.000000,0.000000,True,True,True,5.000000,1,35023,,False,nonmetro,126.087562,True
NM,New Mexico,Lea,35025,72101,51363,3.400000,"( 3.1,  3.8)",3.500000,"( 3.1,  3.9)",35,0,0,0,0,0,0,False,0.000000,0.000000,False,0.000000,0.000000,False,False,True,1.000000,4,35025,27.000000,True,nonmetro,78.812487,True
NM,New Mexico,Lincoln,35027,20029,16497,4.700000,"( 4.1,  5.4)",3.000000,"( 2.6,  3.4)",35,0,0,0,0,0,0,False,0.000000,0.000000,False,0.000000,0.000000,True,True,False,4.000000,3,35027,12.000000,True,nonmetro,120.396710,True
NM,New Mexico,Los Alamos,35028,19444,15411,2.400000,"( 2.1,  2.7)",2.000000,"( 1.8,  2.3)",35,0,0,0,0,0,0,False,0.000000,0.000000,False,0.000000,0.000000,False,False,False,1.000000,3,35028,,False,nonmetro,58.350377,True
NM,New Mexico,Luna,35029,25316,18862,5.300000,"( 4.7,  5.9)",4.200000,"( 3.7,  4.7)",35,0,0,0,0,0,0,False,0.000000,0.000000,False,0.000000,0.000000,True,True,True,5.000000,3,35029,10.000000,True,nonmetro,80.337592,True
NM,New Mexico,McKinley,35031,68797,50466,6.000000,"( 5.4,  6.7)",5.700000,"( 5.1,  6.3)",35,0,0,0,0,0,0,False,0.000000,0.000000,False,0.000000,0.000000,True,True,True,5.000000,4,35031,30.000000,True,nonmetro,116.725761,True
NM,New Mexico,Mora,35033,4123,3454,4.700000,"( 4.2,  5.4)",3.000000,"( 2.7,  3.4)",35,0,0,0,0,0,0,False,0.000000,0.000000,False,0.000000,0.000000,True,True,False,4.000000,1,35033,,False,nonmetro,101.859876,True
NM,New Mexico,Otero,35035,68835,54011,3.900000,"( 3.4,  4.3)",3.500000,"( 3.1,  3.9)",35,0,0,0,0,0,0,False,0.000000,0.000000,False,0.000000,0.000000,False,False,True,3.000000,4,35035,31.000000,True,nonmetro,76.095217,True
NM,New Mexico,Quay,35037,8510,6759,5.400000,"( 4.7,  6.0)",3.700000,"( 3.3,  4.1)",35,0,0,0,0,0,0,False,0.000000,0.000000,False,0.000000,0.000000,True,True,True,5.000000,1,35037,,False,nonmetro,103.425287,True
NM,New Mexico,Rio Arriba,35039,39876,30988,4.500000,"( 4.0,  5.0)",3.500000,"( 3.1,  3.8)",35,0,0,0,0,0,0,False,0.000000,0.000000,False,0.000000,0.000000,True,True,True,4.000000,4,35039,24.000000,True,nonmetro,83.819435,True
NM,New Mexico,Roosevelt,35041,18787,14317,3.400000,"( 3.0,  3.8)",3.400000,"( 3.0,  3.8)",35,0,0,0,0,0,0,False,0.000000,0.000000,False,0.000000,0.000000,False,False,True,1.000000,3,35041,,False,nonmetro,94.851118,True
NM,New Mexico,Sandoval,35043,155936,122649,3.400000,"( 3.0,  3.7)",2.700000,"( 2.4,  3.0)",35,0,0,0,0,0,0,False,0.000000,0.000000,False,0.000000,0.000000,False,False,False,1.000000,5,35043,80.000000,True,metro,17.081535,True
NM,New Mexico,San Juan,35045,120675,90972,4.700000,"( 4.3,  5.3)",4.100000,"( 3.7,  4.6)",35,0,0,0,0,0,0,False,0.000000,0.000000,False,0.000000,0.000000,True,True,True,4.000000,5,35045,54.000000,True,metro,143.973744,True
NM,New Mexico,San Miguel,35047,26668,22308,4.400000,"( 3.8,  5.0)",3.200000,"( 2.8,  3.6)",35,0,0,0,0,0,0,False,0.000000,0.000000,False,0.000000,0.000000,True,True,True,4.000000,3,35047,11.000000,True,nonmetro,83.268552,True
NM,New Mexico,Santa Fe,35049,155956,131762,3.800000,"( 3.3,  4.4)",2.600000,"( 2.3,  3.0)",35,0,0,0,0,0,0,False,0.000000,0.000000,False,0.000000,0.000000,False,False,False,2.000000,5,35049,57.000000,True,metro,53.327800,True
NM,New Mexico,Sierra,35051,11488,9643,6.400000,"( 5.6,  7.3)",3.700000,"( 3.3,  4.1)",35,0,0,0,0,0,0,False,0.000000,0.000000,False,0.000000,0.000000,True,True,True,5.000000,2,35051,12.000000,True,nonmetro,104.194510,True
NM,New Mexico,Socorro,35053,15963,12594,4.600000,"( 4.1,  5.1)",3.700000,"( 3.4,  4.1)",35,0,0,0,0,0,0,False,0.000000,0.000000,False,0.000000,0.000000,True,True,True,4.000000,2,35053,,False,nonmetro,67.691994,True
NM,New Mexico,Taos,35055,34405,29128,4.400000,"( 3.9,  4.9)",2.900000,"( 2.6,  3.2)",35,0,0,0,0,0,0,False,0.000000,0.000000,False,0.000000,0.000000,True,True,False,4.000000,3,35055,13.000000,True,nonmetro,110.234964,True
NM,New Mexico,Torrance,35057,15633,12406,5.000000,"( 4.5,  5.6)",3.800000,"( 3.4,  4.2)",35,0,0,0,0,0,0,False,0.000000,0.000000,False,0.000000,0.000000,True,True,True,5.000000,2,35057,10.000000,True,metro,35.686735,True
NM,New Mexico,Union,35059,3964,3169,4.500000,"( 4.1,  5.1)",3.500000,"( 3.1,  3.9)",35,0,0,0,0,0,0,False,0.000000,0.000000,False,0.000000,0.000000,True,True,True,4.000000,1,35059,,False,nonmetro,117.765630,True
NM,New Mexico,Valencia,35061,79141,61087,3.900000,"( 3.5,  4.4)",3.200000,"( 2.9,  3.6)",35,0,0,0,0,0,0,False,0.000000,0.000000,False,0.000000,0.000000,False,False,True,3.000000,4,35061,36.000000,True,metro,23.326684,True
NY,New York,Albany,36001,316659,260123,3.000000,"( 2.6,  3.4)",2.600000,"( 2.3,  3.0)",36,3,3,2,4,4,2,True,0.947391,1.153301,True,1.263188,1.537734,False,False,False,1.000000,5,36001,103.000000,True,metro,5.762130,True
NY,New York,Allegany,36003,46651,37430,3.700000,"( 3.2,  4.2)",3.100000,"( 2.6,  3.5)",36,0,0,0,0,0,0,False,0.000000,0.000000,False,0.000000,0.000000,False,False,False,2.000000,4,36003,14.000000,True,nonmetro,61.709401,True
NY,New York,Bronx,36005,1356476,1031703,4.400000,"( 4.0,  5.0)",4.000000,"( 3.6,  4.5)",36,5,5,1,5,5,1,True,0.368602,0.484636,True,0.368602,0.484636,False,False,False,4.000000,5,36005,441.000000,True,metro,2.263121,True
NY,New York,Broome,36007,196077,158802,3.700000,"( 3.2,  4.2)",3.100000,"( 2.7,  3.5)",36,0,0,0,0,0,0,False,0.000000,0.000000,False,0.000000,0.000000,False,False,False,2.000000,5,36007,101.000000,True,metro,65.187681,True
NY,New York,Cattaraugus,36009,75600,59190,4.100000,"( 3.6,  4.7)",3.200000,"( 2.8,  3.7)",36,0,0,0,0,0,0,False,0.000000,0.000000,False,0.000000,0.000000,True,True,True,3.000000,4,36009,35.000000,True,nonmetro,48.949418,True
NY,New York,Cayuga,36011,74485,60227,3.900000,"( 3.4,  4.5)",3.000000,"( 2.6,  3.5)",36,0,0,0,0,0,0,False,0.000000,0.000000,False,0.000000,0.000000,False,False,False,3.000000,4,36011,32.000000,True,nonmetro,24.508488,True
NY,New York,Chautauqua,36013,124891,99281,4.000000,"( 3.5,  4.6)",3.100000,"( 2.8,  3.5)",36,0,0,0,0,0,0,False,0.000000,0.000000,False,0.000000,0.000000,False,False,False,3.000000,5,36013,55.000000,True,nonmetro,50.226203,True
NY,New York,Chemung,36015,81325,64334,3.800000,"( 3.3,  4.4)",3.000000,"( 2.6,  3.5)",36,0,0,0,0,0,0,False,0.000000,0.000000,False,0.000000,0.000000,False,False,False,2.000000,4,36015,47.000000,True,metro,72.585443,True
NY,New York,Chenango,36017,45920,36448,4.100000,"( 3.6,  4.8)",3.100000,"( 2.7,  3.5)",36,0,0,0,0,0,0,False,0.000000,0.000000,False,0.000000,0.000000,True,True,False,3.000000,4,36017,25.000000,True,nonmetro,49.683613,True
NY,New York,Clinton,36019,78115,63935,3.500000,"( 3.0,  4.1)",3.000000,"( 2.6,  3.4)",36,0,0,0,0,0,0,False,0.000000,0.000000,False,0.000000,0.000000,False,False,False,2.000000,4,36019,34.000000,True,nonmetro,24.856172,True
NY,New York,Columbia,36021,60470,51121,3.900000,"( 3.3,  4.5)",2.700000,"( 2.3,  3.1)",36,0,0,0,0,0,0,False,0.000000,0.000000,False,0.000000,0.000000,False,False,False,3.000000,4,36021,29.000000,True,nonmetro,27.159921,True
NY,New York,Cortland,36023,45752,37332,3.100000,"( 2.7,  3.6)",2.900000,"( 2.5,  3.3)",36,0,0,0,0,0,0,False,0.000000,0.000000,False,0.000000,0.000000,False,False,False,1.000000,4,36023,15.000000,True,nonmetro,31.506587,True
NY,New York,Delaware,36025,44410,37417,4.300000,"( 3.7,  4.9)",3.100000,"( 2.7,  3.5)",36,0,0,0,0,0,0,False,0.000000,0.000000,False,0.000000,0.000000,True,True,False,4.000000,4,36025,25.000000,True,nonmetro,65.861740,True
NY,New York,Dutchess,36027,297150,243026,3.100000,"( 2.8,  3.6)",2.600000,"( 2.3,  2.9)",36,0,0,0,0,0,0,False,0.000000,0.000000,False,0.000000,0.000000,False,False,False,1.000000,5,36027,92.000000,True,metro,28.920181,True
NY,New York,Erie,36029,946147,756717,3.400000,"( 3.0,  3.9)",2.800000,"( 2.5,  3.2)",36,7,7,7,8,8,7,True,0.739843,0.925049,True,0.845535,1.057198,False,False,False,1.000000,5,36029,456.000000,True,metro,8.479712,True
NY,New York,Essex,36031,36775,31123,4.000000,"( 3.4,  4.7)",2.800000,"( 2.4,  3.2)",36,0,0,0,0,0,0,False,0.000000,0.000000,False,0.000000,0.000000,False,False,False,3.000000,3,36031,20.000000,True,nonmetro,34.476311,True
NY,New York,Franklin,36033,46502,37193,3.900000,"( 3.4,  4.5)",3.200000,"( 2.8,  3.6)",36,0,0,0,0,0,0,False,0.000000,0.000000,False,0.000000,0.000000,False,False,True,3.000000,4,36033,19.000000,True,nonmetro,61.010194,True
NY,New York,Fulton,36035,52234,41853,4.000000,"( 3.4,  4.6)",3.100000,"( 2.7,  3.5)",36,0,0,0,0,0,0,False,0.000000,0.000000,False,0.000000,0.000000,False,False,False,3.000000,4,36035,25.000000,True,nonmetro,40.681108,True
NY,New York,Genesee,36037,57529,45851,3.500000,"( 3.0,  4.0)",2.800000,"( 2.4,  3.2)",36,0,0,0,0,0,0,False,0.000000,0.000000,False,0.000000,0.000000,False,False,False,2.000000,4,36037,24.000000,True,nonmetro,27.686427,True
NY,New York,Greene,36039,47062,39543,3.900000,"( 3.3,  4.5)",2.800000,"( 2.5,  3.3)",36,0,0,0,0,0,0,False,0.000000,0.000000,False,0.000000,0.000000,False,False,False,3.000000,4,36039,19.000000,True,nonmetro,27.801490,True
NY,New York,Hamilton,36041,5082,4455,4.500000,"( 3.8,  5.3)",2.800000,"( 2.4,  3.3)",36,0,0,0,0,0,0,False,0.000000,0.000000,False,0.000000,0.000000,True,True,False,4.000000,1,36041,,False,nonmetro,67.473308,True
NY,New York,Herkimer,36043,59484,47406,3.900000,"( 3.4,  4.4)",2.900000,"( 2.5,  3.3)",36,0,0,0,0,0,0,False,0.000000,0.000000,False,0.000000,0.000000,False,False,False,3.000000,4,36043,29.000000,True,metro,57.767431,True
NY,New York,Jefferson,36045,114787,87280,3.100000,"( 2.7,  3.5)",3.000000,"( 2.6,  3.4)",36,0,0,0,0,0,0,False,0.000000,0.000000,False,0.000000,0.000000,False,False,False,1.000000,5,36045,39.000000,True,metro,68.678143,True
NY,New York,Kings,36047,2561225,2003937,3.600000,"( 3.2,  4.0)",3.300000,"( 3.0,  3.7)",36,5,4,5,5,4,5,True,0.195219,0.249509,True,0.195219,0.249509,False,False,False,2.000000,5,36047,602.000000,True,metro,2.661757,True
NY,New York,Lewis,36049,26548,20528,3.900000,"( 3.4,  4.4)",3.000000,"( 2.6,  3.4)",36,0,0,0,0,0,0,False,0.000000,0.000000,False,0.000000,0.000000,False,False,False,3.000000,3,36049,12.000000,True,nonmetro,62.444696,True
NY,New York,Livingston,36051,61158,50385,3.400000,"( 2.9,  3.9)",2.800000,"( 2.4,  3.2)",36,0,0,0,0,0,0,False,0.000000,0.000000,False,0.000000,0.000000,False,False,False,1.000000,4,36051,21.000000,True,metro,28.155468,True
NY,New York,Madison,36053,66921,54640,3.400000,"( 3.0,  3.9)",2.700000,"( 2.4,  3.1)",36,0,0,0,0,0,0,False,0.000000,0.000000,False,0.000000,0.000000,False,False,False,1.000000,4,36053,26.000000,True,metro,23.167645,True
NY,New York,Monroe,36055,748482,597520,3.300000,"( 2.9,  3.8)",2.800000,"( 2.5,  3.1)",36,3,3,3,3,3,3,True,0.400811,0.502075,True,0.400811,0.502075,False,False,False,1.000000,5,36055,289.000000,True,metro,6.346802,True
NY,New York,Montgomery,36057,49368,37918,3.800000,"( 3.3,  4.4)",3.100000,"( 2.7,  3.5)",36,0,0,0,0,0,0,False,0.000000,0.000000,False,0.000000,0.000000,False,False,False,2.000000,4,36057,27.000000,True,nonmetro,35.976701,True
NY,New York,Nassau,36059,1381715,1086193,2.900000,"( 2.5,  3.3)",2.300000,"( 2.0,  2.6)",36,8,8,6,8,8,6,True,0.578991,0.736517,True,0.578991,0.736517,False,False,False,1.000000,5,36059,523.000000,True,metro,8.386474,True
NY,New York,New York,36061,1597451,1381420,2.700000,"( 2.4,  3.1)",2.500000,"( 2.2,  2.8)",36,46,33,30,46,33,30,True,2.879588,3.329907,True,2.879588,3.329907,False,False,False,1.000000,5,36061,438.000000,True,metro,3.565464,True
NY,New York,Niagara,36063,209457,168091,3.700000,"( 3.2,  4.2)",2.900000,"( 2.5,  3.3)",36,0,0,0,0,0,0,False,0.000000,0.000000,False,0.000000,0.000000,False,False,False,2.000000,5,36063,109.000000,True,metro,18.617245,True
NY,New York,Oneida,36065,227555,178989,3.700000,"( 3.3,  4.3)",3.000000,"( 2.6,  3.4)",36,0,0,0,0,0,0,False,0.000000,0.000000,False,0.000000,0.000000,False,False,False,2.000000,5,36065,123.000000,True,metro,41.291153,True
NY,New York,Onondaga,36067,467873,370637,3.400000,"( 2.9,  3.8)",2.800000,"( 2.5,  3.2)",36,4,4,2,4,4,2,True,0.854933,1.079223,True,0.854933,1.079223,False,False,False,1.000000,5,36067,196.000000,True,metro,6.006313,True
NY,New York,Ontario,36069,112494,91175,3.400000,"( 2.9,  4.0)",2.600000,"( 2.2,  3.0)",36,0,0,0,0,0,0,False,0.000000,0.000000,False,0.000000,0.000000,False,False,False,1.000000,5,36069,45.000000,True,metro,25.650553,True
NY,New York,Orange,36071,407470,303262,3.200000,"( 2.8,  3.6)",2.900000,"( 2.6,  3.3)",36,0,0,0,0,0,0,False,0.000000,0.000000,False,0.000000,0.000000,False,False,False,1.000000,5,36071,106.000000,True,metro,30.969716,True
NY,New York,Orleans,36073,39124,31736,3.900000,"( 3.4,  4.4)",3.100000,"( 2.7,  3.5)",36,0,0,0,0,0,0,False,0.000000,0.000000,False,0.000000,0.000000,False,False,False,3.000000,4,36073,17.000000,True,metro,30.129714,True
NY,New York,Oswego,36075,118162,94079,3.700000,"( 3.2,  4.2)",3.100000,"( 2.7,  3.5)",36,0,0,0,0,0,0,False,0.000000,0.000000,False,0.000000,0.000000,False,False,False,2.000000,5,36075,48.000000,True,metro,26.878516,True
NY,New York,Otsego,36077,60126,51237,3.400000,"( 2.9,  3.9)",2.900000,"( 2.5,  3.3)",36,0,0,0,0,0,0,False,0.000000,0.000000,False,0.000000,0.000000,False,False,False,1.000000,4,36077,23.000000,True,nonmetro,61.324644,True
NY,New York,Putnam,36079,98060,79093,2.900000,"( 2.5,  3.4)",2.300000,"( 2.0,  2.6)",36,0,0,0,0,0,0,False,0.000000,0.000000,False,0.000000,0.000000,False,False,False,1.000000,5,36079,30.000000,True,metro,13.960993,True
NY,New York,Queens,36081,2252196,1821507,3.500000,"( 3.1,  3.8)",2.900000,"( 2.6,  3.2)",36,2,2,2,2,2,2,True,0.088802,0.109799,True,0.088802,0.109799,False,False,False,2.000000,5,36081,638.000000,True,metro,2.813294,True
NY,New York,Rensselaer,36083,159305,129327,3.100000,"( 2.7,  3.6)",2.700000,"( 2.3,  3.1)",36,0,0,0,0,0,0,False,0.000000,0.000000,False,0.000000,0.000000,False,False,False,1.000000,5,36083,56.000000,True,metro,9.167841,True
NY,New York,Richmond,36085,490687,385428,3.200000,"( 2.8,  3.6)",2.700000,"( 2.4,  3.0)",36,3,3,2,3,3,2,True,0.611388,0.778355,True,0.611388,0.778355,False,False,False,1.000000,5,36085,122.000000,True,metro,3.577896,True
NY,New York,Rockland,36087,340807,238842,3.400000,"( 2.9,  3.8)",2.900000,"( 2.5,  3.2)",36,0,0,0,0,0,0,False,0.000000,0.000000,False,0.000000,0.000000,False,False,False,1.000000,5,36087,89.000000,True,metro,10.826299,True
NY,New York,St. Lawrence,36089,106940,85802,3.800000,"( 3.3,  4.3)",3.200000,"( 2.8,  3.6)",36,0,0,0,0,0,0,False,0.000000,0.000000,False,0.000000,0.000000,False,False,True,2.000000,5,36089,46.000000,True,nonmetro,94.952282,True
NY,New York,Saratoga,36091,238711,193626,3.000000,"( 2.5,  3.4)",2.400000,"( 2.0,  2.7)",36,0,0,0,0,0,0,False,0.000000,0.000000,False,0.000000,0.000000,False,False,False,1.000000,5,36091,91.000000,True,metro,24.994077,True
NY,New York,Schenectady,36093,159902,125778,3.300000,"( 2.8,  3.7)",2.800000,"( 2.4,  3.2)",36,0,0,0,0,0,0,False,0.000000,0.000000,False,0.000000,0.000000,False,False,False,1.000000,5,36093,65.000000,True,metro,14.664806,True
NY,New York,Schoharie,36095,30105,24919,3.800000,"( 3.3,  4.3)",2.800000,"( 2.5,  3.2)",36,0,0,0,0,0,0,False,0.000000,0.000000,False,0.000000,0.000000,False,False,False,2.000000,3,36095,11.000000,True,metro,35.063615,True
NY,New York,Schuyler,36097,17507,14192,4.100000,"( 3.6,  4.8)",3.000000,"( 2.7,  3.4)",36,0,0,0,0,0,0,False,0.000000,0.000000,False,0.000000,0.000000,True,True,False,3.000000,2,36097,,False,nonmetro,57.809842,True
NY,New York,Seneca,36099,32349,25660,4.000000,"( 3.3,  4.5)",3.100000,"( 2.6,  3.5)",36,0,0,0,0,0,0,False,0.000000,0.000000,False,0.000000,0.000000,False,False,False,3.000000,3,36099,12.000000,True,nonmetro,38.408954,True
NY,New York,Steuben,36101,92162,72423,3.800000,"( 3.3,  4.5)",3.000000,"( 2.6,  3.4)",36,0,0,0,0,0,0,False,0.000000,0.000000,False,0.000000,0.000000,False,False,False,2.000000,4,36101,48.000000,True,nonmetro,64.136457,True
NY,New York,Suffolk,36103,1523170,1210387,3.000000,"( 2.6,  3.4)",2.400000,"( 2.1,  2.8)",36,8,8,4,8,8,4,True,0.525220,0.660946,True,0.525220,0.660946,False,False,False,1.000000,5,36103,502.000000,True,metro,8.068294,True
NY,New York,Sullivan,36105,79920,62695,3.700000,"( 3.3,  4.2)",3.000000,"( 2.7,  3.4)",36,0,0,0,0,0,0,False,0.000000,0.000000,False,0.000000,0.000000,False,False,False,2.000000,4,36105,22.000000,True,nonmetro,58.536138,True
NY,New York,Tioga,36107,47715,38115,3.800000,"( 3.3,  4.4)",2.900000,"( 2.5,  3.3)",36,0,0,0,0,0,0,False,0.000000,0.000000,False,0.000000,0.000000,False,False,False,2.000000,4,36107,24.000000,True,metro,64.842028,True
NY,New York,Tompkins,36109,103558,89113,2.400000,"( 2.1,  2.8)",2.500000,"( 2.2,  2.9)",36,0,0,0,0,0,0,False,0.000000,0.000000,False,0.000000,0.000000,False,False,False,1.000000,5,36109,26.000000,True,metro,44.193542,True
NY,New York,Ulster,36111,182333,151636,3.500000,"( 3.0,  4.0)",2.800000,"( 2.4,  3.2)",36,0,0,0,0,0,0,False,0.000000,0.000000,False,0.000000,0.000000,False,False,False,2.000000,5,36111,65.000000,True,metro,44.162457,True
NY,New York,Warren,36113,65380,54087,3.600000,"( 3.0,  4.2)",2.600000,"( 2.2,  3.0)",36,0,0,0,0,0,0,False,0.000000,0.000000,False,0.000000,0.000000,False,False,False,2.000000,4,36113,33.000000,True,metro,50.441899,True
NY,New York,Washington,36115,60047,49075,3.800000,"( 3.3,  4.4)",2.900000,"( 2.5,  3.3)",36,0,0,0,0,0,0,False,0.000000,0.000000,False,0.000000,0.000000,False,False,False,2.000000,4,36115,31.000000,True,metro,45.514684,True
NY,New York,Wayne,36117,90829,71935,3.700000,"( 3.2,  4.2)",2.800000,"( 2.5,  3.2)",36,0,0,0,0,0,0,False,0.000000,0.000000,False,0.000000,0.000000,False,False,False,2.000000,4,36117,39.000000,True,metro,24.356248,True
NY,New York,Westchester,36119,990817,782936,3.000000,"( 2.6,  3.4)",2.400000,"( 2.2,  2.8)",36,7,5,4,7,5,4,True,0.706488,0.894071,True,0.706488,0.894071,False,False,False,1.000000,5,36119,300.000000,True,metro,6.586347,True
NY,New York,Wyoming,36121,39532,32281,3.700000,"( 3.2,  4.2)",3.000000,"( 2.6,  3.4)",36,0,0,0,0,0,0,False,0.000000,0.000000,False,0.000000,0.000000,False,False,False,2.000000,4,36121,15.000000,True,nonmetro,33.949045,True
NY,New York,Yates,36123,24472,18914,4.000000,"( 3.4,  4.6)",3.000000,"( 2.6,  3.5)",36,0,0,0,0,0,0,False,0.000000,0.000000,False,0.000000,0.000000,False,False,False,3.000000,3,36123,12.000000,True,nonmetro,45.202610,True
NC,North Carolina,Alamance,37001,179165,139859,3.800000,"( 3.3,  4.2)",3.300000,"( 2.9,  3.6)",37,0,0,0,0,0,0,False,0.000000,0.000000,False,0.000000,0.000000,False,False,True,2.000000,5,37001,97.000000,True,metro,18.803552,True
NC,North Carolina,Alexander,37003,36473,29341,4.100000,"( 3.6,  4.7)",3.300000,"( 2.9,  3.7)",37,0,0,0,0,0,0,False,0.000000,0.000000,False,0.000000,0.000000,True,True,True,3.000000,3,37003,27.000000,True,metro,47.819734,True
NC,North Carolina,Alleghany,37005,11342,9426,5.300000,"( 4.5,  6.1)",3.500000,"( 3.1,  4.0)",37,0,0,0,0,0,0,False,0.000000,0.000000,False,0.000000,0.000000,True,True,True,5.000000,2,37005,,False,nonmetro,55.346647,True
NC,North Carolina,Anson,37007,21897,17493,5.500000,"( 5.0,  6.1)",4.600000,"( 4.1,  5.0)",37,0,0,0,0,0,0,False,0.000000,0.000000,False,0.000000,0.000000,True,True,True,5.000000,3,37007,27.000000,True,metro,40.241776,True
NC,North Carolina,Ashe,37009,27063,22627,4.600000,"( 3.9,  5.4)",3.200000,"( 2.8,  3.7)",37,0,0,0,0,0,0,False,0.000000,0.000000,False,0.000000,0.000000,True,True,True,4.000000,3,37009,21.000000,True,nonmetro,72.339417,True
NC,North Carolina,Avery,37011,17561,15011,4.200000,"( 3.6,  4.8)",3.200000,"( 2.9,  3.7)",37,0,0,0,0,0,0,False,0.000000,0.000000,False,0.000000,0.000000,True,True,True,3.000000,2,37011,,False,nonmetro,47.659471,True
NC,North Carolina,Beaufort,37013,44481,35939,5.000000,"( 4.5,  5.7)",3.600000,"( 3.2,  4.0)",37,0,0,0,0,0,0,False,0.000000,0.000000,False,0.000000,0.000000,True,True,True,5.000000,4,37013,38.000000,True,nonmetro,23.986559,True
NC,North Carolina,Bertie,37015,16922,14112,6.300000,"( 5.6,  7.0)",4.600000,"( 4.1,  5.2)",37,0,0,0,0,0,0,False,0.000000,0.000000,False,0.000000,0.000000,True,True,True,5.000000,2,37015,13.000000,True,nonmetro,40.133835,True
NC,North Carolina,Bladen,37017,29484,23400,5.300000,"( 4.8,  6.0)",4.000000,"( 3.6,  4.4)",37,0,0,0,0,0,0,False,0.000000,0.000000,False,0.000000,0.000000,True,True,True,5.000000,3,37017,23.000000,True,nonmetro,47.759123,True
NC,North Carolina,Brunswick,37019,159964,137936,4.300000,"( 3.8,  5.1)",2.800000,"( 2.4,  3.1)",37,0,0,0,0,0,0,False,0.000000,0.000000,False,0.000000,0.000000,True,True,False,4.000000,5,37019,106.000000,True,metro,21.670354,True
NC,North Carolina,Buncombe,37021,275901,227608,3.400000,"( 2.9,  3.9)",2.800000,"( 2.4,  3.1)",37,2,2,2,2,2,2,True,0.724898,0.878704,True,0.724898,0.878704,False,False,False,1.000000,5,37021,152.000000,True,metro,6.688729,True
NC,North Carolina,Burke,37023,88338,72201,4.400000,"( 3.9,  5.1)",3.400000,"( 3.0,  3.9)",37,0,0,0,0,0,0,False,0.000000,0.000000,False,0.000000,0.000000,True,True,True,4.000000,4,37023,71.000000,True,metro,48.969932,True
NC,North Carolina,Cabarrus,37025,240016,180188,3.100000,"( 2.7,  3.4)",2.800000,"( 2.5,  3.2)",37,2,2,1,2,2,1,True,0.833278,1.109952,True,0.833278,1.109952,False,False,False,1.000000,5,37025,101.000000,True,metro,5.890750,True
NC,North Carolina,Caldwell,37027,80574,64820,4.300000,"( 3.7,  5.0)",3.400000,"( 2.9,  3.8)",37,0,0,0,0,0,0,False,0.000000,0.000000,False,0.000000,0.000000,True,True,True,4.000000,4,37027,57.000000,True,metro,56.800458,True
NC,North Carolina,Camden,37029,11137,8653,3.300000,"( 2.9,  3.6)",2.700000,"( 2.4,  3.0)",37,0,0,0,0,0,0,False,0.000000,0.000000,False,0.000000,0.000000,False,False,False,1.000000,2,37029,,False,metro,33.591126,True
NC,North Carolina,Carteret,37031,69615,58070,4.000000,"( 3.4,  4.6)",2.800000,"( 2.4,  3.1)",37,0,0,0,0,0,0,False,0.000000,0.000000,False,0.000000,0.000000,False,False,False,3.000000,4,37031,57.000000,True,nonmetro,67.023673,True
NC,North Carolina,Caswell,37033,22807,18569,5.000000,"( 4.5,  5.6)",3.800000,"( 3.4,  4.2)",37,0,0,0,0,0,0,False,0.000000,0.000000,False,0.000000,0.000000,True,True,True,5.000000,3,37033,14.000000,True,nonmetro,31.990278,True
NC,North Carolina,Catawba,37035,164645,129398,3.700000,"( 3.3,  4.2)",3.100000,"( 2.7,  3.5)",37,0,0,0,0,0,0,False,0.000000,0.000000,False,0.000000,0.000000,False,False,False,2.000000,5,37035,115.000000,True,metro,39.695932,True
NC,North Carolina,Chatham,37037,81624,66141,4.000000,"( 3.4,  4.6)",2.800000,"( 2.4,  3.2)",37,0,0,0,0,0,0,False,0.000000,0.000000,False,0.000000,0.000000,False,False,False,3.000000,4,37037,50.000000,True,metro,15.599976,True
NC,North Carolina,Cherokee,37039,29959,25195,5.100000,"( 4.4,  5.8)",3.200000,"( 2.8,  3.7)",37,0,0,0,0,0,0,False,0.000000,0.000000,False,0.000000,0.000000,True,True,True,5.000000,3,37039,24.000000,True,nonmetro,50.002655,True
NC,North Carolina,Chowan,37041,13891,11123,5.500000,"( 4.8,  6.2)",3.900000,"( 3.4,  4.3)",37,0,0,0,0,0,0,False,0.000000,0.000000,False,0.000000,0.000000,True,True,True,5.000000,2,37041,,False,nonmetro,51.391626,True
NC,North Carolina,Clay,37043,11864,10069,4.800000,"( 4.0,  5.6)",3.000000,"( 2.5,  3.4)",37,0,0,0,0,0,0,False,0.000000,0.000000,False,0.000000,0.000000,True,True,False,5.000000,2,37043,,False,nonmetro,40.427625,True
NC,North Carolina,Cleveland,37045,101378,78793,4.400000,"( 3.9,  4.9)",3.600000,"( 3.2,  4.0)",37,0,0,0,0,0,0,False,0.000000,0.000000,False,0.000000,0.000000,True,True,True,4.000000,5,37045,63.000000,True,nonmetro,38.481195,True
NC,North Carolina,Columbus,37047,50121,39774,5.100000,"( 4.5,  5.6)",4.000000,"( 3.6,  4.5)",37,0,0,0,0,0,0,False,0.000000,0.000000,False,0.000000,0.000000,True,True,True,5.000000,4,37047,46.000000,True,nonmetro,43.056912,True
NC,North Carolina,Craven,37049,102391,80675,4.000000,"( 3.5,  4.5)",3.200000,"( 2.9,  3.6)",37,0,0,0,0,0,0,False,0.000000,0.000000,False,0.000000,0.000000,False,False,True,3.000000,5,37049,60.000000,True,nonmetro,41.932933,True
NC,North Carolina,Cumberland,37051,337890,252626,3.600000,"( 3.2,  4.0)",3.700000,"( 3.3,  4.1)",37,0,0,0,0,0,0,False,0.000000,0.000000,False,0.000000,0.000000,False,False,True,2.000000,5,37051,134.000000,True,metro,52.555961,True
NC,North Carolina,Currituck,37053,31593,24619,3.200000,"( 2.8,  3.7)",2.700000,"( 2.3,  3.0)",37,0,0,0,0,0,0,False,0.000000,0.000000,False,0.000000,0.000000,False,False,False,1.000000,3,37053,16.000000,True,metro,34.310369,True
NC,North Carolina,Dare,37055,38110,31485,3.500000,"( 3.0,  4.1)",2.500000,"( 2.2,  2.9)",37,0,0,0,0,0,0,False,0.000000,0.000000,False,0.000000,0.000000,False,False,False,2.000000,4,37055,20.000000,True,nonmetro,71.510473,True
NC,North Carolina,Davidson,37057,174804,137346,4.100000,"( 3.6,  4.6)",3.300000,"( 2.9,  3.7)",37,0,0,0,0,0,0,False,0.000000,0.000000,False,0.000000,0.000000,True,True,True,3.000000,5,37057,118.000000,True,metro,17.665884,True
NC,North Carolina,Davie,37059,44599,35409,3.900000,"( 3.3,  4.4)",2.900000,"( 2.5,  3.2)",37,0,0,0,0,0,0,False,0.000000,0.000000,False,0.000000,0.000000,False,False,False,3.000000,4,37059,34.000000,True,metro,19.633059,True
NC,North Carolina,Duplin,37061,49520,37683,4.900000,"( 4.4,  5.4)",3.900000,"( 3.5,  4.3)",37,0,0,0,0,0,0,False,0.000000,0.000000,False,0.000000,0.000000,True,True,True,5.000000,4,37061,37.000000,True,nonmetro,45.326063,True
NC,North Carolina,Durham,37063,336892,271458,3.000000,"( 2.7,  3.4)",3.000000,"( 2.6,  3.3)",37,12,11,7,12,11,7,True,3.561972,4.420573,True,3.561972,4.420573,False,False,False,1.000000,5,37063,120.000000,True,metro,4.383997,True
NC,North Carolina,Edgecombe,37065,48832,37653,5.700000,"( 5.1,  6.4)",4.500000,"( 4.0,  5.0)",37,0,0,0,0,0,0,False,0.000000,0.000000,False,0.000000,0.000000,True,True,True,5.000000,4,37065,56.000000,True,metro,26.265869,True
NC,North Carolina,Forsyth,37067,392921,304926,3.700000,"( 3.2,  4.2)",3.200000,"( 2.8,  3.6)",37,7,6,5,7,6,5,True,1.781529,2.295639,True,1.781529,2.295639,False,False,False,2.000000,5,37067,220.000000,True,metro,5.899181,True
NC,North Carolina,Franklin,37069,77001,60292,3.900000,"( 3.5,  4.4)",3.300000,"( 3.0,  3.7)",37,0,0,0,0,0,0,False,0.000000,0.000000,False,0.000000,0.000000,False,False,True,3.000000,4,37069,41.000000,True,metro,25.369728,True
NC,North Carolina,Gaston,37071,237242,184354,3.700000,"( 3.3,  4.2)",3.200000,"( 2.9,  3.6)",37,0,0,0,0,0,0,False,0.000000,0.000000,False,0.000000,0.000000,False,False,True,2.000000,5,37071,151.000000,True,metro,18.089654,True
NC,North Carolina,Gates,37073,10343,8363,5.100000,"( 4.6,  5.6)",3.700000,"( 3.3,  4.1)",37,0,0,0,0,0,0,False,0.000000,0.000000,False,0.000000,0.000000,True,True,True,5.000000,2,37073,,False,metro,35.547279,True
NC,North Carolina,Graham,37075,8052,6517,4.300000,"( 3.8,  5.0)",3.100000,"( 2.8,  3.6)",37,0,0,0,0,0,0,False,0.000000,0.000000,False,0.000000,0.000000,True,True,False,4.000000,1,37075,,False,nonmetro,34.547079,True
NC,North Carolina,Granville,37077,62192,49581,4.200000,"( 3.8,  4.7)",3.500000,"( 3.1,  3.9)",37,0,0,0,0,0,0,False,0.000000,0.000000,False,0.000000,0.000000,True,True,True,3.000000,4,37077,34.000000,True,nonmetro,21.449157,True
NC,North Carolina,Greene,37079,20530,16688,4.900000,"( 4.4,  5.5)",4.400000,"( 4.0,  4.8)",37,0,0,0,0,0,0,False,0.000000,0.000000,False,0.000000,0.000000,True,True,True,5.000000,3,37079,18.000000,True,nonmetro,19.934987,True
NC,North Carolina,Guilford,37081,549866,430053,3.600000,"( 3.2,  4.0)",3.300000,"( 2.9,  3.7)",37,4,4,4,4,4,4,True,0.727450,0.930118,True,0.727450,0.930118,False,False,False,2.000000,5,37081,276.000000,True,metro,7.321310,True
NC,North Carolina,Halifax,37083,47298,37177,6.300000,"( 5.7,  7.0)",4.800000,"( 4.3,  5.3)",37,0,0,0,0,0,0,False,0.000000,0.000000,False,0.000000,0.000000,True,True,True,5.000000,4,37083,43.000000,True,nonmetro,54.881203,True
NC,North Carolina,Harnett,37085,141477,105764,3.500000,"( 3.1,  4.0)",3.400000,"( 3.0,  3.8)",37,0,0,0,0,0,0,False,0.000000,0.000000,False,0.000000,0.000000,False,False,True,2.000000,5,37085,61.000000,True,nonmetro,32.519918,True
NC,North Carolina,Haywood,37087,62969,52105,4.100000,"( 3.5,  4.7)",2.900000,"( 2.6,  3.4)",37,0,0,0,0,0,0,False,0.000000,0.000000,False,0.000000,0.000000,True,True,False,3.000000,4,37087,41.000000,True,nonmetro,17.511028,True
NC,North Carolina,Henderson,37089,119230,97324,4.100000,"( 3.5,  4.7)",2.800000,"( 2.5,  3.2)",37,0,0,0,0,0,0,False,0.000000,0.000000,False,0.000000,0.000000,True,True,False,3.000000,5,37089,88.000000,True,metro,18.837313,True
NC,North Carolina,Hertford,37091,19453,15694,6.000000,"( 5.3,  6.7)",4.600000,"( 4.2,  5.2)",37,0,0,0,0,0,0,False,0.000000,0.000000,False,0.000000,0.000000,True,True,True,5.000000,3,37091,13.000000,True,nonmetro,50.879417,True
NC,North Carolina,Hoke,37093,54446,39888,3.800000,"( 3.5,  4.2)",3.900000,"( 3.5,  4.3)",37,0,0,0,0,0,0,False,0.000000,0.000000,False,0.000000,0.000000,False,False,True,2.000000,4,37093,18.000000,True,metro,59.917251,True
NC,North Carolina,Hyde,37095,4607,3922,5.500000,"( 4.9,  6.1)",4.100000,"( 3.7,  4.6)",37,0,0,0,0,0,0,False,0.000000,0.000000,False,0.000000,0.000000,True,True,True,5.000000,1,37095,,False,nonmetro,66.550014,True
NC,North Carolina,Iredell,37097,199710,155704,3.300000,"( 2.9,  3.7)",2.800000,"( 2.4,  3.2)",37,0,0,0,0,0,0,False,0.000000,0.000000,False,0.000000,0.000000,False,False,False,1.000000,5,37097,107.000000,True,metro,25.599328,True
NC,North Carolina,Jackson,37099,44574,37282,3.800000,"( 3.3,  4.3)",3.300000,"( 2.9,  3.8)",37,1,1,1,1,1,1,True,2.243460,2.682260,True,2.243460,2.682260,False,False,False,2.000000,4,37099,15.000000,True,nonmetro,6.005082,True
NC,North Carolina,Johnston,37101,241955,182582,3.300000,"( 2.9,  3.7)",3.100000,"( 2.7,  3.4)",37,0,0,0,0,0,0,False,0.000000,0.000000,False,0.000000,0.000000,False,False,False,1.000000,5,37101,114.000000,True,metro,19.896811,True
NC,North Carolina,Jones,37103,9401,7647,5.500000,"( 4.9,  6.1)",4.000000,"( 3.6,  4.5)",37,0,0,0,0,0,0,False,0.000000,0.000000,False,0.000000,0.000000,True,True,True,5.000000,2,37103,11.000000,True,nonmetro,40.901375,True
NC,North Carolina,Lee,37105,67059,51479,4.000000,"( 3.5,  4.5)",3.400000,"( 3.1,  3.8)",37,0,0,0,0,0,0,False,0.000000,0.000000,False,0.000000,0.000000,False,False,True,3.000000,4,37105,38.000000,True,nonmetro,32.545765,True
NC,North Carolina,Lenoir,37107,54895,42399,5.800000,"( 5.2,  6.5)",4.500000,"( 4.0,  5.0)",37,0,0,0,0,0,0,False,0.000000,0.000000,False,0.000000,0.000000,True,True,True,5.000000,4,37107,52.000000,True,nonmetro,28.880028,True
NC,North Carolina,Lincoln,37109,95675,76148,3.600000,"( 3.1,  4.1)",2.900000,"( 2.5,  3.3)",37,0,0,0,0,0,0,False,0.000000,0.000000,False,0.000000,0.000000,False,False,False,2.000000,4,37109,59.000000,True,metro,25.989622,True
NC,North Carolina,McDowell,37111,44893,36301,4.300000,"( 3.7,  4.9)",3.300000,"( 2.9,  3.8)",37,0,0,0,0,0,0,False,0.000000,0.000000,False,0.000000,0.000000,True,True,True,4.000000,4,37111,35.000000,True,nonmetro,30.558540,True
NC,North Carolina,Macon,37113,38412,31394,4.700000,"( 4.0,  5.4)",3.200000,"( 2.8,  3.6)",37,0,0,0,0,0,0,False,0.000000,0.000000,False,0.000000,0.000000,True,True,True,4.000000,4,37113,29.000000,True,nonmetro,16.451095,True
NC,North Carolina,Madison,37115,22071,18349,3.800000,"( 3.3,  4.4)",2.900000,"( 2.5,  3.3)",37,0,0,0,0,0,0,False,0.000000,0.000000,False,0.000000,0.000000,False,False,False,2.000000,3,37115,17.000000,True,metro,17.959867,True
NC,North Carolina,Martin,37117,21447,17125,5.800000,"( 5.2,  6.4)",4.100000,"( 3.7,  4.5)",37,0,0,0,0,0,0,False,0.000000,0.000000,False,0.000000,0.000000,True,True,True,5.000000,3,37117,21.000000,True,nonmetro,22.063498,True
NC,North Carolina,Mecklenburg,37119,1163701,901633,2.800000,"( 2.5,  3.2)",2.900000,"( 2.6,  3.3)",37,8,7,6,8,7,6,True,0.687462,0.887279,True,0.687462,0.887279,False,False,False,1.000000,5,37119,415.000000,True,metro,8.094717,True
NC,North Carolina,Mitchell,37121,14999,12283,4.200000,"( 3.6,  4.8)",3.000000,"( 2.6,  3.4)",37,0,0,0,0,0,0,False,0.000000,0.000000,False,0.000000,0.000000,True,True,False,3.000000,2,37121,10.000000,True,nonmetro,35.388442,True
NC,North Carolina,Montgomery,37123,26085,20705,4.800000,"( 4.2,  5.4)",3.600000,"( 3.2,  4.0)",37,0,0,0,0,0,0,False,0.000000,0.000000,False,0.000000,0.000000,True,True,True,5.000000,3,37123,20.000000,True,nonmetro,39.408900,True
NC,North Carolina,Moore,37125,106898,83707,3.700000,"( 3.2,  4.3)",2.700000,"( 2.4,  3.1)",37,0,0,0,0,0,0,False,0.000000,0.000000,False,0.000000,0.000000,False,False,False,2.000000,5,37125,92.000000,True,metro,51.713936,True
NC,North Carolina,Nash,37127,96551,75392,4.600000,"( 4.1,  5.1)",3.700000,"( 3.3,  4.1)",37,0,0,0,0,0,0,False,0.000000,0.000000,False,0.000000,0.000000,True,True,True,4.000000,4,37127,75.000000,True,metro,35.606659,True
NC,North Carolina,New Hanover,37129,238852,197058,3.300000,"( 2.9,  3.7)",2.800000,"( 2.5,  3.2)",37,1,1,1,1,1,1,True,0.418669,0.507465,True,0.418669,0.507465,False,False,False,1.000000,5,37129,139.000000,True,metro,6.118429,True
NC,North Carolina,Northampton,37131,16715,13758,6.700000,"( 5.9,  7.5)",4.400000,"( 3.9,  4.9)",37,0,0,0,0,0,0,False,0.000000,0.000000,False,0.000000,0.000000,True,True,True,5.000000,2,37131,12.000000,True,nonmetro,58.148336,True
NC,North Carolina,Onslow,37133,213676,160933,2.600000,"( 2.3,  2.9)",3.200000,"( 2.9,  3.6)",37,0,0,0,0,0,0,False,0.000000,0.000000,False,0.000000,0.000000,False,False,True,1.000000,5,37133,68.000000,True,metro,46.677485,True
NC,North Carolina,Orange,37135,150626,122940,2.700000,"( 2.4,  3.1)",2.600000,"( 2.3,  2.9)",37,5,5,4,5,5,4,True,3.319480,4.067025,True,3.319480,4.067025,False,False,False,1.000000,5,37135,51.000000,True,metro,5.826135,True
NC,North Carolina,Pamlico,37137,12423,10683,5.000000,"( 4.3,  5.7)",3.200000,"( 2.9,  3.7)",37,0,0,0,0,0,0,False,0.000000,0.000000,False,0.000000,0.000000,True,True,True,5.000000,2,37137,10.000000,True,nonmetro,48.460683,True
NC,North Carolina,Pasquotank,37139,41444,32807,4.000000,"( 3.6,  4.5)",3.400000,"( 3.1,  3.8)",37,0,0,0,0,0,0,False,0.000000,0.000000,False,0.000000,0.000000,False,False,True,3.000000,4,37139,23.000000,True,nonmetro,38.347922,True
NC,North Carolina,Pender,37141,68521,53105,3.600000,"( 3.2,  4.1)",3.000000,"( 2.6,  3.4)",37,0,0,0,0,0,0,False,0.000000,0.000000,False,0.000000,0.000000,False,False,False,2.000000,4,37141,42.000000,True,metro,19.769104,True
NC,North Carolina,Perquimans,37143,13377,10937,5.000000,"( 4.4,  5.6)",3.400000,"( 3.0,  3.8)",37,0,0,0,0,0,0,False,0.000000,0.000000,False,0.000000,0.000000,True,True,True,5.000000,2,37143,12.000000,True,nonmetro,46.815572,True
NC,North Carolina,Person,37145,39737,31541,4.700000,"( 4.1,  5.2)",3.600000,"( 3.2,  4.0)",37,0,0,0,0,0,0,False,0.000000,0.000000,False,0.000000,0.000000,True,True,True,4.000000,4,37145,23.000000,True,metro,26.635439,True
NC,North Carolina,Pitt,37147,175119,137875,3.600000,"( 3.2,  4.0)",3.600000,"( 3.2,  4.0)",37,3,3,3,3,3,3,True,1.713121,2.175884,True,1.713121,2.175884,False,False,False,2.000000,5,37147,91.000000,True,metro,5.446414,True
NC,North Carolina,Polk,37149,20060,17006,4.700000,"( 4.0,  5.5)",2.900000,"( 2.5,  3.4)",37,0,0,0,0,0,0,False,0.000000,0.000000,False,0.000000,0.000000,True,True,False,4.000000,3,37149,16.000000,True,nonmetro,29.131351,True
NC,North Carolina,Randolph,37151,147458,114881,4.100000,"( 3.6,  4.7)",3.400000,"( 3.0,  3.9)",37,0,0,0,0,0,0,False,0.000000,0.000000,False,0.000000,0.000000,True,True,True,3.000000,5,37151,84.000000,True,metro,22.496556,True
NC,North Carolina,Richmond,37153,42324,32370,5.200000,"( 4.7,  5.8)",4.300000,"( 3.9,  4.8)",37,0,0,0,0,0,0,False,0.000000,0.000000,False,0.000000,0.000000,True,True,True,5.000000,4,37153,57.000000,True,nonmetro,50.614281,True
NC,North Carolina,Robeson,37155,117365,86828,5.800000,"( 5.3,  6.4)",5.200000,"( 4.7,  5.7)",37,0,0,0,0,0,0,False,0.000000,0.000000,False,0.000000,0.000000,True,True,True,5.000000,5,37155,75.000000,True,nonmetro,51.171739,True
NC,North Carolina,Rockingham,37157,92518,73816,4.700000,"( 4.2,  5.3)",3.600000,"( 3.2,  4.0)",37,0,0,0,0,0,0,False,0.000000,0.000000,False,0.000000,0.000000,True,True,True,4.000000,4,37157,65.000000,True,metro,23.744092,True
NC,North Carolina,Rowan,37159,151661,118284,4.000000,"( 3.5,  4.5)",3.400000,"( 3.0,  3.8)",37,0,0,0,0,0,0,False,0.000000,0.000000,False,0.000000,0.000000,False,False,True,3.000000,5,37159,91.000000,True,metro,15.960326,True
NC,North Carolina,Rutherford,37161,65507,52439,4.700000,"( 4.1,  5.3)",3.500000,"( 3.1,  4.0)",37,0,0,0,0,0,0,False,0.000000,0.000000,False,0.000000,0.000000,True,True,True,4.000000,4,37161,66.000000,True,nonmetro,39.931237,True
NC,North Carolina,Sampson,37163,59601,44966,4.700000,"( 4.3,  5.3)",3.900000,"( 3.5,  4.4)",37,0,0,0,0,0,0,False,0.000000,0.000000,False,0.000000,0.000000,True,True,True,4.000000,4,37163,39.000000,True,nonmetro,49.061268,True
NC,North Carolina,Scotland,37165,34376,26528,5.600000,"( 5.0,  6.2)",4.800000,"( 4.3,  5.3)",37,0,0,0,0,0,0,False,0.000000,0.000000,False,0.000000,0.000000,True,True,True,5.000000,3,37165,29.000000,True,nonmetro,44.069996,True
NC,North Carolina,Stanly,37167,65699,51434,4.000000,"( 3.5,  4.5)",3.300000,"( 2.9,  3.7)",37,0,0,0,0,0,0,False,0.000000,0.000000,False,0.000000,0.000000,False,False,True,3.000000,4,37167,45.000000,True,nonmetro,20.548247,True
NC,North Carolina,Stokes,37169,45532,37073,4.300000,"( 3.8,  4.9)",3.200000,"( 2.8,  3.6)",37,0,0,0,0,0,0,False,0.000000,0.000000,False,0.000000,0.000000,True,True,True,4.000000,4,37169,31.000000,True,metro,18.471421,True
NC,North Carolina,Surry,37171,71462,56528,4.500000,"( 3.9,  5.1)",3.400000,"( 3.0,  3.9)",37,0,0,0,0,0,0,False,0.000000,0.000000,False,0.000000,0.000000,True,True,True,4.000000,4,37171,59.000000,True,nonmetro,33.183049,True
NC,North Carolina,Swain,37173,13916,10906,4.800000,"( 4.2,  5.3)",3.800000,"( 3.4,  4.3)",37,0,0,0,0,0,0,False,0.000000,0.000000,False,0.000000,0.000000,True,True,True,5.000000,2,37173,14.000000,True,nonmetro,16.483186,True
NC,North Carolina,Transylvania,37175,33549,28383,4.300000,"( 3.6,  5.0)",2.800000,"( 2.4,  3.2)",37,0,0,0,0,0,0,False,0.000000,0.000000,False,0.000000,0.000000,True,True,False,4.000000,3,37175,26.000000,True,nonmetro,24.401906,True
NC,North Carolina,Tyrrell,37177,3461,2772,5.700000,"( 5.1,  6.4)",4.100000,"( 3.7,  4.6)",37,0,0,0,0,0,0,False,0.000000,0.000000,False,0.000000,0.000000,True,True,True,5.000000,1,37177,,False,nonmetro,65.785825,True
NC,North Carolina,Union,37179,256452,191719,2.900000,"( 2.6,  3.4)",2.700000,"( 2.3,  3.1)",37,0,0,0,0,0,0,False,0.000000,0.000000,False,0.000000,0.000000,False,False,False,1.000000,5,37179,99.000000,True,metro,19.849326,True
NC,North Carolina,Vance,37181,42301,32113,5.200000,"( 4.7,  5.8)",4.200000,"( 3.8,  4.7)",37,0,0,0,0,0,0,False,0.000000,0.000000,False,0.000000,0.000000,True,True,True,5.000000,4,37181,29.000000,True,nonmetro,36.382486,True
NC,North Carolina,Wake,37183,1190275,919538,2.600000,"( 2.3,  2.9)",2.500000,"( 2.2,  2.8)",37,3,3,3,3,3,3,True,0.252043,0.326251,True,0.252043,0.326251,False,False,False,1.000000,5,37183,590.000000,True,metro,9.158312,True
NC,North Carolina,Warren,37185,18836,15503,6.500000,"( 5.8,  7.2)",4.600000,"( 4.1,  5.1)",37,0,0,0,0,0,0,False,0.000000,0.000000,False,0.000000,0.000000,True,True,True,5.000000,3,37185,15.000000,True,nonmetro,51.263752,True
NC,North Carolina,Washington,37187,10713,8617,6.800000,"( 6.1,  7.5)",4.600000,"( 4.2,  5.1)",37,0,0,0,0,0,0,False,0.000000,0.000000,False,0.000000,0.000000,True,True,True,5.000000,2,37187,,False,nonmetro,43.695175,True
NC,North Carolina,Watauga,37189,54748,48121,3.100000,"( 2.7,  3.6)",3.200000,"( 2.8,  3.7)",37,0,0,0,0,0,0,False,0.000000,0.000000,False,0.000000,0.000000,False,False,True,1.000000,4,37189,14.000000,True,nonmetro,64.734496,True
NC,North Carolina,Wayne,37191,118686,90368,4.400000,"( 3.9,  4.9)",3.800000,"( 3.4,  4.3)",37,0,0,0,0,0,0,False,0.000000,0.000000,False,0.000000,0.000000,True,True,True,4.000000,5,37191,86.000000,True,metro,38.411201,True
NC,North Carolina,Wilkes,37193,66013,52999,4.700000,"( 4.0,  5.4)",3.500000,"( 3.0,  4.0)",37,0,0,0,0,0,0,False,0.000000,0.000000,False,0.000000,0.000000,True,True,True,4.000000,4,37193,46.000000,True,nonmetro,50.291685,True
NC,North Carolina,Wilson,37195,78970,60928,5.200000,"( 4.6,  5.8)",4.300000,"( 3.8,  4.7)",37,0,0,0,0,0,0,False,0.000000,0.000000,False,0.000000,0.000000,True,True,True,5.000000,4,37195,59.000000,True,nonmetro,32.104873,True
NC,North Carolina,Yadkin,37197,37774,30051,4.300000,"( 3.8,  4.9)",3.300000,"( 2.9,  3.7)",37,0,0,0,0,0,0,False,0.000000,0.000000,False,0.000000,0.000000,True,True,True,4.000000,4,37197,35.000000,True,metro,24.656353,True
NC,North Carolina,Yancey,37199,18938,15582,4.500000,"( 3.9,  5.3)",3.200000,"( 2.8,  3.7)",37,0,0,0,0,0,0,False,0.000000,0.000000,False,0.000000,0.000000,True,True,True,4.000000,3,37199,,False,nonmetro,26.287865,True
ND,North Dakota,Adams,38001,2163,1737,4.800000,"( 4.1,  5.7)",3.100000,"( 2.7,  3.5)",38,0,0,0,0,0,0,False,0.000000,0.000000,False,0.000000,0.000000,True,True,False,5.000000,1,38001,,False,nonmetro,138.332657,True
ND,North Dakota,Barnes,38003,10726,8591,3.700000,"( 3.2,  4.2)",2.800000,"( 2.4,  3.1)",38,0,0,0,0,0,0,False,0.000000,0.000000,False,0.000000,0.000000,False,False,False,2.000000,2,38003,,False,nonmetro,207.503215,True
ND,North Dakota,Benson,38005,5745,3810,4.800000,"( 4.3,  5.4)",4.100000,"( 3.7,  4.6)",38,0,0,0,0,0,0,False,0.000000,0.000000,False,0.000000,0.000000,True,True,True,5.000000,1,38005,,False,nonmetro,290.733596,True
ND,North Dakota,Billings,38007,1034,812,3.900000,"( 3.3,  4.6)",2.800000,"( 2.4,  3.2)",38,0,0,0,0,0,0,False,0.000000,0.000000,False,0.000000,0.000000,False,False,False,3.000000,1,38007,,False,nonmetro,201.983941,True
ND,North Dakota,Bottineau,38009,6349,4933,3.900000,"( 3.3,  4.4)",2.700000,"( 2.4,  3.1)",38,0,0,0,0,0,0,False,0.000000,0.000000,False,0.000000,0.000000,False,False,False,3.000000,1,38009,,False,nonmetro,350.150297,True
ND,North Dakota,Bowman,38011,2867,2165,3.800000,"( 3.3,  4.5)",2.700000,"( 2.3,  3.1)",38,0,0,0,0,0,0,False,0.000000,0.000000,False,0.000000,0.000000,False,False,False,2.000000,1,38011,,False,nonmetro,144.645904,True
ND,North Dakota,Burke,38013,2134,1599,3.500000,"( 3.0,  4.1)",2.600000,"( 2.2,  2.9)",38,0,0,0,0,0,0,False,0.000000,0.000000,False,0.000000,0.000000,False,False,False,2.000000,1,38013,,False,nonmetro,325.027136,True
ND,North Dakota,Burleigh,38015,100012,76833,2.900000,"( 2.5,  3.4)",2.500000,"( 2.2,  2.9)",38,0,0,0,0,0,0,False,0.000000,0.000000,False,0.000000,0.000000,False,False,False,1.000000,5,38015,38.000000,True,metro,224.129379,True
ND,North Dakota,Cass,38017,196362,152955,2.400000,"( 2.0,  2.7)",2.500000,"( 2.2,  2.9)",38,0,0,0,0,0,0,False,0.000000,0.000000,False,0.000000,0.000000,False,False,False,1.000000,5,38017,58.000000,True,metro,157.151230,True
ND,North Dakota,Cavalier,38019,3596,2772,4.000000,"( 3.4,  4.6)",2.600000,"( 2.3,  3.0)",38,0,0,0,0,0,0,False,0.000000,0.000000,False,0.000000,0.000000,False,False,False,3.000000,1,38019,,False,nonmetro,297.475747,True
ND,North Dakota,Dickey,38021,4900,3734,3.600000,"( 3.1,  4.1)",2.800000,"( 2.5,  3.3)",38,0,0,0,0,0,0,False,0.000000,0.000000,False,0.000000,0.000000,False,False,False,2.000000,1,38021,,False,nonmetro,192.702260,True
ND,North Dakota,Divide,38023,2135,1615,4.100000,"( 3.5,  4.8)",2.800000,"( 2.5,  3.3)",38,0,0,0,0,0,0,False,0.000000,0.000000,False,0.000000,0.000000,True,True,False,3.000000,1,38023,,False,nonmetro,331.179983,True
ND,North Dakota,Dunn,38025,4019,2975,3.600000,"( 3.1,  4.0)",2.900000,"( 2.5,  3.2)",38,0,0,0,0,0,0,False,0.000000,0.000000,False,0.000000,0.000000,False,False,False,2.000000,1,38025,,False,nonmetro,226.824586,True
ND,North Dakota,Eddy,38027,2263,1680,4.400000,"( 3.8,  5.1)",3.200000,"( 2.8,  3.6)",38,0,0,0,0,0,0,False,0.000000,0.000000,False,0.000000,0.000000,True,True,True,4.000000,1,38027,,False,nonmetro,275.395108,True
ND,North Dakota,Emmons,38029,3224,2561,4.600000,"( 3.9,  5.4)",2.900000,"( 2.5,  3.4)",38,0,0,0,0,0,0,False,0.000000,0.000000,False,0.000000,0.000000,True,True,False,4.000000,1,38029,,False,nonmetro,210.467187,True
ND,North Dakota,Foster,38031,3309,2554,3.800000,"( 3.3,  4.4)",2.700000,"( 2.3,  3.1)",38,0,0,0,0,0,0,False,0.000000,0.000000,False,0.000000,0.000000,False,False,False,2.000000,1,38031,,False,nonmetro,266.109550,True
ND,North Dakota,Golden Valley,38033,1743,1411,4.500000,"( 4.0,  5.2)",3.100000,"( 2.7,  3.5)",38,0,0,0,0,0,0,False,0.000000,0.000000,False,0.000000,0.000000,True,True,False,4.000000,1,38033,,False,nonmetro,197.362678,True
ND,North Dakota,Grand Forks,38035,72708,57336,2.700000,"( 2.3,  3.1)",2.800000,"( 2.5,  3.2)",38,0,0,0,0,0,0,False,0.000000,0.000000,False,0.000000,0.000000,False,False,False,1.000000,4,38035,24.000000,True,metro,213.928886,True
ND,North Dakota,Grant,38037,2215,1740,5.300000,"( 4.5,  6.1)",3.300000,"( 2.9,  3.8)",38,0,0,0,0,0,0,False,0.000000,0.000000,False,0.000000,0.000000,True,True,True,5.000000,1,38037,,False,nonmetro,176.110927,True
ND,North Dakota,Griggs,38039,2248,1789,4.300000,"( 3.6,  5.0)",2.700000,"( 2.3,  3.0)",38,0,0,0,0,0,0,False,0.000000,0.000000,False,0.000000,0.000000,True,True,False,4.000000,1,38039,,False,nonmetro,231.570442,True
ND,North Dakota,Hettinger,38041,2415,1825,3.900000,"( 3.3,  4.5)",2.800000,"( 2.4,  3.2)",38,0,0,0,0,0,0,False,0.000000,0.000000,False,0.000000,0.000000,False,False,False,3.000000,1,38041,,False,nonmetro,167.507433,True
ND,North Dakota,Kidder,38043,2342,1833,4.300000,"( 3.7,  4.8)",2.900000,"( 2.5,  3.2)",38,0,0,0,0,0,0,False,0.000000,0.000000,False,0.000000,0.000000,True,True,False,4.000000,1,38043,,False,nonmetro,256.619576,True
ND,North Dakota,LaMoure,38045,4096,3206,4.200000,"( 3.6,  4.9)",2.800000,"( 2.4,  3.2)",38,0,0,0,0,0,0,False,0.000000,0.000000,False,0.000000,0.000000,True,True,False,3.000000,1,38045,,False,nonmetro,214.535857,True
ND,North Dakota,Logan,38047,1869,1414,4.600000,"( 3.9,  5.4)",3.100000,"( 2.7,  3.5)",38,0,0,0,0,0,0,False,0.000000,0.000000,False,0.000000,0.000000,True,True,False,4.000000,1,38047,,False,nonmetro,244.554243,True
ND,North Dakota,McHenry,38049,5131,3898,3.800000,"( 3.3,  4.4)",2.900000,"( 2.5,  3.2)",38,0,0,0,0,0,0,False,0.000000,0.000000,False,0.000000,0.000000,False,False,False,2.000000,1,38049,,False,metro,308.028409,True
ND,North Dakota,McIntosh,38051,2488,1958,5.000000,"( 4.3,  5.9)",3.100000,"( 2.8,  3.6)",38,0,0,0,0,0,0,False,0.000000,0.000000,False,0.000000,0.000000,True,True,False,5.000000,1,38051,,False,nonmetro,225.086933,True
ND,North Dakota,McKenzie,38053,14252,9705,2.800000,"( 2.5,  3.1)",2.900000,"( 2.6,  3.3)",38,0,0,0,0,0,0,False,0.000000,0.000000,False,0.000000,0.000000,False,False,False,1.000000,2,38053,,False,nonmetro,258.406784,True
ND,North Dakota,McLean,38055,9832,7747,3.900000,"( 3.4,  4.4)",2.700000,"( 2.3,  3.0)",38,0,0,0,0,0,0,False,0.000000,0.000000,False,0.000000,0.000000,False,False,False,3.000000,2,38055,,False,nonmetro,257.179543,True
ND,North Dakota,Mercer,38057,8309,6371,4.000000,"( 3.4,  4.6)",2.900000,"( 2.6,  3.3)",38,0,0,0,0,0,0,False,0.000000,0.000000,False,0.000000,0.000000,False,False,False,3.000000,1,38057,,False,nonmetro,234.278730,True
ND,North Dakota,Morton,38059,33895,25862,3.000000,"( 2.6,  3.5)",2.600000,"( 2.3,  3.0)",38,0,0,0,0,0,0,False,0.000000,0.000000,False,0.000000,0.000000,False,False,False,1.000000,3,38059,13.000000,True,metro,218.604764,True
ND,North Dakota,Mountrail,38061,9383,6651,3.700000,"( 3.3,  4.1)",3.400000,"( 3.1,  3.9)",38,0,0,0,0,0,0,False,0.000000,0.000000,False,0.000000,0.000000,False,False,True,2.000000,2,38061,,False,nonmetro,283.086604,True
ND,North Dakota,Nelson,38063,2991,2397,4.000000,"( 3.5,  4.7)",2.700000,"( 2.3,  3.1)",38,0,0,0,0,0,0,False,0.000000,0.000000,False,0.000000,0.000000,False,False,False,3.000000,1,38063,,False,nonmetro,251.333544,True
ND,North Dakota,Oliver,38065,1879,1434,3.800000,"( 3.3,  4.3)",2.600000,"( 2.3,  3.0)",38,0,0,0,0,0,0,False,0.000000,0.000000,False,0.000000,0.000000,False,False,False,2.000000,1,38065,,False,metro,229.683471,True
ND,North Dakota,Pembina,38067,6661,5261,4.100000,"( 3.5,  4.8)",2.900000,"( 2.5,  3.3)",38,0,0,0,0,0,0,False,0.000000,0.000000,False,0.000000,0.000000,True,True,False,3.000000,1,38067,,False,nonmetro,274.778092,True
ND,North Dakota,Pierce,38069,3902,3000,3.900000,"( 3.4,  4.6)",2.800000,"( 2.4,  3.2)",38,0,0,0,0,0,0,False,0.000000,0.000000,False,0.000000,0.000000,False,False,False,3.000000,1,38069,,False,nonmetro,331.540308,True
ND,North Dakota,Ramsey,38071,11463,8724,4.000000,"( 3.5,  4.7)",3.100000,"( 2.7,  3.5)",38,0,0,0,0,0,0,False,0.000000,0.000000,False,0.000000,0.000000,False,False,False,3.000000,2,38071,,False,nonmetro,283.237825,True
ND,North Dakota,Ransom,38073,5603,4390,3.800000,"( 3.3,  4.5)",2.900000,"( 2.5,  3.3)",38,0,0,0,0,0,0,False,0.000000,0.000000,False,0.000000,0.000000,False,False,False,2.000000,1,38073,,False,nonmetro,179.031477,True
ND,North Dakota,Renville,38075,2279,1757,3.500000,"( 3.0,  4.0)",2.700000,"( 2.3,  3.0)",38,0,0,0,0,0,0,False,0.000000,0.000000,False,0.000000,0.000000,False,False,False,2.000000,1,38075,,False,metro,330.300115,True
ND,North Dakota,Richland,38077,16558,13011,3.400000,"( 3.0,  3.9)",2.800000,"( 2.5,  3.2)",38,0,0,0,0,0,0,False,0.000000,0.000000,False,0.000000,0.000000,False,False,False,1.000000,2,38077,,False,nonmetro,134.538960,True
ND,North Dakota,Rolette,38079,11728,7935,5.000000,"( 4.5,  5.6)",4.700000,"( 4.2,  5.3)",38,0,0,0,0,0,0,False,0.000000,0.000000,False,0.000000,0.000000,True,True,True,5.000000,2,38079,,False,nonmetro,348.701247,True
ND,North Dakota,Sargent,38081,3776,2992,3.700000,"( 3.2,  4.2)",2.700000,"( 2.4,  3.1)",38,0,0,0,0,0,0,False,0.000000,0.000000,False,0.000000,0.000000,False,False,False,2.000000,1,38081,,False,nonmetro,170.028788,True
ND,North Dakota,Sheridan,38083,1266,1018,5.000000,"( 4.2,  5.9)",2.900000,"( 2.5,  3.3)",38,0,0,0,0,0,0,False,0.000000,0.000000,False,0.000000,0.000000,True,True,False,5.000000,1,38083,,False,nonmetro,279.196054,True
ND,North Dakota,Sioux,38085,3643,2396,6.000000,"( 5.4,  6.7)",6.100000,"( 5.5,  6.8)",38,0,0,0,0,0,0,False,0.000000,0.000000,False,0.000000,0.000000,True,True,True,5.000000,1,38085,,False,nonmetro,188.980031,True
ND,North Dakota,Slope,38087,674,550,4.900000,"( 4.2,  5.7)",3.000000,"( 2.6,  3.4)",38,0,0,0,0,0,0,False,0.000000,0.000000,False,0.000000,0.000000,True,True,False,5.000000,1,38087,,False,nonmetro,161.781309,True
ND,North Dakota,Stark,38089,33001,23903,3.000000,"( 2.6,  3.4)",2.800000,"( 2.4,  3.2)",38,0,0,0,0,0,0,False,0.000000,0.000000,False,0.000000,0.000000,False,False,False,1.000000,3,38089,,False,nonmetro,194.959504,True
ND,North Dakota,Steele,38091,1782,1384,4.100000,"( 3.5,  4.8)",2.900000,"( 2.5,  3.3)",38,0,0,0,0,0,0,False,0.000000,0.000000,False,0.000000,0.000000,True,True,False,3.000000,1,38091,,False,nonmetro,215.196569,True
ND,North Dakota,Stutsman,38093,21392,17062,3.600000,"( 3.1,  4.2)",2.900000,"( 2.6,  3.4)",38,0,0,0,0,0,0,False,0.000000,0.000000,False,0.000000,0.000000,False,False,False,2.000000,3,38093,10.000000,True,nonmetro,237.966785,True
ND,North Dakota,Towner,38095,2030,1581,4.900000,"( 4.2,  5.7)",3.300000,"( 2.9,  3.8)",38,0,0,0,0,0,0,False,0.000000,0.000000,False,0.000000,0.000000,True,True,True,5.000000,1,38095,,False,nonmetro,316.627904,True
ND,North Dakota,Traill,38097,7908,6099,3.300000,"( 2.9,  3.8)",2.600000,"( 2.3,  2.9)",38,0,0,0,0,0,0,False,0.000000,0.000000,False,0.000000,0.000000,False,False,False,1.000000,1,38097,,False,nonmetro,197.251254,True
ND,North Dakota,Walsh,38099,10305,7893,4.100000,"( 3.5,  4.7)",3.000000,"( 2.6,  3.4)",38,0,0,0,0,0,0,False,0.000000,0.000000,False,0.000000,0.000000,True,True,False,3.000000,2,38099,,False,nonmetro,252.782717,True
ND,North Dakota,Ward,38101,68332,51945,2.700000,"( 2.3,  3.1)",2.600000,"( 2.3,  3.0)",38,0,0,0,0,0,0,False,0.000000,0.000000,False,0.000000,0.000000,False,False,False,1.000000,4,38101,20.000000,True,metro,302.303826,True
ND,North Dakota,Wells,38103,3876,3059,4.600000,"( 4.0,  5.4)",3.000000,"( 2.6,  3.4)",38,0,0,0,0,0,0,False,0.000000,0.000000,False,0.000000,0.000000,True,True,False,4.000000,1,38103,,False,nonmetro,298.247350,True
ND,North Dakota,Williams,38105,39113,27329,2.700000,"( 2.4,  3.0)",2.900000,"( 2.5,  3.2)",38,0,0,0,0,0,0,False,0.000000,0.000000,False,0.000000,0.000000,False,False,False,1.000000,4,38105,10.000000,True,nonmetro,285.138892,True
OH,Ohio,Adams,39001,27521,20867,4.600000,"( 4.0,  5.2)",3.700000,"( 3.3,  4.2)",39,0,0,0,0,0,0,False,0.000000,0.000000,False,0.000000,0.000000,True,True,True,4.000000,3,39001,20.000000,True,nonmetro,57.137972,True
OH,Ohio,Allen,39003,100838,77234,3.900000,"( 3.4,  4.4)",3.200000,"( 2.8,  3.6)",39,0,0,0,0,0,0,False,0.000000,0.000000,False,0.000000,0.000000,False,False,True,3.000000,5,39003,53.000000,True,metro,51.655251,True
OH,Ohio,Ashland,39005,52190,40545,4.000000,"( 3.4,  4.6)",3.200000,"( 2.7,  3.6)",39,0,0,0,0,0,0,False,0.000000,0.000000,False,0.000000,0.000000,False,False,True,3.000000,4,39005,35.000000,True,nonmetro,19.732426,True
OH,Ohio,Ashtabula,39007,96845,75784,4.500000,"( 4.0,  5.1)",3.600000,"( 3.1,  4.0)",39,0,0,0,0,0,0,False,0.000000,0.000000,False,0.000000,0.000000,True,True,True,4.000000,4,39007,81.000000,True,metro,52.500492,True
OH,Ohio,Athens,39009,62706,53669,3.100000,"( 2.7,  3.5)",3.400000,"( 2.9,  3.8)",39,0,0,0,0,0,0,False,0.000000,0.000000,False,0.000000,0.000000,False,False,True,1.000000,4,39009,26.000000,True,nonmetro,62.773223,True
OH,Ohio,Auglaize,39011,46050,35144,3.500000,"( 3.0,  4.0)",2.800000,"( 2.4,  3.1)",39,0,0,0,0,0,0,False,0.000000,0.000000,False,0.000000,0.000000,False,False,False,2.000000,4,39011,24.000000,True,nonmetro,52.750962,True
OH,Ohio,Belmont,39013,64918,52858,4.100000,"( 3.6,  4.7)",3.200000,"( 2.8,  3.7)",39,0,0,0,0,0,0,False,0.000000,0.000000,False,0.000000,0.000000,True,True,True,3.000000,4,39013,34.000000,True,metro,51.642911,True
OH,Ohio,Brown,39015,43777,33846,4.200000,"( 3.7,  4.8)",3.300000,"( 2.9,  3.8)",39,0,0,0,0,0,0,False,0.000000,0.000000,False,0.000000,0.000000,True,True,True,3.000000,4,39015,32.000000,True,metro,36.362924,True
OH,Ohio,Butler,39017,393043,302288,3.300000,"( 2.9,  3.7)",2.900000,"( 2.6,  3.3)",39,0,0,0,0,0,0,False,0.000000,0.000000,False,0.000000,0.000000,False,False,False,1.000000,5,39017,246.000000,True,metro,18.898063,True
OH,Ohio,Carroll,39019,26758,21195,4.400000,"( 3.8,  5.0)",3.300000,"( 2.8,  3.7)",39,0,0,0,0,0,0,False,0.000000,0.000000,False,0.000000,0.000000,True,True,True,4.000000,3,39019,17.000000,True,metro,19.598326,True
OH,Ohio,Champaign,39021,38845,30357,3.600000,"( 3.2,  4.2)",2.900000,"( 2.6,  3.3)",39,0,0,0,0,0,0,False,0.000000,0.000000,False,0.000000,0.000000,False,False,False,2.000000,4,39021,38.000000,True,nonmetro,32.519428,True
OH,Ohio,Clark,39023,134610,104368,4.200000,"( 3.7,  4.7)",3.300000,"( 2.9,  3.7)",39,0,0,0,0,0,0,False,0.000000,0.000000,False,0.000000,0.000000,True,True,True,3.000000,5,39023,156.000000,True,metro,22.598981,True
OH,Ohio,Clermont,39025,211972,165743,3.300000,"( 2.9,  3.9)",2.800000,"( 2.4,  3.2)",39,0,0,0,0,0,0,False,0.000000,0.000000,False,0.000000,0.000000,False,False,False,1.000000,5,39025,146.000000,True,metro,17.345754,True
OH,Ohio,Clinton,39027,41938,32506,3.900000,"( 3.4,  4.5)",3.200000,"( 2.8,  3.7)",39,0,0,0,0,0,0,False,0.000000,0.000000,False,0.000000,0.000000,False,False,True,3.000000,4,39027,31.000000,True,nonmetro,30.459836,True
OH,Ohio,Columbiana,39029,100182,80055,4.300000,"( 3.7,  4.9)",3.300000,"( 2.9,  3.7)",39,0,0,0,0,0,0,False,0.000000,0.000000,False,0.000000,0.000000,True,True,True,4.000000,5,39029,58.000000,True,nonmetro,32.202681,True
OH,Ohio,Coshocton,39031,36869,28085,4.500000,"( 3.8,  5.1)",3.500000,"( 3.0,  4.0)",39,0,0,0,0,0,0,False,0.000000,0.000000,False,0.000000,0.000000,True,True,True,4.000000,3,39031,28.000000,True,nonmetro,36.140709,True
OH,Ohio,Crawford,39033,41529,32618,4.200000,"( 3.7,  4.8)",3.300000,"( 2.9,  3.7)",39,0,0,0,0,0,0,False,0.000000,0.000000,False,0.000000,0.000000,True,True,True,3.000000,4,39033,25.000000,True,nonmetro,20.361168,True
OH,Ohio,Cuyahoga,39035,1233088,982384,4.000000,"( 3.5,  4.5)",3.300000,"( 2.9,  3.7)",39,19,15,7,19,15,7,True,1.540847,1.934071,True,1.540847,1.934071,False,False,False,3.000000,5,39035,731.000000,True,metro,8.599666,True
OH,Ohio,Darke,39037,51415,39329,4.100000,"( 3.6,  4.6)",3.200000,"( 2.8,  3.6)",39,0,0,0,0,0,0,False,0.000000,0.000000,False,0.000000,0.000000,True,True,True,3.000000,4,39037,29.000000,True,nonmetro,25.430789,True
OH,Ohio,Defiance,39039,38315,29722,3.600000,"( 3.2,  4.1)",2.900000,"( 2.5,  3.3)",39,0,0,0,0,0,0,False,0.000000,0.000000,False,0.000000,0.000000,False,False,False,2.000000,4,39039,19.000000,True,nonmetro,36.623019,True
OH,Ohio,Delaware,39041,231636,175070,2.500000,"( 2.2,  2.8)",2.200000,"( 1.9,  2.5)",39,0,0,0,0,0,0,False,0.000000,0.000000,False,0.000000,0.000000,False,False,False,1.000000,5,39041,85.000000,True,metro,16.881572,True
OH,Ohio,Erie,39043,74035,59711,4.000000,"( 3.5,  4.6)",3.000000,"( 2.6,  3.3)",39,0,0,0,0,0,0,False,0.000000,0.000000,False,0.000000,0.000000,False,False,False,3.000000,4,39043,60.000000,True,metro,45.086081,True
OH,Ohio,Fairfield,39045,165360,125997,3.300000,"( 2.8,  3.7)",2.800000,"( 2.4,  3.2)",39,0,0,0,0,0,0,False,0.000000,0.000000,False,0.000000,0.000000,False,False,False,1.000000,5,39045,79.000000,True,metro,21.144876,True
OH,Ohio,Fayette,39047,28817,22051,4.100000,"( 3.6,  4.7)",3.400000,"( 3.0,  3.8)",39,0,0,0,0,0,0,False,0.000000,0.000000,False,0.000000,0.000000,True,True,True,3.000000,3,39047,25.000000,True,nonmetro,36.760544,True
OH,Ohio,Franklin,39049,1326063,1019364,3.100000,"( 2.8,  3.5)",3.100000,"( 2.8,  3.5)",39,14,11,7,17,14,7,True,1.055757,1.373405,True,1.281990,1.667707,False,False,False,1.000000,5,39049,544.000000,True,metro,7.443959,True
OH,Ohio,Fulton,39051,42007,32339,3.600000,"( 3.1,  4.0)",2.800000,"( 2.5,  3.2)",39,0,0,0,0,0,0,False,0.000000,0.000000,False,0.000000,0.000000,False,False,False,2.000000,4,39051,26.000000,True,metro,23.054549,True
OH,Ohio,Gallia,39053,28986,22229,4.400000,"( 3.9,  5.1)",3.500000,"( 3.1,  4.0)",39,0,0,0,0,0,0,False,0.000000,0.000000,False,0.000000,0.000000,True,True,True,4.000000,3,39053,23.000000,True,nonmetro,48.352765,True
OH,Ohio,Geauga,39055,95407,74443,3.500000,"( 2.9,  4.0)",2.500000,"( 2.2,  2.9)",39,0,0,0,0,0,0,False,0.000000,0.000000,False,0.000000,0.000000,False,False,False,2.000000,4,39055,56.000000,True,metro,24.943487,True
OH,Ohio,Greene,39057,169691,135071,3.100000,"( 2.7,  3.5)",2.700000,"( 2.3,  3.0)",39,0,0,0,0,0,0,False,0.000000,0.000000,False,0.000000,0.000000,False,False,False,1.000000,5,39057,152.000000,True,metro,11.381542,True
OH,Ohio,Guernsey,39059,38089,29668,4.300000,"( 3.7,  4.9)",3.400000,"( 2.9,  3.9)",39,0,0,0,0,0,0,False,0.000000,0.000000,False,0.000000,0.000000,True,True,True,4.000000,4,39059,17.000000,True,nonmetro,54.861165,True
OH,Ohio,Hamilton,39061,827058,638290,3.500000,"( 3.1,  4.0)",3.100000,"( 2.8,  3.5)",39,14,11,7,15,12,8,True,1.692747,2.193360,True,1.813658,2.350029,False,False,False,2.000000,5,39061,516.000000,True,metro,7.213984,True
OH,Ohio,Hancock,39063,74704,58554,3.300000,"( 2.9,  3.8)",2.800000,"( 2.5,  3.2)",39,0,0,0,0,0,0,False,0.000000,0.000000,False,0.000000,0.000000,False,False,False,1.000000,4,39063,37.000000,True,nonmetro,35.182833,True
OH,Ohio,Hardin,39065,30368,23282,3.600000,"( 3.2,  4.2)",3.300000,"( 3.0,  3.8)",39,0,0,0,0,0,0,False,0.000000,0.000000,False,0.000000,0.000000,False,False,True,2.000000,3,39065,14.000000,True,nonmetro,29.706441,True
OH,Ohio,Harrison,39067,14159,11246,4.400000,"( 3.9,  5.0)",3.300000,"( 2.9,  3.7)",39,0,0,0,0,0,0,False,0.000000,0.000000,False,0.000000,0.000000,True,True,True,4.000000,2,39067,,False,nonmetro,38.361565,True
OH,Ohio,Henry,39069,27520,21192,3.700000,"( 3.2,  4.2)",2.900000,"( 2.5,  3.3)",39,0,0,0,0,0,0,False,0.000000,0.000000,False,0.000000,0.000000,False,False,False,2.000000,3,39069,12.000000,True,nonmetro,26.624507,True
OH,Ohio,Highland,39071,43614,33239,4.200000,"( 3.7,  4.8)",3.400000,"( 2.9,  3.8)",39,0,0,0,0,0,0,False,0.000000,0.000000,False,0.000000,0.000000,True,True,True,3.000000,4,39071,35.000000,True,nonmetro,47.356575,True
OH,Ohio,Hocking,39073,27540,21637,4.400000,"( 3.9,  5.1)",3.400000,"( 3.0,  3.9)",39,0,0,0,0,0,0,False,0.000000,0.000000,False,0.000000,0.000000,True,True,True,4.000000,3,39073,18.000000,True,metro,42.293879,True
OH,Ohio,Holmes,39075,44386,31037,3.900000,"( 3.4,  4.5)",3.600000,"( 3.1,  4.1)",39,0,0,0,0,0,0,False,0.000000,0.000000,False,0.000000,0.000000,False,False,True,3.000000,4,39075,19.000000,True,nonmetro,18.054824,True
OH,Ohio,Huron,39077,58199,44611,3.800000,"( 3.3,  4.3)",3.100000,"( 2.7,  3.5)",39,0,0,0,0,0,0,False,0.000000,0.000000,False,0.000000,0.000000,False,False,False,2.000000,4,39077,30.000000,True,nonmetro,42.274146,True
OH,Ohio,Jackson,39079,32606,24867,4.100000,"( 3.6,  4.7)",3.500000,"( 3.1,  3.9)",39,0,0,0,0,0,0,False,0.000000,0.000000,False,0.000000,0.000000,True,True,True,3.000000,3,39079,20.000000,True,nonmetro,64.599343,True
OH,Ohio,Jefferson,39081,64026,51564,4.200000,"( 3.7,  4.8)",3.300000,"( 2.9,  3.7)",39,0,0,0,0,0,0,False,0.000000,0.000000,False,0.000000,0.000000,True,True,True,3.000000,4,39081,45.000000,True,metro,36.800857,True
OH,Ohio,Knox,39083,63320,48925,3.600000,"( 3.1,  4.1)",2.900000,"( 2.6,  3.4)",39,0,0,0,0,0,0,False,0.000000,0.000000,False,0.000000,0.000000,False,False,False,2.000000,4,39083,38.000000,True,nonmetro,34.637448,True
OH,Ohio,Lake,39085,231640,187614,3.500000,"( 3.0,  4.0)",2.700000,"( 2.4,  3.1)",39,0,0,0,0,0,0,False,0.000000,0.000000,False,0.000000,0.000000,False,False,False,2.000000,5,39085,156.000000,True,metro,23.339896,True
OH,Ohio,Lawrence,39087,56118,44136,4.300000,"( 3.7,  4.9)",3.400000,"( 3.0,  3.9)",39,0,0,0,0,0,0,False,0.000000,0.000000,False,0.000000,0.000000,True,True,True,4.000000,4,39087,54.000000,True,metro,50.312173,True
OH,Ohio,Licking,39089,183201,141689,3.400000,"( 2.9,  3.8)",2.800000,"( 2.5,  3.2)",39,0,0,0,0,0,0,False,0.000000,0.000000,False,0.000000,0.000000,False,False,False,1.000000,5,39089,97.000000,True,metro,26.412186,True
OH,Ohio,Logan,39091,46057,35588,3.900000,"( 3.4,  4.3)",3.100000,"( 2.7,  3.4)",39,0,0,0,0,0,0,False,0.000000,0.000000,False,0.000000,0.000000,False,False,False,3.000000,4,39091,28.000000,True,nonmetro,37.170025,True
OH,Ohio,Lorain,39093,317910,249779,3.700000,"( 3.3,  4.2)",3.000000,"( 2.6,  3.4)",39,0,0,0,0,0,0,False,0.000000,0.000000,False,0.000000,0.000000,False,False,False,2.000000,5,39093,182.000000,True,metro,23.003696,True
OH,Ohio,Lucas,39095,425484,329145,3.900000,"( 3.5,  4.4)",3.400000,"( 3.0,  3.8)",39,10,9,5,10,9,5,True,2.350265,3.038175,True,2.350265,3.038175,False,False,False,3.000000,5,39095,274.000000,True,metro,4.439853,True
OH,Ohio,Madison,39097,44602,35840,3.400000,"( 2.9,  3.8)",3.000000,"( 2.6,  3.4)",39,0,0,0,0,0,0,False,0.000000,0.000000,False,0.000000,0.000000,False,False,False,1.000000,4,39097,29.000000,True,metro,21.413806,True
OH,Ohio,Mahoning,39099,225596,179979,4.300000,"( 3.8,  4.9)",3.300000,"( 2.9,  3.8)",39,0,0,0,0,0,0,False,0.000000,0.000000,False,0.000000,0.000000,True,True,True,4.000000,5,39099,137.000000,True,metro,39.671748,True
OH,Ohio,Marion,39101,64851,50931,4.100000,"( 3.6,  4.6)",3.500000,"( 3.0,  3.9)",39,4,4,2,4,4,2,True,6.167985,7.853763,True,6.167985,7.853763,False,False,False,3.000000,4,39101,42.000000,True,nonmetro,3.258265,True
OH,Ohio,Medina,39103,184042,145211,3.200000,"( 2.8,  3.8)",2.500000,"( 2.2,  2.9)",39,0,0,0,0,0,0,False,0.000000,0.000000,False,0.000000,0.000000,False,False,False,1.000000,5,39103,84.000000,True,metro,16.929911,True
OH,Ohio,Meigs,39105,21767,17309,5.000000,"( 4.4,  5.6)",3.800000,"( 3.4,  4.3)",39,0,0,0,0,0,0,False,0.000000,0.000000,False,0.000000,0.000000,True,True,True,5.000000,3,39105,20.000000,True,nonmetro,53.569565,True
OH,Ohio,Mercer,39107,42439,31313,3.500000,"( 3.0,  3.9)",2.700000,"( 2.4,  3.1)",39,0,0,0,0,0,0,False,0.000000,0.000000,False,0.000000,0.000000,False,False,False,2.000000,4,39107,18.000000,True,nonmetro,46.109430,True
OH,Ohio,Miami,39109,110876,85630,3.500000,"( 3.1,  4.0)",2.800000,"( 2.5,  3.2)",39,0,0,0,0,0,0,False,0.000000,0.000000,False,0.000000,0.000000,False,False,False,2.000000,5,39109,126.000000,True,metro,19.946470,True
OH,Ohio,Monroe,39111,13153,10468,4.800000,"( 4.2,  5.4)",3.500000,"( 3.1,  3.9)",39,0,0,0,0,0,0,False,0.000000,0.000000,False,0.000000,0.000000,True,True,True,5.000000,2,39111,,False,nonmetro,59.733080,True
OH,Ohio,Montgomery,39113,533796,415836,3.900000,"( 3.4,  4.3)",3.300000,"( 2.9,  3.7)",39,1,1,1,1,1,1,True,0.187337,0.240479,True,0.187337,0.240479,False,False,False,3.000000,5,39113,554.000000,True,metro,6.360744,True
OH,Ohio,Morgan,39115,13646,10828,4.600000,"( 4.1,  5.2)",3.500000,"( 3.1,  3.9)",39,0,0,0,0,0,0,False,0.000000,0.000000,False,0.000000,0.000000,True,True,True,4.000000,2,39115,11.000000,True,nonmetro,64.781702,True
OH,Ohio,Morrow,39117,35595,27894,3.800000,"( 3.3,  4.3)",3.000000,"( 2.7,  3.4)",39,0,0,0,0,0,0,False,0.000000,0.000000,False,0.000000,0.000000,False,False,False,2.000000,3,39117,17.000000,True,metro,19.236176,True
OH,Ohio,Muskingum,39119,86305,66808,3.900000,"( 3.4,  4.5)",3.300000,"( 2.8,  3.7)",39,0,0,0,0,0,0,False,0.000000,0.000000,False,0.000000,0.000000,False,False,True,3.000000,4,39119,48.000000,True,nonmetro,52.184221,True
OH,Ohio,Noble,39121,14311,11564,5.400000,"( 4.6,  6.2)",3.400000,"( 3.0,  3.8)",39,0,0,0,0,0,0,False,0.000000,0.000000,False,0.000000,0.000000,True,True,True,5.000000,2,39121,,False,nonmetro,71.175977,True
OH,Ohio,Ottawa,39123,39803,32975,3.900000,"( 3.3,  4.5)",2.700000,"( 2.3,  3.0)",39,0,0,0,0,0,0,False,0.000000,0.000000,False,0.000000,0.000000,False,False,False,3.000000,4,39123,28.000000,True,metro,26.491235,True
OH,Ohio,Paulding,39125,18706,14290,3.900000,"( 3.4,  4.5)",3.100000,"( 2.7,  3.5)",39,0,0,0,0,0,0,False,0.000000,0.000000,False,0.000000,0.000000,False,False,False,3.000000,2,39125,11.000000,True,nonmetro,28.386631,True
OH,Ohio,Perry,39127,35551,27260,4.000000,"( 3.5,  4.6)",3.300000,"( 2.9,  3.8)",39,0,0,0,0,0,0,False,0.000000,0.000000,False,0.000000,0.000000,False,False,True,3.000000,3,39127,14.000000,True,metro,42.996263,True
OH,Ohio,Pickaway,39129,61086,47959,3.500000,"( 3.0,  4.0)",3.100000,"( 2.7,  3.5)",39,0,0,0,0,0,0,False,0.000000,0.000000,False,0.000000,0.000000,False,False,False,2.000000,4,39129,28.000000,True,metro,20.836005,True
OH,Ohio,Pike,39131,27001,20683,4.800000,"( 4.2,  5.5)",3.900000,"( 3.4,  4.4)",39,0,0,0,0,0,0,False,0.000000,0.000000,False,0.000000,0.000000,True,True,True,5.000000,3,39131,16.000000,True,nonmetro,60.911432,True
OH,Ohio,Portage,39133,162665,133435,3.300000,"( 2.9,  3.7)",2.900000,"( 2.5,  3.3)",39,0,0,0,0,0,0,False,0.000000,0.000000,False,0.000000,0.000000,False,False,False,1.000000,5,39133,75.000000,True,metro,15.500783,True
OH,Ohio,Preble,39135,40556,31595,3.800000,"( 3.3,  4.3)",3.000000,"( 2.6,  3.3)",39,0,0,0,0,0,0,False,0.000000,0.000000,False,0.000000,0.000000,False,False,False,2.000000,4,39135,38.000000,True,nonmetro,15.759448,True
OH,Ohio,Putnam,39137,34199,25492,3.300000,"( 2.9,  3.8)",2.600000,"( 2.3,  3.0)",39,0,0,0,0,0,0,False,0.000000,0.000000,False,0.000000,0.000000,False,False,False,1.000000,3,39137,15.000000,True,nonmetro,43.957859,True
OH,Ohio,Richland,39139,125064,97954,4.100000,"( 3.6,  4.7)",3.400000,"( 3.0,  3.8)",39,0,0,0,0,0,0,False,0.000000,0.000000,False,0.000000,0.000000,True,True,True,3.000000,5,39139,70.000000,True,metro,30.341595,True
OH,Ohio,Ross,39141,76501,60465,4.100000,"( 3.6,  4.7)",3.400000,"( 3.0,  3.9)",39,0,0,0,0,0,0,False,0.000000,0.000000,False,0.000000,0.000000,True,True,True,3.000000,4,39141,52.000000,True,nonmetro,43.216322,True
OH,Ohio,Sandusky,39143,58709,46050,3.900000,"( 3.4,  4.4)",3.100000,"( 2.7,  3.4)",39,0,0,0,0,0,0,False,0.000000,0.000000,False,0.000000,0.000000,False,False,False,3.000000,4,39143,35.000000,True,nonmetro,32.331240,True
OH,Ohio,Scioto,39145,71969,56470,4.400000,"( 3.8,  5.0)",3.700000,"( 3.2,  4.2)",39,0,0,0,0,0,0,False,0.000000,0.000000,False,0.000000,0.000000,True,True,True,4.000000,4,39145,35.000000,True,nonmetro,74.752536,True
OH,Ohio,Seneca,39147,54527,42948,3.600000,"( 3.2,  4.1)",3.000000,"( 2.6,  3.4)",39,0,0,0,0,0,0,False,0.000000,0.000000,False,0.000000,0.000000,False,False,False,2.000000,4,39147,25.000000,True,nonmetro,34.763245,True
OH,Ohio,Shelby,39149,47765,36087,3.700000,"( 3.3,  4.3)",3.100000,"( 2.7,  3.5)",39,0,0,0,0,0,0,False,0.000000,0.000000,False,0.000000,0.000000,False,False,False,2.000000,4,39149,28.000000,True,nonmetro,38.977796,True
OH,Ohio,Stark,39151,372716,292739,3.900000,"( 3.4,  4.4)",3.100000,"( 2.7,  3.5)",39,2,2,1,2,2,1,True,0.536602,0.683202,True,0.536602,0.683202,False,False,False,3.000000,5,39151,222.000000,True,metro,6.968995,True
OH,Ohio,Summit,39153,535733,425767,3.600000,"( 3.2,  4.1)",3.000000,"( 2.6,  3.4)",39,3,3,3,3,3,3,True,0.559980,0.704611,True,0.559980,0.704611,False,False,False,2.000000,5,39153,301.000000,True,metro,6.724483,True
OH,Ohio,Trumbull,39155,200373,159197,4.400000,"( 3.9,  5.1)",3.400000,"( 3.0,  3.8)",39,0,0,0,0,0,0,False,0.000000,0.000000,False,0.000000,0.000000,True,True,True,4.000000,5,39155,149.000000,True,metro,41.315419,True
OH,Ohio,Tuscarawas,39157,91874,70742,4.000000,"( 3.5,  4.6)",3.200000,"( 2.8,  3.6)",39,0,0,0,0,0,0,False,0.000000,0.000000,False,0.000000,0.000000,False,False,True,3.000000,4,39157,60.000000,True,nonmetro,22.918449,True
OH,Ohio,Union,39159,69637,53037,2.600000,"( 2.2,  2.9)",2.400000,"( 2.1,  2.8)",39,0,0,0,0,0,0,False,0.000000,0.000000,False,0.000000,0.000000,False,False,False,1.000000,4,39159,21.000000,True,metro,22.833463,True
OH,Ohio,Van Wert,39161,28704,22097,3.700000,"( 3.3,  4.2)",2.900000,"( 2.6,  3.3)",39,0,0,0,0,0,0,False,0.000000,0.000000,False,0.000000,0.000000,False,False,False,2.000000,3,39161,18.000000,True,nonmetro,35.159716,True
OH,Ohio,Vinton,39163,12474,9815,4.400000,"( 3.8,  5.0)",3.500000,"( 3.1,  4.0)",39,0,0,0,0,0,0,False,0.000000,0.000000,False,0.000000,0.000000,True,True,True,4.000000,2,39163,,False,nonmetro,56.331446,True
OH,Ohio,Warren,39165,252148,192654,2.800000,"( 2.4,  3.2)",2.400000,"( 2.1,  2.7)",39,0,0,0,0,0,0,False,0.000000,0.000000,False,0.000000,0.000000,False,False,False,1.000000,5,39165,177.000000,True,metro,18.915298,True
OH,Ohio,Washington,39167,58577,47177,4.100000,"( 3.6,  4.6)",3.100000,"( 2.7,  3.5)",39,0,0,0,0,0,0,False,0.000000,0.000000,False,0.000000,0.000000,True,True,False,3.000000,4,39167,35.000000,True,nonmetro,72.661246,True
OH,Ohio,Wayne,39169,116510,88780,3.700000,"( 3.2,  4.2)",3.000000,"( 2.6,  3.4)",39,1,1,1,1,1,1,True,0.858295,1.126380,True,0.858295,1.126380,False,False,False,2.000000,5,39169,62.000000,True,nonmetro,7.674740,True
OH,Ohio,Williams,39171,36591,28607,4.000000,"( 3.5,  4.5)",3.200000,"( 2.8,  3.6)",39,0,0,0,0,0,0,False,0.000000,0.000000,False,0.000000,0.000000,False,False,True,3.000000,3,39171,21.000000,True,nonmetro,39.592536,True
OH,Ohio,Wood,39173,132650,106092,2.900000,"( 2.5,  3.4)",2.800000,"( 2.4,  3.2)",39,0,0,0,0,0,0,False,0.000000,0.000000,False,0.000000,0.000000,False,False,False,1.000000,5,39173,57.000000,True,metro,10.008424,True
OH,Ohio,Wyandot,39175,21457,16768,3.600000,"( 3.2,  4.1)",2.800000,"( 2.5,  3.2)",39,0,0,0,0,0,0,False,0.000000,0.000000,False,0.000000,0.000000,False,False,False,2.000000,3,39175,16.000000,True,nonmetro,21.518867,True
OK,Oklahoma,Adair,40001,19627,14357,5.300000,"( 4.8,  5.8)",4.600000,"( 4.2,  5.0)",40,0,0,0,0,0,0,False,0.000000,0.000000,False,0.000000,0.000000,True,True,True,5.000000,3,40001,12.000000,True,nonmetro,78.437643,True
OK,Oklahoma,Alfalfa,40003,5673,4620,4.000000,"( 3.5,  4.6)",3.200000,"( 2.8,  3.7)",40,0,0,0,0,0,0,False,0.000000,0.000000,False,0.000000,0.000000,False,False,True,3.000000,1,40003,,False,nonmetro,85.111833,True
OK,Oklahoma,Atoka,40005,14525,11475,4.600000,"( 4.1,  5.2)",3.900000,"( 3.5,  4.4)",40,0,0,0,0,0,0,False,0.000000,0.000000,False,0.000000,0.000000,True,True,True,4.000000,2,40005,,False,nonmetro,83.936367,True
OK,Oklahoma,Beaver,40007,5018,3798,4.100000,"( 3.6,  4.7)",3.200000,"( 2.8,  3.6)",40,0,0,0,0,0,0,False,0.000000,0.000000,False,0.000000,0.000000,True,True,True,3.000000,1,40007,,False,nonmetro,129.826975,True
OK,Oklahoma,Beckham,40009,22042,16887,4.000000,"( 3.5,  4.6)",3.800000,"( 3.3,  4.2)",40,0,0,0,0,0,0,False,0.000000,0.000000,False,0.000000,0.000000,False,False,True,3.000000,3,40009,,False,nonmetro,110.900750,True
OK,Oklahoma,Blaine,40011,8539,6321,4.300000,"( 3.8,  4.9)",3.400000,"( 3.0,  3.8)",40,0,0,0,0,0,0,False,0.000000,0.000000,False,0.000000,0.000000,True,True,True,4.000000,1,40011,,False,nonmetro,59.671409,True
OK,Oklahoma,Bryan,40013,48967,37465,4.200000,"( 3.6,  4.7)",3.700000,"( 3.2,  4.1)",40,0,0,0,0,0,0,False,0.000000,0.000000,False,0.000000,0.000000,True,True,True,3.000000,4,40013,26.000000,True,nonmetro,55.963242,True
OK,Oklahoma,Caddo,40015,26214,20174,4.300000,"( 3.9,  4.8)",4.000000,"( 3.6,  4.4)",40,0,0,0,0,0,0,False,0.000000,0.000000,False,0.000000,0.000000,True,True,True,4.000000,3,40015,13.000000,True,nonmetro,52.460060,True
OK,Oklahoma,Canadian,40017,175829,131131,2.800000,"( 2.5,  3.2)",2.700000,"( 2.4,  3.1)",40,0,0,0,0,0,0,False,0.000000,0.000000,False,0.000000,0.000000,False,False,False,1.000000,5,40017,51.000000,True,metro,15.037510,True
OK,Oklahoma,Carter,40019,48596,36523,4.000000,"( 3.6,  4.6)",3.500000,"( 3.1,  3.9)",40,0,0,0,0,0,0,False,0.000000,0.000000,False,0.000000,0.000000,False,False,True,3.000000,4,40019,25.000000,True,nonmetro,75.686277,True
OK,Oklahoma,Cherokee,40021,48185,37972,4.200000,"( 3.8,  4.7)",3.800000,"( 3.4,  4.2)",40,0,0,0,0,0,0,False,0.000000,0.000000,False,0.000000,0.000000,True,True,True,3.000000,4,40021,23.000000,True,nonmetro,58.611529,True
OK,Oklahoma,Choctaw,40023,14276,10723,5.300000,"( 4.8,  5.9)",4.100000,"( 3.7,  4.5)",40,0,0,0,0,0,0,False,0.000000,0.000000,False,0.000000,0.000000,True,True,True,5.000000,2,40023,,False,nonmetro,84.688827,True
OK,Oklahoma,Cimarron,40025,2191,1605,4.100000,"( 3.5,  4.8)",2.800000,"( 2.4,  3.2)",40,0,0,0,0,0,0,False,0.000000,0.000000,False,0.000000,0.000000,True,True,False,3.000000,1,40025,,False,nonmetro,110.915301,True
OK,Oklahoma,Cleveland,40027,301193,240814,3.000000,"( 2.6,  3.4)",2.900000,"( 2.6,  3.3)",40,0,0,0,0,0,0,False,0.000000,0.000000,False,0.000000,0.000000,False,False,False,1.000000,5,40027,97.000000,True,metro,14.833296,True
OK,Oklahoma,Coal,40029,5266,4013,5.400000,"( 4.9,  6.1)",4.300000,"( 3.9,  4.7)",40,0,0,0,0,0,0,False,0.000000,0.000000,False,0.000000,0.000000,True,True,True,5.000000,1,40029,,False,nonmetro,92.902393,True
OK,Oklahoma,Comanche,40031,121574,92715,3.600000,"( 3.2,  4.0)",3.500000,"( 3.2,  3.9)",40,0,0,0,0,0,0,False,0.000000,0.000000,False,0.000000,0.000000,False,False,True,2.000000,5,40031,39.000000,True,metro,77.115566,True
OK,Oklahoma,Cotton,40033,5427,4179,4.700000,"( 4.1,  5.3)",3.600000,"( 3.2,  4.1)",40,0,0,0,0,0,0,False,0.000000,0.000000,False,0.000000,0.000000,True,True,True,4.000000,1,40033,,False,metro,92.217368,True
OK,Oklahoma,Craig,40035,14494,11115,5.100000,"( 4.5,  5.7)",4.100000,"( 3.7,  4.5)",40,0,0,0,0,0,0,False,0.000000,0.000000,False,0.000000,0.000000,True,True,True,5.000000,2,40035,,False,nonmetro,59.275524,True
OK,Oklahoma,Creek,40037,73332,56335,4.100000,"( 3.6,  4.6)",3.300000,"( 3.0,  3.8)",40,0,0,0,0,0,0,False,0.000000,0.000000,False,0.000000,0.000000,True,True,True,3.000000,4,40037,45.000000,True,metro,19.173384,True
OK,Oklahoma,Custer,40039,28266,21204,3.400000,"( 3.0,  3.9)",3.400000,"( 3.0,  3.8)",40,0,0,0,0,0,0,False,0.000000,0.000000,False,0.000000,0.000000,False,False,True,1.000000,3,40039,13.000000,True,nonmetro,74.103043,True
OK,Oklahoma,Delaware,40041,41703,33484,5.300000,"( 4.7,  5.9)",3.800000,"( 3.4,  4.2)",40,0,0,0,0,0,0,False,0.000000,0.000000,False,0.000000,0.000000,True,True,True,5.000000,4,40041,29.000000,True,nonmetro,71.046838,True
OK,Oklahoma,Dewey,40043,4286,3145,4.100000,"( 3.6,  4.7)",3.300000,"( 2.9,  3.7)",40,0,0,0,0,0,0,False,0.000000,0.000000,False,0.000000,0.000000,True,True,True,3.000000,1,40043,,False,nonmetro,96.625934,True
OK,Oklahoma,Ellis,40045,3648,2849,4.400000,"( 3.8,  5.0)",3.200000,"( 2.8,  3.6)",40,0,0,0,0,0,0,False,0.000000,0.000000,False,0.000000,0.000000,True,True,True,4.000000,1,40045,,False,nonmetro,135.407913,True
OK,Oklahoma,Garfield,40047,62023,46027,3.700000,"( 3.3,  4.2)",3.200000,"( 2.9,  3.7)",40,0,0,0,0,0,0,False,0.000000,0.000000,False,0.000000,0.000000,False,False,True,2.000000,4,40047,28.000000,True,metro,67.600187,True
OK,Oklahoma,Garvin,40049,25865,19354,4.200000,"( 3.7,  4.8)",3.500000,"( 3.1,  4.0)",40,0,0,0,0,0,0,False,0.000000,0.000000,False,0.000000,0.000000,True,True,True,3.000000,3,40049,16.000000,True,nonmetro,53.045479,True
OK,Oklahoma,Grady,40051,57375,44065,3.600000,"( 3.1,  4.0)",3.100000,"( 2.7,  3.5)",40,0,0,0,0,0,0,False,0.000000,0.000000,False,0.000000,0.000000,False,False,False,2.000000,4,40051,20.000000,True,metro,31.300988,True
OK,Oklahoma,Grant,40053,4083,3090,4.300000,"( 3.7,  4.9)",3.200000,"( 2.8,  3.6)",40,0,0,0,0,0,0,False,0.000000,0.000000,False,0.000000,0.000000,True,True,True,4.000000,1,40053,,False,nonmetro,68.806667,True
OK,Oklahoma,Greer,40055,5466,4363,3.900000,"( 3.4,  4.4)",3.400000,"( 3.0,  3.8)",40,0,0,0,0,0,0,False,0.000000,0.000000,False,0.000000,0.000000,False,False,True,3.000000,1,40055,,False,nonmetro,116.507455,True
OK,Oklahoma,Harmon,40057,2392,1769,4.800000,"( 4.3,  5.5)",3.700000,"( 3.4,  4.2)",40,0,0,0,0,0,0,False,0.000000,0.000000,False,0.000000,0.000000,True,True,True,5.000000,1,40057,,False,nonmetro,115.413368,True
OK,Oklahoma,Harper,40059,3190,2450,4.100000,"( 3.6,  4.8)",3.200000,"( 2.8,  3.7)",40,0,0,0,0,0,0,False,0.000000,0.000000,False,0.000000,0.000000,True,True,True,3.000000,1,40059,,False,nonmetro,144.799538,True
OK,Oklahoma,Haskell,40061,11832,9053,4.900000,"( 4.3,  5.4)",3.800000,"( 3.4,  4.2)",40,0,0,0,0,0,0,False,0.000000,0.000000,False,0.000000,0.000000,True,True,True,5.000000,2,40061,,False,nonmetro,80.098951,True
OK,Oklahoma,Hughes,40063,13436,10505,4.700000,"( 4.2,  5.3)",4.000000,"( 3.6,  4.5)",40,0,0,0,0,0,0,False,0.000000,0.000000,False,0.000000,0.000000,True,True,True,4.000000,2,40063,,False,nonmetro,70.408989,True
OK,Oklahoma,Jackson,40065,24669,18482,3.700000,"( 3.3,  4.2)",3.400000,"( 3.0,  3.8)",40,0,0,0,0,0,0,False,0.000000,0.000000,False,0.000000,0.000000,False,False,True,2.000000,3,40065,11.000000,True,nonmetro,116.934648,True
OK,Oklahoma,Jefferson,40067,5347,4030,5.100000,"( 4.5,  5.7)",3.900000,"( 3.5,  4.4)",40,0,0,0,0,0,0,False,0.000000,0.000000,False,0.000000,0.000000,True,True,True,5.000000,1,40067,,False,nonmetro,91.932383,True
OK,Oklahoma,Johnston,40069,10216,7851,4.800000,"( 4.2,  5.4)",4.000000,"( 3.6,  4.5)",40,0,0,0,0,0,0,False,0.000000,0.000000,False,0.000000,0.000000,True,True,True,5.000000,2,40069,,False,nonmetro,73.923994,True
OK,Oklahoma,Kay,40071,43641,32842,4.300000,"( 3.8,  4.9)",3.500000,"( 3.2,  4.0)",40,0,0,0,0,0,0,False,0.000000,0.000000,False,0.000000,0.000000,True,True,True,4.000000,4,40071,19.000000,True,nonmetro,66.776647,True
OK,Oklahoma,Kingfisher,40073,15481,11404,3.600000,"( 3.1,  4.1)",3.000000,"( 2.7,  3.4)",40,0,0,0,0,0,0,False,0.000000,0.000000,False,0.000000,0.000000,False,False,False,2.000000,2,40073,,False,nonmetro,38.249635,True
OK,Oklahoma,Kiowa,40075,8398,6366,5.100000,"( 4.5,  5.7)",3.900000,"( 3.5,  4.4)",40,0,0,0,0,0,0,False,0.000000,0.000000,False,0.000000,0.000000,True,True,True,5.000000,1,40075,,False,nonmetro,92.688535,True
OK,Oklahoma,Latimer,40077,9526,7375,5.500000,"( 4.9,  6.1)",4.200000,"( 3.8,  4.7)",40,0,0,0,0,0,0,False,0.000000,0.000000,False,0.000000,0.000000,True,True,True,5.000000,2,40077,,False,nonmetro,97.348136,True
OK,Oklahoma,Le Flore,40079,49596,37373,4.700000,"( 4.1,  5.2)",3.900000,"( 3.5,  4.4)",40,0,0,0,0,0,0,False,0.000000,0.000000,False,0.000000,0.000000,True,True,True,4.000000,4,40079,31.000000,True,nonmetro,107.557903,True
OK,Oklahoma,Lincoln,40081,34562,26523,4.300000,"( 3.9,  4.9)",3.500000,"( 3.1,  3.9)",40,0,0,0,0,0,0,False,0.000000,0.000000,False,0.000000,0.000000,True,True,True,4.000000,3,40081,18.000000,True,metro,38.035086,True
OK,Oklahoma,Logan,40083,53029,41523,3.500000,"( 3.1,  4.0)",3.000000,"( 2.7,  3.4)",40,0,0,0,0,0,0,False,0.000000,0.000000,False,0.000000,0.000000,False,False,False,2.000000,4,40083,23.000000,True,metro,25.256299,True
OK,Oklahoma,Love,40085,10296,7849,4.300000,"( 3.8,  4.8)",3.500000,"( 3.1,  3.9)",40,0,0,0,0,0,0,False,0.000000,0.000000,False,0.000000,0.000000,True,True,True,4.000000,2,40085,,False,nonmetro,59.583125,True
OK,Oklahoma,McClain,40087,47072,35436,3.300000,"( 2.9,  3.8)",2.900000,"( 2.6,  3.3)",40,0,0,0,0,0,0,False,0.000000,0.000000,False,0.000000,0.000000,False,False,False,1.000000,4,40087,21.000000,True,metro,25.850648,True
OK,Oklahoma,McCurtain,40089,30660,22566,4.800000,"( 4.2,  5.3)",4.000000,"( 3.6,  4.5)",40,0,0,0,0,0,0,False,0.000000,0.000000,False,0.000000,0.000000,True,True,True,5.000000,3,40089,19.000000,True,nonmetro,103.425860,True
OK,Oklahoma,McIntosh,40091,19603,15584,5.600000,"( 5.0,  6.3)",4.100000,"( 3.6,  4.5)",40,0,0,0,0,0,0,False,0.000000,0.000000,False,0.000000,0.000000,True,True,True,5.000000,3,40091,14.000000,True,nonmetro,58.183296,True
OK,Oklahoma,Major,40093,7581,5641,4.100000,"( 3.6,  4.7)",3.100000,"( 2.7,  3.5)",40,0,0,0,0,0,0,False,0.000000,0.000000,False,0.000000,0.000000,True,True,False,3.000000,1,40093,,False,nonmetro,77.444293,True
OK,Oklahoma,Marshall,40095,15970,12272,4.800000,"( 4.3,  5.5)",3.600000,"( 3.2,  4.0)",40,0,0,0,0,0,0,False,0.000000,0.000000,False,0.000000,0.000000,True,True,True,5.000000,2,40095,,False,nonmetro,57.274890,True
OK,Oklahoma,Mayes,40097,39889,30559,4.500000,"( 4.0,  5.0)",3.700000,"( 3.3,  4.1)",40,0,0,0,0,0,0,False,0.000000,0.000000,False,0.000000,0.000000,True,True,True,4.000000,4,40097,25.000000,True,nonmetro,43.279267,True
OK,Oklahoma,Murray,40099,13754,10683,4.400000,"( 3.9,  4.9)",3.400000,"( 3.0,  3.8)",40,0,0,0,0,0,0,False,0.000000,0.000000,False,0.000000,0.000000,True,True,True,4.000000,2,40099,,False,nonmetro,71.985362,True
OK,Oklahoma,Muskogee,40101,66677,50493,4.600000,"( 4.1,  5.1)",4.000000,"( 3.6,  4.5)",40,0,0,0,0,0,0,False,0.000000,0.000000,False,0.000000,0.000000,True,True,True,4.000000,4,40101,44.000000,True,nonmetro,46.766519,True
OK,Oklahoma,Noble,40103,10832,8403,4.100000,"( 3.6,  4.7)",3.200000,"( 2.8,  3.5)",40,0,0,0,0,0,0,False,0.000000,0.000000,False,0.000000,0.000000,True,True,True,3.000000,2,40103,,False,nonmetro,59.860927,True
OK,Oklahoma,Nowata,40105,9438,7235,4.700000,"( 4.2,  5.2)",3.700000,"( 3.3,  4.1)",40,0,0,0,0,0,0,False,0.000000,0.000000,False,0.000000,0.000000,True,True,True,4.000000,2,40105,,False,nonmetro,47.410481,True
OK,Oklahoma,Okfuskee,40107,11300,8773,5.400000,"( 4.8,  6.0)",4.500000,"( 4.0,  5.0)",40,0,0,0,0,0,0,False,0.000000,0.000000,False,0.000000,0.000000,True,True,True,5.000000,2,40107,11.000000,True,nonmetro,52.916075,True
OK,Oklahoma,Oklahoma,40109,808866,605014,3.500000,"( 3.1,  3.9)",3.300000,"( 2.9,  3.7)",40,9,8,8,9,8,8,True,1.112669,1.487569,True,1.112669,1.487569,False,False,False,2.000000,5,40109,334.000000,True,metro,8.325577,True
OK,Oklahoma,Okmulgee,40111,37035,28317,4.600000,"( 4.1,  5.1)",3.900000,"( 3.5,  4.3)",40,0,0,0,0,0,0,False,0.000000,0.000000,False,0.000000,0.000000,True,True,True,4.000000,4,40111,20.000000,True,metro,37.241617,True
OK,Oklahoma,Osage,40113,46130,36541,4.500000,"( 4.1,  5.1)",3.500000,"( 3.2,  3.9)",40,0,0,0,0,0,0,False,0.000000,0.000000,False,0.000000,0.000000,True,True,True,4.000000,4,40113,18.000000,True,metro,23.786931,True
OK,Oklahoma,Ottawa,40115,30287,22537,4.700000,"( 4.2,  5.3)",4.000000,"( 3.6,  4.5)",40,0,0,0,0,0,0,False,0.000000,0.000000,False,0.000000,0.000000,True,True,True,4.000000,3,40115,23.000000,True,nonmetro,79.847165,True
OK,Oklahoma,Pawnee,40117,15864,12110,4.400000,"( 3.9,  5.0)",3.500000,"( 3.1,  3.9)",40,0,0,0,0,0,0,False,0.000000,0.000000,False,0.000000,0.000000,True,True,True,4.000000,2,40117,11.000000,True,metro,31.620449,True
OK,Oklahoma,Payne,40119,83352,68128,2.900000,"( 2.6,  3.3)",3.400000,"( 3.0,  3.8)",40,0,0,0,0,0,0,False,0.000000,0.000000,False,0.000000,0.000000,False,False,True,1.000000,4,40119,30.000000,True,nonmetro,49.913692,True
OK,Oklahoma,Pittsburg,40121,43479,33556,4.500000,"( 4.0,  5.1)",3.600000,"( 3.3,  4.1)",40,0,0,0,0,0,0,False,0.000000,0.000000,False,0.000000,0.000000,True,True,True,4.000000,4,40121,26.000000,True,nonmetro,84.469771,True
OK,Oklahoma,Pontotoc,40123,38396,28720,3.800000,"( 3.3,  4.2)",3.200000,"( 2.9,  3.6)",40,0,0,0,0,0,0,False,0.000000,0.000000,False,0.000000,0.000000,False,False,True,2.000000,4,40123,19.000000,True,nonmetro,67.699276,True
OK,Oklahoma,Pottawatomie,40125,73791,56848,3.900000,"( 3.5,  4.4)",3.500000,"( 3.1,  3.9)",40,0,0,0,0,0,0,False,0.000000,0.000000,False,0.000000,0.000000,False,False,True,3.000000,4,40125,42.000000,True,nonmetro,33.786956,True
OK,Oklahoma,Pushmataha,40127,10800,8446,5.600000,"( 5.0,  6.3)",4.200000,"( 3.8,  4.7)",40,0,0,0,0,0,0,False,0.000000,0.000000,False,0.000000,0.000000,True,True,True,5.000000,2,40127,,False,nonmetro,100.105915,True
OK,Oklahoma,Roger Mills,40129,3295,2502,4.500000,"( 3.9,  5.1)",3.400000,"( 2.9,  3.8)",40,0,0,0,0,0,0,False,0.000000,0.000000,False,0.000000,0.000000,True,True,True,4.000000,1,40129,,False,nonmetro,120.979847,True
OK,Oklahoma,Rogers,40131,100248,77057,3.600000,"( 3.2,  4.0)",3.000000,"( 2.7,  3.4)",40,0,0,0,0,0,0,False,0.000000,0.000000,False,0.000000,0.000000,False,False,False,2.000000,5,40131,45.000000,True,metro,22.789972,True
OK,Oklahoma,Seminole,40133,23565,17848,5.000000,"( 4.5,  5.6)",4.200000,"( 3.7,  4.6)",40,0,0,0,0,0,0,False,0.000000,0.000000,False,0.000000,0.000000,True,True,True,5.000000,3,40133,13.000000,True,nonmetro,54.007693,True
OK,Oklahoma,Sequoyah,40135,40291,30639,5.100000,"( 4.6,  5.7)",4.200000,"( 3.8,  4.6)",40,0,0,0,0,0,0,False,0.000000,0.000000,False,0.000000,0.000000,True,True,True,5.000000,4,40135,25.000000,True,metro,85.338141,True
OK,Oklahoma,Stephens,40137,44014,33994,4.400000,"( 3.9,  5.0)",3.500000,"( 3.1,  3.9)",40,0,0,0,0,0,0,False,0.000000,0.000000,False,0.000000,0.000000,True,True,True,4.000000,4,40137,27.000000,True,nonmetro,70.066972,True
OK,Oklahoma,Texas,40139,20371,14549,3.500000,"( 3.1,  3.9)",3.500000,"( 3.1,  3.9)",40,0,0,0,0,0,0,False,0.000000,0.000000,False,0.000000,0.000000,False,False,True,2.000000,3,40139,,False,nonmetro,105.423216,True
OK,Oklahoma,Tillman,40141,6869,5259,4.700000,"( 4.1,  5.3)",3.600000,"( 3.2,  4.0)",40,0,0,0,0,0,0,False,0.000000,0.000000,False,0.000000,0.000000,True,True,True,4.000000,1,40141,,False,nonmetro,111.770580,True
OK,Oklahoma,Tulsa,40143,682868,513124,3.400000,"( 3.0,  3.9)",3.200000,"( 2.8,  3.6)",40,7,6,5,8,7,5,True,1.025088,1.364193,True,1.171529,1.559077,False,False,False,1.000000,5,40143,334.000000,True,metro,8.781807,True
OK,Oklahoma,Wagoner,40145,89280,68338,3.500000,"( 3.1,  3.9)",3.000000,"( 2.7,  3.4)",40,0,0,0,0,0,0,False,0.000000,0.000000,False,0.000000,0.000000,False,False,False,2.000000,4,40145,33.000000,True,metro,22.813906,True
OK,Oklahoma,Washington,40147,53706,40761,4.100000,"( 3.6,  4.7)",3.300000,"( 2.9,  3.7)",40,0,0,0,0,0,0,False,0.000000,0.000000,False,0.000000,0.000000,True,True,True,3.000000,4,40147,26.000000,True,nonmetro,39.845948,True
OK,Oklahoma,Washita,40149,10736,8159,4.100000,"( 3.6,  4.7)",3.300000,"( 2.8,  3.7)",40,0,0,0,0,0,0,False,0.000000,0.000000,False,0.000000,0.000000,True,True,True,3.000000,2,40149,,False,nonmetro,87.332391,True
OK,Oklahoma,Woods,40151,8564,6777,3.500000,"( 3.0,  4.0)",3.200000,"( 2.8,  3.6)",40,0,0,0,0,0,0,False,0.000000,0.000000,False,0.000000,0.000000,False,False,True,2.000000,1,40151,,False,nonmetro,98.026487,True
OK,Oklahoma,Woodward,40153,19947,15150,3.700000,"( 3.3,  4.2)",3.200000,"( 2.8,  3.6)",40,0,0,0,0,0,0,False,0.000000,0.000000,False,0.000000,0.000000,False,False,True,2.000000,3,40153,,False,nonmetro,123.606214,True
OR,Oregon,Baker,41001,16912,13632,4.400000,"( 3.8,  5.1)",3.000000,"( 2.6,  3.5)",41,0,0,0,0,0,0,False,0.000000,0.000000,False,0.000000,0.000000,True,True,False,4.000000,2,41001,16.000000,True,nonmetro,112.070654,True
OR,Oregon,Benton,41003,97713,82818,2.800000,"( 2.5,  3.3)",2.800000,"( 2.4,  3.1)",41,0,0,0,0,0,0,False,0.000000,0.000000,False,0.000000,0.000000,False,False,False,1.000000,5,41003,47.000000,True,metro,38.735209,True
OR,Oregon,Clackamas,41005,423173,336240,3.100000,"( 2.7,  3.5)",2.500000,"( 2.2,  2.8)",41,0,0,0,0,0,0,False,0.000000,0.000000,False,0.000000,0.000000,False,False,False,1.000000,5,41005,258.000000,True,metro,13.535499,True
OR,Oregon,Clatsop,41007,41102,33906,4.000000,"( 3.4,  4.6)",2.900000,"( 2.6,  3.3)",41,0,0,0,0,0,0,False,0.000000,0.000000,False,0.000000,0.000000,False,False,False,3.000000,4,41007,26.000000,True,nonmetro,69.087583,True
OR,Oregon,Columbia,41009,53880,43031,3.700000,"( 3.2,  4.2)",2.900000,"( 2.6,  3.3)",41,0,0,0,0,0,0,False,0.000000,0.000000,False,0.000000,0.000000,False,False,False,2.000000,4,41009,32.000000,True,metro,28.440585,True
OR,Oregon,Coos,41011,64212,53139,4.700000,"( 4.1,  5.4)",3.300000,"( 2.9,  3.7)",41,0,0,0,0,0,0,False,0.000000,0.000000,False,0.000000,0.000000,True,True,True,4.000000,4,41011,52.000000,True,nonmetro,79.605129,True
OR,Oregon,Crook,41013,26952,21698,3.900000,"( 3.4,  4.5)",2.800000,"( 2.5,  3.2)",41,0,0,0,0,0,0,False,0.000000,0.000000,False,0.000000,0.000000,False,False,False,3.000000,3,41013,15.000000,True,metro,109.285245,True
OR,Oregon,Curry,41015,23296,20052,5.200000,"( 4.5,  6.0)",3.100000,"( 2.7,  3.5)",41,0,0,0,0,0,0,False,0.000000,0.000000,False,0.000000,0.000000,True,True,False,5.000000,3,41015,22.000000,True,nonmetro,134.960861,True
OR,Oregon,Deschutes,41017,208513,169747,3.200000,"( 2.7,  3.7)",2.500000,"( 2.2,  2.9)",41,0,0,0,0,0,0,False,0.000000,0.000000,False,0.000000,0.000000,False,False,False,1.000000,5,41017,108.000000,True,metro,85.890691,True
OR,Oregon,Douglas,41019,112435,90938,4.500000,"( 4.0,  5.2)",3.200000,"( 2.9,  3.6)",41,0,0,0,0,0,0,False,0.000000,0.000000,False,0.000000,0.000000,True,True,True,4.000000,5,41019,94.000000,True,nonmetro,60.008330,True
OR,Oregon,Gilliam,41021,2026,1628,4.900000,"( 4.1,  5.7)",3.200000,"( 2.8,  3.7)",41,0,0,0,0,0,0,False,0.000000,0.000000,False,0.000000,0.000000,True,True,True,5.000000,1,41021,,False,nonmetro,120.194976,True
OR,Oregon,Grant,41023,7215,5880,4.900000,"( 4.3,  5.7)",3.200000,"( 2.8,  3.6)",41,0,0,0,0,0,0,False,0.000000,0.000000,False,0.000000,0.000000,True,True,True,5.000000,1,41023,,False,nonmetro,150.818894,True
OR,Oregon,Harney,41025,7440,5975,4.900000,"( 4.4,  5.6)",3.400000,"( 3.1,  3.9)",41,0,0,0,0,0,0,False,0.000000,0.000000,False,0.000000,0.000000,True,True,True,5.000000,1,41025,,False,nonmetro,139.660425,True
OR,Oregon,Hood River,41027,23745,18605,3.200000,"( 2.8,  3.7)",2.700000,"( 2.3,  3.1)",41,0,0,0,0,0,0,False,0.000000,0.000000,False,0.000000,0.000000,False,False,False,1.000000,3,41027,12.000000,True,nonmetro,54.584174,True
OR,Oregon,Jackson,41029,220768,176206,3.800000,"( 3.3,  4.4)",2.900000,"( 2.5,  3.3)",41,0,0,0,0,0,0,False,0.000000,0.000000,False,0.000000,0.000000,False,False,False,2.000000,5,41029,144.000000,True,metro,115.158273,True
OR,Oregon,Jefferson,41031,25454,19812,3.900000,"( 3.5,  4.4)",3.200000,"( 2.8,  3.6)",41,0,0,0,0,0,0,False,0.000000,0.000000,False,0.000000,0.000000,False,False,True,3.000000,3,41031,14.000000,True,metro,94.387065,True
OR,Oregon,Josephine,41033,87821,70969,4.900000,"( 4.2,  5.5)",3.400000,"( 3.0,  3.8)",41,0,0,0,0,0,0,False,0.000000,0.000000,False,0.000000,0.000000,True,True,True,5.000000,4,41033,71.000000,True,metro,113.967856,True
OR,Oregon,Klamath,41035,70003,54838,4.300000,"( 3.8,  4.9)",3.300000,"( 3.0,  3.8)",41,0,0,0,0,0,0,False,0.000000,0.000000,False,0.000000,0.000000,True,True,True,4.000000,4,41035,51.000000,True,nonmetro,115.426280,True
OR,Oregon,Lake,41037,8293,6626,4.700000,"( 4.1,  5.4)",3.400000,"( 3.0,  3.8)",41,0,0,0,0,0,0,False,0.000000,0.000000,False,0.000000,0.000000,True,True,True,4.000000,1,41037,,False,nonmetro,146.637420,True
OR,Oregon,Lane,41039,381181,315520,3.600000,"( 3.1,  4.0)",3.000000,"( 2.6,  3.4)",41,1,1,1,1,1,1,True,0.262343,0.316937,True,0.262343,0.316937,False,False,False,2.000000,5,41039,231.000000,True,metro,9.407078,True
OR,Oregon,Lincoln,41041,50821,43034,4.700000,"( 4.0,  5.4)",3.100000,"( 2.7,  3.5)",41,0,0,0,0,0,0,False,0.000000,0.000000,False,0.000000,0.000000,True,True,False,4.000000,4,41041,58.000000,True,nonmetro,66.080497,True
OR,Oregon,Linn,41043,131496,102778,3.700000,"( 3.2,  4.2)",3.100000,"( 2.7,  3.4)",41,0,0,0,0,0,0,False,0.000000,0.000000,False,0.000000,0.000000,False,False,False,2.000000,5,41043,110.000000,True,metro,36.315648,True
OR,Oregon,Malheur,41045,32044,23797,4.000000,"( 3.6,  4.6)",3.600000,"( 3.1,  4.0)",41,0,0,0,0,0,0,False,0.000000,0.000000,False,0.000000,0.000000,False,False,True,3.000000,3,41045,17.000000,True,nonmetro,49.841836,True
OR,Oregon,Marion,41047,346741,266110,3.500000,"( 3.0,  3.9)",3.100000,"( 2.7,  3.5)",41,0,0,0,0,0,0,False,0.000000,0.000000,False,0.000000,0.000000,False,False,False,2.000000,5,41047,192.000000,True,metro,41.298585,True
OR,Oregon,Morrow,41049,12302,8929,4.100000,"( 3.7,  4.7)",3.600000,"( 3.2,  4.0)",41,0,0,0,0,0,0,False,0.000000,0.000000,False,0.000000,0.000000,True,True,True,3.000000,2,41049,,False,nonmetro,149.169848,True
OR,Oregon,Multnomah,41051,789698,653269,2.700000,"( 2.4,  3.1)",2.700000,"( 2.4,  3.1)",41,9,8,6,10,9,7,True,1.139676,1.377687,True,1.266307,1.530763,False,False,False,1.000000,5,41051,379.000000,True,metro,5.818501,True
OR,Oregon,Polk,41053,89805,70598,3.400000,"( 2.9,  3.8)",2.900000,"( 2.5,  3.3)",41,0,0,0,0,0,0,False,0.000000,0.000000,False,0.000000,0.000000,False,False,False,1.000000,4,41053,54.000000,True,metro,49.219984,True
OR,Oregon,Sherman,41055,1951,1533,4.700000,"( 4.1,  5.4)",3.300000,"( 2.9,  3.7)",41,0,0,0,0,0,0,False,0.000000,0.000000,False,0.000000,0.000000,True,True,True,4.000000,1,41055,,False,nonmetro,94.628213,True
OR,Oregon,Tillamook,41057,27417,22499,4.300000,"( 3.7,  5.0)",3.000000,"( 2.6,  3.4)",41,0,0,0,0,0,0,False,0.000000,0.000000,False,0.000000,0.000000,True,True,False,4.000000,3,41057,25.000000,True,nonmetro,58.259222,True
OR,Oregon,Umatilla,41059,80053,60628,3.600000,"( 3.2,  4.1)",3.200000,"( 2.9,  3.6)",41,0,0,0,0,0,0,False,0.000000,0.000000,False,0.000000,0.000000,False,False,True,2.000000,4,41059,33.000000,True,nonmetro,162.628685,True
OR,Oregon,Union,41061,25944,20317,3.900000,"( 3.4,  4.5)",3.100000,"( 2.7,  3.6)",41,0,0,0,0,0,0,False,0.000000,0.000000,False,0.000000,0.000000,False,False,False,3.000000,3,41061,21.000000,True,nonmetro,148.823826,True
OR,Oregon,Wallowa,41063,7674,6171,4.100000,"( 3.4,  4.8)",2.700000,"( 2.3,  3.2)",41,0,0,0,0,0,0,False,0.000000,0.000000,False,0.000000,0.000000,True,True,False,3.000000,1,41063,,False,nonmetro,137.586094,True
OR,Oregon,Wasco,41065,26333,20804,4.000000,"( 3.5,  4.6)",3.200000,"( 2.8,  3.6)",41,0,0,0,0,0,0,False,0.000000,0.000000,False,0.000000,0.000000,False,False,True,3.000000,3,41065,18.000000,True,nonmetro,71.945792,True
OR,Oregon,Washington,41067,598865,472361,2.600000,"( 2.3,  3.0)",2.400000,"( 2.1,  2.8)",41,0,0,0,0,0,0,False,0.000000,0.000000,False,0.000000,0.000000,False,False,False,1.000000,5,41067,235.000000,True,metro,10.763435,True
OR,Oregon,Wheeler,41069,1436,1267,5.600000,"( 4.9,  6.4)",3.300000,"( 2.9,  3.7)",41,0,0,0,0,0,0,False,0.000000,0.000000,False,0.000000,0.000000,True,True,True,5.000000,1,41069,,False,nonmetro,134.631238,True
OR,Oregon,Yamhill,41071,108644,86173,3.300000,"( 2.8,  3.8)",2.800000,"( 2.5,  3.2)",41,0,0,0,0,0,0,False,0.000000,0.000000,False,0.000000,0.000000,False,False,False,1.000000,5,41071,74.000000,True,metro,29.879751,True
PA,Pennsylvania,Adams,42001,106748,86261,,,,,42,0,0,0,0,0,0,False,0.000000,0.000000,False,0.000000,0.000000,,,,,5,42001,45.000000,True,metro,24.628548,True
PA,Pennsylvania,Allegheny,42003,1224825,998667,,,,,42,24,23,10,26,25,12,True,1.959464,2.403203,True,2.122752,2.603470,,,,,5,42003,629.000000,True,metro,7.597311,True
PA,Pennsylvania,Armstrong,42005,64074,52021,,,,,42,0,0,0,0,0,0,False,0.000000,0.000000,False,0.000000,0.000000,,,,,4,42005,37.000000,True,metro,34.688118,True
PA,Pennsylvania,Beaver,42007,165631,133840,,,,,42,0,0,0,0,0,0,False,0.000000,0.000000,False,0.000000,0.000000,,,,,5,42007,105.000000,True,metro,23.656898,True
PA,Pennsylvania,Bedford,42009,47350,38115,,,,,42,0,0,0,0,0,0,False,0.000000,0.000000,False,0.000000,0.000000,,,,,4,42009,28.000000,True,nonmetro,62.816324,True
PA,Pennsylvania,Berks,42011,432821,338644,,,,,42,1,1,1,1,1,1,True,0.231042,0.295295,True,0.231042,0.295295,,,,,5,42011,253.000000,True,metro,7.145428,True
PA,Pennsylvania,Blair,42013,120273,96265,,,,,42,0,0,0,0,0,0,False,0.000000,0.000000,False,0.000000,0.000000,,,,,5,42013,63.000000,True,metro,83.952010,True
PA,Pennsylvania,Bradford,42015,59695,46501,,,,,42,0,0,0,0,0,0,False,0.000000,0.000000,False,0.000000,0.000000,,,,,4,42015,30.000000,True,nonmetro,84.721810,True
PA,Pennsylvania,Bucks,42017,645984,518476,,,,,42,0,0,0,1,1,1,False,0.000000,0.000000,True,0.154803,0.192873,,,,,5,42017,321.000000,True,metro,9.020229,True
PA,Pennsylvania,Butler,42019,198413,160653,,,,,42,0,0,0,0,0,0,False,0.000000,0.000000,False,0.000000,0.000000,,,,,5,42019,101.000000,True,metro,27.190175,True
PA,Pennsylvania,Cambria,42021,130668,105683,,,,,42,0,0,0,0,0,0,False,0.000000,0.000000,False,0.000000,0.000000,,,,,5,42021,66.000000,True,metro,63.505375,True
PA,Pennsylvania,Cameron,42023,4380,3604,,,,,42,0,0,0,0,0,0,False,0.000000,0.000000,False,0.000000,0.000000,,,,,1,42023,,False,nonmetro,101.080270,True
PA,Pennsylvania,Carbon,42025,65458,53158,,,,,42,0,0,0,0,0,0,False,0.000000,0.000000,False,0.000000,0.000000,,,,,4,42025,38.000000,True,metro,22.231597,True
PA,Pennsylvania,Centre,42027,157795,134873,,,,,42,0,0,0,0,0,0,False,0.000000,0.000000,False,0.000000,0.000000,,,,,5,42027,62.000000,True,metro,73.355634,True
PA,Pennsylvania,Chester,42029,549784,430192,,,,,42,0,0,0,0,0,0,False,0.000000,0.000000,False,0.000000,0.000000,,,,,5,42029,284.000000,True,metro,17.405229,True
PA,Pennsylvania,Clarion,42031,36970,29971,,,,,42,0,0,0,0,0,0,False,0.000000,0.000000,False,0.000000,0.000000,,,,,3,42031,22.000000,True,nonmetro,59.427203,True
PA,Pennsylvania,Clearfield,42033,77090,62920,,,,,42,0,0,0,0,0,0,False,0.000000,0.000000,False,0.000000,0.000000,,,,,4,42033,37.000000,True,nonmetro,86.834021,True
PA,Pennsylvania,Clinton,42035,37607,30135,,,,,42,0,0,0,0,0,0,False,0.000000,0.000000,False,0.000000,0.000000,,,,,4,42035,13.000000,True,nonmetro,72.437533,True
PA,Pennsylvania,Columbia,42037,65439,54026,,,,,42,0,0,0,0,0,0,False,0.000000,0.000000,False,0.000000,0.000000,,,,,4,42037,30.000000,True,nonmetro,52.075268,True
PA,Pennsylvania,Crawford,42039,82001,65155,,,,,42,0,0,0,0,0,0,False,0.000000,0.000000,False,0.000000,0.000000,,,,,4,42039,55.000000,True,nonmetro,79.361930,True
PA,Pennsylvania,Cumberland,42041,270738,215666,,,,,42,0,0,0,0,0,0,False,0.000000,0.000000,False,0.000000,0.000000,,,,,5,42041,121.000000,True,metro,23.297982,True
PA,Pennsylvania,Dauphin,42043,289234,224963,,,,,42,3,3,3,3,3,3,True,1.037222,1.333553,True,1.037222,1.333553,,,,,5,42043,126.000000,True,metro,9.562601,True
PA,Pennsylvania,Delaware,42045,576720,450488,,,,,42,0,0,0,0,0,0,False,0.000000,0.000000,False,0.000000,0.000000,,,,,5,42045,315.000000,True,metro,9.137347,True
PA,Pennsylvania,Elk,42047,30198,24436,,,,,42,0,0,0,0,0,0,False,0.000000,0.000000,False,0.000000,0.000000,,,,,3,42047,15.000000,True,nonmetro,97.706683,True
PA,Pennsylvania,Erie,42049,267571,212685,,,,,42,0,0,0,0,0,0,False,0.000000,0.000000,False,0.000000,0.000000,,,,,5,42049,136.000000,True,metro,80.707299,True
PA,Pennsylvania,Fayette,42051,123915,100555,,,,,42,0,0,0,0,0,0,False,0.000000,0.000000,False,0.000000,0.000000,,,,,5,42051,81.000000,True,metro,25.275712,True
PA,Pennsylvania,Forest,42053,6449,6206,,,,,42,0,0,0,0,0,0,False,0.000000,0.000000,False,0.000000,0.000000,,,,,1,42053,,False,nonmetro,83.111573,True
PA,Pennsylvania,Franklin,42055,157854,123358,,,,,42,0,0,0,0,0,0,False,0.000000,0.000000,False,0.000000,0.000000,,,,,5,42055,64.000000,True,metro,47.642545,True
PA,Pennsylvania,Fulton,42057,14468,11638,,,,,42,0,0,0,0,0,0,False,0.000000,0.000000,False,0.000000,0.000000,,,,,2,42057,,False,nonmetro,50.935896,True
PA,Pennsylvania,Greene,42059,34357,27940,,,,,42,0,0,0,0,0,0,False,0.000000,0.000000,False,0.000000,0.000000,,,,,3,42059,23.000000,True,nonmetro,20.014034,True
PA,Pennsylvania,Huntingdon,42061,43514,35764,,,,,42,0,0,0,0,0,0,False,0.000000,0.000000,False,0.000000,0.000000,,,,,4,42061,24.000000,True,nonmetro,71.808973,True
PA,Pennsylvania,Indiana,42063,83094,68240,,,,,42,0,0,0,0,0,0,False,0.000000,0.000000,False,0.000000,0.000000,,,,,4,42063,49.000000,True,nonmetro,47.539655,True
PA,Pennsylvania,Jefferson,42065,43612,34394,,,,,42,0,0,0,0,0,0,False,0.000000,0.000000,False,0.000000,0.000000,,,,,4,42065,24.000000,True,nonmetro,70.286913,True
PA,Pennsylvania,Juniata,42067,23243,18146,,,,,42,0,0,0,0,0,0,False,0.000000,0.000000,False,0.000000,0.000000,,,,,3,42067,11.000000,True,nonmetro,41.438290,True
PA,Pennsylvania,Lackawanna,42069,216123,172016,,,,,42,0,0,0,0,0,0,False,0.000000,0.000000,False,0.000000,0.000000,,,,,5,42069,94.000000,True,metro,58.004546,True
PA,Pennsylvania,Lancaster,42071,558589,430649,,,,,42,1,1,1,1,1,1,True,0.179023,0.232208,True,0.179023,0.232208,,,,,5,42071,360.000000,True,metro,7.777250,True
PA,Pennsylvania,Lawrence,42073,84472,67727,,,,,42,0,0,0,0,0,0,False,0.000000,0.000000,False,0.000000,0.000000,,,,,4,42073,54.000000,True,metro,41.865543,True
PA,Pennsylvania,Lebanon,42075,144252,111962,,,,,42,0,0,0,0,0,0,False,0.000000,0.000000,False,0.000000,0.000000,,,,,5,42075,96.000000,True,metro,11.452789,True
PA,Pennsylvania,Lehigh,42077,377754,294023,,,,,42,1,1,1,1,1,1,True,0.264723,0.340109,True,0.264723,0.340109,,,,,5,42077,154.000000,True,metro,4.274562,True
PA,Pennsylvania,Luzerne,42079,327388,260845,,,,,42,0,0,0,0,0,0,False,0.000000,0.000000,False,0.000000,0.000000,,,,,5,42079,140.000000,True,metro,47.220853,True
PA,Pennsylvania,Lycoming,42081,112724,89871,,,,,42,0,0,0,0,0,0,False,0.000000,0.000000,False,0.000000,0.000000,,,,,5,42081,54.000000,True,metro,69.203466,True
PA,Pennsylvania,McKean,42083,39519,32001,,,,,42,0,0,0,0,0,0,False,0.000000,0.000000,False,0.000000,0.000000,,,,,4,42083,21.000000,True,nonmetro,72.623964,True
PA,Pennsylvania,Mercer,42085,108503,88049,,,,,42,0,0,0,0,0,0,False,0.000000,0.000000,False,0.000000,0.000000,,,,,5,42085,70.000000,True,nonmetro,56.936924,True
PA,Pennsylvania,Mifflin,42087,45922,35538,,,,,42,0,0,0,0,0,0,False,0.000000,0.000000,False,0.000000,0.000000,,,,,4,42087,32.000000,True,nonmetro,55.695359,True
PA,Pennsylvania,Monroe,42089,166053,134807,,,,,42,0,0,0,0,0,0,False,0.000000,0.000000,False,0.000000,0.000000,,,,,5,42089,67.000000,True,nonmetro,29.428717,True
PA,Pennsylvania,Montgomery,42091,868742,685549,,,,,42,4,4,4,4,4,4,True,0.460436,0.583474,True,0.460436,0.583474,,,,,5,42091,530.000000,True,metro,10.893081,True
PA,Pennsylvania,Montour,42093,17860,14344,,,,,42,0,0,0,0,0,0,False,0.000000,0.000000,False,0.000000,0.000000,,,,,2,42093,10.000000,True,nonmetro,49.158011,True
PA,Pennsylvania,Northampton,42095,319091,258654,,,,,42,1,1,1,1,1,1,True,0.313390,0.386617,True,0.313390,0.386617,,,,,5,42095,129.000000,True,metro,7.369012,True
PA,Pennsylvania,Northumberland,42097,90120,72338,,,,,42,0,0,0,0,0,0,False,0.000000,0.000000,False,0.000000,0.000000,,,,,4,42097,42.000000,True,nonmetro,41.382208,True
PA,Pennsylvania,Perry,42099,46083,36495,,,,,42,0,0,0,0,0,0,False,0.000000,0.000000,False,0.000000,0.000000,,,,,4,42099,21.000000,True,metro,28.373776,True
PA,Pennsylvania,Philadelphia,42101,1550542,1226065,,,,,42,24,23,11,24,23,11,True,1.547846,1.957482,True,1.547846,1.957482,,,,,5,42101,700.000000,True,metro,3.456476,True
PA,Pennsylvania,Pike,42103,61247,50875,,,,,42,0,0,0,0,0,0,False,0.000000,0.000000,False,0.000000,0.000000,,,,,4,42103,24.000000,True,nonmetro,45.604864,True
PA,Pennsylvania,Potter,42105,15999,12797,,,,,42,0,0,0,0,0,0,False,0.000000,0.000000,False,0.000000,0.000000,,,,,2,42105,11.000000,True,nonmetro,87.369647,True
PA,Pennsylvania,Schuylkill,42107,143786,115159,,,,,42,0,0,0,0,0,0,False,0.000000,0.000000,False,0.000000,0.000000,,,,,5,42107,77.000000,True,nonmetro,28.529231,True
PA,Pennsylvania,Snyder,42109,39717,31550,,,,,42,0,0,0,0,0,0,False,0.000000,0.000000,False,0.000000,0.000000,,,,,4,42109,12.000000,True,nonmetro,39.341927,True
PA,Pennsylvania,Somerset,42111,72197,59202,,,,,42,0,0,0,0,0,0,False,0.000000,0.000000,False,0.000000,0.000000,,,,,4,42111,46.000000,True,nonmetro,54.766923,True
PA,Pennsylvania,Sullivan,42113,5834,5235,,,,,42,0,0,0,0,0,0,False,0.000000,0.000000,False,0.000000,0.000000,,,,,1,42113,,False,nonmetro,78.588671,True
PA,Pennsylvania,Susquehanna,42115,38109,31006,,,,,42,0,0,0,0,0,0,False,0.000000,0.000000,False,0.000000,0.000000,,,,,4,42115,22.000000,True,nonmetro,79.941554,True
PA,Pennsylvania,Tioga,42117,40840,32882,,,,,42,0,0,0,0,0,0,False,0.000000,0.000000,False,0.000000,0.000000,,,,,4,42117,20.000000,True,nonmetro,93.606962,True
PA,Pennsylvania,Union,42119,42042,34751,,,,,42,0,0,0,0,0,0,False,0.000000,0.000000,False,0.000000,0.000000,,,,,4,42119,15.000000,True,nonmetro,50.221167,True
PA,Pennsylvania,Venango,42121,49431,39983,,,,,42,0,0,0,0,0,0,False,0.000000,0.000000,False,0.000000,0.000000,,,,,4,42121,34.000000,True,nonmetro,67.819246,True
PA,Pennsylvania,Warren,42123,37572,30176,,,,,42,0,0,0,0,0,0,False,0.000000,0.000000,False,0.000000,0.000000,,,,,4,42123,24.000000,True,nonmetro,74.011079,True
PA,Pennsylvania,Washington,42125,210232,169190,,,,,42,0,0,0,0,0,0,False,0.000000,0.000000,False,0.000000,0.000000,,,,,5,42125,115.000000,True,metro,19.788570,True
PA,Pennsylvania,Wayne,42127,51262,42777,,,,,42,0,0,0,0,0,0,False,0.000000,0.000000,False,0.000000,0.000000,,,,,4,42127,29.000000,True,nonmetro,63.158123,True
PA,Pennsylvania,Westmoreland,42129,351163,287864,,,,,42,0,0,0,0,0,0,False,0.000000,0.000000,False,0.000000,0.000000,,,,,5,42129,233.000000,True,metro,24.173497,True
PA,Pennsylvania,Wyoming,42131,25902,20959,,,,,42,0,0,0,0,0,0,False,0.000000,0.000000,False,0.000000,0.000000,,,,,3,42131,11.000000,True,metro,68.557303,True
PA,Pennsylvania,York,42133,464640,363700,,,,,42,1,1,1,1,1,1,True,0.215220,0.274952,True,0.215220,0.274952,,,,,5,42133,239.000000,True,metro,8.731455,True
RI,Rhode Island,Bristol,44001,50255,41462,2.900000,"( 2.5,  3.4)",2.300000,"( 2.0,  2.7)",44,0,0,0,0,0,0,False,0.000000,0.000000,False,0.000000,0.000000,False,False,False,1.000000,4,44001,21.000000,True,metro,10.186532,True
RI,Rhode Island,Kent,44003,171278,140721,3.300000,"( 2.8,  3.7)",2.600000,"( 2.3,  3.0)",44,0,0,0,0,0,0,False,0.000000,0.000000,False,0.000000,0.000000,False,False,False,1.000000,5,44003,75.000000,True,metro,10.081875,True
RI,Rhode Island,Newport,44005,83832,70797,3.300000,"( 2.8,  3.8)",2.400000,"( 2.1,  2.7)",44,0,0,0,0,0,0,False,0.000000,0.000000,False,0.000000,0.000000,False,False,False,1.000000,4,44005,41.000000,True,metro,20.903227,True
RI,Rhode Island,Providence,44007,660615,528665,3.200000,"( 2.8,  3.7)",2.900000,"( 2.6,  3.3)",44,8,8,3,8,8,3,True,1.210993,1.513246,True,1.210993,1.513246,False,False,False,1.000000,5,44007,237.000000,True,metro,5.295065,True
RI,Rhode Island,Washington,44009,129982,110479,3.100000,"( 2.6,  3.6)",2.400000,"( 2.0,  2.8)",44,0,0,0,0,0,0,False,0.000000,0.000000,False,0.000000,0.000000,False,False,False,1.000000,5,44009,52.000000,True,metro,26.803412,True
SC,South Carolina,Abbeville,45001,24434,19650,5.000000,"( 4.4,  5.6)",3.800000,"( 3.4,  4.2)",45,0,0,0,0,0,0,False,0.000000,0.000000,False,0.000000,0.000000,True,True,True,5.000000,3,45001,15.000000,True,nonmetro,23.337771,True
SC,South Carolina,Aiken,45003,177130,139026,4.100000,"( 3.6,  4.7)",3.300000,"( 2.9,  3.7)",45,0,0,0,0,0,0,False,0.000000,0.000000,False,0.000000,0.000000,True,True,True,3.000000,5,45003,88.000000,True,metro,13.229439,True
SC,South Carolina,Allendale,45005,7369,6040,6.400000,"( 5.7,  7.1)",5.200000,"( 4.6,  5.7)",45,0,0,0,0,0,0,False,0.000000,0.000000,False,0.000000,0.000000,True,True,True,5.000000,1,45005,,False,nonmetro,51.313697,True
SC,South Carolina,Anderson,45007,213076,165138,4.000000,"( 3.5,  4.5)",3.300000,"( 2.9,  3.7)",45,1,1,1,1,1,1,True,0.469316,0.605554,True,0.469316,0.605554,False,False,False,3.000000,5,45007,121.000000,True,metro,7.531507,True
SC,South Carolina,Bamberg,45009,12974,10549,5.900000,"( 5.2,  6.6)",4.500000,"( 4.0,  5.0)",45,0,0,0,0,0,0,False,0.000000,0.000000,False,0.000000,0.000000,True,True,True,5.000000,2,45009,,False,nonmetro,50.262241,True
SC,South Carolina,Barnwell,45011,20447,15569,5.900000,"( 5.3,  6.6)",4.700000,"( 4.3,  5.2)",45,0,0,0,0,0,0,False,0.000000,0.000000,False,0.000000,0.000000,True,True,True,5.000000,3,45011,16.000000,True,nonmetro,38.013021,True
SC,South Carolina,Beaufort,45013,198979,165010,4.000000,"( 3.4,  4.6)",2.700000,"( 2.4,  3.1)",45,0,0,0,0,0,0,False,0.000000,0.000000,False,0.000000,0.000000,False,False,False,3.000000,5,45013,115.000000,True,metro,59.240577,True
SC,South Carolina,Berkeley,45015,255217,195733,3.300000,"( 2.9,  3.7)",3.100000,"( 2.7,  3.4)",45,0,0,0,0,0,0,False,0.000000,0.000000,False,0.000000,0.000000,False,False,False,1.000000,5,45015,109.000000,True,metro,20.991377,True
SC,South Carolina,Calhoun,45017,14186,11559,5.000000,"( 4.4,  5.6)",3.600000,"( 3.2,  4.0)",45,0,0,0,0,0,0,False,0.000000,0.000000,False,0.000000,0.000000,True,True,True,5.000000,2,45017,11.000000,True,metro,25.785176,True
SC,South Carolina,Charleston,45019,424367,342698,3.200000,"( 2.8,  3.7)",2.800000,"( 2.5,  3.2)",45,22,22,7,22,22,7,True,5.184192,6.419646,True,5.184192,6.419646,False,False,False,1.000000,5,45019,188.000000,True,metro,8.558029,True
SC,South Carolina,Cherokee,45021,56714,43778,4.400000,"( 3.9,  4.9)",3.700000,"( 3.3,  4.2)",45,0,0,0,0,0,0,False,0.000000,0.000000,False,0.000000,0.000000,True,True,True,4.000000,4,45021,35.000000,True,nonmetro,42.141597,True
SC,South Carolina,Chester,45023,32226,25136,5.100000,"( 4.5,  5.7)",4.100000,"( 3.7,  4.5)",45,0,0,0,0,0,0,False,0.000000,0.000000,False,0.000000,0.000000,True,True,True,5.000000,3,45023,24.000000,True,metro,39.611917,True
SC,South Carolina,Chesterfield,45025,44031,34239,5.200000,"( 4.6,  5.8)",4.200000,"( 3.8,  4.6)",45,0,0,0,0,0,0,False,0.000000,0.000000,False,0.000000,0.000000,True,True,True,5.000000,4,45025,38.000000,True,nonmetro,38.317800,True
SC,South Carolina,Clarendon,45027,31004,25502,5.800000,"( 5.1,  6.5)",4.300000,"( 3.8,  4.7)",45,0,0,0,0,0,0,False,0.000000,0.000000,False,0.000000,0.000000,True,True,True,5.000000,3,45027,28.000000,True,nonmetro,42.214825,True
SC,South Carolina,Colleton,45029,38874,29998,5.200000,"( 4.6,  5.8)",4.100000,"( 3.7,  4.5)",45,0,0,0,0,0,0,False,0.000000,0.000000,False,0.000000,0.000000,True,True,True,5.000000,4,45029,33.000000,True,nonmetro,43.076232,True
SC,South Carolina,Darlington,45031,62416,48521,5.000000,"( 4.5,  5.6)",4.100000,"( 3.7,  4.5)",45,0,0,0,0,0,0,False,0.000000,0.000000,False,0.000000,0.000000,True,True,True,5.000000,4,45031,87.000000,True,metro,16.328015,True
SC,South Carolina,Dillon,45033,27698,20691,6.000000,"( 5.4,  6.6)",5.000000,"( 4.6,  5.6)",45,0,0,0,0,0,0,False,0.000000,0.000000,False,0.000000,0.000000,True,True,True,5.000000,3,45033,27.000000,True,nonmetro,27.006832,True
SC,South Carolina,Dorchester,45035,169833,129270,3.400000,"( 3.0,  3.9)",3.100000,"( 2.8,  3.5)",45,0,0,0,0,0,0,False,0.000000,0.000000,False,0.000000,0.000000,False,False,False,1.000000,5,45035,71.000000,True,metro,22.304457,True
SC,South Carolina,Edgefield,45037,27607,23040,4.600000,"( 4.1,  5.1)",3.800000,"( 3.4,  4.2)",45,0,0,0,0,0,0,False,0.000000,0.000000,False,0.000000,0.000000,True,True,True,4.000000,3,45037,14.000000,True,metro,17.439299,True
SC,South Carolina,Fairfield,45039,20422,16771,5.900000,"( 5.3,  6.7)",4.400000,"( 3.9,  4.9)",45,0,0,0,0,0,0,False,0.000000,0.000000,False,0.000000,0.000000,True,True,True,5.000000,3,45039,16.000000,True,metro,25.873264,True
SC,South Carolina,Florence,45041,137214,104925,4.500000,"( 4.0,  5.0)",3.800000,"( 3.4,  4.2)",45,1,1,1,1,1,1,True,0.728789,0.953062,True,0.728789,0.953062,False,False,False,4.000000,5,45041,129.000000,True,metro,8.544729,True
SC,South Carolina,Georgetown,45043,65731,54866,4.800000,"( 4.2,  5.5)",3.200000,"( 2.8,  3.5)",45,0,0,0,0,0,0,False,0.000000,0.000000,False,0.000000,0.000000,True,True,True,5.000000,4,45043,50.000000,True,nonmetro,56.251511,True
SC,South Carolina,Greenville,45045,558036,430899,3.300000,"( 2.9,  3.8)",2.900000,"( 2.6,  3.3)",45,5,5,4,5,5,4,True,0.896000,1.160365,True,0.896000,1.160365,False,False,False,1.000000,5,45045,250.000000,True,metro,7.727800,True
SC,South Carolina,Greenwood,45047,69460,54014,4.500000,"( 4.0,  5.1)",3.700000,"( 3.3,  4.1)",45,0,0,0,0,0,0,False,0.000000,0.000000,False,0.000000,0.000000,True,True,True,4.000000,4,45047,47.000000,True,nonmetro,35.328315,True
SC,South Carolina,Hampton,45049,18122,14442,5.600000,"( 5.0,  6.2)",4.600000,"( 4.2,  5.1)",45,0,0,0,0,0,0,False,0.000000,0.000000,False,0.000000,0.000000,True,True,True,5.000000,2,45049,13.000000,True,nonmetro,64.700443,True
SC,South Carolina,Horry,45051,397478,331067,4.300000,"( 3.7,  4.9)",3.100000,"( 2.7,  3.5)",45,0,0,0,0,0,0,False,0.000000,0.000000,False,0.000000,0.000000,True,True,False,4.000000,5,45051,286.000000,True,metro,53.356163,True
SC,South Carolina,Jasper,45053,33544,27540,4.800000,"( 4.3,  5.5)",3.700000,"( 3.3,  4.1)",45,0,0,0,0,0,0,False,0.000000,0.000000,False,0.000000,0.000000,True,True,True,5.000000,3,45053,19.000000,True,metro,67.669093,True
SC,South Carolina,Kershaw,45055,69905,53629,4.100000,"( 3.7,  4.6)",3.400000,"( 3.0,  3.8)",45,0,0,0,0,0,0,False,0.000000,0.000000,False,0.000000,0.000000,True,True,True,3.000000,4,45055,37.000000,True,metro,28.060599,True
SC,South Carolina,Lancaster,45057,108215,84913,3.900000,"( 3.5,  4.5)",3.100000,"( 2.7,  3.5)",45,0,0,0,0,0,0,False,0.000000,0.000000,False,0.000000,0.000000,False,False,False,3.000000,5,45057,59.000000,True,metro,29.559209,True
SC,South Carolina,Laurens,45059,68873,53894,4.500000,"( 4.1,  5.1)",3.700000,"( 3.3,  4.2)",45,0,0,0,0,0,0,False,0.000000,0.000000,False,0.000000,0.000000,True,True,True,4.000000,4,45059,47.000000,True,metro,31.017688,True
SC,South Carolina,Lee,45061,15967,12947,5.900000,"( 5.3,  6.6)",4.800000,"( 4.4,  5.4)",45,0,0,0,0,0,0,False,0.000000,0.000000,False,0.000000,0.000000,True,True,True,5.000000,2,45061,15.000000,True,nonmetro,29.219347,True
SC,South Carolina,Lexington,45063,309528,238788,3.500000,"( 3.1,  4.0)",3.000000,"( 2.6,  3.4)",45,0,0,0,0,0,0,False,0.000000,0.000000,False,0.000000,0.000000,False,False,False,2.000000,5,45063,143.000000,True,metro,12.505992,True
SC,South Carolina,McCormick,45065,9941,8927,6.300000,"( 5.5,  7.1)",3.800000,"( 3.3,  4.3)",45,0,0,0,0,0,0,False,0.000000,0.000000,False,0.000000,0.000000,True,True,True,5.000000,2,45065,,False,nonmetro,33.859582,True
SC,South Carolina,Marion,45067,28508,22259,6.400000,"( 5.8,  7.1)",5.000000,"( 4.5,  5.5)",45,0,0,0,0,0,0,False,0.000000,0.000000,False,0.000000,0.000000,True,True,True,5.000000,3,45067,25.000000,True,nonmetro,24.814825,True
SC,South Carolina,Marlboro,45069,25704,20526,6.000000,"( 5.5,  6.6)",5.000000,"( 4.6,  5.5)",45,0,0,0,0,0,0,False,0.000000,0.000000,False,0.000000,0.000000,True,True,True,5.000000,3,45069,29.000000,True,nonmetro,31.326087,True
SC,South Carolina,Newberry,45071,38825,30495,4.500000,"( 4.1,  5.1)",3.600000,"( 3.2,  4.1)",45,0,0,0,0,0,0,False,0.000000,0.000000,False,0.000000,0.000000,True,True,True,4.000000,4,45071,19.000000,True,nonmetro,36.114108,True
SC,South Carolina,Oconee,45073,81221,65941,4.600000,"( 3.9,  5.2)",3.300000,"( 2.8,  3.8)",45,0,0,0,0,0,0,False,0.000000,0.000000,False,0.000000,0.000000,True,True,True,4.000000,4,45073,65.000000,True,nonmetro,24.906605,True
SC,South Carolina,Orangeburg,45075,82820,65211,5.700000,"( 5.1,  6.3)",4.500000,"( 4.1,  5.1)",45,0,0,0,0,0,0,False,0.000000,0.000000,False,0.000000,0.000000,True,True,True,5.000000,4,45075,71.000000,True,nonmetro,39.139878,True
SC,South Carolina,Pickens,45077,135495,110529,3.600000,"( 3.1,  4.1)",3.300000,"( 2.9,  3.7)",45,0,0,0,0,0,0,False,0.000000,0.000000,False,0.000000,0.000000,False,False,True,2.000000,5,45077,70.000000,True,metro,15.058708,True
SC,South Carolina,Richland,45079,425138,334065,3.500000,"( 3.1,  3.9)",3.500000,"( 3.1,  3.9)",45,7,7,5,7,7,5,True,1.646524,2.095401,True,1.646524,2.095401,False,False,False,2.000000,5,45079,163.000000,True,metro,8.416726,True
SC,South Carolina,Saluda,45081,19123,14912,4.900000,"( 4.4,  5.5)",3.700000,"( 3.3,  4.2)",45,0,0,0,0,0,0,False,0.000000,0.000000,False,0.000000,0.000000,True,True,True,5.000000,3,45081,15.000000,True,metro,35.530116,True
SC,South Carolina,Spartanburg,45083,356698,273436,3.700000,"( 3.3,  4.3)",3.300000,"( 2.9,  3.8)",45,0,0,0,0,0,0,False,0.000000,0.000000,False,0.000000,0.000000,False,False,True,2.000000,5,45083,191.000000,True,metro,24.140817,True
SC,South Carolina,Sumter,45085,104165,79564,4.600000,"( 4.1,  5.0)",3.900000,"( 3.5,  4.3)",45,0,0,0,0,0,0,False,0.000000,0.000000,False,0.000000,0.000000,True,True,True,4.000000,5,45085,69.000000,True,metro,35.839509,True
SC,South Carolina,Union,45087,26629,21101,5.800000,"( 5.1,  6.4)",4.400000,"( 4.0,  4.9)",45,0,0,0,0,0,0,False,0.000000,0.000000,False,0.000000,0.000000,True,True,True,5.000000,3,45087,24.000000,True,metro,44.166810,True
SC,South Carolina,Williamsburg,45089,29891,24199,6.000000,"( 5.3,  6.7)",4.600000,"( 4.2,  5.2)",45,0,0,0,0,0,0,False,0.000000,0.000000,False,0.000000,0.000000,True,True,True,5.000000,3,45089,31.000000,True,nonmetro,38.671046,True
SC,South Carolina,York,45091,298320,228347,3.100000,"( 2.7,  3.5)",2.800000,"( 2.4,  3.1)",45,0,0,0,0,0,0,False,0.000000,0.000000,False,0.000000,0.000000,False,False,False,1.000000,5,45091,124.000000,True,metro,20.563202,True
SD,South Dakota,Aurora,46003,2782,2073,3.800000,"( 3.3,  4.3)",2.900000,"( 2.6,  3.3)",46,0,0,0,0,0,0,False,0.000000,0.000000,False,0.000000,0.000000,False,False,False,2.000000,1,46003,,False,nonmetro,90.715740,True
SD,South Dakota,Beadle,46005,19591,13979,4.000000,"( 3.5,  4.7)",3.300000,"( 2.8,  3.7)",46,0,0,0,0,0,0,False,0.000000,0.000000,False,0.000000,0.000000,False,False,True,3.000000,3,46005,,False,nonmetro,93.854024,True
SD,South Dakota,Bennett,46007,3305,2277,5.700000,"( 5.1,  6.3)",5.100000,"( 4.6,  5.7)",46,0,0,0,0,0,0,False,0.000000,0.000000,False,0.000000,0.000000,True,True,True,5.000000,1,46007,,False,nonmetro,93.984041,True
SD,South Dakota,Bon Homme,46009,7065,5697,4.100000,"( 3.6,  4.7)",3.300000,"( 2.9,  3.7)",46,0,0,0,0,0,0,False,0.000000,0.000000,False,0.000000,0.000000,True,True,True,3.000000,1,46009,,False,nonmetro,69.545811,True
SD,South Dakota,Brookings,46011,35980,28513,2.500000,"( 2.2,  2.9)",2.800000,"( 2.4,  3.2)",46,0,0,0,0,0,0,False,0.000000,0.000000,False,0.000000,0.000000,False,False,False,1.000000,3,46011,14.000000,True,nonmetro,53.242073,True
SD,South Dakota,Brown,46013,37733,28884,3.300000,"( 2.8,  3.8)",2.800000,"( 2.4,  3.1)",46,0,0,0,0,0,0,False,0.000000,0.000000,False,0.000000,0.000000,False,False,False,1.000000,4,46013,17.000000,True,nonmetro,158.225292,True
SD,South Dakota,Brule,46015,5311,4007,4.200000,"( 3.6,  4.8)",3.100000,"( 2.7,  3.6)",46,0,0,0,0,0,0,False,0.000000,0.000000,False,0.000000,0.000000,True,True,False,3.000000,1,46015,,False,nonmetro,124.089733,True
SD,South Dakota,Buffalo,46017,1884,1197,4.900000,"( 4.4,  5.4)",5.500000,"( 4.9,  6.0)",46,0,0,0,0,0,0,False,0.000000,0.000000,False,0.000000,0.000000,True,True,True,5.000000,1,46017,,False,nonmetro,136.521647,True
SD,South Dakota,Butte,46019,10863,8174,4.000000,"( 3.5,  4.5)",3.100000,"( 2.7,  3.5)",46,0,0,0,0,0,0,False,0.000000,0.000000,False,0.000000,0.000000,False,False,False,3.000000,2,46019,,False,nonmetro,49.052495,True
SD,South Dakota,Campbell,46021,1340,1094,4.500000,"( 3.8,  5.3)",2.700000,"( 2.4,  3.2)",46,0,0,0,0,0,0,False,0.000000,0.000000,False,0.000000,0.000000,True,True,False,4.000000,1,46021,,False,nonmetro,193.816896,True
SD,South Dakota,Charles Mix,46023,9240,6401,4.700000,"( 4.1,  5.4)",3.700000,"( 3.3,  4.2)",46,0,0,0,0,0,0,False,0.000000,0.000000,False,0.000000,0.000000,True,True,True,4.000000,2,46023,,False,nonmetro,94.661389,True
SD,South Dakota,Clark,46025,3948,2819,4.300000,"( 3.7,  4.9)",3.000000,"( 2.7,  3.5)",46,0,0,0,0,0,0,False,0.000000,0.000000,False,0.000000,0.000000,True,True,False,4.000000,1,46025,,False,nonmetro,101.036383,True
SD,South Dakota,Clay,46027,15431,12763,2.500000,"( 2.1,  2.8)",3.100000,"( 2.7,  3.5)",46,0,0,0,0,0,0,False,0.000000,0.000000,False,0.000000,0.000000,False,False,False,1.000000,2,46027,,False,nonmetro,51.886530,True
SD,South Dakota,Codington,46029,28971,22438,3.800000,"( 3.3,  4.3)",3.000000,"( 2.6,  3.4)",46,0,0,0,0,0,0,False,0.000000,0.000000,False,0.000000,0.000000,False,False,False,2.000000,3,46029,13.000000,True,nonmetro,96.801400,True
SD,South Dakota,Corson,46031,3782,2464,6.000000,"( 5.4,  6.7)",5.500000,"( 4.9,  6.1)",46,0,0,0,0,0,0,False,0.000000,0.000000,False,0.000000,0.000000,True,True,True,5.000000,1,46031,,False,nonmetro,162.310904,True
SD,South Dakota,Custer,46033,9117,7850,4.300000,"( 3.7,  5.0)",2.700000,"( 2.3,  3.1)",46,0,0,0,0,0,0,False,0.000000,0.000000,False,0.000000,0.000000,True,True,False,4.000000,2,46033,,False,metro,27.567979,True
SD,South Dakota,Davison,46035,19922,15293,3.800000,"( 3.3,  4.4)",3.000000,"( 2.6,  3.4)",46,0,0,0,0,0,0,False,0.000000,0.000000,False,0.000000,0.000000,False,False,False,2.000000,3,46035,14.000000,True,nonmetro,66.624024,True
SD,South Dakota,Day,46037,5451,4249,4.700000,"( 4.1,  5.4)",3.200000,"( 2.8,  3.6)",46,0,0,0,0,0,0,False,0.000000,0.000000,False,0.000000,0.000000,True,True,True,4.000000,1,46037,,False,nonmetro,132.196090,True
SD,South Dakota,Deuel,46039,4354,3280,3.800000,"( 3.2,  4.4)",2.800000,"( 2.4,  3.2)",46,0,0,0,0,0,0,False,0.000000,0.000000,False,0.000000,0.000000,False,False,False,2.000000,1,46039,,False,nonmetro,82.637469,True
SD,South Dakota,Dewey,46041,5208,3180,5.100000,"( 4.6,  5.7)",5.200000,"( 4.7,  5.8)",46,0,0,0,0,0,0,False,0.000000,0.000000,False,0.000000,0.000000,True,True,True,5.000000,1,46041,,False,nonmetro,126.567125,True
SD,South Dakota,Douglas,46043,2838,2065,4.400000,"( 3.8,  5.1)",3.100000,"( 2.7,  3.5)",46,0,0,0,0,0,0,False,0.000000,0.000000,False,0.000000,0.000000,True,True,False,4.000000,1,46043,,False,nonmetro,83.131146,True
SD,South Dakota,Edmunds,46045,4057,3140,4.000000,"( 3.4,  4.6)",2.800000,"( 2.4,  3.2)",46,0,0,0,0,0,0,False,0.000000,0.000000,False,0.000000,0.000000,False,False,False,3.000000,1,46045,,False,nonmetro,178.126819,True
SD,South Dakota,Fall River,46047,7393,6194,5.200000,"( 4.5,  5.9)",3.400000,"( 3.0,  3.8)",46,0,0,0,0,0,0,False,0.000000,0.000000,False,0.000000,0.000000,True,True,True,5.000000,1,46047,,False,nonmetro,49.930219,True
SD,South Dakota,Faulk,46049,2151,1581,4.700000,"( 4.0,  5.4)",3.400000,"( 2.9,  3.8)",46,0,0,0,0,0,0,False,0.000000,0.000000,False,0.000000,0.000000,True,True,True,4.000000,1,46049,,False,nonmetro,157.278610,True
SD,South Dakota,Grant,46051,7553,5865,4.100000,"( 3.5,  4.7)",2.900000,"( 2.5,  3.3)",46,0,0,0,0,0,0,False,0.000000,0.000000,False,0.000000,0.000000,True,True,False,3.000000,1,46051,,False,nonmetro,114.996897,True
SD,South Dakota,Gregory,46053,4018,3034,4.600000,"( 4.0,  5.3)",3.100000,"( 2.8,  3.6)",46,0,0,0,0,0,0,False,0.000000,0.000000,False,0.000000,0.000000,True,True,False,4.000000,1,46053,,False,nonmetro,130.687876,True
SD,South Dakota,Haakon,46055,1851,1404,4.500000,"( 3.8,  5.1)",3.100000,"( 2.7,  3.5)",46,0,0,0,0,0,0,False,0.000000,0.000000,False,0.000000,0.000000,True,True,False,4.000000,1,46055,,False,nonmetro,82.351711,True
SD,South Dakota,Hamlin,46057,6451,4294,3.100000,"( 2.7,  3.6)",2.800000,"( 2.4,  3.2)",46,0,0,0,0,0,0,False,0.000000,0.000000,False,0.000000,0.000000,False,False,False,1.000000,1,46057,,False,nonmetro,79.303950,True
SD,South Dakota,Hand,46059,3107,2369,3.800000,"( 3.3,  4.4)",2.700000,"( 2.3,  3.0)",46,0,0,0,0,0,0,False,0.000000,0.000000,False,0.000000,0.000000,False,False,False,2.000000,1,46059,,False,nonmetro,131.310679,True
SD,South Dakota,Hanson,46061,3471,2506,3.500000,"( 3.1,  4.0)",3.100000,"( 2.7,  3.5)",46,0,0,0,0,0,0,False,0.000000,0.000000,False,0.000000,0.000000,False,False,False,2.000000,1,46061,,False,nonmetro,52.798308,True
SD,South Dakota,Harding,46063,1324,1009,3.400000,"( 2.9,  3.9)",2.600000,"( 2.2,  2.9)",46,0,0,0,0,0,0,False,0.000000,0.000000,False,0.000000,0.000000,False,False,False,1.000000,1,46063,,False,nonmetro,106.338295,True
SD,South Dakota,Hughes,46065,17624,13336,3.200000,"( 2.8,  3.7)",2.600000,"( 2.3,  3.0)",46,0,0,0,0,0,0,False,0.000000,0.000000,False,0.000000,0.000000,False,False,False,1.000000,2,46065,,False,nonmetro,146.341419,True
SD,South Dakota,Hutchinson,46067,7394,5430,3.800000,"( 3.3,  4.5)",2.800000,"( 2.5,  3.3)",46,0,0,0,0,0,0,False,0.000000,0.000000,False,0.000000,0.000000,False,False,False,2.000000,1,46067,,False,nonmetro,53.278183,True
SD,South Dakota,Hyde,46069,1186,913,4.400000,"( 3.7,  5.0)",3.100000,"( 2.7,  3.6)",46,0,0,0,0,0,0,False,0.000000,0.000000,False,0.000000,0.000000,True,True,False,4.000000,1,46069,,False,nonmetro,151.323455,True
SD,South Dakota,Jackson,46071,2776,1799,6.000000,"( 5.4,  6.7)",5.400000,"( 4.8,  5.9)",46,0,0,0,0,0,0,False,0.000000,0.000000,False,0.000000,0.000000,True,True,True,5.000000,1,46071,,False,nonmetro,84.105403,True
SD,South Dakota,Jerauld,46073,1660,1275,4.400000,"( 3.7,  5.1)",2.800000,"( 2.5,  3.2)",46,0,0,0,0,0,0,False,0.000000,0.000000,False,0.000000,0.000000,True,True,False,4.000000,1,46073,,False,nonmetro,97.836972,True
SD,South Dakota,Jones,46075,855,664,4.600000,"( 4.0,  5.3)",3.100000,"( 2.7,  3.5)",46,0,0,0,0,0,0,False,0.000000,0.000000,False,0.000000,0.000000,True,True,False,4.000000,1,46075,,False,nonmetro,126.704765,True
SD,South Dakota,Kingsbury,46077,5276,3947,3.900000,"( 3.3,  4.5)",2.800000,"( 2.5,  3.2)",46,0,0,0,0,0,0,False,0.000000,0.000000,False,0.000000,0.000000,False,False,False,3.000000,1,46077,,False,nonmetro,67.173954,True
SD,South Dakota,Lake,46079,11031,8766,3.600000,"( 3.1,  4.2)",2.700000,"( 2.4,  3.1)",46,0,0,0,0,0,0,False,0.000000,0.000000,False,0.000000,0.000000,False,False,False,2.000000,2,46079,10.000000,True,nonmetro,36.567589,True
SD,South Dakota,Lawrence,46081,28053,23472,3.800000,"( 3.2,  4.3)",2.900000,"( 2.5,  3.3)",46,0,0,0,0,0,0,False,0.000000,0.000000,False,0.000000,0.000000,False,False,False,2.000000,3,46081,15.000000,True,nonmetro,38.480467,True
SD,South Dakota,Lincoln,46083,73238,54161,2.600000,"( 2.2,  3.0)",2.400000,"( 2.1,  2.7)",46,0,0,0,0,0,0,False,0.000000,0.000000,False,0.000000,0.000000,False,False,False,1.000000,4,46083,15.000000,True,metro,7.852295,True
SD,South Dakota,Lyman,46085,3705,2689,4.800000,"( 4.2,  5.5)",3.900000,"( 3.4,  4.4)",46,0,0,0,0,0,0,False,0.000000,0.000000,False,0.000000,0.000000,True,True,True,5.000000,1,46085,,False,nonmetro,152.057392,True
SD,South Dakota,McCook,46087,5809,4149,3.400000,"( 2.9,  3.9)",2.700000,"( 2.3,  3.0)",46,0,0,0,0,0,0,False,0.000000,0.000000,False,0.000000,0.000000,False,False,False,1.000000,1,46087,,False,metro,32.475515,True
SD,South Dakota,McPherson,46089,2334,1826,5.100000,"( 4.2,  6.0)",3.200000,"( 2.7,  3.7)",46,0,0,0,0,0,0,False,0.000000,0.000000,False,0.000000,0.000000,True,True,True,5.000000,1,46089,,False,nonmetro,197.110083,True
SD,South Dakota,Marshall,46091,4390,3294,3.900000,"( 3.4,  4.5)",2.800000,"( 2.5,  3.2)",46,0,0,0,0,0,0,False,0.000000,0.000000,False,0.000000,0.000000,False,False,False,3.000000,1,46091,,False,nonmetro,159.263767,True
SD,South Dakota,Meade,46093,30954,24546,3.000000,"( 2.6,  3.5)",2.800000,"( 2.4,  3.1)",46,0,0,0,0,0,0,False,0.000000,0.000000,False,0.000000,0.000000,False,False,False,1.000000,3,46093,12.000000,True,metro,17.352477,True
SD,South Dakota,Mellette,46095,1851,1291,6.600000,"( 5.9,  7.2)",5.600000,"( 5.1,  6.2)",46,0,0,0,0,0,0,False,0.000000,0.000000,False,0.000000,0.000000,True,True,True,5.000000,1,46095,,False,nonmetro,126.190947,True
SD,South Dakota,Miner,46097,2280,1744,4.300000,"( 3.7,  4.9)",3.000000,"( 2.7,  3.4)",46,0,0,0,0,0,0,False,0.000000,0.000000,False,0.000000,0.000000,True,True,False,4.000000,1,46097,,False,nonmetro,52.267873,True
SD,South Dakota,Minnehaha,46099,206930,154695,2.800000,"( 2.4,  3.2)",2.700000,"( 2.4,  3.1)",46,1,1,1,1,1,1,True,0.483255,0.646433,True,0.483255,0.646433,False,False,False,1.000000,5,46099,82.000000,True,metro,4.618536,True
SD,South Dakota,Moody,46101,6450,4742,3.700000,"( 3.2,  4.1)",2.800000,"( 2.5,  3.2)",46,0,0,0,0,0,0,False,0.000000,0.000000,False,0.000000,0.000000,False,False,False,2.000000,1,46101,,False,nonmetro,33.084564,True
SD,South Dakota,Oglala Lakota,46102,13434,8652,6.300000,"( 5.7,  7.0)",7.400000,"( 6.6,  8.2)",46,0,0,0,0,0,0,False,0.000000,0.000000,False,0.000000,0.000000,True,True,True,5.000000,2,46102,,False,nonmetro,73.078325,True
SD,South Dakota,Pennington,46103,115903,90529,3.500000,"( 3.0,  4.0)",2.900000,"( 2.5,  3.2)",46,3,3,2,4,4,2,True,2.588371,3.313855,True,3.451162,4.418474,False,False,False,2.000000,5,46103,38.000000,True,metro,4.746205,True
SD,South Dakota,Perkins,46105,2834,2172,4.600000,"( 4.0,  5.3)",3.100000,"( 2.7,  3.5)",46,0,0,0,0,0,0,False,0.000000,0.000000,False,0.000000,0.000000,True,True,False,4.000000,1,46105,,False,nonmetro,120.868918,True
SD,South Dakota,Potter,46107,2413,1889,4.100000,"( 3.5,  4.7)",2.700000,"( 2.4,  3.1)",46,0,0,0,0,0,0,False,0.000000,0.000000,False,0.000000,0.000000,True,True,False,3.000000,1,46107,,False,nonmetro,175.262402,True
SD,South Dakota,Roberts,46109,10206,7288,5.000000,"( 4.4,  5.6)",3.800000,"( 3.4,  4.2)",46,0,0,0,0,0,0,False,0.000000,0.000000,False,0.000000,0.000000,True,True,True,5.000000,2,46109,,False,nonmetro,135.169932,True
SD,South Dakota,Sanborn,46111,2399,1801,3.900000,"( 3.4,  4.5)",2.900000,"( 2.6,  3.4)",46,0,0,0,0,0,0,False,0.000000,0.000000,False,0.000000,0.000000,False,False,False,3.000000,1,46111,,False,nonmetro,77.571188,True
SD,South Dakota,Spink,46115,6166,4773,4.200000,"( 3.5,  4.8)",2.900000,"( 2.5,  3.3)",46,0,0,0,0,0,0,False,0.000000,0.000000,False,0.000000,0.000000,True,True,False,3.000000,1,46115,,False,nonmetro,125.865241,True
SD,South Dakota,Stanley,46117,3043,2361,3.400000,"( 3.0,  3.9)",2.600000,"( 2.2,  2.9)",46,0,0,0,0,0,0,False,0.000000,0.000000,False,0.000000,0.000000,False,False,False,1.000000,1,46117,,False,nonmetro,139.245412,True
SD,South Dakota,Sully,46119,1494,1195,3.900000,"( 3.4,  4.5)",2.700000,"( 2.4,  3.1)",46,0,0,0,0,0,0,False,0.000000,0.000000,False,0.000000,0.000000,False,False,False,3.000000,1,46119,,False,nonmetro,158.742154,True
SD,South Dakota,Todd,46121,9199,5411,6.200000,"( 5.5,  7.0)",7.000000,"( 6.2,  7.9)",46,0,0,0,0,0,0,False,0.000000,0.000000,False,0.000000,0.000000,True,True,True,5.000000,2,46121,,False,nonmetro,135.360321,True
SD,South Dakota,Tripp,46123,5621,4341,5.000000,"( 4.3,  5.8)",3.600000,"( 3.1,  4.0)",46,0,0,0,0,0,0,False,0.000000,0.000000,False,0.000000,0.000000,True,True,True,5.000000,1,46123,,False,nonmetro,157.028600,True
SD,South Dakota,Turner,46125,9027,6748,3.600000,"( 3.1,  4.2)",2.800000,"( 2.4,  3.2)",46,0,0,0,0,0,0,False,0.000000,0.000000,False,0.000000,0.000000,False,False,False,2.000000,2,46125,,False,metro,26.368772,True
SD,South Dakota,Union,46127,17183,13101,3.200000,"( 2.7,  3.7)",2.500000,"( 2.2,  3.0)",46,0,0,0,0,0,0,False,0.000000,0.000000,False,0.000000,0.000000,False,False,False,1.000000,2,46127,,False,metro,60.091036,True
SD,South Dakota,Walworth,46129,5269,4009,4.200000,"( 3.6,  4.9)",3.100000,"( 2.7,  3.5)",46,0,0,0,0,0,0,False,0.000000,0.000000,False,0.000000,0.000000,True,True,False,3.000000,1,46129,,False,nonmetro,174.339444,True
SD,South Dakota,Yankton,46135,23517,18574,3.600000,"( 3.0,  4.1)",2.800000,"( 2.4,  3.1)",46,0,0,0,0,0,0,False,0.000000,0.000000,False,0.000000,0.000000,False,False,False,2.000000,3,46135,11.000000,True,nonmetro,55.735599,True
SD,South Dakota,Ziebach,46137,2322,1744,5.500000,"( 5.0,  6.2)",5.400000,"( 4.9,  6.1)",46,0,0,0,0,0,0,False,0.000000,0.000000,False,0.000000,0.000000,True,True,True,5.000000,1,46137,,False,nonmetro,102.308188,True
TN,Tennessee,Anderson,47001,80234,63394,3.900000,"( 3.5,  4.5)",3.200000,"( 2.8,  3.6)",47,0,0,0,0,0,0,False,0.000000,0.000000,False,0.000000,0.000000,False,False,True,3.000000,4,47001,47.000000,True,metro,10.758373,True
TN,Tennessee,Bedford,47003,53055,39707,3.700000,"( 3.3,  4.2)",3.400000,"( 3.0,  3.8)",47,0,0,0,0,0,0,False,0.000000,0.000000,False,0.000000,0.000000,False,False,True,2.000000,4,47003,22.000000,True,nonmetro,18.080763,True
TN,Tennessee,Benton,47005,16103,12855,5.000000,"( 4.4,  5.7)",3.700000,"( 3.2,  4.1)",47,0,0,0,0,0,0,False,0.000000,0.000000,False,0.000000,0.000000,True,True,True,5.000000,2,47005,12.000000,True,nonmetro,51.597228,True
TN,Tennessee,Bledsoe,47007,15060,12741,5.200000,"( 4.5,  5.9)",4.100000,"( 3.6,  4.6)",47,0,0,0,0,0,0,False,0.000000,0.000000,False,0.000000,0.000000,True,True,True,5.000000,2,47007,,False,nonmetro,40.426361,True
TN,Tennessee,Blount,47009,141456,113587,3.700000,"( 3.2,  4.3)",2.900000,"( 2.5,  3.3)",47,0,0,0,0,0,0,False,0.000000,0.000000,False,0.000000,0.000000,False,False,False,2.000000,5,47009,81.000000,True,metro,15.315056,True
TN,Tennessee,Bradley,47011,111579,87424,3.700000,"( 3.2,  4.2)",3.200000,"( 2.7,  3.6)",47,0,0,0,0,0,0,False,0.000000,0.000000,False,0.000000,0.000000,False,False,True,2.000000,5,47011,69.000000,True,metro,27.043028,True
TN,Tennessee,Campbell,47013,40223,31958,4.700000,"( 4.1,  5.3)",3.700000,"( 3.3,  4.2)",47,0,0,0,0,0,0,False,0.000000,0.000000,False,0.000000,0.000000,True,True,True,4.000000,4,47013,28.000000,True,metro,25.093961,True
TN,Tennessee,Cannon,47015,15063,11758,4.200000,"( 3.6,  4.8)",3.400000,"( 3.0,  3.9)",47,0,0,0,0,0,0,False,0.000000,0.000000,False,0.000000,0.000000,True,True,True,3.000000,2,47015,12.000000,True,metro,31.352263,True
TN,Tennessee,Carroll,47017,28860,22607,4.400000,"( 3.8,  4.9)",3.500000,"( 3.1,  4.0)",47,0,0,0,0,0,0,False,0.000000,0.000000,False,0.000000,0.000000,True,True,True,4.000000,3,47017,21.000000,True,nonmetro,34.624508,True
TN,Tennessee,Carter,47019,57022,47175,4.600000,"( 4.0,  5.3)",3.500000,"( 3.1,  4.0)",47,0,0,0,0,0,0,False,0.000000,0.000000,False,0.000000,0.000000,True,True,True,4.000000,4,47019,33.000000,True,metro,53.530954,True
TN,Tennessee,Cheatham,47021,42254,33283,3.300000,"( 2.9,  3.8)",2.900000,"( 2.5,  3.3)",47,0,0,0,0,0,0,False,0.000000,0.000000,False,0.000000,0.000000,False,False,False,1.000000,4,47021,25.000000,True,metro,18.663092,True
TN,Tennessee,Chester,47023,17606,13796,3.900000,"( 3.4,  4.5)",3.500000,"( 3.1,  4.0)",47,0,0,0,0,0,0,False,0.000000,0.000000,False,0.000000,0.000000,False,False,True,3.000000,2,47023,10.000000,True,metro,16.762108,True
TN,Tennessee,Claiborne,47025,32654,26424,4.300000,"( 3.8,  4.9)",3.500000,"( 3.0,  4.0)",47,0,0,0,0,0,0,False,0.000000,0.000000,False,0.000000,0.000000,True,True,True,4.000000,3,47025,20.000000,True,nonmetro,26.974859,True
TN,Tennessee,Clay,47027,7714,6190,5.400000,"( 4.7,  6.2)",3.800000,"( 3.4,  4.3)",47,0,0,0,0,0,0,False,0.000000,0.000000,False,0.000000,0.000000,True,True,True,5.000000,1,47027,,False,nonmetro,73.099378,True
TN,Tennessee,Cocke,47029,37404,29763,5.100000,"( 4.5,  5.8)",3.900000,"( 3.4,  4.4)",47,0,0,0,0,0,0,False,0.000000,0.000000,False,0.000000,0.000000,True,True,True,5.000000,4,47029,30.000000,True,nonmetro,21.980266,True
TN,Tennessee,Coffee,47031,60633,46066,4.000000,"( 3.5,  4.6)",3.300000,"( 2.9,  3.8)",47,2,2,1,2,2,1,True,3.298534,4.341597,True,3.298534,4.341597,False,False,False,3.000000,4,47031,33.000000,True,nonmetro,8.866000,True
TN,Tennessee,Crockett,47033,13982,10774,4.400000,"( 3.9,  4.9)",3.500000,"( 3.2,  3.9)",47,0,0,0,0,0,0,False,0.000000,0.000000,False,0.000000,0.000000,True,True,True,4.000000,2,47033,,False,metro,21.084377,True
TN,Tennessee,Cumberland,47035,64760,53834,5.300000,"( 4.5,  6.0)",3.400000,"( 3.0,  3.8)",47,0,0,0,0,0,0,False,0.000000,0.000000,False,0.000000,0.000000,True,True,True,5.000000,4,47035,44.000000,True,nonmetro,55.250582,True
TN,Tennessee,Davidson,47037,712334,566997,2.900000,"( 2.6,  3.3)",3.100000,"( 2.7,  3.4)",47,8,8,3,8,8,3,True,1.123069,1.410942,True,1.123069,1.410942,False,False,False,1.000000,5,47037,315.000000,True,metro,7.141546,True
TN,Tennessee,Decatur,47039,11656,9281,5.300000,"( 4.6,  6.0)",3.900000,"( 3.4,  4.4)",47,0,0,0,0,0,0,False,0.000000,0.000000,False,0.000000,0.000000,True,True,True,5.000000,2,47039,10.000000,True,nonmetro,39.262521,True
TN,Tennessee,DeKalb,47041,21225,16657,4.500000,"( 3.9,  5.2)",3.700000,"( 3.2,  4.2)",47,0,0,0,0,0,0,False,0.000000,0.000000,False,0.000000,0.000000,True,True,True,4.000000,3,47041,18.000000,True,nonmetro,46.885856,True
TN,Tennessee,Dickson,47043,56729,44005,3.500000,"( 3.0,  3.9)",3.000000,"( 2.6,  3.4)",47,0,0,0,0,0,0,False,0.000000,0.000000,False,0.000000,0.000000,False,False,False,2.000000,4,47043,26.000000,True,metro,31.930558,True
TN,Tennessee,Dyer,47045,36498,27693,4.200000,"( 3.7,  4.7)",3.600000,"( 3.1,  4.0)",47,0,0,0,0,0,0,False,0.000000,0.000000,False,0.000000,0.000000,True,True,True,3.000000,3,47045,19.000000,True,nonmetro,43.482674,True
TN,Tennessee,Fayette,47047,44175,36250,4.300000,"( 3.8,  4.9)",3.200000,"( 2.9,  3.6)",47,0,0,0,0,0,0,False,0.000000,0.000000,False,0.000000,0.000000,True,True,True,4.000000,4,47047,24.000000,True,metro,21.153838,True
TN,Tennessee,Fentress,47049,19696,15620,5.100000,"( 4.4,  5.8)",3.700000,"( 3.2,  4.2)",47,0,0,0,0,0,0,False,0.000000,0.000000,False,0.000000,0.000000,True,True,True,5.000000,3,47049,14.000000,True,nonmetro,56.017211,True
TN,Tennessee,Franklin,47051,44654,36041,3.900000,"( 3.5,  4.5)",3.200000,"( 2.8,  3.6)",47,0,0,0,0,0,0,False,0.000000,0.000000,False,0.000000,0.000000,False,False,True,3.000000,4,47051,28.000000,True,nonmetro,12.680174,True
TN,Tennessee,Gibson,47053,51045,38625,4.200000,"( 3.7,  4.7)",3.500000,"( 3.1,  4.0)",47,0,0,0,0,0,0,False,0.000000,0.000000,False,0.000000,0.000000,True,True,True,3.000000,4,47053,30.000000,True,metro,22.681168,True
TN,Tennessee,Giles,47055,30721,24414,4.400000,"( 3.8,  5.0)",3.400000,"( 3.0,  3.9)",47,0,0,0,0,0,0,False,0.000000,0.000000,False,0.000000,0.000000,True,True,True,4.000000,3,47055,18.000000,True,nonmetro,40.443793,True
TN,Tennessee,Grainger,47057,24681,19943,4.500000,"( 4.0,  5.1)",3.500000,"( 3.1,  3.9)",47,0,0,0,0,0,0,False,0.000000,0.000000,False,0.000000,0.000000,True,True,True,4.000000,3,47057,16.000000,True,metro,12.413174,True
TN,Tennessee,Greene,47059,72577,58898,4.400000,"( 3.9,  5.1)",3.400000,"( 3.0,  3.9)",47,0,0,0,0,0,0,False,0.000000,0.000000,False,0.000000,0.000000,True,True,True,4.000000,4,47059,41.000000,True,nonmetro,36.582380,True
TN,Tennessee,Grundy,47061,13955,10952,5.000000,"( 4.3,  5.6)",3.900000,"( 3.4,  4.4)",47,0,0,0,0,0,0,False,0.000000,0.000000,False,0.000000,0.000000,True,True,True,5.000000,2,47061,12.000000,True,nonmetro,26.590304,True
TN,Tennessee,Hamblen,47063,66216,50439,4.300000,"( 3.7,  4.9)",3.600000,"( 3.2,  4.0)",47,0,0,0,0,0,0,False,0.000000,0.000000,False,0.000000,0.000000,True,True,True,4.000000,4,47063,32.000000,True,metro,12.717911,True
TN,Tennessee,Hamilton,47065,379864,299790,3.600000,"( 3.1,  4.0)",3.000000,"( 2.6,  3.4)",47,4,3,4,4,3,4,True,1.053008,1.334267,True,1.053008,1.334267,False,False,False,2.000000,5,47065,201.000000,True,metro,8.862923,True
TN,Tennessee,Hancock,47067,6956,5496,6.300000,"( 5.4,  7.1)",4.800000,"( 4.2,  5.4)",47,0,0,0,0,0,0,False,0.000000,0.000000,False,0.000000,0.000000,True,True,True,5.000000,1,47067,,False,nonmetro,31.021268,True
TN,Tennessee,Hardeman,47069,25567,20544,4.900000,"( 4.4,  5.4)",4.200000,"( 3.8,  4.7)",47,0,0,0,0,0,0,False,0.000000,0.000000,False,0.000000,0.000000,True,True,True,5.000000,3,47069,18.000000,True,nonmetro,29.726840,True
TN,Tennessee,Hardin,47071,27229,21759,5.100000,"( 4.5,  5.8)",3.700000,"( 3.3,  4.2)",47,0,0,0,0,0,0,False,0.000000,0.000000,False,0.000000,0.000000,True,True,True,5.000000,3,47071,19.000000,True,nonmetro,44.085242,True
TN,Tennessee,Hawkins,47073,58600,47494,4.600000,"( 4.0,  5.3)",3.500000,"( 3.1,  4.0)",47,0,0,0,0,0,0,False,0.000000,0.000000,False,0.000000,0.000000,True,True,True,4.000000,4,47073,34.000000,True,metro,41.814782,True
TN,Tennessee,Haywood,47075,17328,13485,5.900000,"( 5.3,  6.6)",4.600000,"( 4.2,  5.1)",47,0,0,0,0,0,0,False,0.000000,0.000000,False,0.000000,0.000000,True,True,True,5.000000,2,47075,11.000000,True,nonmetro,25.859759,True
TN,Tennessee,Henderson,47077,28070,21781,4.400000,"( 3.9,  5.0)",3.600000,"( 3.2,  4.0)",47,0,0,0,0,0,0,False,0.000000,0.000000,False,0.000000,0.000000,True,True,True,4.000000,3,47077,15.000000,True,nonmetro,23.640059,True
TN,Tennessee,Henry,47079,32554,26072,5.000000,"( 4.3,  5.6)",3.600000,"( 3.2,  4.1)",47,0,0,0,0,0,0,False,0.000000,0.000000,False,0.000000,0.000000,True,True,True,5.000000,3,47079,26.000000,True,nonmetro,56.972197,True
TN,Tennessee,Hickman,47081,25826,20399,4.100000,"( 3.6,  4.6)",3.400000,"( 3.0,  3.9)",47,0,0,0,0,0,0,False,0.000000,0.000000,False,0.000000,0.000000,True,True,True,3.000000,3,47081,15.000000,True,metro,40.991438,True
TN,Tennessee,Houston,47083,8393,6642,4.200000,"( 3.7,  4.8)",3.300000,"( 3.0,  3.7)",47,0,0,0,0,0,0,False,0.000000,0.000000,False,0.000000,0.000000,True,True,True,3.000000,1,47083,,False,nonmetro,52.146220,True
TN,Tennessee,Humphreys,47085,19209,15251,4.300000,"( 3.8,  4.9)",3.400000,"( 3.0,  3.9)",47,0,0,0,0,0,0,False,0.000000,0.000000,False,0.000000,0.000000,True,True,True,4.000000,3,47085,14.000000,True,nonmetro,54.078279,True
TN,Tennessee,Jackson,47087,12363,10099,5.000000,"( 4.4,  5.8)",3.700000,"( 3.3,  4.2)",47,0,0,0,0,0,0,False,0.000000,0.000000,False,0.000000,0.000000,True,True,True,5.000000,2,47087,,False,nonmetro,65.415695,True
TN,Tennessee,Jefferson,47089,57838,46748,4.000000,"( 3.4,  4.5)",3.100000,"( 2.7,  3.5)",47,1,1,1,1,1,1,True,1.728967,2.139129,True,1.728967,2.139129,False,False,False,3.000000,4,47089,40.000000,True,metro,6.914349,True
TN,Tennessee,Johnson,47091,18375,15348,5.100000,"( 4.4,  5.8)",3.800000,"( 3.3,  4.4)",47,0,0,0,0,0,0,False,0.000000,0.000000,False,0.000000,0.000000,True,True,True,5.000000,2,47091,10.000000,True,nonmetro,70.841374,True
TN,Tennessee,Knox,47093,500669,396548,3.200000,"( 2.8,  3.6)",2.900000,"( 2.5,  3.3)",47,2,2,2,2,2,2,True,0.399466,0.504353,True,0.399466,0.504353,False,False,False,1.000000,5,47093,243.000000,True,metro,6.411642,True
TN,Tennessee,Lake,47095,6347,5362,5.600000,"( 5.0,  6.2)",5.200000,"( 4.6,  5.8)",47,0,0,0,0,0,0,False,0.000000,0.000000,False,0.000000,0.000000,True,True,True,5.000000,1,47095,,False,nonmetro,63.007171,True
TN,Tennessee,Lauderdale,47097,24610,19169,4.900000,"( 4.4,  5.4)",4.300000,"( 3.8,  4.8)",47,0,0,0,0,0,0,False,0.000000,0.000000,False,0.000000,0.000000,True,True,True,5.000000,3,47097,13.000000,True,nonmetro,40.925391,True
TN,Tennessee,Lawrence,47099,46114,34552,4.300000,"( 3.8,  4.9)",3.600000,"( 3.1,  4.0)",47,0,0,0,0,0,0,False,0.000000,0.000000,False,0.000000,0.000000,True,True,True,4.000000,4,47099,32.000000,True,nonmetro,55.880804,True
TN,Tennessee,Lewis,47101,13066,10217,4.400000,"( 3.8,  5.0)",3.400000,"( 3.0,  3.8)",47,0,0,0,0,0,0,False,0.000000,0.000000,False,0.000000,0.000000,True,True,True,4.000000,2,47101,,False,nonmetro,60.217095,True
TN,Tennessee,Lincoln,47103,36169,28065,4.200000,"( 3.6,  4.7)",3.200000,"( 2.9,  3.7)",47,0,0,0,0,0,0,False,0.000000,0.000000,False,0.000000,0.000000,True,True,True,3.000000,3,47103,23.000000,True,nonmetro,24.019978,True
TN,Tennessee,Loudon,47105,60591,49273,4.300000,"( 3.7,  5.0)",2.900000,"( 2.6,  3.4)",47,0,0,0,0,0,0,False,0.000000,0.000000,False,0.000000,0.000000,True,True,False,4.000000,4,47105,38.000000,True,metro,23.662047,True
TN,Tennessee,McMinn,47107,55678,43829,4.200000,"( 3.7,  4.8)",3.300000,"( 2.9,  3.7)",47,0,0,0,0,0,0,False,0.000000,0.000000,False,0.000000,0.000000,True,True,True,3.000000,4,47107,36.000000,True,nonmetro,46.426101,True
TN,Tennessee,McNairy,47109,26163,20543,4.700000,"( 4.1,  5.3)",3.700000,"( 3.2,  4.1)",47,0,0,0,0,0,0,False,0.000000,0.000000,False,0.000000,0.000000,True,True,True,4.000000,3,47109,20.000000,True,nonmetro,34.398839,True
TN,Tennessee,Macon,47111,26793,20137,4.100000,"( 3.6,  4.6)",3.600000,"( 3.2,  4.0)",47,0,0,0,0,0,0,False,0.000000,0.000000,False,0.000000,0.000000,True,True,True,3.000000,3,47111,16.000000,True,metro,49.464767,True
TN,Tennessee,Madison,47113,99193,77007,4.300000,"( 3.9,  4.9)",3.700000,"( 3.3,  4.2)",47,1,1,1,1,1,1,True,1.008136,1.298583,True,1.008136,1.298583,False,False,False,4.000000,5,47113,62.000000,True,metro,5.158112,True
TN,Tennessee,Marion,47115,29382,23402,4.700000,"( 4.0,  5.3)",3.600000,"( 3.1,  4.1)",47,0,0,0,0,0,0,False,0.000000,0.000000,False,0.000000,0.000000,True,True,True,4.000000,3,47115,19.000000,True,metro,18.340606,True
TN,Tennessee,Marshall,47117,36961,28299,3.700000,"( 3.2,  4.2)",3.200000,"( 2.8,  3.6)",47,0,0,0,0,0,0,False,0.000000,0.000000,False,0.000000,0.000000,False,False,True,2.000000,3,47117,15.000000,True,nonmetro,33.632002,True
TN,Tennessee,Maury,47119,110760,85543,3.400000,"( 3.0,  3.9)",3.000000,"( 2.6,  3.3)",47,0,0,0,0,0,0,False,0.000000,0.000000,False,0.000000,0.000000,False,False,False,1.000000,5,47119,52.000000,True,metro,39.188708,True
TN,Tennessee,Meigs,47121,13691,10945,4.700000,"( 4.1,  5.3)",3.600000,"( 3.1,  4.0)",47,0,0,0,0,0,0,False,0.000000,0.000000,False,0.000000,0.000000,True,True,True,4.000000,2,47121,,False,nonmetro,40.294615,True
TN,Tennessee,Monroe,47123,48594,38727,4.700000,"( 4.1,  5.4)",3.500000,"( 3.1,  4.0)",47,0,0,0,0,0,0,False,0.000000,0.000000,False,0.000000,0.000000,True,True,True,4.000000,4,47123,36.000000,True,nonmetro,39.292494,True
TN,Tennessee,Montgomery,47125,239872,176143,2.700000,"( 2.4,  3.0)",3.100000,"( 2.8,  3.4)",47,0,0,0,0,0,0,False,0.000000,0.000000,False,0.000000,0.000000,False,False,False,1.000000,5,47125,88.000000,True,metro,41.507678,True
TN,Tennessee,Moore,47127,6748,5434,4.200000,"( 3.7,  4.8)",3.200000,"( 2.8,  3.6)",47,0,0,0,0,0,0,False,0.000000,0.000000,False,0.000000,0.000000,True,True,True,3.000000,1,47127,,False,nonmetro,8.965524,True
TN,Tennessee,Morgan,47129,21573,17352,4.300000,"( 3.7,  4.9)",3.600000,"( 3.1,  4.1)",47,0,0,0,0,0,0,False,0.000000,0.000000,False,0.000000,0.000000,True,True,True,4.000000,3,47129,14.000000,True,metro,32.240318,True
TN,Tennessee,Obion,47131,30411,23747,4.700000,"( 4.1,  5.3)",3.600000,"( 3.2,  4.1)",47,0,0,0,0,0,0,False,0.000000,0.000000,False,0.000000,0.000000,True,True,True,4.000000,3,47131,14.000000,True,nonmetro,56.530997,True
TN,Tennessee,Overton,47133,23327,18448,4.600000,"( 4.0,  5.3)",3.700000,"( 3.2,  4.2)",47,0,0,0,0,0,0,False,0.000000,0.000000,False,0.000000,0.000000,True,True,True,4.000000,3,47133,17.000000,True,nonmetro,74.897134,True
TN,Tennessee,Perry,47135,8891,6896,4.900000,"( 4.3,  5.6)",3.800000,"( 3.4,  4.3)",47,0,0,0,0,0,0,False,0.000000,0.000000,False,0.000000,0.000000,True,True,True,5.000000,2,47135,,False,nonmetro,53.998957,True
TN,Tennessee,Pickett,47137,5128,4278,5.900000,"( 5.1,  6.9)",3.900000,"( 3.5,  4.5)",47,0,0,0,0,0,0,False,0.000000,0.000000,False,0.000000,0.000000,True,True,True,5.000000,1,47137,,False,nonmetro,72.165940,True
TN,Tennessee,Polk,47139,18033,14655,4.300000,"( 3.7,  4.9)",3.300000,"( 2.9,  3.8)",47,0,0,0,0,0,0,False,0.000000,0.000000,False,0.000000,0.000000,True,True,True,4.000000,2,47139,12.000000,True,metro,42.599205,True
TN,Tennessee,Putnam,47141,83844,66450,3.500000,"( 3.1,  4.1)",3.300000,"( 2.9,  3.8)",47,0,0,0,0,0,0,False,0.000000,0.000000,False,0.000000,0.000000,False,False,True,2.000000,4,47141,49.000000,True,nonmetro,67.645346,True
TN,Tennessee,Rhea,47143,33924,26584,4.400000,"( 3.8,  5.1)",3.600000,"( 3.1,  4.1)",47,0,0,0,0,0,0,False,0.000000,0.000000,False,0.000000,0.000000,True,True,True,4.000000,3,47143,25.000000,True,nonmetro,39.716749,True
TN,Tennessee,Roane,47145,56096,45557,4.400000,"( 3.7,  5.0)",3.200000,"( 2.8,  3.7)",47,0,0,0,0,0,0,False,0.000000,0.000000,False,0.000000,0.000000,True,True,True,4.000000,4,47145,37.000000,True,metro,29.802550,True
TN,Tennessee,Robertson,47147,76776,58419,3.400000,"( 3.0,  3.9)",3.000000,"( 2.7,  3.4)",47,0,0,0,0,0,0,False,0.000000,0.000000,False,0.000000,0.000000,False,False,False,1.000000,4,47147,45.000000,True,metro,22.889469,True
TN,Tennessee,Rutherford,47149,367101,277198,2.700000,"( 2.4,  3.1)",2.900000,"( 2.5,  3.3)",47,0,0,0,0,0,0,False,0.000000,0.000000,False,0.000000,0.000000,False,False,False,1.000000,5,47149,128.000000,True,metro,26.238639,True
TN,Tennessee,Scott,47151,22171,17051,4.900000,"( 4.3,  5.6)",4.200000,"( 3.7,  4.7)",47,0,0,0,0,0,0,False,0.000000,0.000000,False,0.000000,0.000000,True,True,True,5.000000,3,47151,13.000000,True,nonmetro,39.815784,True
TN,Tennessee,Sequatchie,47153,17161,13711,4.900000,"( 4.3,  5.6)",3.800000,"( 3.3,  4.3)",47,0,0,0,0,0,0,False,0.000000,0.000000,False,0.000000,0.000000,True,True,True,5.000000,2,47153,10.000000,True,metro,21.977052,True
TN,Tennessee,Sevier,47155,99415,78781,4.100000,"( 3.5,  4.7)",3.200000,"( 2.8,  3.6)",47,0,0,0,0,0,0,False,0.000000,0.000000,False,0.000000,0.000000,True,True,True,3.000000,5,47155,58.000000,True,nonmetro,17.110088,True
TN,Tennessee,Shelby,47157,910042,678990,4.200000,"( 3.7,  4.6)",3.800000,"( 3.4,  4.3)",47,7,6,6,9,7,7,True,0.769195,1.030943,True,0.988965,1.325498,False,False,False,3.000000,5,47157,495.000000,True,metro,5.958539,True
TN,Tennessee,Smith,47159,20538,15962,3.800000,"( 3.3,  4.3)",3.200000,"( 2.8,  3.6)",47,0,0,0,0,0,0,False,0.000000,0.000000,False,0.000000,0.000000,False,False,True,2.000000,3,47159,17.000000,True,metro,46.031184,True
TN,Tennessee,Stewart,47161,14222,11296,4.000000,"( 3.5,  4.5)",3.100000,"( 2.7,  3.5)",47,0,0,0,0,0,0,False,0.000000,0.000000,False,0.000000,0.000000,False,False,False,3.000000,2,47161,11.000000,True,metro,61.035823,True
TN,Tennessee,Sullivan,47163,162135,131383,4.200000,"( 3.7,  4.9)",3.200000,"( 2.8,  3.7)",47,0,0,0,0,0,0,False,0.000000,0.000000,False,0.000000,0.000000,True,True,True,3.000000,5,47163,101.000000,True,metro,63.389534,True
TN,Tennessee,Sumner,47165,207994,160636,3.300000,"( 2.8,  3.7)",2.800000,"( 2.5,  3.2)",47,0,0,0,0,0,0,False,0.000000,0.000000,False,0.000000,0.000000,False,False,False,1.000000,5,47165,122.000000,True,metro,21.521876,True
TN,Tennessee,Tipton,47167,62015,47484,3.800000,"( 3.4,  4.3)",3.400000,"( 3.0,  3.8)",47,0,0,0,0,0,0,False,0.000000,0.000000,False,0.000000,0.000000,False,False,True,2.000000,4,47167,29.000000,True,metro,27.010589,True
TN,Tennessee,Trousdale,47169,12271,9953,3.200000,"( 2.9,  3.6)",3.500000,"( 3.1,  3.9)",47,0,0,0,0,0,0,False,0.000000,0.000000,False,0.000000,0.000000,False,False,True,1.000000,2,47169,,False,metro,38.308580,True
TN,Tennessee,Unicoi,47171,17756,14576,4.800000,"( 4.2,  5.5)",3.600000,"( 3.2,  4.1)",47,0,0,0,0,0,0,False,0.000000,0.000000,False,0.000000,0.000000,True,True,True,5.000000,2,47171,13.000000,True,metro,39.139191,True
TN,Tennessee,Union,47173,20741,16391,4.200000,"( 3.7,  4.7)",3.400000,"( 3.0,  3.8)",47,0,0,0,0,0,0,False,0.000000,0.000000,False,0.000000,0.000000,True,True,True,3.000000,3,47173,11.000000,True,metro,17.680952,True
TN,Tennessee,Van Buren,47175,6493,5159,4.700000,"( 4.1,  5.4)",3.400000,"( 3.0,  3.9)",47,0,0,0,0,0,0,False,0.000000,0.000000,False,0.000000,0.000000,True,True,True,4.000000,1,47175,,False,nonmetro,46.291777,True
TN,Tennessee,Warren,47177,42638,32817,4.200000,"( 3.7,  4.8)",3.600000,"( 3.1,  4.0)",47,0,0,0,0,0,0,False,0.000000,0.000000,False,0.000000,0.000000,True,True,True,3.000000,4,47177,41.000000,True,nonmetro,32.941696,True
TN,Tennessee,Washington,47179,138420,112911,3.600000,"( 3.2,  4.2)",3.100000,"( 2.7,  3.6)",47,0,0,0,0,0,0,False,0.000000,0.000000,False,0.000000,0.000000,False,False,False,2.000000,5,47179,67.000000,True,metro,50.653928,True
TN,Tennessee,Wayne,47181,16066,13393,4.600000,"( 4.0,  5.2)",3.700000,"( 3.3,  4.2)",47,0,0,0,0,0,0,False,0.000000,0.000000,False,0.000000,0.000000,True,True,True,4.000000,2,47181,,False,nonmetro,62.994926,True
TN,Tennessee,Weakley,47183,33084,26870,4.000000,"( 3.6,  4.6)",3.600000,"( 3.2,  4.1)",47,0,0,0,0,0,0,False,0.000000,0.000000,False,0.000000,0.000000,False,False,True,3.000000,3,47183,16.000000,True,nonmetro,47.231085,True
TN,Tennessee,White,47185,28692,22572,4.600000,"( 4.0,  5.2)",3.600000,"( 3.1,  4.1)",47,0,0,0,0,0,0,False,0.000000,0.000000,False,0.000000,0.000000,True,True,True,4.000000,3,47185,22.000000,True,nonmetro,56.915883,True
TN,Tennessee,Williamson,47187,264460,197303,2.500000,"( 2.1,  2.9)",2.200000,"( 1.9,  2.5)",47,0,0,0,0,0,0,False,0.000000,0.000000,False,0.000000,0.000000,False,False,False,1.000000,5,47187,84.000000,True,metro,18.743862,True
TN,Tennessee,Wilson,47189,163674,125684,3.000000,"( 2.6,  3.5)",2.700000,"( 2.3,  3.1)",47,0,0,0,0,0,0,False,0.000000,0.000000,False,0.000000,0.000000,False,False,False,1.000000,5,47189,75.000000,True,metro,21.411750,True
TX,Texas,Anderson,48001,57736,46379,3.900000,"( 3.5,  4.4)",3.700000,"( 3.3,  4.1)",48,0,0,0,0,0,0,False,0.000000,0.000000,False,0.000000,0.000000,False,False,True,3.000000,4,48001,43.000000,True,nonmetro,46.181477,True
TX,Texas,Andrews,48003,18664,12871,3.100000,"( 2.7,  3.4)",3.200000,"( 2.8,  3.6)",48,0,0,0,0,0,0,False,0.000000,0.000000,False,0.000000,0.000000,False,False,True,1.000000,2,48003,,False,nonmetro,34.402397,True
TX,Texas,Angelina,48005,87319,65255,4.200000,"( 3.8,  4.7)",3.600000,"( 3.2,  4.0)",48,1,1,1,1,1,1,True,1.145226,1.532450,True,1.145226,1.532450,False,False,False,3.000000,4,48005,54.000000,True,nonmetro,5.713166,True
TX,Texas,Aransas,48007,25374,20864,4.600000,"( 4.0,  5.3)",3.100000,"( 2.7,  3.5)",48,0,0,0,0,0,0,False,0.000000,0.000000,False,0.000000,0.000000,True,True,False,4.000000,3,48007,18.000000,True,metro,128.601580,True
TX,Texas,Archer,48009,9029,6979,3.800000,"( 3.4,  4.3)",2.900000,"( 2.6,  3.3)",48,0,0,0,0,0,0,False,0.000000,0.000000,False,0.000000,0.000000,False,False,False,2.000000,2,48009,,False,metro,119.999021,True
TX,Texas,Armstrong,48011,1832,1422,3.700000,"( 3.2,  4.3)",2.700000,"( 2.4,  3.0)",48,0,0,0,0,0,0,False,0.000000,0.000000,False,0.000000,0.000000,False,False,False,2.000000,1,48011,,False,metro,26.380569,True
TX,Texas,Atascosa,48013,51784,38008,3.500000,"( 3.2,  3.9)",3.200000,"( 2.9,  3.6)",48,0,0,0,0,0,0,False,0.000000,0.000000,False,0.000000,0.000000,False,False,True,2.000000,4,48013,30.000000,True,metro,27.944776,True
TX,Texas,Austin,48015,31677,24216,4.200000,"( 3.7,  4.7)",3.200000,"( 2.9,  3.6)",48,0,0,0,0,0,0,False,0.000000,0.000000,False,0.000000,0.000000,True,True,True,3.000000,3,48015,17.000000,True,metro,39.907125,True
TX,Texas,Bailey,48017,6672,4676,3.800000,"( 3.4,  4.2)",3.400000,"( 3.1,  3.8)",48,0,0,0,0,0,0,False,0.000000,0.000000,False,0.000000,0.000000,False,False,True,2.000000,1,48017,,False,nonmetro,67.530639,True
TX,Texas,Bandera,48019,22637,18811,4.500000,"( 4.0,  5.1)",3.000000,"( 2.7,  3.4)",48,0,0,0,0,0,0,False,0.000000,0.000000,False,0.000000,0.000000,True,True,False,4.000000,3,48019,16.000000,True,metro,37.784642,True
TX,Texas,Bastrop,48021,110778,82035,3.500000,"( 3.1,  4.0)",3.200000,"( 2.8,  3.5)",48,0,0,0,0,0,0,False,0.000000,0.000000,False,0.000000,0.000000,False,False,True,2.000000,5,48021,39.000000,True,metro,25.470138,True
TX,Texas,Baylor,48023,3463,2691,4.600000,"( 4.0,  5.4)",3.400000,"( 3.0,  3.9)",48,0,0,0,0,0,0,False,0.000000,0.000000,False,0.000000,0.000000,True,True,True,4.000000,1,48023,,False,nonmetro,149.114483,True
TX,Texas,Bee,48025,30850,24638,3.200000,"( 2.9,  3.6)",3.400000,"( 3.1,  3.8)",48,0,0,0,0,0,0,False,0.000000,0.000000,False,0.000000,0.000000,False,False,True,1.000000,3,48025,15.000000,True,nonmetro,84.649437,True
TX,Texas,Bell,48027,393193,285194,3.200000,"( 2.9,  3.5)",3.300000,"( 3.0,  3.7)",48,1,1,1,1,1,1,True,0.254328,0.350639,True,0.254328,0.350639,False,False,False,1.000000,5,48027,150.000000,True,metro,15.743869,True
TX,Texas,Bexar,48029,2087679,1577040,3.000000,"( 2.7,  3.3)",3.000000,"( 2.7,  3.4)",48,4,4,4,5,5,5,True,0.191600,0.253640,True,0.239500,0.317050,False,False,False,1.000000,5,48029,902.000000,True,metro,9.985848,True
TX,Texas,Blanco,48031,13048,10896,3.700000,"( 3.2,  4.3)",2.600000,"( 2.2,  2.9)",48,0,0,0,0,0,0,False,0.000000,0.000000,False,0.000000,0.000000,False,False,False,2.000000,2,48031,,False,nonmetro,40.076292,True
TX,Texas,Borden,48033,572,455,3.900000,"( 3.4,  4.6)",2.700000,"( 2.3,  3.0)",48,0,0,0,0,0,0,False,0.000000,0.000000,False,0.000000,0.000000,False,False,False,3.000000,1,48033,,False,nonmetro,61.628020,True
TX,Texas,Bosque,48035,18996,15064,4.300000,"( 3.7,  4.9)",3.000000,"( 2.6,  3.4)",48,0,0,0,0,0,0,False,0.000000,0.000000,False,0.000000,0.000000,True,True,False,4.000000,3,48035,13.000000,True,metro,54.636800,True
TX,Texas,Bowie,48037,91687,69941,4.100000,"( 3.7,  4.6)",3.500000,"( 3.2,  4.0)",48,0,0,0,0,0,0,False,0.000000,0.000000,False,0.000000,0.000000,True,True,True,3.000000,4,48037,70.000000,True,metro,63.120358,True
TX,Texas,Brazoria,48039,398938,297394,2.900000,"( 2.6,  3.2)",2.800000,"( 2.5,  3.2)",48,0,0,0,0,0,0,False,0.000000,0.000000,False,0.000000,0.000000,False,False,False,1.000000,5,48039,137.000000,True,metro,22.675994,True
TX,Texas,Brazos,48041,244703,195226,2.600000,"( 2.3,  2.8)",3.300000,"( 2.9,  3.7)",48,0,0,0,0,0,0,False,0.000000,0.000000,False,0.000000,0.000000,False,False,True,1.000000,5,48041,51.000000,True,metro,55.871937,True
TX,Texas,Brewster,48043,9513,7906,3.300000,"( 2.8,  3.7)",2.500000,"( 2.3,  2.9)",48,0,0,0,0,0,0,False,0.000000,0.000000,False,0.000000,0.000000,False,False,False,1.000000,2,48043,,False,nonmetro,134.842685,True
TX,Texas,Briscoe,48045,1445,1128,5.200000,"( 4.6,  6.0)",3.700000,"( 3.3,  4.1)",48,0,0,0,0,0,0,False,0.000000,0.000000,False,0.000000,0.000000,True,True,True,5.000000,1,48045,,False,nonmetro,63.559579,True
TX,Texas,Brooks,48047,6848,5111,4.400000,"( 3.9,  5.0)",3.900000,"( 3.5,  4.4)",48,0,0,0,0,0,0,False,0.000000,0.000000,False,0.000000,0.000000,True,True,True,4.000000,1,48047,,False,nonmetro,75.600780,True
TX,Texas,Brown,48049,38709,30770,4.100000,"( 3.6,  4.6)",3.200000,"( 2.9,  3.6)",48,0,0,0,0,0,0,False,0.000000,0.000000,False,0.000000,0.000000,True,True,True,3.000000,4,48049,24.000000,True,nonmetro,106.591497,True
TX,Texas,Burleson,48051,19475,15139,4.000000,"( 3.5,  4.6)",3.100000,"( 2.7,  3.5)",48,0,0,0,0,0,0,False,0.000000,0.000000,False,0.000000,0.000000,False,False,False,3.000000,3,48051,11.000000,True,metro,56.559924,True
TX,Texas,Burnet,48053,53991,43122,3.900000,"( 3.4,  4.5)",2.900000,"( 2.5,  3.3)",48,0,0,0,0,0,0,False,0.000000,0.000000,False,0.000000,0.000000,False,False,False,3.000000,4,48053,40.000000,True,nonmetro,41.730302,True
TX,Texas,Caldwell,48055,49859,38288,3.600000,"( 3.2,  4.0)",3.300000,"( 3.0,  3.7)",48,0,0,0,0,0,0,False,0.000000,0.000000,False,0.000000,0.000000,False,False,True,2.000000,4,48055,25.000000,True,metro,28.455598,True
TX,Texas,Calhoun,48057,19696,15174,3.800000,"( 3.3,  4.2)",3.000000,"( 2.7,  3.4)",48,0,0,0,0,0,0,False,0.000000,0.000000,False,0.000000,0.000000,False,False,False,2.000000,3,48057,11.000000,True,nonmetro,96.889989,True
TX,Texas,Callahan,48059,14374,11235,3.900000,"( 3.4,  4.5)",3.000000,"( 2.6,  3.4)",48,0,0,0,0,0,0,False,0.000000,0.000000,False,0.000000,0.000000,False,False,False,3.000000,2,48059,,False,metro,151.270757,True
TX,Texas,Cameron,48061,426710,306297,3.900000,"( 3.4,  4.4)",3.600000,"( 3.2,  4.1)",48,4,4,2,4,4,2,True,0.937405,1.305922,True,0.937405,1.305922,False,False,False,3.000000,5,48061,171.000000,True,metro,5.413274,True
TX,Texas,Camp,48063,13000,9495,4.700000,"( 4.1,  5.2)",3.900000,"( 3.5,  4.3)",48,0,0,0,0,0,0,False,0.000000,0.000000,False,0.000000,0.000000,True,True,True,4.000000,2,48063,,False,nonmetro,46.330011,True
TX,Texas,Carson,48065,5878,4511,3.400000,"( 3.0,  3.9)",2.700000,"( 2.4,  3.0)",48,0,0,0,0,0,0,False,0.000000,0.000000,False,0.000000,0.000000,False,False,False,1.000000,1,48065,,False,metro,30.537807,True
TX,Texas,Cass,48067,28659,22102,4.900000,"( 4.3,  5.4)",3.600000,"( 3.2,  4.0)",48,0,0,0,0,0,0,False,0.000000,0.000000,False,0.000000,0.000000,True,True,True,5.000000,3,48067,27.000000,True,nonmetro,38.676047,True
TX,Texas,Castro,48069,7227,5107,3.800000,"( 3.3,  4.3)",3.200000,"( 2.9,  3.6)",48,0,0,0,0,0,0,False,0.000000,0.000000,False,0.000000,0.000000,False,False,True,2.000000,1,48069,,False,nonmetro,54.477273,True
TX,Texas,Chambers,48071,53876,38951,2.900000,"( 2.5,  3.2)",2.900000,"( 2.6,  3.3)",48,0,0,0,0,0,0,False,0.000000,0.000000,False,0.000000,0.000000,False,False,False,1.000000,4,48071,18.000000,True,metro,32.544555,True
TX,Texas,Cherokee,48073,52217,39032,4.300000,"( 3.8,  4.8)",3.600000,"( 3.2,  4.0)",48,0,0,0,0,0,0,False,0.000000,0.000000,False,0.000000,0.000000,True,True,True,4.000000,4,48073,29.000000,True,nonmetro,28.222999,True
TX,Texas,Childress,48075,6788,5492,3.400000,"( 3.1,  3.8)",3.300000,"( 3.0,  3.6)",48,0,0,0,0,0,0,False,0.000000,0.000000,False,0.000000,0.000000,False,False,True,1.000000,1,48075,,False,nonmetro,106.394992,True
TX,Texas,Clay,48077,10738,8542,4.000000,"( 3.5,  4.6)",2.900000,"( 2.5,  3.3)",48,0,0,0,0,0,0,False,0.000000,0.000000,False,0.000000,0.000000,False,False,False,3.000000,2,48077,,False,metro,103.645841,True
TX,Texas,Cochran,48079,2509,1832,4.900000,"( 4.4,  5.4)",4.400000,"( 3.9,  4.8)",48,0,0,0,0,0,0,False,0.000000,0.000000,False,0.000000,0.000000,True,True,True,5.000000,1,48079,,False,metro,51.540410,True
TX,Texas,Coke,48081,3352,2630,4.900000,"( 4.2,  5.7)",3.300000,"( 2.9,  3.7)",48,0,0,0,0,0,0,False,0.000000,0.000000,False,0.000000,0.000000,True,True,True,5.000000,1,48081,,False,nonmetro,114.543848,True
TX,Texas,Coleman,48083,7842,6188,4.600000,"( 4.0,  5.2)",3.200000,"( 2.9,  3.6)",48,0,0,0,0,0,0,False,0.000000,0.000000,False,0.000000,0.000000,True,True,True,4.000000,1,48083,,False,nonmetro,132.250932,True
TX,Texas,Collin,48085,1195359,903972,2.300000,"( 2.1,  2.6)",2.300000,"( 2.1,  2.6)",48,5,4,4,5,4,4,True,0.418284,0.553114,True,0.418284,0.553114,False,False,False,1.000000,5,48085,328.000000,True,metro,6.450938,True
TX,Texas,Collingsworth,48087,2563,1897,4.400000,"( 3.9,  5.0)",3.600000,"( 3.2,  4.0)",48,0,0,0,0,0,0,False,0.000000,0.000000,False,0.000000,0.000000,True,True,True,4.000000,1,48087,,False,nonmetro,94.389110,True
TX,Texas,Colorado,48089,21117,16091,4.200000,"( 3.7,  4.8)",3.100000,"( 2.8,  3.5)",48,0,0,0,0,0,0,False,0.000000,0.000000,False,0.000000,0.000000,True,True,False,3.000000,3,48089,17.000000,True,nonmetro,60.158105,True
TX,Texas,Comal,48091,193928,151068,3.000000,"( 2.6,  3.4)",2.400000,"( 2.1,  2.8)",48,0,0,0,0,0,0,False,0.000000,0.000000,False,0.000000,0.000000,False,False,False,1.000000,5,48091,62.000000,True,metro,29.802736,True
TX,Texas,Comanche,48093,14050,10881,4.300000,"( 3.8,  4.9)",3.100000,"( 2.8,  3.5)",48,0,0,0,0,0,0,False,0.000000,0.000000,False,0.000000,0.000000,True,True,False,4.000000,2,48093,,False,nonmetro,93.848414,True
TX,Texas,Concho,48095,3297,2894,4.000000,"( 3.6,  4.5)",3.400000,"( 3.1,  3.8)",48,0,0,0,0,0,0,False,0.000000,0.000000,False,0.000000,0.000000,False,False,True,3.000000,1,48095,,False,nonmetro,144.058022,True
TX,Texas,Cooke,48097,43782,33539,3.800000,"( 3.3,  4.3)",3.100000,"( 2.7,  3.5)",48,0,0,0,0,0,0,False,0.000000,0.000000,False,0.000000,0.000000,False,False,False,2.000000,4,48097,31.000000,True,nonmetro,41.458846,True
TX,Texas,Coryell,48099,84878,65792,2.800000,"( 2.6,  3.1)",3.200000,"( 2.9,  3.5)",48,0,0,0,0,0,0,False,0.000000,0.000000,False,0.000000,0.000000,False,False,True,1.000000,4,48099,25.000000,True,metro,32.491888,True
TX,Texas,Cottle,48101,1294,1043,5.500000,"( 4.8,  6.2)",3.900000,"( 3.4,  4.3)",48,0,0,0,0,0,0,False,0.000000,0.000000,False,0.000000,0.000000,True,True,True,5.000000,1,48101,,False,nonmetro,94.311694,True
TX,Texas,Crane,48103,4574,3247,3.500000,"( 3.1,  3.9)",3.400000,"( 3.0,  3.7)",48,0,0,0,0,0,0,False,0.000000,0.000000,False,0.000000,0.000000,False,False,True,2.000000,1,48103,,False,nonmetro,30.647586,True
TX,Texas,Crockett,48105,2858,2119,4.100000,"( 3.6,  4.5)",3.200000,"( 2.9,  3.6)",48,0,0,0,0,0,0,False,0.000000,0.000000,False,0.000000,0.000000,True,True,True,3.000000,1,48105,,False,nonmetro,104.086886,True
TX,Texas,Crosby,48107,4917,3652,4.500000,"( 4.1,  5.0)",3.700000,"( 3.3,  4.0)",48,0,0,0,0,0,0,False,0.000000,0.000000,False,0.000000,0.000000,True,True,True,4.000000,1,48107,,False,metro,29.270315,True
TX,Texas,Culberson,48109,2196,1675,4.700000,"( 4.1,  5.2)",3.700000,"( 3.3,  4.2)",48,0,0,0,0,0,0,False,0.000000,0.000000,False,0.000000,0.000000,True,True,True,4.000000,1,48109,,False,nonmetro,109.406641,True
TX,Texas,Dallam,48111,7237,4733,3.600000,"( 3.3,  4.0)",3.700000,"( 3.3,  4.1)",48,0,0,0,0,0,0,False,0.000000,0.000000,False,0.000000,0.000000,False,False,True,2.000000,1,48111,,False,nonmetro,73.744260,True
TX,Texas,Dallas,48113,2606358,1960720,3.200000,"( 2.9,  3.6)",3.300000,"( 3.0,  3.7)",48,17,14,15,17,14,15,True,0.652251,0.867028,True,0.652251,0.867028,False,False,False,1.000000,5,48113,973.000000,True,metro,8.868907,True
TX,Texas,Dawson,48115,12004,9004,3.900000,"( 3.5,  4.3)",3.800000,"( 3.4,  4.2)",48,0,0,0,0,0,0,False,0.000000,0.000000,False,0.000000,0.000000,False,False,True,3.000000,2,48115,,False,nonmetro,58.518822,True
TX,Texas,Deaf Smith,48117,18347,12613,3.900000,"( 3.4,  4.3)",3.800000,"( 3.3,  4.2)",48,0,0,0,0,0,0,False,0.000000,0.000000,False,0.000000,0.000000,False,False,True,3.000000,2,48117,,False,nonmetro,41.946968,True
TX,Texas,Delta,48119,5520,4187,4.100000,"( 3.7,  4.6)",3.200000,"( 2.9,  3.6)",48,0,0,0,0,0,0,False,0.000000,0.000000,False,0.000000,0.000000,True,True,True,3.000000,1,48119,,False,nonmetro,54.006075,True
TX,Texas,Denton,48121,1007703,775771,2.400000,"( 2.1,  2.7)",2.400000,"( 2.1,  2.7)",48,0,0,0,0,0,0,False,0.000000,0.000000,False,0.000000,0.000000,False,False,False,1.000000,5,48121,260.000000,True,metro,20.099779,True
TX,Texas,DeWitt,48123,19929,15349,4.400000,"( 4.0,  4.9)",3.500000,"( 3.1,  3.8)",48,0,0,0,0,0,0,False,0.000000,0.000000,False,0.000000,0.000000,True,True,True,4.000000,3,48123,13.000000,True,nonmetro,74.466154,True
TX,Texas,Dickens,48125,1711,1399,5.000000,"( 4.3,  5.7)",3.300000,"( 3.0,  3.7)",48,0,0,0,0,0,0,False,0.000000,0.000000,False,0.000000,0.000000,True,True,True,5.000000,1,48125,,False,nonmetro,57.570768,True
TX,Texas,Dimmit,48127,8257,5890,5.500000,"( 4.8,  6.2)",4.800000,"( 4.3,  5.4)",48,0,0,0,0,0,0,False,0.000000,0.000000,False,0.000000,0.000000,True,True,True,5.000000,1,48127,,False,nonmetro,101.999699,True
TX,Texas,Donley,48129,3214,2573,4.400000,"( 3.8,  5.0)",3.200000,"( 2.9,  3.6)",48,0,0,0,0,0,0,False,0.000000,0.000000,False,0.000000,0.000000,True,True,True,4.000000,1,48129,,False,nonmetro,58.071495,True
TX,Texas,Duval,48131,9604,7139,4.300000,"( 3.8,  4.9)",3.700000,"( 3.3,  4.2)",48,0,0,0,0,0,0,False,0.000000,0.000000,False,0.000000,0.000000,True,True,True,4.000000,2,48131,,False,nonmetro,109.162115,True
TX,Texas,Eastland,48133,18037,14154,4.300000,"( 3.7,  4.9)",3.300000,"( 2.9,  3.7)",48,0,0,0,0,0,0,False,0.000000,0.000000,False,0.000000,0.000000,True,True,True,4.000000,2,48133,14.000000,True,nonmetro,120.453829,True
TX,Texas,Ector,48135,164494,114193,3.000000,"( 2.7,  3.3)",3.300000,"( 2.9,  3.6)",48,2,2,1,2,2,1,True,1.215850,1.751421,True,1.215850,1.751421,False,False,False,1.000000,5,48135,64.000000,True,metro,4.307039,True
TX,Texas,Edwards,48137,1393,1097,5.300000,"( 4.6,  6.0)",3.500000,"( 3.1,  3.9)",48,0,0,0,0,0,0,False,0.000000,0.000000,False,0.000000,0.000000,True,True,True,5.000000,1,48137,,False,nonmetro,109.671179,True
TX,Texas,Ellis,48139,222829,164247,3.000000,"( 2.7,  3.4)",2.900000,"( 2.6,  3.2)",48,0,0,0,0,0,0,False,0.000000,0.000000,False,0.000000,0.000000,False,False,False,1.000000,5,48139,88.000000,True,metro,25.515189,True
TX,Texas,El Paso,48141,869880,646273,3.200000,"( 2.8,  3.6)",3.100000,"( 2.8,  3.6)",48,3,1,3,3,1,3,True,0.344875,0.464200,True,0.344875,0.464200,False,False,False,1.000000,5,48141,244.000000,True,metro,10.844507,True
TX,Texas,Erath,48143,44195,35075,3.100000,"( 2.7,  3.5)",3.100000,"( 2.7,  3.5)",48,0,0,0,0,0,0,False,0.000000,0.000000,False,0.000000,0.000000,False,False,False,1.000000,4,48143,16.000000,True,nonmetro,89.615844,True
TX,Texas,Falls,48145,17286,13585,4.700000,"( 4.2,  5.2)",3.900000,"( 3.5,  4.3)",48,0,0,0,0,0,0,False,0.000000,0.000000,False,0.000000,0.000000,True,True,True,4.000000,2,48145,,False,metro,26.299825,True
TX,Texas,Fannin,48147,37571,29614,3.900000,"( 3.4,  4.5)",3.300000,"( 2.9,  3.8)",48,0,0,0,0,0,0,False,0.000000,0.000000,False,0.000000,0.000000,False,False,True,3.000000,4,48147,24.000000,True,nonmetro,35.624292,True
TX,Texas,Fayette,48149,25474,20303,4.100000,"( 3.5,  4.7)",2.800000,"( 2.5,  3.1)",48,0,0,0,0,0,0,False,0.000000,0.000000,False,0.000000,0.000000,True,True,False,3.000000,3,48149,23.000000,True,nonmetro,58.337410,True
TX,Texas,Fisher,48151,3612,2830,4.100000,"( 3.6,  4.6)",2.900000,"( 2.6,  3.3)",48,0,0,0,0,0,0,False,0.000000,0.000000,False,0.000000,0.000000,True,True,False,3.000000,1,48151,,False,nonmetro,100.347914,True
TX,Texas,Floyd,48153,5090,3788,4.400000,"( 4.0,  4.9)",3.600000,"( 3.2,  3.9)",48,0,0,0,0,0,0,False,0.000000,0.000000,False,0.000000,0.000000,True,True,True,4.000000,1,48153,,False,nonmetro,42.539746,True
TX,Texas,Foard,48155,1079,854,5.700000,"( 5.0,  6.6)",3.900000,"( 3.4,  4.4)",48,0,0,0,0,0,0,False,0.000000,0.000000,False,0.000000,0.000000,True,True,True,5.000000,1,48155,,False,nonmetro,126.725915,True
TX,Texas,Fort Bend,48157,916778,674906,2.700000,"( 2.4,  3.0)",2.600000,"( 2.3,  2.8)",48,3,3,1,3,3,1,True,0.327233,0.444506,True,0.327233,0.444506,False,False,False,1.000000,5,48157,238.000000,True,metro,10.973675,True
TX,Texas,Franklin,48159,10735,8409,3.800000,"( 3.3,  4.4)",2.800000,"( 2.5,  3.2)",48,0,0,0,0,0,0,False,0.000000,0.000000,False,0.000000,0.000000,False,False,False,2.000000,2,48159,,False,nonmetro,53.447658,True
TX,Texas,Freestone,48161,20441,15822,4.400000,"( 3.9,  4.9)",3.400000,"( 3.1,  3.8)",48,0,0,0,0,0,0,False,0.000000,0.000000,False,0.000000,0.000000,True,True,True,4.000000,3,48161,12.000000,True,nonmetro,69.127928,True
TX,Texas,Frio,48163,17987,13345,3.400000,"( 3.0,  3.8)",3.600000,"( 3.3,  4.1)",48,0,0,0,0,0,0,False,0.000000,0.000000,False,0.000000,0.000000,False,False,True,1.000000,2,48163,10.000000,True,nonmetro,54.944425,True
TX,Texas,Gaines,48165,22523,14406,3.100000,"( 2.7,  3.4)",3.300000,"( 2.9,  3.7)",48,0,0,0,0,0,0,False,0.000000,0.000000,False,0.000000,0.000000,False,False,True,1.000000,3,48165,,False,nonmetro,62.695173,True
TX,Texas,Galveston,48167,361744,277060,3.300000,"( 2.9,  3.7)",2.900000,"( 2.6,  3.2)",48,3,3,2,3,3,2,True,0.829316,1.082798,True,0.829316,1.082798,False,False,False,1.000000,5,48167,160.000000,True,metro,15.887243,True
TX,Texas,Garza,48169,4517,3597,3.800000,"( 3.4,  4.2)",3.700000,"( 3.3,  4.1)",48,0,0,0,0,0,0,False,0.000000,0.000000,False,0.000000,0.000000,False,False,True,2.000000,1,48169,,False,metro,37.950992,True
TX,Texas,Gillespie,48171,27733,22412,4.100000,"( 3.5,  4.8)",2.600000,"( 2.3,  3.0)",48,0,0,0,0,0,0,False,0.000000,0.000000,False,0.000000,0.000000,True,True,False,3.000000,3,48171,21.000000,True,nonmetro,63.993683,True
TX,Texas,Glasscock,48173,1141,853,2.800000,"( 2.5,  3.2)",2.500000,"( 2.2,  2.9)",48,0,0,0,0,0,0,False,0.000000,0.000000,False,0.000000,0.000000,False,False,False,1.000000,1,48173,,False,nonmetro,49.441866,True
TX,Texas,Goliad,48175,7144,5744,4.400000,"( 3.9,  4.9)",3.100000,"( 2.8,  3.5)",48,0,0,0,0,0,0,False,0.000000,0.000000,False,0.000000,0.000000,True,True,False,4.000000,1,48175,,False,metro,84.372491,True
TX,Texas,Gonzales,48177,19930,14670,4.300000,"( 3.8,  4.8)",3.500000,"( 3.2,  3.9)",48,0,0,0,0,0,0,False,0.000000,0.000000,False,0.000000,0.000000,True,True,True,4.000000,3,48177,,False,nonmetro,52.416906,True
TX,Texas,Gray,48179,20916,15662,3.900000,"( 3.4,  4.4)",3.400000,"( 3.0,  3.9)",48,0,0,0,0,0,0,False,0.000000,0.000000,False,0.000000,0.000000,False,False,True,3.000000,3,48179,12.000000,True,nonmetro,54.650584,True
TX,Texas,Grayson,48181,146907,111562,3.600000,"( 3.2,  4.0)",3.000000,"( 2.7,  3.4)",48,0,0,0,0,0,0,False,0.000000,0.000000,False,0.000000,0.000000,False,False,False,2.000000,5,48181,93.000000,True,metro,31.656227,True
TX,Texas,Gregg,48183,126243,93766,3.900000,"( 3.4,  4.4)",3.500000,"( 3.1,  3.9)",48,0,0,0,0,0,0,False,0.000000,0.000000,False,0.000000,0.000000,False,False,True,3.000000,5,48183,74.000000,True,metro,23.616646,True
TX,Texas,Grimes,48185,32384,25008,4.100000,"( 3.6,  4.6)",3.400000,"( 3.0,  3.8)",48,0,0,0,0,0,0,False,0.000000,0.000000,False,0.000000,0.000000,True,True,True,3.000000,3,48185,16.000000,True,nonmetro,34.110011,True
TX,Texas,Guadalupe,48187,188454,143773,3.000000,"( 2.7,  3.4)",2.800000,"( 2.5,  3.1)",48,0,0,0,0,0,0,False,0.000000,0.000000,False,0.000000,0.000000,False,False,False,1.000000,5,48187,65.000000,True,metro,26.286909,True
TX,Texas,Hale,48189,31761,23506,3.800000,"( 3.4,  4.3)",3.700000,"( 3.3,  4.1)",48,0,0,0,0,0,0,False,0.000000,0.000000,False,0.000000,0.000000,False,False,True,2.000000,3,48189,20.000000,True,nonmetro,39.784468,True
TX,Texas,Hall,48191,2818,2210,5.100000,"( 4.5,  5.7)",3.600000,"( 3.3,  4.0)",48,0,0,0,0,0,0,False,0.000000,0.000000,False,0.000000,0.000000,True,True,True,5.000000,1,48191,,False,nonmetro,80.024385,True
TX,Texas,Hamilton,48193,8619,6752,4.600000,"( 3.9,  5.2)",3.200000,"( 2.8,  3.6)",48,0,0,0,0,0,0,False,0.000000,0.000000,False,0.000000,0.000000,True,True,True,4.000000,1,48193,,False,nonmetro,64.315105,True
TX,Texas,Hansford,48195,5071,3618,3.600000,"( 3.1,  4.1)",3.200000,"( 2.8,  3.6)",48,0,0,0,0,0,0,False,0.000000,0.000000,False,0.000000,0.000000,False,False,True,2.000000,1,48195,,False,nonmetro,75.615589,True
TX,Texas,Hardeman,48197,3490,2702,4.500000,"( 4.0,  5.1)",3.400000,"( 3.0,  3.7)",48,0,0,0,0,0,0,False,0.000000,0.000000,False,0.000000,0.000000,True,True,True,4.000000,1,48197,,False,nonmetro,132.784442,True
TX,Texas,Hardin,48199,58261,43697,3.700000,"( 3.2,  4.1)",3.100000,"( 2.7,  3.5)",48,0,0,0,0,0,0,False,0.000000,0.000000,False,0.000000,0.000000,False,False,False,2.000000,4,48199,30.000000,True,metro,71.804972,True
TX,Texas,Harris,48201,4835125,3595915,3.300000,"( 2.9,  3.6)",3.300000,"( 3.0,  3.7)",48,46,34,28,46,34,28,True,0.951371,1.279229,True,0.951371,1.279229,False,False,False,1.000000,5,48201,1676.000000,True,metro,10.779895,True
TX,Texas,Harrison,48203,70895,53891,4.100000,"( 3.6,  4.6)",3.500000,"( 3.1,  3.9)",48,1,1,1,1,1,1,True,1.410537,1.855597,True,1.410537,1.855597,False,False,False,3.000000,4,48203,31.000000,True,metro,9.278935,True
TX,Texas,Hartley,48205,5145,4012,3.300000,"( 2.9,  3.8)",2.900000,"( 2.5,  3.3)",48,0,0,0,0,0,0,False,0.000000,0.000000,False,0.000000,0.000000,False,False,False,1.000000,1,48205,,False,nonmetro,65.347876,True
TX,Texas,Haskell,48207,5385,4416,4.300000,"( 3.8,  4.9)",3.400000,"( 3.0,  3.9)",48,0,0,0,0,0,0,False,0.000000,0.000000,False,0.000000,0.000000,True,True,True,4.000000,1,48207,,False,nonmetro,123.751234,True
TX,Texas,Hays,48209,280486,218510,2.500000,"( 2.2,  2.8)",2.700000,"( 2.4,  3.1)",48,0,0,0,0,0,0,False,0.000000,0.000000,False,0.000000,0.000000,False,False,False,1.000000,5,48209,83.000000,True,metro,22.090642,True
TX,Texas,Hemphill,48211,3189,2336,3.300000,"( 2.8,  3.7)",2.600000,"( 2.3,  3.0)",48,0,0,0,0,0,0,False,0.000000,0.000000,False,0.000000,0.000000,False,False,False,1.000000,1,48211,,False,nonmetro,94.772505,True
TX,Texas,Henderson,48213,86158,67684,4.400000,"( 3.8,  5.0)",3.300000,"( 2.9,  3.7)",48,0,0,0,0,0,0,False,0.000000,0.000000,False,0.000000,0.000000,True,True,True,4.000000,4,48213,60.000000,True,nonmetro,35.257642,True
TX,Texas,Hidalgo,48215,898471,624451,3.600000,"( 3.2,  4.1)",3.700000,"( 3.3,  4.2)",48,0,0,0,0,0,0,False,0.000000,0.000000,False,0.000000,0.000000,False,False,True,2.000000,5,48215,253.000000,True,metro,30.799910,True
TX,Texas,Hill,48217,38101,29280,4.100000,"( 3.6,  4.6)",3.200000,"( 2.9,  3.6)",48,0,0,0,0,0,0,False,0.000000,0.000000,False,0.000000,0.000000,True,True,True,3.000000,4,48217,25.000000,True,nonmetro,56.433425,True
TX,Texas,Hockley,48219,21460,15783,3.600000,"( 3.2,  4.0)",3.300000,"( 2.9,  3.6)",48,0,0,0,0,0,0,False,0.000000,0.000000,False,0.000000,0.000000,False,False,True,2.000000,3,48219,11.000000,True,metro,28.084332,True
TX,Texas,Hood,48221,67774,53986,3.700000,"( 3.2,  4.3)",2.600000,"( 2.3,  3.0)",48,0,0,0,0,0,0,False,0.000000,0.000000,False,0.000000,0.000000,False,False,False,2.000000,4,48221,44.000000,True,nonmetro,60.720442,True
TX,Texas,Hopkins,48223,38172,28933,4.000000,"( 3.5,  4.5)",3.200000,"( 2.9,  3.7)",48,0,0,0,0,0,0,False,0.000000,0.000000,False,0.000000,0.000000,False,False,True,3.000000,4,48223,25.000000,True,nonmetro,54.513622,True
TX,Texas,Houston,48225,22066,17552,5.100000,"( 4.5,  5.7)",3.900000,"( 3.5,  4.4)",48,0,0,0,0,0,0,False,0.000000,0.000000,False,0.000000,0.000000,True,True,True,5.000000,3,48225,22.000000,True,nonmetro,44.722685,True
TX,Texas,Howard,48227,30554,23509,3.400000,"( 3.0,  3.8)",3.300000,"( 2.9,  3.7)",48,0,0,0,0,0,0,False,0.000000,0.000000,False,0.000000,0.000000,False,False,True,1.000000,3,48227,16.000000,True,nonmetro,59.642349,True
TX,Texas,Hudspeth,48229,3451,3036,3.300000,"( 3.1,  3.6)",4.200000,"( 3.9,  4.6)",48,0,0,0,0,0,0,False,0.000000,0.000000,False,0.000000,0.000000,False,False,True,1.000000,1,48229,,False,metro,61.612855,True
TX,Texas,Hunt,48231,113347,85368,3.500000,"( 3.1,  4.0)",3.200000,"( 2.8,  3.6)",48,0,0,0,0,0,0,False,0.000000,0.000000,False,0.000000,0.000000,False,False,True,2.000000,5,48231,62.000000,True,metro,31.671301,True
TX,Texas,Hutchinson,48233,20033,15111,3.700000,"( 3.2,  4.1)",3.100000,"( 2.7,  3.4)",48,0,0,0,0,0,0,False,0.000000,0.000000,False,0.000000,0.000000,False,False,False,2.000000,3,48233,11.000000,True,nonmetro,38.465875,True
TX,Texas,Irion,48235,1549,1190,3.700000,"( 3.3,  4.3)",2.800000,"( 2.5,  3.1)",48,0,0,0,0,0,0,False,0.000000,0.000000,False,0.000000,0.000000,False,False,False,2.000000,1,48235,,False,metro,98.616517,True
TX,Texas,Jack,48237,8875,6909,4.000000,"( 3.5,  4.6)",3.500000,"( 3.0,  3.9)",48,0,0,0,0,0,0,False,0.000000,0.000000,False,0.000000,0.000000,False,False,True,3.000000,2,48237,,False,nonmetro,84.133930,True
TX,Texas,Jackson,48239,15221,11330,4.200000,"( 3.7,  4.6)",3.300000,"( 2.9,  3.6)",48,0,0,0,0,0,0,False,0.000000,0.000000,False,0.000000,0.000000,True,True,True,3.000000,2,48239,,False,nonmetro,78.422298,True
TX,Texas,Jasper,48241,32694,25039,5.000000,"( 4.4,  5.6)",3.900000,"( 3.4,  4.3)",48,0,0,0,0,0,0,False,0.000000,0.000000,False,0.000000,0.000000,True,True,True,5.000000,3,48241,26.000000,True,nonmetro,61.455907,True
TX,Texas,Jeff Davis,48243,1856,1764,6.100000,"( 5.3,  7.0)",3.400000,"( 3.0,  3.9)",48,0,0,0,0,0,0,False,0.000000,0.000000,False,0.000000,0.000000,True,True,True,5.000000,1,48243,,False,nonmetro,128.717375,True
TX,Texas,Jefferson,48245,251496,189667,4.300000,"( 3.8,  4.8)",3.900000,"( 3.5,  4.3)",48,0,0,0,0,0,0,False,0.000000,0.000000,False,0.000000,0.000000,True,True,True,4.000000,5,48245,135.000000,True,metro,66.277294,True
TX,Texas,Jim Hogg,48247,4720,3365,5.300000,"( 4.7,  6.0)",4.400000,"( 4.0,  5.0)",48,0,0,0,0,0,0,False,0.000000,0.000000,False,0.000000,0.000000,True,True,True,5.000000,1,48247,,False,nonmetro,98.153045,True
TX,Texas,Jim Wells,48249,38662,28172,4.000000,"( 3.5,  4.6)",3.600000,"( 3.1,  4.0)",48,0,0,0,0,0,0,False,0.000000,0.000000,False,0.000000,0.000000,False,False,True,3.000000,4,48249,24.000000,True,nonmetro,106.851372,True
TX,Texas,Johnson,48251,202906,150832,3.200000,"( 2.8,  3.6)",3.000000,"( 2.6,  3.4)",48,0,0,0,0,0,0,False,0.000000,0.000000,False,0.000000,0.000000,False,False,False,1.000000,5,48251,83.000000,True,metro,38.583834,True
TX,Texas,Jones,48253,20381,16924,3.600000,"( 3.2,  4.0)",3.600000,"( 3.2,  4.0)",48,0,0,0,0,0,0,False,0.000000,0.000000,False,0.000000,0.000000,False,False,True,2.000000,3,48253,,False,metro,133.186455,True
TX,Texas,Karnes,48255,15018,12017,3.500000,"( 3.1,  3.9)",3.600000,"( 3.2,  4.0)",48,0,0,0,0,0,0,False,0.000000,0.000000,False,0.000000,0.000000,False,False,True,2.000000,2,48255,12.000000,True,nonmetro,54.335458,True
TX,Texas,Kaufman,48257,185690,132239,2.900000,"( 2.6,  3.3)",3.100000,"( 2.8,  3.5)",48,0,0,0,0,0,0,False,0.000000,0.000000,False,0.000000,0.000000,False,False,False,1.000000,5,48257,56.000000,True,metro,27.842781,True
TX,Texas,Kendall,48259,50537,39429,3.100000,"( 2.7,  3.5)",2.400000,"( 2.1,  2.7)",48,0,0,0,0,0,0,False,0.000000,0.000000,False,0.000000,0.000000,False,False,False,1.000000,4,48259,19.000000,True,metro,31.361136,True
TX,Texas,Kenedy,48261,343,289,4.400000,"( 3.8,  5.0)",3.400000,"( 3.0,  3.9)",48,0,0,0,0,0,0,False,0.000000,0.000000,False,0.000000,0.000000,True,True,True,4.000000,1,48261,,False,nonmetro,63.376045,True
TX,Texas,Kent,48263,734,557,4.000000,"( 3.3,  4.6)",2.600000,"( 2.3,  2.9)",48,0,0,0,0,0,0,False,0.000000,0.000000,False,0.000000,0.000000,False,False,False,3.000000,1,48263,,False,nonmetro,74.458007,True
TX,Texas,Kerr,48265,53915,44017,4.400000,"( 3.7,  5.1)",2.900000,"( 2.6,  3.3)",48,0,0,0,0,0,0,False,0.000000,0.000000,False,0.000000,0.000000,True,True,False,4.000000,4,48265,44.000000,True,nonmetro,58.425861,True
TX,Texas,Kimble,48267,4442,3628,5.000000,"( 4.3,  5.8)",3.300000,"( 2.9,  3.7)",48,0,0,0,0,0,0,False,0.000000,0.000000,False,0.000000,0.000000,True,True,True,5.000000,1,48267,,False,nonmetro,104.148950,True
TX,Texas,King,48269,217,168,5.300000,"( 4.5,  6.1)",3.500000,"( 3.1,  4.0)",48,0,0,0,0,0,0,False,0.000000,0.000000,False,0.000000,0.000000,True,True,True,5.000000,1,48269,,False,nonmetro,89.848808,True
TX,Texas,Kinney,48271,3148,2597,4.300000,"( 3.8,  4.9)",3.200000,"( 2.9,  3.6)",48,0,0,0,0,0,0,False,0.000000,0.000000,False,0.000000,0.000000,True,True,True,4.000000,1,48271,,False,nonmetro,116.189947,True
TX,Texas,Kleberg,48273,30069,22867,3.200000,"( 2.9,  3.6)",3.400000,"( 3.0,  3.8)",48,0,0,0,0,0,0,False,0.000000,0.000000,False,0.000000,0.000000,False,False,True,1.000000,3,48273,17.000000,True,nonmetro,90.432408,True
TX,Texas,Knox,48275,3302,2408,4.400000,"( 3.9,  4.9)",3.400000,"( 3.0,  3.7)",48,0,0,0,0,0,0,False,0.000000,0.000000,False,0.000000,0.000000,True,True,True,4.000000,1,48275,,False,nonmetro,124.180763,True
TX,Texas,Lamar,48277,51127,38549,4.300000,"( 3.8,  4.9)",3.500000,"( 3.1,  4.0)",48,0,0,0,0,0,0,False,0.000000,0.000000,False,0.000000,0.000000,True,True,True,4.000000,4,48277,29.000000,True,nonmetro,70.711834,True
TX,Texas,Lamb,48279,12711,9252,4.200000,"( 3.7,  4.7)",3.500000,"( 3.1,  3.9)",48,0,0,0,0,0,0,False,0.000000,0.000000,False,0.000000,0.000000,True,True,True,3.000000,2,48279,,False,nonmetro,41.975870,True
TX,Texas,Lampasas,48281,23262,18331,3.900000,"( 3.5,  4.5)",3.000000,"( 2.7,  3.4)",48,0,0,0,0,0,0,False,0.000000,0.000000,False,0.000000,0.000000,False,False,False,3.000000,3,48281,16.000000,True,metro,45.711459,True
TX,Texas,La Salle,48283,6537,5295,3.800000,"( 3.4,  4.2)",3.900000,"( 3.5,  4.3)",48,0,0,0,0,0,0,False,0.000000,0.000000,False,0.000000,0.000000,False,False,True,2.000000,1,48283,,False,nonmetro,86.894964,True
TX,Texas,Lavaca,48285,20571,15741,4.400000,"( 3.8,  5.0)",3.100000,"( 2.8,  3.5)",48,0,0,0,0,0,0,False,0.000000,0.000000,False,0.000000,0.000000,True,True,False,4.000000,3,48285,11.000000,True,nonmetro,73.045892,True
TX,Texas,Lee,48287,18240,14389,4.400000,"( 3.9,  5.0)",3.500000,"( 3.1,  3.9)",48,0,0,0,0,0,0,False,0.000000,0.000000,False,0.000000,0.000000,True,True,True,4.000000,2,48287,10.000000,True,nonmetro,46.658579,True
TX,Texas,Leon,48289,16538,12726,4.600000,"( 4.1,  5.3)",3.300000,"( 3.0,  3.7)",48,0,0,0,0,0,0,False,0.000000,0.000000,False,0.000000,0.000000,True,True,True,4.000000,2,48289,10.000000,True,nonmetro,71.523767,True
TX,Texas,Liberty,48291,108272,75346,3.700000,"( 3.3,  4.1)",3.800000,"( 3.4,  4.2)",48,0,0,0,0,0,0,False,0.000000,0.000000,False,0.000000,0.000000,False,False,True,2.000000,5,48291,45.000000,True,metro,37.485828,True
TX,Texas,Limestone,48293,22250,17239,4.700000,"( 4.1,  5.2)",3.700000,"( 3.3,  4.1)",48,0,0,0,0,0,0,False,0.000000,0.000000,False,0.000000,0.000000,True,True,True,4.000000,3,48293,13.000000,True,nonmetro,59.775978,True
TX,Texas,Lipscomb,48295,2906,2179,4.100000,"( 3.6,  4.7)",3.200000,"( 2.8,  3.6)",48,0,0,0,0,0,0,False,0.000000,0.000000,False,0.000000,0.000000,True,True,True,3.000000,1,48295,,False,nonmetro,115.580747,True
TX,Texas,Live Oak,48297,11584,9407,4.400000,"( 3.9,  5.0)",3.700000,"( 3.3,  4.1)",48,0,0,0,0,0,0,False,0.000000,0.000000,False,0.000000,0.000000,True,True,True,4.000000,2,48297,,False,nonmetro,78.770661,True
TX,Texas,Llano,48299,22875,19317,4.900000,"( 4.2,  5.8)",2.900000,"( 2.5,  3.3)",48,0,0,0,0,0,0,False,0.000000,0.000000,False,0.000000,0.000000,True,True,False,5.000000,3,48299,18.000000,True,nonmetro,53.911674,True
TX,Texas,Lubbock,48303,320940,245983,3.000000,"( 2.6,  3.3)",3.100000,"( 2.8,  3.5)",48,1,1,1,1,1,1,True,0.311585,0.406532,True,0.311585,0.406532,False,False,False,1.000000,5,48303,150.000000,True,metro,5.266477,True
TX,Texas,Lynn,48305,5761,4156,4.000000,"( 3.5,  4.5)",3.500000,"( 3.1,  3.9)",48,0,0,0,0,0,0,False,0.000000,0.000000,False,0.000000,0.000000,False,False,True,3.000000,1,48305,,False,metro,26.267531,True
TX,Texas,McCulloch,48307,7452,5892,4.400000,"( 3.9,  5.1)",3.300000,"( 2.9,  3.7)",48,0,0,0,0,0,0,False,0.000000,0.000000,False,0.000000,0.000000,True,True,True,4.000000,1,48307,,False,nonmetro,112.688826,True
TX,Texas,McLennan,48309,268583,204435,3.500000,"( 3.1,  3.9)",3.300000,"( 3.0,  3.7)",48,0,0,0,0,0,0,False,0.000000,0.000000,False,0.000000,0.000000,False,False,True,2.000000,5,48309,153.000000,True,metro,32.432978,True
TX,Texas,McMullen,48311,568,445,4.900000,"( 4.3,  5.4)",3.600000,"( 3.2,  4.0)",48,0,0,0,0,0,0,False,0.000000,0.000000,False,0.000000,0.000000,True,True,True,5.000000,1,48311,,False,nonmetro,68.108838,True
TX,Texas,Madison,48313,13742,10656,3.800000,"( 3.4,  4.2)",3.600000,"( 3.2,  4.1)",48,0,0,0,0,0,0,False,0.000000,0.000000,False,0.000000,0.000000,False,False,True,2.000000,2,48313,,False,nonmetro,62.141827,True
TX,Texas,Marion,48315,9571,7838,5.600000,"( 5.0,  6.4)",3.800000,"( 3.4,  4.3)",48,0,0,0,0,0,0,False,0.000000,0.000000,False,0.000000,0.000000,True,True,True,5.000000,2,48315,10.000000,True,nonmetro,18.989592,True
TX,Texas,Martin,48317,5216,3571,3.000000,"( 2.7,  3.3)",2.900000,"( 2.7,  3.2)",48,0,0,0,0,0,0,False,0.000000,0.000000,False,0.000000,0.000000,False,False,False,1.000000,1,48317,,False,metro,39.222435,True
TX,Texas,Mason,48319,3931,3203,4.300000,"( 3.7,  5.0)",2.700000,"( 2.4,  3.1)",48,0,0,0,0,0,0,False,0.000000,0.000000,False,0.000000,0.000000,True,True,False,4.000000,1,48319,,False,nonmetro,94.157662,True
TX,Texas,Matagorda,48321,36359,26887,4.300000,"( 3.9,  4.8)",3.600000,"( 3.2,  4.0)",48,0,0,0,0,0,0,False,0.000000,0.000000,False,0.000000,0.000000,True,True,True,4.000000,3,48321,21.000000,True,nonmetro,56.126860,True
TX,Texas,Maverick,48323,57762,39943,3.600000,"( 3.1,  4.1)",3.700000,"( 3.2,  4.2)",48,0,0,0,0,0,0,False,0.000000,0.000000,False,0.000000,0.000000,False,False,True,2.000000,4,48323,26.000000,True,metro,129.746541,True
TX,Texas,Medina,48325,54797,42472,3.400000,"( 3.1,  3.8)",2.900000,"( 2.6,  3.2)",48,0,0,0,0,0,0,False,0.000000,0.000000,False,0.000000,0.000000,False,False,False,1.000000,4,48325,24.000000,True,metro,30.005288,True
TX,Texas,Menard,48327,1958,1592,5.200000,"( 4.5,  6.0)",3.200000,"( 2.8,  3.6)",48,0,0,0,0,0,0,False,0.000000,0.000000,False,0.000000,0.000000,True,True,True,5.000000,1,48327,,False,nonmetro,127.625327,True
TX,Texas,Midland,48329,177108,125208,2.600000,"( 2.3,  2.9)",2.800000,"( 2.5,  3.1)",48,0,0,0,0,0,0,False,0.000000,0.000000,False,0.000000,0.000000,False,False,False,1.000000,5,48329,62.000000,True,metro,18.955092,True
TX,Texas,Milam,48331,25951,20070,4.300000,"( 3.8,  4.8)",3.300000,"( 2.9,  3.7)",48,0,0,0,0,0,0,False,0.000000,0.000000,False,0.000000,0.000000,True,True,True,4.000000,3,48331,19.000000,True,nonmetro,32.348640,True
TX,Texas,Mills,48333,4548,3625,4.300000,"( 3.7,  4.9)",2.800000,"( 2.4,  3.2)",48,0,0,0,0,0,0,False,0.000000,0.000000,False,0.000000,0.000000,True,True,False,4.000000,1,48333,,False,nonmetro,77.734336,True
TX,Texas,Mitchell,48335,9075,7271,3.500000,"( 3.2,  3.9)",3.600000,"( 3.2,  3.9)",48,0,0,0,0,0,0,False,0.000000,0.000000,False,0.000000,0.000000,False,False,True,2.000000,2,48335,,False,nonmetro,95.756261,True
TX,Texas,Montague,48337,21598,16711,4.100000,"( 3.6,  4.7)",3.100000,"( 2.8,  3.5)",48,0,0,0,0,0,0,False,0.000000,0.000000,False,0.000000,0.000000,True,True,False,3.000000,3,48337,20.000000,True,nonmetro,73.094075,True
TX,Texas,Montgomery,48339,711354,528013,2.900000,"( 2.5,  3.3)",2.700000,"( 2.3,  3.1)",48,0,0,0,0,0,0,False,0.000000,0.000000,False,0.000000,0.000000,False,False,False,1.000000,5,48339,228.000000,True,metro,15.940762,True
TX,Texas,Moore,48341,21190,14480,3.600000,"( 3.3,  3.9)",3.600000,"( 3.3,  3.9)",48,0,0,0,0,0,0,False,0.000000,0.000000,False,0.000000,0.000000,False,False,True,2.000000,3,48341,,False,nonmetro,47.639538,True
TX,Texas,Morris,48343,12066,9326,4.800000,"( 4.3,  5.3)",3.700000,"( 3.3,  4.0)",48,0,0,0,0,0,0,False,0.000000,0.000000,False,0.000000,0.000000,True,True,True,5.000000,2,48343,,False,nonmetro,42.045186,True
TX,Texas,Motley,48345,1020,819,4.500000,"( 3.9,  5.2)",3.000000,"( 2.7,  3.4)",48,0,0,0,0,0,0,False,0.000000,0.000000,False,0.000000,0.000000,True,True,False,4.000000,1,48345,,False,nonmetro,65.454804,True
TX,Texas,Nacogdoches,48347,65375,50065,3.800000,"( 3.4,  4.3)",3.700000,"( 3.3,  4.1)",48,0,0,0,0,0,0,False,0.000000,0.000000,False,0.000000,0.000000,False,False,True,2.000000,4,48347,35.000000,True,nonmetro,21.240501,True
TX,Texas,Navarro,48349,55635,40762,4.200000,"( 3.8,  4.7)",3.700000,"( 3.3,  4.1)",48,0,0,0,0,0,0,False,0.000000,0.000000,False,0.000000,0.000000,True,True,True,3.000000,4,48349,24.000000,True,nonmetro,52.382399,True
TX,Texas,Newton,48351,12039,9669,6.000000,"( 5.3,  6.6)",4.400000,"( 3.9,  4.9)",48,0,0,0,0,0,0,False,0.000000,0.000000,False,0.000000,0.000000,True,True,True,5.000000,2,48351,,False,nonmetro,74.666103,True
TX,Texas,Nolan,48353,14306,10732,4.600000,"( 4.1,  5.1)",3.700000,"( 3.4,  4.2)",48,0,0,0,0,0,0,False,0.000000,0.000000,False,0.000000,0.000000,True,True,True,4.000000,2,48353,,False,nonmetro,114.308006,True
TX,Texas,Nueces,48355,352289,269148,3.500000,"( 3.1,  3.9)",3.100000,"( 2.8,  3.5)",48,0,0,0,0,0,0,False,0.000000,0.000000,False,0.000000,0.000000,False,False,False,2.000000,5,48355,197.000000,True,metro,107.810773,True
TX,Texas,Ochiltree,48357,9704,6797,3.600000,"( 3.2,  3.9)",3.400000,"( 3.1,  3.8)",48,0,0,0,0,0,0,False,0.000000,0.000000,False,0.000000,0.000000,False,False,True,2.000000,2,48357,,False,nonmetro,98.428116,True
TX,Texas,Oldham,48359,1783,1398,3.600000,"( 3.1,  4.1)",3.100000,"( 2.7,  3.5)",48,0,0,0,0,0,0,False,0.000000,0.000000,False,0.000000,0.000000,False,False,False,2.000000,1,48359,,False,metro,32.870081,True
TX,Texas,Orange,48361,85722,63756,3.600000,"( 3.2,  4.1)",3.200000,"( 2.8,  3.6)",48,0,0,0,0,0,0,False,0.000000,0.000000,False,0.000000,0.000000,False,False,True,2.000000,4,48361,55.000000,True,metro,79.754064,True
TX,Texas,Palo Pinto,48363,29747,22840,4.200000,"( 3.7,  4.8)",3.300000,"( 2.9,  3.7)",48,0,0,0,0,0,0,False,0.000000,0.000000,False,0.000000,0.000000,True,True,True,3.000000,3,48363,20.000000,True,nonmetro,79.059703,True
TX,Texas,Panola,48365,22838,17537,4.200000,"( 3.7,  4.7)",3.300000,"( 3.0,  3.7)",48,0,0,0,0,0,0,False,0.000000,0.000000,False,0.000000,0.000000,True,True,True,3.000000,3,48365,17.000000,True,nonmetro,27.280974,True
TX,Texas,Parker,48367,173494,131016,3.100000,"( 2.7,  3.5)",2.700000,"( 2.3,  3.0)",48,0,0,0,0,0,0,False,0.000000,0.000000,False,0.000000,0.000000,False,False,False,1.000000,5,48367,77.000000,True,metro,53.939218,True
TX,Texas,Parmer,48369,9617,6935,3.600000,"( 3.2,  4.0)",3.200000,"( 2.8,  3.5)",48,0,0,0,0,0,0,False,0.000000,0.000000,False,0.000000,0.000000,False,False,True,2.000000,2,48369,,False,nonmetro,73.022281,True
TX,Texas,Pecos,48371,14623,11009,3.700000,"( 3.3,  4.1)",3.600000,"( 3.2,  4.0)",48,0,0,0,0,0,0,False,0.000000,0.000000,False,0.000000,0.000000,False,False,True,2.000000,2,48371,,False,nonmetro,71.434680,True
TX,Texas,Polk,48373,54186,43059,4.300000,"( 3.8,  4.9)",3.600000,"( 3.2,  4.1)",48,0,0,0,0,0,0,False,0.000000,0.000000,False,0.000000,0.000000,True,True,True,4.000000,4,48373,37.000000,True,nonmetro,43.881818,True
TX,Texas,Potter,48375,114647,84112,4.100000,"( 3.6,  4.6)",3.800000,"( 3.4,  4.3)",48,3,3,1,3,3,1,True,2.616728,3.566673,True,2.616728,3.566673,False,False,False,3.000000,5,48375,52.000000,True,metro,3.352445,True
TX,Texas,Presidio,48377,5795,4219,5.500000,"( 4.7,  6.3)",3.900000,"( 3.4,  4.4)",48,0,0,0,0,0,0,False,0.000000,0.000000,False,0.000000,0.000000,True,True,True,5.000000,1,48377,,False,nonmetro,178.231129,True
TX,Texas,Rains,48379,12986,10414,4.300000,"( 3.6,  4.9)",3.000000,"( 2.6,  3.4)",48,0,0,0,0,0,0,False,0.000000,0.000000,False,0.000000,0.000000,True,True,False,4.000000,2,48379,,False,nonmetro,45.271712,True
TX,Texas,Randall,48381,148255,113132,3.000000,"( 2.6,  3.4)",2.700000,"( 2.4,  3.1)",48,0,0,0,0,0,0,False,0.000000,0.000000,False,0.000000,0.000000,False,False,False,1.000000,5,48381,57.000000,True,metro,8.259479,True
TX,Texas,Reagan,48383,3141,2250,3.200000,"( 2.9,  3.5)",3.100000,"( 2.8,  3.4)",48,0,0,0,0,0,0,False,0.000000,0.000000,False,0.000000,0.000000,False,False,False,1.000000,1,48383,,False,nonmetro,68.704677,True
TX,Texas,Real,48385,2854,2328,5.400000,"( 4.7,  6.1)",3.500000,"( 3.1,  3.9)",48,0,0,0,0,0,0,False,0.000000,0.000000,False,0.000000,0.000000,True,True,True,5.000000,1,48385,,False,nonmetro,82.562028,True
TX,Texas,Red River,48387,11678,9261,5.300000,"( 4.7,  6.0)",3.700000,"( 3.4,  4.1)",48,0,0,0,0,0,0,False,0.000000,0.000000,False,0.000000,0.000000,True,True,True,5.000000,2,48387,,False,nonmetro,81.730081,True
TX,Texas,Reeves,48389,11770,8503,3.800000,"( 3.3,  4.2)",3.700000,"( 3.3,  4.2)",48,0,0,0,0,0,0,False,0.000000,0.000000,False,0.000000,0.000000,False,False,True,2.000000,2,48389,,False,nonmetro,75.190926,True
TX,Texas,Refugio,48391,6666,5209,4.600000,"( 4.1,  5.1)",3.500000,"( 3.1,  3.8)",48,0,0,0,0,0,0,False,0.000000,0.000000,False,0.000000,0.000000,True,True,True,4.000000,1,48391,,False,nonmetro,108.718797,True
TX,Texas,Roberts,48393,840,631,3.500000,"( 3.0,  4.0)",2.600000,"( 2.3,  2.9)",48,0,0,0,0,0,0,False,0.000000,0.000000,False,0.000000,0.000000,False,False,False,2.000000,1,48393,,False,nonmetro,72.462167,True
TX,Texas,Robertson,48395,17267,13118,4.500000,"( 4.0,  5.0)",3.500000,"( 3.1,  3.8)",48,0,0,0,0,0,0,False,0.000000,0.000000,False,0.000000,0.000000,True,True,True,4.000000,2,48395,12.000000,True,metro,48.809287,True
TX,Texas,Rockwall,48397,131307,96606,2.500000,"( 2.2,  2.8)",2.400000,"( 2.1,  2.7)",48,0,0,0,0,0,0,False,0.000000,0.000000,False,0.000000,0.000000,False,False,False,1.000000,5,48397,34.000000,True,metro,17.478367,True
TX,Texas,Runnels,48399,9868,7542,4.100000,"( 3.5,  4.6)",3.100000,"( 2.7,  3.5)",48,0,0,0,0,0,0,False,0.000000,0.000000,False,0.000000,0.000000,True,True,False,3.000000,2,48399,,False,nonmetro,139.691647,True
TX,Texas,Rusk,48401,53079,41108,4.000000,"( 3.6,  4.5)",3.500000,"( 3.1,  3.9)",48,0,0,0,0,0,0,False,0.000000,0.000000,False,0.000000,0.000000,False,False,True,3.000000,4,48401,36.000000,True,metro,29.190716,True
TX,Texas,Sabine,48403,10106,8293,5.400000,"( 4.6,  6.1)",3.400000,"( 3.0,  3.8)",48,0,0,0,0,0,0,False,0.000000,0.000000,False,0.000000,0.000000,True,True,True,5.000000,2,48403,12.000000,True,nonmetro,52.157305,True
TX,Texas,San Augustine,48405,7833,6232,6.800000,"( 5.9,  7.7)",4.600000,"( 4.1,  5.2)",48,0,0,0,0,0,0,False,0.000000,0.000000,False,0.000000,0.000000,True,True,True,5.000000,1,48405,,False,nonmetro,35.469000,True
TX,Texas,San Jacinto,48407,28936,22772,4.800000,"( 4.3,  5.5)",3.600000,"( 3.2,  4.1)",48,0,0,0,0,0,0,False,0.000000,0.000000,False,0.000000,0.000000,True,True,True,5.000000,3,48407,21.000000,True,metro,42.812194,True
TX,Texas,San Patricio,48409,70660,52520,3.600000,"( 3.3,  4.0)",3.300000,"( 2.9,  3.6)",48,0,0,0,0,0,0,False,0.000000,0.000000,False,0.000000,0.000000,False,False,True,2.000000,4,48409,41.000000,True,metro,116.893539,True
TX,Texas,San Saba,48411,5845,4743,4.200000,"( 3.7,  4.8)",3.300000,"( 3.0,  3.7)",48,0,0,0,0,0,0,False,0.000000,0.000000,False,0.000000,0.000000,True,True,True,3.000000,1,48411,,False,nonmetro,84.061046,True
TX,Texas,Schleicher,48413,2391,1809,3.800000,"( 3.4,  4.2)",2.900000,"( 2.6,  3.2)",48,0,0,0,0,0,0,False,0.000000,0.000000,False,0.000000,0.000000,False,False,False,2.000000,1,48413,,False,nonmetro,124.547834,True
TX,Texas,Scurry,48415,16212,11981,3.600000,"( 3.2,  4.0)",3.200000,"( 2.8,  3.6)",48,0,0,0,0,0,0,False,0.000000,0.000000,False,0.000000,0.000000,False,False,True,2.000000,2,48415,,False,nonmetro,81.517790,True
TX,Texas,Shackelford,48417,3229,2477,3.600000,"( 3.1,  4.1)",2.700000,"( 2.4,  3.1)",48,0,0,0,0,0,0,False,0.000000,0.000000,False,0.000000,0.000000,False,False,False,2.000000,1,48417,,False,nonmetro,145.407881,True
TX,Texas,Shelby,48419,24179,17790,4.800000,"( 4.3,  5.3)",4.000000,"( 3.6,  4.3)",48,0,0,0,0,0,0,False,0.000000,0.000000,False,0.000000,0.000000,True,True,True,5.000000,3,48419,18.000000,True,nonmetro,44.906876,True
TX,Texas,Sherman,48421,2678,1950,3.300000,"( 3.0,  3.7)",2.800000,"( 2.6,  3.2)",48,0,0,0,0,0,0,False,0.000000,0.000000,False,0.000000,0.000000,False,False,False,1.000000,1,48421,,False,nonmetro,77.383875,True
TX,Texas,Smith,48423,245209,186274,3.700000,"( 3.2,  4.1)",3.200000,"( 2.8,  3.6)",48,2,2,2,2,2,2,True,0.815631,1.073687,True,0.815631,1.073687,False,False,False,2.000000,5,48423,148.000000,True,metro,7.228445,True
TX,Texas,Somervell,48425,9888,7756,3.500000,"( 3.1,  4.0)",2.800000,"( 2.4,  3.1)",48,0,0,0,0,0,0,False,0.000000,0.000000,False,0.000000,0.000000,False,False,False,2.000000,2,48425,,False,nonmetro,66.880617,True
TX,Texas,Starr,48427,65934,44621,4.200000,"( 3.7,  4.8)",4.400000,"( 3.8,  5.0)",48,0,0,0,0,0,0,False,0.000000,0.000000,False,0.000000,0.000000,True,True,True,3.000000,4,48427,26.000000,True,nonmetro,72.461103,True
TX,Texas,Stephens,48429,9343,7416,4.000000,"( 3.5,  4.5)",3.300000,"( 2.9,  3.7)",48,0,0,0,0,0,0,False,0.000000,0.000000,False,0.000000,0.000000,False,False,True,3.000000,2,48429,,False,nonmetro,121.755898,True
TX,Texas,Sterling,48431,1397,980,2.700000,"( 2.4,  3.0)",2.400000,"( 2.1,  2.7)",48,0,0,0,0,0,0,False,0.000000,0.000000,False,0.000000,0.000000,False,False,False,1.000000,1,48431,,False,nonmetro,80.672707,True
TX,Texas,Stonewall,48433,1218,955,4.900000,"( 4.4,  5.5)",3.200000,"( 2.9,  3.6)",48,0,0,0,0,0,0,False,0.000000,0.000000,False,0.000000,0.000000,True,True,True,5.000000,1,48433,,False,nonmetro,98.311498,True
TX,Texas,Sutton,48435,3221,2454,4.200000,"( 3.8,  4.7)",3.300000,"( 2.9,  3.6)",48,0,0,0,0,0,0,False,0.000000,0.000000,False,0.000000,0.000000,True,True,True,3.000000,1,48435,,False,nonmetro,135.731144,True
TX,Texas,Swisher,48437,6955,5305,4.400000,"( 4.0,  5.0)",4.000000,"( 3.6,  4.4)",48,0,0,0,0,0,0,False,0.000000,0.000000,False,0.000000,0.000000,True,True,True,4.000000,1,48437,,False,nonmetro,47.151316,True
TX,Texas,Tarrant,48439,2182947,1635353,3.000000,"( 2.7,  3.4)",3.000000,"( 2.7,  3.4)",48,0,0,0,0,0,0,False,0.000000,0.000000,False,0.000000,0.000000,False,False,False,1.000000,5,48439,880.000000,True,metro,26.796758,True
TX,Texas,Taylor,48441,146836,110949,3.100000,"( 2.8,  3.5)",3.000000,"( 2.7,  3.4)",48,0,0,0,0,0,0,False,0.000000,0.000000,False,0.000000,0.000000,False,False,False,1.000000,5,48441,65.000000,True,metro,145.160367,True
TX,Texas,Terrell,48443,687,556,3.700000,"( 3.3,  4.2)",2.400000,"( 2.1,  2.7)",48,0,0,0,0,0,0,False,0.000000,0.000000,False,0.000000,0.000000,False,False,False,2.000000,1,48443,,False,nonmetro,116.465523,True
TX,Texas,Terry,48445,11547,8240,4.200000,"( 3.7,  4.7)",3.800000,"( 3.4,  4.2)",48,0,0,0,0,0,0,False,0.000000,0.000000,False,0.000000,0.000000,True,True,True,3.000000,2,48445,,False,nonmetro,36.391258,True
TX,Texas,Throckmorton,48447,1526,1159,4.900000,"( 4.2,  5.5)",3.200000,"( 2.8,  3.5)",48,0,0,0,0,0,0,False,0.000000,0.000000,False,0.000000,0.000000,True,True,True,5.000000,1,48447,,False,nonmetro,137.485379,True
TX,Texas,Titus,48449,31357,22569,4.200000,"( 3.7,  4.7)",3.700000,"( 3.3,  4.1)",48,0,0,0,0,0,0,False,0.000000,0.000000,False,0.000000,0.000000,True,True,True,3.000000,3,48449,21.000000,True,nonmetro,55.637781,True
TX,Texas,Tom Green,48451,119057,90938,3.400000,"( 3.0,  3.8)",3.000000,"( 2.7,  3.4)",48,0,0,0,0,0,0,False,0.000000,0.000000,False,0.000000,0.000000,False,False,False,1.000000,5,48451,59.000000,True,metro,115.452504,True
TX,Texas,Travis,48453,1334961,1071849,2.200000,"( 2.0,  2.5)",2.500000,"( 2.2,  2.8)",48,3,3,3,3,3,3,True,0.224726,0.279890,True,0.224726,0.279890,False,False,False,1.000000,5,48453,348.000000,True,metro,8.596332,True
TX,Texas,Trinity,48455,14228,11401,5.000000,"( 4.5,  5.7)",3.500000,"( 3.1,  3.9)",48,0,0,0,0,0,0,False,0.000000,0.000000,False,0.000000,0.000000,True,True,True,5.000000,2,48455,18.000000,True,nonmetro,38.512276,True
TX,Texas,Tyler,48457,20382,16475,4.800000,"( 4.3,  5.5)",3.900000,"( 3.4,  4.3)",48,0,0,0,0,0,0,False,0.000000,0.000000,False,0.000000,0.000000,True,True,True,5.000000,3,48457,16.000000,True,nonmetro,46.851903,True
TX,Texas,Upshur,48459,43281,32998,4.200000,"( 3.7,  4.8)",3.400000,"( 3.0,  3.8)",48,0,0,0,0,0,0,False,0.000000,0.000000,False,0.000000,0.000000,True,True,True,3.000000,4,48459,25.000000,True,metro,29.161251,True
TX,Texas,Upton,48461,3109,2293,4.200000,"( 3.8,  4.6)",3.700000,"( 3.4,  4.0)",48,0,0,0,0,0,0,False,0.000000,0.000000,False,0.000000,0.000000,True,True,True,3.000000,1,48461,,False,nonmetro,48.964163,True
TX,Texas,Uvalde,48463,24960,18337,3.700000,"( 3.3,  4.2)",3.300000,"( 3.0,  3.7)",48,0,0,0,0,0,0,False,0.000000,0.000000,False,0.000000,0.000000,False,False,True,2.000000,3,48463,17.000000,True,nonmetro,77.289952,True
TX,Texas,Val Verde,48465,47720,34333,3.400000,"( 3.0,  3.9)",3.400000,"( 2.9,  3.8)",48,0,0,0,0,0,0,False,0.000000,0.000000,False,0.000000,0.000000,False,False,True,1.000000,4,48465,20.000000,True,nonmetro,144.777330,True
TX,Texas,Van Zandt,48467,64000,49331,4.000000,"( 3.6,  4.6)",3.100000,"( 2.8,  3.5)",48,0,0,0,0,0,0,False,0.000000,0.000000,False,0.000000,0.000000,False,False,False,3.000000,4,48467,37.000000,True,nonmetro,34.955537,True
TX,Texas,Victoria,48469,91664,68723,3.700000,"( 3.3,  4.1)",3.200000,"( 2.9,  3.6)",48,0,0,0,0,0,0,False,0.000000,0.000000,False,0.000000,0.000000,False,False,True,2.000000,4,48469,54.000000,True,metro,98.808246,True
TX,Texas,Walker,48471,81268,69285,3.600000,"( 3.3,  4.0)",3.800000,"( 3.4,  4.2)",48,0,0,0,0,0,0,False,0.000000,0.000000,False,0.000000,0.000000,False,False,True,2.000000,4,48471,38.000000,True,nonmetro,43.822994,True
TX,Texas,Waller,48473,63553,48491,2.900000,"( 2.6,  3.2)",3.200000,"( 2.9,  3.6)",48,0,0,0,0,0,0,False,0.000000,0.000000,False,0.000000,0.000000,False,False,True,1.000000,4,48473,25.000000,True,metro,23.078887,True
TX,Texas,Ward,48475,10966,7825,3.500000,"( 3.1,  3.9)",3.300000,"( 2.9,  3.6)",48,0,0,0,0,0,0,False,0.000000,0.000000,False,0.000000,0.000000,False,False,True,2.000000,2,48475,,False,nonmetro,37.298056,True
TX,Texas,Washington,48477,37007,29213,3.800000,"( 3.4,  4.4)",3.000000,"( 2.6,  3.3)",48,0,0,0,0,0,0,False,0.000000,0.000000,False,0.000000,0.000000,False,False,False,2.000000,4,48477,27.000000,True,nonmetro,47.207939,True
TX,Texas,Webb,48479,269148,186022,3.200000,"( 2.8,  3.7)",3.400000,"( 3.0,  3.9)",48,0,0,0,0,0,0,False,0.000000,0.000000,False,0.000000,0.000000,False,False,True,1.000000,5,48479,78.000000,True,metro,141.051509,True
TX,Texas,Wharton,48481,41739,31173,4.000000,"( 3.6,  4.5)",3.400000,"( 3.0,  3.7)",48,0,0,0,0,0,0,False,0.000000,0.000000,False,0.000000,0.000000,False,False,True,3.000000,4,48481,37.000000,True,nonmetro,45.346331,True
TX,Texas,Wheeler,48483,4804,3606,4.300000,"( 3.9,  4.8)",3.300000,"( 3.0,  3.7)",48,0,0,0,0,0,0,False,0.000000,0.000000,False,0.000000,0.000000,True,True,True,4.000000,1,48483,,False,nonmetro,89.272147,True
TX,Texas,Wichita,48485,130180,100315,3.400000,"( 3.0,  3.8)",3.200000,"( 2.9,  3.6)",48,0,0,0,0,0,0,False,0.000000,0.000000,False,0.000000,0.000000,False,False,True,1.000000,5,48485,68.000000,True,metro,119.459943,True
TX,Texas,Wilbarger,48487,12522,9895,4.700000,"( 4.2,  5.3)",3.900000,"( 3.5,  4.4)",48,0,0,0,0,0,0,False,0.000000,0.000000,False,0.000000,0.000000,True,True,True,4.000000,2,48487,12.000000,True,nonmetro,136.214944,True
TX,Texas,Willacy,48489,20037,15371,4.200000,"( 3.7,  4.7)",4.200000,"( 3.6,  4.7)",48,0,0,0,0,0,0,False,0.000000,0.000000,False,0.000000,0.000000,True,True,True,3.000000,3,48489,10.000000,True,nonmetro,18.811606,True
TX,Texas,Williamson,48491,697191,532125,2.400000,"( 2.1,  2.8)",2.400000,"( 2.1,  2.7)",48,0,0,0,0,0,0,False,0.000000,0.000000,False,0.000000,0.000000,False,False,False,1.000000,5,48491,219.000000,True,metro,21.021051,True
TX,Texas,Wilson,48493,54183,41434,3.300000,"( 2.9,  3.7)",2.800000,"( 2.5,  3.1)",48,0,0,0,0,0,0,False,0.000000,0.000000,False,0.000000,0.000000,False,False,False,1.000000,4,48493,26.000000,True,metro,25.634234,True
TX,Texas,Winkler,48495,7414,5280,3.300000,"( 2.9,  3.7)",3.200000,"( 2.8,  3.5)",48,0,0,0,0,0,0,False,0.000000,0.000000,False,0.000000,0.000000,False,False,True,1.000000,1,48495,,False,nonmetro,42.978477,True
TX,Texas,Wise,48497,78097,58924,3.400000,"( 3.0,  3.8)",2.900000,"( 2.6,  3.3)",48,0,0,0,0,0,0,False,0.000000,0.000000,False,0.000000,0.000000,False,False,False,1.000000,4,48497,45.000000,True,metro,54.105119,True
TX,Texas,Wood,48499,47921,39005,4.500000,"( 3.9,  5.2)",3.100000,"( 2.8,  3.5)",48,0,0,0,0,0,0,False,0.000000,0.000000,False,0.000000,0.000000,True,True,False,4.000000,4,48499,38.000000,True,nonmetro,30.951539,True
TX,Texas,Yoakum,48501,7468,5012,3.200000,"( 2.9,  3.6)",3.100000,"( 2.8,  3.5)",48,0,0,0,0,0,0,False,0.000000,0.000000,False,0.000000,0.000000,False,False,False,1.000000,1,48501,,False,nonmetro,68.504757,True
TX,Texas,Young,48503,18124,13798,3.900000,"( 3.4,  4.4)",3.100000,"( 2.7,  3.5)",48,0,0,0,0,0,0,False,0.000000,0.000000,False,0.000000,0.000000,False,False,False,3.000000,2,48503,14.000000,True,nonmetro,108.762021,True
TX,Texas,Zapata,48505,13736,9425,4.600000,"( 4.1,  5.3)",4.400000,"( 3.8,  5.0)",48,0,0,0,0,0,0,False,0.000000,0.000000,False,0.000000,0.000000,True,True,True,4.000000,2,48505,,False,nonmetro,108.823265,True
TX,Texas,Zavala,48507,9312,6563,4.900000,"( 4.4,  5.5)",4.600000,"( 4.1,  5.1)",48,0,0,0,0,0,0,False,0.000000,0.000000,False,0.000000,0.000000,True,True,True,5.000000,2,48507,,False,nonmetro,92.359690,True
UT,Utah,Beaver,49001,7233,5146,3.000000,"( 2.6,  3.4)",2.700000,"( 2.4,  3.1)",49,0,0,0,0,0,0,False,0.000000,0.000000,False,0.000000,0.000000,False,False,False,1.000000,1,49001,,False,nonmetro,165.887808,True
UT,Utah,Box Elder,49003,62684,43845,2.900000,"( 2.5,  3.3)",2.800000,"( 2.4,  3.2)",49,0,0,0,0,0,0,False,0.000000,0.000000,False,0.000000,0.000000,False,False,False,1.000000,4,49003,18.000000,True,nonmetro,31.727882,True
UT,Utah,Cache,49005,142393,101374,2.400000,"( 2.0,  2.7)",2.800000,"( 2.5,  3.2)",49,0,0,0,0,0,0,False,0.000000,0.000000,False,0.000000,0.000000,False,False,False,1.000000,5,49005,30.000000,True,metro,43.311262,True
UT,Utah,Carbon,49007,20609,15429,3.900000,"( 3.4,  4.4)",3.300000,"( 2.9,  3.7)",49,0,0,0,0,0,0,False,0.000000,0.000000,False,0.000000,0.000000,False,False,True,3.000000,3,49007,,False,nonmetro,92.809749,True
UT,Utah,Daggett,49009,992,782,4.400000,"( 3.8,  5.0)",3.000000,"( 2.6,  3.4)",49,0,0,0,0,0,0,False,0.000000,0.000000,False,0.000000,0.000000,True,True,False,4.000000,1,49009,,False,nonmetro,116.723029,True
UT,Utah,Davis,49011,373207,263292,2.400000,"( 2.1,  2.7)",2.500000,"( 2.2,  2.8)",49,2,2,2,2,2,2,True,0.535896,0.759613,True,0.535896,0.759613,False,False,False,1.000000,5,49011,97.000000,True,metro,4.439839,True
UT,Utah,Duchesne,49013,20477,14005,3.400000,"( 3.0,  3.9)",3.200000,"( 2.8,  3.6)",49,0,0,0,0,0,0,False,0.000000,0.000000,False,0.000000,0.000000,False,False,True,1.000000,3,49013,,False,nonmetro,94.529434,True
UT,Utah,Emery,49015,10144,7361,3.500000,"( 3.1,  4.0)",3.000000,"( 2.6,  3.4)",49,0,0,0,0,0,0,False,0.000000,0.000000,False,0.000000,0.000000,False,False,False,2.000000,2,49015,,False,nonmetro,110.134018,True
UT,Utah,Garfield,49017,5314,4137,3.700000,"( 3.1,  4.2)",2.800000,"( 2.4,  3.1)",49,0,0,0,0,0,0,False,0.000000,0.000000,False,0.000000,0.000000,False,False,False,2.000000,1,49017,,False,nonmetro,193.151389,True
UT,Utah,Grand,49019,9706,7722,3.600000,"( 3.1,  4.1)",2.900000,"( 2.6,  3.3)",49,0,0,0,0,0,0,False,0.000000,0.000000,False,0.000000,0.000000,False,False,False,2.000000,2,49019,,False,nonmetro,190.644906,True
UT,Utah,Iron,49021,64211,47127,3.000000,"( 2.6,  3.3)",3.000000,"( 2.6,  3.4)",49,0,0,0,0,0,0,False,0.000000,0.000000,False,0.000000,0.000000,False,False,False,1.000000,4,49021,17.000000,True,nonmetro,155.542401,True
UT,Utah,Juab,49023,13023,8695,2.800000,"( 2.5,  3.2)",2.800000,"( 2.5,  3.2)",49,0,0,0,0,0,0,False,0.000000,0.000000,False,0.000000,0.000000,False,False,False,1.000000,2,49023,,False,metro,59.652363,True
UT,Utah,Kane,49025,8425,6481,3.700000,"( 3.2,  4.3)",2.800000,"( 2.4,  3.1)",49,0,0,0,0,0,0,False,0.000000,0.000000,False,0.000000,0.000000,False,False,False,2.000000,1,49025,,False,nonmetro,162.354040,True
UT,Utah,Millard,49027,13437,9330,3.600000,"( 3.2,  4.1)",3.000000,"( 2.7,  3.4)",49,0,0,0,0,0,0,False,0.000000,0.000000,False,0.000000,0.000000,False,False,False,2.000000,2,49027,,False,nonmetro,101.514130,True
UT,Utah,Morgan,49029,13000,8784,2.500000,"( 2.2,  2.8)",2.300000,"( 2.0,  2.6)",49,0,0,0,0,0,0,False,0.000000,0.000000,False,0.000000,0.000000,False,False,False,1.000000,2,49029,,False,metro,14.915167,True
UT,Utah,Piute,49031,1550,1221,5.200000,"( 4.4,  6.1)",3.500000,"( 3.0,  4.1)",49,0,0,0,0,0,0,False,0.000000,0.000000,False,0.000000,0.000000,True,True,True,5.000000,1,49031,,False,nonmetro,161.828299,True
UT,Utah,Rich,49033,2670,1947,3.700000,"( 3.2,  4.2)",2.900000,"( 2.5,  3.3)",49,0,0,0,0,0,0,False,0.000000,0.000000,False,0.000000,0.000000,False,False,False,2.000000,1,49033,,False,nonmetro,59.195022,True
UT,Utah,Salt Lake,49035,1185813,893016,2.500000,"( 2.2,  2.8)",2.600000,"( 2.3,  2.9)",49,19,16,11,19,16,11,True,1.602276,2.127621,True,1.602276,2.127621,False,False,False,1.000000,5,49035,327.000000,True,metro,4.385276,True
UT,Utah,San Juan,49037,14358,10367,4.700000,"( 4.2,  5.3)",4.200000,"( 3.8,  4.7)",49,0,0,0,0,0,0,False,0.000000,0.000000,False,0.000000,0.000000,True,True,True,4.000000,2,49037,,False,nonmetro,227.631145,True
UT,Utah,Sanpete,49039,30277,23084,3.300000,"( 2.9,  3.7)",3.300000,"( 2.9,  3.7)",49,0,0,0,0,0,0,False,0.000000,0.000000,False,0.000000,0.000000,False,False,True,1.000000,3,49039,10.000000,True,nonmetro,86.909615,True
UT,Utah,Sevier,49041,22344,16249,3.300000,"( 2.8,  3.8)",2.900000,"( 2.5,  3.3)",49,0,0,0,0,0,0,False,0.000000,0.000000,False,0.000000,0.000000,False,False,False,1.000000,3,49041,,False,nonmetro,127.205431,True
UT,Utah,Summit,49043,42759,33254,2.500000,"( 2.2,  2.9)",2.200000,"( 1.9,  2.5)",49,0,0,0,0,0,0,False,0.000000,0.000000,False,0.000000,0.000000,False,False,False,1.000000,4,49043,,False,nonmetro,21.956896,True
UT,Utah,Tooele,49045,82051,56930,2.400000,"( 2.1,  2.7)",2.600000,"( 2.3,  3.0)",49,0,0,0,0,0,0,False,0.000000,0.000000,False,0.000000,0.000000,False,False,False,1.000000,4,49045,18.000000,True,metro,22.742918,True
UT,Utah,Uintah,49047,37747,26247,3.200000,"( 2.8,  3.5)",3.100000,"( 2.8,  3.5)",49,0,0,0,0,0,0,False,0.000000,0.000000,False,0.000000,0.000000,False,False,False,1.000000,4,49047,,False,nonmetro,121.840756,True
UT,Utah,Utah,49049,719174,495249,2.000000,"( 1.8,  2.2)",2.600000,"( 2.2,  2.9)",49,0,0,0,0,0,0,False,0.000000,0.000000,False,0.000000,0.000000,False,False,False,1.000000,5,49049,137.000000,True,metro,25.404075,True
UT,Utah,Wasatch,49051,37144,26748,2.600000,"( 2.2,  3.0)",2.300000,"( 2.0,  2.7)",49,0,0,0,0,0,0,False,0.000000,0.000000,False,0.000000,0.000000,False,False,False,1.000000,4,49051,10.000000,True,nonmetro,27.307365,True
UT,Utah,Washington,49053,202452,153718,3.500000,"( 3.0,  4.1)",2.800000,"( 2.4,  3.2)",49,0,0,0,0,0,0,False,0.000000,0.000000,False,0.000000,0.000000,False,False,False,2.000000,5,49053,70.000000,True,metro,111.265801,True
UT,Utah,Wayne,49055,2614,2014,4.200000,"( 3.6,  4.8)",3.100000,"( 2.8,  3.5)",49,0,0,0,0,0,0,False,0.000000,0.000000,False,0.000000,0.000000,True,True,False,3.000000,1,49055,,False,nonmetro,157.287025,True
UT,Utah,Weber,49057,271926,201028,2.600000,"( 2.3,  3.0)",2.700000,"( 2.4,  3.0)",49,0,0,0,0,0,0,False,0.000000,0.000000,False,0.000000,0.000000,False,False,False,1.000000,5,49057,83.000000,True,metro,7.436359,True
VT,Vermont,Addison,50001,37720,31723,3.200000,"( 2.7,  3.7)",2.500000,"( 2.2,  2.9)",50,0,0,0,0,0,0,False,0.000000,0.000000,False,0.000000,0.000000,False,False,False,1.000000,4,50001,12.000000,True,nonmetro,29.187363,True
VT,Vermont,Bennington,50003,37183,30362,3.700000,"( 3.1,  4.3)",2.700000,"( 2.3,  3.1)",50,0,0,0,0,0,0,False,0.000000,0.000000,False,0.000000,0.000000,False,False,False,2.000000,4,50003,22.000000,True,nonmetro,37.711807,True
VT,Vermont,Caledonia,50005,30610,25067,3.700000,"( 3.2,  4.3)",2.900000,"( 2.5,  3.3)",50,0,0,0,0,0,0,False,0.000000,0.000000,False,0.000000,0.000000,False,False,False,2.000000,3,50005,13.000000,True,nonmetro,53.599456,True
VT,Vermont,Chittenden,50007,169481,140894,2.600000,"( 2.2,  3.0)",2.400000,"( 2.0,  2.8)",50,2,2,2,2,2,2,True,1.180073,1.419507,True,1.180073,1.419507,False,False,False,1.000000,5,50007,52.000000,True,metro,5.500930,True
VT,Vermont,Essex,50009,6010,4937,4.900000,"( 4.2,  5.7)",3.300000,"( 2.9,  3.8)",50,0,0,0,0,0,0,False,0.000000,0.000000,False,0.000000,0.000000,True,True,True,5.000000,1,50009,,False,nonmetro,70.190797,True
VT,Vermont,Franklin,50011,50994,40099,3.400000,"( 2.9,  3.9)",2.800000,"( 2.5,  3.2)",50,0,0,0,0,0,0,False,0.000000,0.000000,False,0.000000,0.000000,False,False,False,1.000000,4,50011,17.000000,True,metro,27.605304,True
VT,Vermont,Grand Isle,50013,7467,6194,3.400000,"( 2.9,  4.0)",2.500000,"( 2.2,  2.9)",50,0,0,0,0,0,0,False,0.000000,0.000000,False,0.000000,0.000000,False,False,False,1.000000,1,50013,,False,metro,22.638080,True
VT,Vermont,Lamoille,50015,26060,20919,3.100000,"( 2.7,  3.7)",2.600000,"( 2.2,  3.0)",50,0,0,0,0,0,0,False,0.000000,0.000000,False,0.000000,0.000000,False,False,False,1.000000,3,50015,,False,nonmetro,28.942312,True
VT,Vermont,Orange,50017,29943,24672,3.600000,"( 3.1,  4.2)",2.700000,"( 2.3,  3.1)",50,0,0,0,0,0,0,False,0.000000,0.000000,False,0.000000,0.000000,False,False,False,2.000000,3,50017,12.000000,True,nonmetro,27.098933,True
VT,Vermont,Orleans,50019,27516,22246,4.000000,"( 3.4,  4.6)",3.000000,"( 2.6,  3.4)",50,0,0,0,0,0,0,False,0.000000,0.000000,False,0.000000,0.000000,False,False,False,3.000000,3,50019,11.000000,True,nonmetro,55.698478,True
VT,Vermont,Rutland,50021,60271,49934,3.800000,"( 3.2,  4.4)",2.800000,"( 2.4,  3.2)",50,0,0,0,0,0,0,False,0.000000,0.000000,False,0.000000,0.000000,False,False,False,2.000000,4,50021,23.000000,True,nonmetro,40.168017,True
VT,Vermont,Washington,50023,60142,49442,3.200000,"( 2.7,  3.8)",2.500000,"( 2.2,  2.9)",50,0,0,0,0,0,0,False,0.000000,0.000000,False,0.000000,0.000000,False,False,False,1.000000,4,50023,22.000000,True,nonmetro,35.070815,True
VT,Vermont,Windham,50025,45966,38295,3.700000,"( 3.2,  4.4)",2.700000,"( 2.4,  3.1)",50,0,0,0,0,0,0,False,0.000000,0.000000,False,0.000000,0.000000,False,False,False,2.000000,4,50025,25.000000,True,nonmetro,37.715652,True
VT,Vermont,Windsor,50027,58101,48044,3.600000,"( 3.0,  4.2)",2.500000,"( 2.2,  2.9)",50,0,0,0,0,0,0,False,0.000000,0.000000,False,0.000000,0.000000,False,False,False,2.000000,4,50027,39.000000,True,nonmetro,17.589419,True
VA,Virginia,Accomack,51001,33239,26487,5.300000,"( 4.7,  6.0)",3.700000,"( 3.3,  4.2)",51,0,0,0,0,0,0,False,0.000000,0.000000,False,0.000000,0.000000,True,True,True,5.000000,3,51001,28.000000,True,nonmetro,74.485231,True
VA,Virginia,Albemarle,51003,115676,93582,2.900000,"( 2.5,  3.3)",2.400000,"( 2.1,  2.7)",51,0,0,0,0,0,0,False,0.000000,0.000000,False,0.000000,0.000000,False,False,False,1.000000,5,51003,53.000000,True,metro,6.518511,True
VA,Virginia,Alleghany,51005,14595,12022,4.600000,"( 4.0,  5.2)",3.200000,"( 2.8,  3.6)",51,0,0,0,0,0,0,False,0.000000,0.000000,False,0.000000,0.000000,True,True,True,4.000000,2,51005,11.000000,True,nonmetro,47.900672,True
VA,Virginia,Amelia,51007,13480,10676,4.800000,"( 4.3,  5.3)",3.600000,"( 3.3,  4.0)",51,0,0,0,0,0,0,False,0.000000,0.000000,False,0.000000,0.000000,True,True,True,5.000000,2,51007,10.000000,True,metro,32.030506,True
VA,Virginia,Amherst,51009,31396,25190,4.400000,"( 3.8,  5.0)",3.300000,"( 2.9,  3.7)",51,0,0,0,0,0,0,False,0.000000,0.000000,False,0.000000,0.000000,True,True,True,4.000000,3,51009,25.000000,True,metro,49.288671,True
VA,Virginia,Appomattox,51011,16864,13156,4.300000,"( 3.9,  4.9)",3.300000,"( 3.0,  3.7)",51,0,0,0,0,0,0,False,0.000000,0.000000,False,0.000000,0.000000,True,True,True,4.000000,2,51011,,False,metro,50.392272,True
VA,Virginia,Arlington,51013,234162,192107,1.900000,"( 1.7,  2.2)",2.100000,"( 1.9,  2.4)",51,0,0,0,0,0,0,False,0.000000,0.000000,False,0.000000,0.000000,False,False,False,1.000000,5,51013,54.000000,True,metro,3.071035,True
VA,Virginia,Augusta,51015,78247,64233,3.800000,"( 3.3,  4.4)",2.900000,"( 2.5,  3.3)",51,0,0,0,0,0,0,False,0.000000,0.000000,False,0.000000,0.000000,False,False,False,2.000000,4,51015,40.000000,True,metro,31.615849,True
VA,Virginia,Bath,51017,4051,3378,5.800000,"( 5.0,  6.7)",3.800000,"( 3.3,  4.3)",51,0,0,0,0,0,0,False,0.000000,0.000000,False,0.000000,0.000000,True,True,True,5.000000,1,51017,,False,nonmetro,62.997368,True
VA,Virginia,Bedford,51019,81525,65762,3.800000,"( 3.3,  4.4)",2.800000,"( 2.4,  3.2)",51,0,0,0,0,0,0,False,0.000000,0.000000,False,0.000000,0.000000,False,False,False,2.000000,4,51019,53.000000,True,metro,51.290914,True
VA,Virginia,Bland,51021,6179,5302,4.100000,"( 3.6,  4.7)",3.100000,"( 2.7,  3.5)",51,0,0,0,0,0,0,False,0.000000,0.000000,False,0.000000,0.000000,True,True,False,3.000000,1,51021,,False,nonmetro,37.469613,True
VA,Virginia,Botetourt,51023,34125,27833,3.700000,"( 3.2,  4.3)",2.700000,"( 2.3,  3.0)",51,0,0,0,0,0,0,False,0.000000,0.000000,False,0.000000,0.000000,False,False,False,2.000000,3,51023,26.000000,True,metro,34.606951,True
VA,Virginia,Brunswick,51025,15749,13267,5.400000,"( 4.8,  6.0)",4.300000,"( 3.9,  4.8)",51,0,0,0,0,0,0,False,0.000000,0.000000,False,0.000000,0.000000,True,True,True,5.000000,2,51025,11.000000,True,nonmetro,59.355571,True
VA,Virginia,Buchanan,51027,19087,15806,5.400000,"( 4.7,  6.2)",4.000000,"( 3.5,  4.6)",51,0,0,0,0,0,0,False,0.000000,0.000000,False,0.000000,0.000000,True,True,True,5.000000,3,51027,12.000000,True,nonmetro,78.683367,True
VA,Virginia,Buckingham,51029,16978,13997,4.800000,"( 4.3,  5.4)",3.900000,"( 3.5,  4.3)",51,0,0,0,0,0,0,False,0.000000,0.000000,False,0.000000,0.000000,True,True,True,5.000000,2,51029,,False,nonmetro,31.389632,True
VA,Virginia,Campbell,51031,55270,44734,4.100000,"( 3.6,  4.7)",3.200000,"( 2.8,  3.6)",51,0,0,0,0,0,0,False,0.000000,0.000000,False,0.000000,0.000000,True,True,True,3.000000,4,51031,37.000000,True,metro,63.280803,True
VA,Virginia,Caroline,51033,32640,25204,3.900000,"( 3.5,  4.3)",3.300000,"( 3.0,  3.7)",51,0,0,0,0,0,0,False,0.000000,0.000000,False,0.000000,0.000000,False,False,True,3.000000,3,51033,14.000000,True,nonmetro,31.901605,True
VA,Virginia,Carroll,51035,29239,24074,4.900000,"( 4.2,  5.6)",3.400000,"( 3.0,  3.9)",51,0,0,0,0,0,0,False,0.000000,0.000000,False,0.000000,0.000000,True,True,True,5.000000,3,51035,23.000000,True,nonmetro,40.367037,True
VA,Virginia,Charles City,51036,6610,5657,5.600000,"( 5.0,  6.2)",3.800000,"( 3.5,  4.2)",51,0,0,0,0,0,0,False,0.000000,0.000000,False,0.000000,0.000000,True,True,True,5.000000,1,51036,,False,metro,22.950741,True
VA,Virginia,Charlotte,51037,11336,8826,5.600000,"( 5.0,  6.4)",4.100000,"( 3.7,  4.6)",51,0,0,0,0,0,0,False,0.000000,0.000000,False,0.000000,0.000000,True,True,True,5.000000,2,51037,14.000000,True,nonmetro,65.804297,True
VA,Virginia,Chesterfield,51041,383876,293524,3.100000,"( 2.8,  3.5)",2.700000,"( 2.4,  3.1)",51,0,0,0,0,0,0,False,0.000000,0.000000,False,0.000000,0.000000,False,False,False,1.000000,5,51041,154.000000,True,metro,12.388897,True
VA,Virginia,Clarke,51043,15466,12491,3.500000,"( 3.0,  4.0)",2.500000,"( 2.2,  2.9)",51,0,0,0,0,0,0,False,0.000000,0.000000,False,0.000000,0.000000,False,False,False,2.000000,2,51043,16.000000,True,metro,10.600995,True
VA,Virginia,Craig,51045,4843,4041,4.300000,"( 3.7,  4.9)",3.000000,"( 2.6,  3.4)",51,0,0,0,0,0,0,False,0.000000,0.000000,False,0.000000,0.000000,True,True,False,4.000000,1,51045,,False,metro,21.507373,True
VA,Virginia,Culpeper,51047,54973,41294,3.500000,"( 3.1,  4.0)",3.000000,"( 2.6,  3.3)",51,0,0,0,0,0,0,False,0.000000,0.000000,False,0.000000,0.000000,False,False,False,2.000000,4,51047,28.000000,True,metro,33.033234,True
VA,Virginia,Cumberland,51049,9878,7919,4.700000,"( 4.2,  5.3)",3.500000,"( 3.1,  3.9)",51,0,0,0,0,0,0,False,0.000000,0.000000,False,0.000000,0.000000,True,True,True,4.000000,2,51049,,False,nonmetro,40.152428,True
VA,Virginia,Dickenson,51051,13640,11035,5.300000,"( 4.6,  6.0)",3.800000,"( 3.3,  4.3)",51,0,0,0,0,0,0,False,0.000000,0.000000,False,0.000000,0.000000,True,True,True,5.000000,2,51051,11.000000,True,nonmetro,90.244972,True
VA,Virginia,Dinwiddie,51053,28343,22735,4.100000,"( 3.6,  4.5)",3.300000,"( 2.9,  3.6)",51,0,0,0,0,0,0,False,0.000000,0.000000,False,0.000000,0.000000,True,True,True,3.000000,3,51053,13.000000,True,metro,29.755749,True
VA,Virginia,Essex,51057,10598,8706,5.200000,"( 4.7,  5.8)",3.800000,"( 3.4,  4.2)",51,0,0,0,0,0,0,False,0.000000,0.000000,False,0.000000,0.000000,True,True,True,5.000000,2,51057,,False,nonmetro,39.544580,True
VA,Virginia,Fairfax,51059,1141878,884086,2.500000,"( 2.2,  2.9)",2.300000,"( 2.0,  2.6)",51,2,2,1,2,2,1,True,0.175150,0.226222,True,0.175150,0.226222,False,False,False,1.000000,5,51059,346.000000,True,metro,5.713849,True
VA,Virginia,Fauquier,51061,75165,57749,3.100000,"( 2.7,  3.6)",2.500000,"( 2.2,  2.9)",51,0,0,0,0,0,0,False,0.000000,0.000000,False,0.000000,0.000000,False,False,False,1.000000,4,51061,52.000000,True,metro,17.980885,True
VA,Virginia,Floyd,51063,15679,12779,4.100000,"( 3.5,  4.7)",2.900000,"( 2.5,  3.3)",51,0,0,0,0,0,0,False,0.000000,0.000000,False,0.000000,0.000000,True,True,False,3.000000,2,51063,11.000000,True,metro,21.158526,True
VA,Virginia,Fluvanna,51065,28462,22968,3.500000,"( 3.1,  4.0)",2.800000,"( 2.4,  3.1)",51,0,0,0,0,0,0,False,0.000000,0.000000,False,0.000000,0.000000,False,False,False,2.000000,3,51065,12.000000,True,metro,14.011479,True
VA,Virginia,Franklin,51067,55549,45296,4.400000,"( 3.8,  5.0)",3.100000,"( 2.7,  3.6)",51,0,0,0,0,0,0,False,0.000000,0.000000,False,0.000000,0.000000,True,True,False,4.000000,4,51067,40.000000,True,metro,34.531124,True
VA,Virginia,Frederick,51069,95994,74555,3.400000,"( 2.9,  3.9)",2.700000,"( 2.4,  3.1)",51,0,0,0,0,0,0,False,0.000000,0.000000,False,0.000000,0.000000,False,False,False,1.000000,4,51069,63.000000,True,metro,5.920027,True
VA,Virginia,Giles,51071,16457,13231,4.100000,"( 3.5,  4.6)",3.100000,"( 2.7,  3.5)",51,0,0,0,0,0,0,False,0.000000,0.000000,False,0.000000,0.000000,True,True,False,3.000000,2,51071,16.000000,True,metro,17.907124,True
VA,Virginia,Gloucester,51073,40057,32065,3.600000,"( 3.1,  4.2)",2.800000,"( 2.4,  3.2)",51,0,0,0,0,0,0,False,0.000000,0.000000,False,0.000000,0.000000,False,False,False,2.000000,4,51073,26.000000,True,metro,38.905255,True
VA,Virginia,Goochland,51075,27197,22738,3.400000,"( 2.9,  3.9)",2.400000,"( 2.1,  2.7)",51,0,0,0,0,0,0,False,0.000000,0.000000,False,0.000000,0.000000,False,False,False,1.000000,3,51075,11.000000,True,metro,21.674236,True
VA,Virginia,Grayson,51077,15285,12745,5.300000,"( 4.6,  6.1)",3.800000,"( 3.4,  4.4)",51,0,0,0,0,0,0,False,0.000000,0.000000,False,0.000000,0.000000,True,True,True,5.000000,2,51077,14.000000,True,nonmetro,56.254502,True
VA,Virginia,Greene,51079,21301,16419,3.600000,"( 3.1,  4.1)",2.900000,"( 2.5,  3.3)",51,0,0,0,0,0,0,False,0.000000,0.000000,False,0.000000,0.000000,False,False,False,2.000000,3,51079,12.000000,True,metro,15.799006,True
VA,Virginia,Greensville,51081,11133,9333,4.800000,"( 4.3,  5.3)",4.400000,"( 4.0,  4.9)",51,0,0,0,0,0,0,False,0.000000,0.000000,False,0.000000,0.000000,True,True,True,5.000000,2,51081,11.000000,True,nonmetro,57.523115,True
VA,Virginia,Halifax,51083,33432,26643,5.900000,"( 5.2,  6.6)",4.200000,"( 3.7,  4.6)",51,0,0,0,0,0,0,False,0.000000,0.000000,False,0.000000,0.000000,True,True,True,5.000000,3,51083,33.000000,True,nonmetro,52.385729,True
VA,Virginia,Hanover,51085,114148,89709,3.200000,"( 2.7,  3.7)",2.500000,"( 2.2,  2.9)",51,0,0,0,0,0,0,False,0.000000,0.000000,False,0.000000,0.000000,False,False,False,1.000000,5,51085,48.000000,True,metro,11.719332,True
VA,Virginia,Henrico,51087,334760,262519,3.300000,"( 2.9,  3.7)",2.900000,"( 2.5,  3.2)",51,0,0,0,0,0,0,False,0.000000,0.000000,False,0.000000,0.000000,False,False,False,1.000000,5,51087,166.000000,True,metro,7.608274,True
VA,Virginia,Henry,51089,49702,40192,5.400000,"( 4.8,  6.1)",3.900000,"( 3.4,  4.3)",51,0,0,0,0,0,0,False,0.000000,0.000000,False,0.000000,0.000000,True,True,True,5.000000,4,51089,56.000000,True,nonmetro,41.116979,True
VA,Virginia,Highland,51091,2339,2002,4.600000,"( 3.9,  5.5)",2.700000,"( 2.3,  3.1)",51,0,0,0,0,0,0,False,0.000000,0.000000,False,0.000000,0.000000,True,True,False,4.000000,1,51091,,False,nonmetro,64.310825,True
VA,Virginia,Isle of Wight,51093,40711,31981,3.800000,"( 3.4,  4.3)",2.900000,"( 2.6,  3.3)",51,0,0,0,0,0,0,False,0.000000,0.000000,False,0.000000,0.000000,False,False,False,2.000000,4,51093,28.000000,True,metro,21.393261,True
VA,Virginia,James City,51095,82654,66533,3.500000,"( 3.1,  4.1)",2.400000,"( 2.1,  2.8)",51,0,0,0,0,0,0,False,0.000000,0.000000,False,0.000000,0.000000,False,False,False,2.000000,4,51095,61.000000,True,metro,38.456795,True
VA,Virginia,King and Queen,51097,6720,5583,4.900000,"( 4.4,  5.5)",3.600000,"( 3.2,  4.0)",51,0,0,0,0,0,0,False,0.000000,0.000000,False,0.000000,0.000000,True,True,True,5.000000,1,51097,,False,metro,34.418802,True
VA,Virginia,King George,51099,28568,21638,3.200000,"( 2.8,  3.6)",2.800000,"( 2.5,  3.2)",51,0,0,0,0,0,0,False,0.000000,0.000000,False,0.000000,0.000000,False,False,False,1.000000,3,51099,,False,nonmetro,30.084767,True
VA,Virginia,King William,51101,19030,14699,3.400000,"( 3.0,  3.8)",2.900000,"( 2.6,  3.3)",51,0,0,0,0,0,0,False,0.000000,0.000000,False,0.000000,0.000000,False,False,False,1.000000,3,51101,,False,metro,25.605624,True
VA,Virginia,Lancaster,51103,10859,9249,5.600000,"( 4.8,  6.5)",3.300000,"( 2.9,  3.7)",51,0,0,0,0,0,0,False,0.000000,0.000000,False,0.000000,0.000000,True,True,True,5.000000,2,51103,12.000000,True,nonmetro,56.242825,True
VA,Virginia,Lee,51105,21745,17770,5.200000,"( 4.6,  5.9)",4.000000,"( 3.6,  4.5)",51,0,0,0,0,0,0,False,0.000000,0.000000,False,0.000000,0.000000,True,True,True,5.000000,3,51105,11.000000,True,nonmetro,46.934502,True
VA,Virginia,Loudoun,51107,436347,322393,2.200000,"( 1.9,  2.5)",2.100000,"( 1.9,  2.4)",51,0,0,0,0,0,0,False,0.000000,0.000000,False,0.000000,0.000000,False,False,False,1.000000,5,51107,86.000000,True,metro,15.896206,True
VA,Virginia,Louisa,51109,41037,32859,4.000000,"( 3.5,  4.5)",3.100000,"( 2.7,  3.5)",51,0,0,0,0,0,0,False,0.000000,0.000000,False,0.000000,0.000000,False,False,False,3.000000,4,51109,19.000000,True,nonmetro,25.837092,True
VA,Virginia,Lunenburg,51111,12038,9653,5.500000,"( 5.0,  6.1)",4.200000,"( 3.8,  4.6)",51,0,0,0,0,0,0,False,0.000000,0.000000,False,0.000000,0.000000,True,True,True,5.000000,2,51111,,False,nonmetro,58.122186,True
VA,Virginia,Madison,51113,14128,11351,4.000000,"( 3.4,  4.6)",2.900000,"( 2.5,  3.3)",51,0,0,0,0,0,0,False,0.000000,0.000000,False,0.000000,0.000000,False,False,False,3.000000,2,51113,,False,nonmetro,27.523679,True
VA,Virginia,Mathews,51115,8514,7170,4.600000,"( 3.9,  5.2)",2.900000,"( 2.5,  3.2)",51,0,0,0,0,0,0,False,0.000000,0.000000,False,0.000000,0.000000,True,True,False,4.000000,1,51115,,False,metro,41.498597,True
VA,Virginia,Mecklenburg,51117,30648,24987,5.400000,"( 4.8,  6.1)",3.800000,"( 3.4,  4.2)",51,0,0,0,0,0,0,False,0.000000,0.000000,False,0.000000,0.000000,True,True,True,5.000000,3,51117,33.000000,True,nonmetro,58.652588,True
VA,Virginia,Middlesex,51119,10924,9150,5.000000,"( 4.4,  5.8)",3.100000,"( 2.7,  3.5)",51,0,0,0,0,0,0,False,0.000000,0.000000,False,0.000000,0.000000,True,True,False,5.000000,2,51119,,False,nonmetro,49.054299,True
VA,Virginia,Montgomery,51121,98666,83813,2.700000,"( 2.4,  3.1)",3.000000,"( 2.7,  3.5)",51,1,1,1,1,1,1,True,1.013520,1.193132,True,1.013520,1.193132,False,False,False,1.000000,5,51121,38.000000,True,metro,4.308032,True
VA,Virginia,Nelson,51125,14705,12117,4.600000,"( 4.0,  5.3)",3.000000,"( 2.6,  3.4)",51,0,0,0,0,0,0,False,0.000000,0.000000,False,0.000000,0.000000,True,True,False,4.000000,2,51125,11.000000,True,metro,26.978516,True
VA,Virginia,New Kent,51127,26134,21047,3.200000,"( 2.8,  3.6)",2.700000,"( 2.3,  3.0)",51,0,0,0,0,0,0,False,0.000000,0.000000,False,0.000000,0.000000,False,False,False,1.000000,3,51127,13.000000,True,metro,23.349061,True
VA,Virginia,Northampton,51131,12021,9854,5.400000,"( 4.7,  6.1)",3.500000,"( 3.1,  4.0)",51,0,0,0,0,0,0,False,0.000000,0.000000,False,0.000000,0.000000,True,True,True,5.000000,2,51131,,False,nonmetro,42.534999,True
VA,Virginia,Northumberland,51133,12391,10687,5.000000,"( 4.2,  5.7)",3.000000,"( 2.6,  3.4)",51,0,0,0,0,0,0,False,0.000000,0.000000,False,0.000000,0.000000,True,True,False,5.000000,2,51133,13.000000,True,nonmetro,61.985708,True
VA,Virginia,Nottoway,51135,15566,12496,4.700000,"( 4.2,  5.2)",4.000000,"( 3.6,  4.4)",51,0,0,0,0,0,0,False,0.000000,0.000000,False,0.000000,0.000000,True,True,True,4.000000,2,51135,11.000000,True,nonmetro,44.383037,True
VA,Virginia,Orange,51137,38574,30240,3.700000,"( 3.3,  4.2)",2.900000,"( 2.5,  3.3)",51,0,0,0,0,0,0,False,0.000000,0.000000,False,0.000000,0.000000,False,False,False,2.000000,4,51137,22.000000,True,nonmetro,28.756249,True
VA,Virginia,Page,51139,23741,19159,4.200000,"( 3.7,  4.8)",3.200000,"( 2.8,  3.6)",51,0,0,0,0,0,0,False,0.000000,0.000000,False,0.000000,0.000000,True,True,True,3.000000,3,51139,18.000000,True,nonmetro,37.130937,True
VA,Virginia,Patrick,51141,17509,14402,5.100000,"( 4.4,  5.9)",3.400000,"( 3.0,  3.9)",51,0,0,0,0,0,0,False,0.000000,0.000000,False,0.000000,0.000000,True,True,True,5.000000,2,51141,19.000000,True,nonmetro,36.489479,True
VA,Virginia,Pittsylvania,51143,59571,49130,5.200000,"( 4.6,  5.8)",3.700000,"( 3.3,  4.1)",51,0,0,0,0,0,0,False,0.000000,0.000000,False,0.000000,0.000000,True,True,True,5.000000,4,51143,45.000000,True,nonmetro,50.877043,True
VA,Virginia,Powhatan,51145,32105,26175,3.400000,"( 2.9,  3.9)",2.600000,"( 2.3,  3.0)",51,0,0,0,0,0,0,False,0.000000,0.000000,False,0.000000,0.000000,False,False,False,1.000000,3,51145,12.000000,True,metro,22.953198,True
VA,Virginia,Prince Edward,51147,22049,18532,3.900000,"( 3.5,  4.3)",4.000000,"( 3.6,  4.4)",51,0,0,0,0,0,0,False,0.000000,0.000000,False,0.000000,0.000000,False,False,True,3.000000,3,51147,15.000000,True,nonmetro,52.610700,True
VA,Virginia,Prince George,51149,42871,34450,3.100000,"( 2.8,  3.5)",3.400000,"( 3.0,  3.7)",51,0,0,0,0,0,0,False,0.000000,0.000000,False,0.000000,0.000000,False,False,True,1.000000,4,51149,15.000000,True,metro,24.924461,True
VA,Virginia,Prince William,51153,489640,361424,2.700000,"( 2.4,  3.0)",2.700000,"( 2.4,  3.0)",51,0,0,0,0,0,0,False,0.000000,0.000000,False,0.000000,0.000000,False,False,False,1.000000,5,51153,125.000000,True,metro,9.404339,True
VA,Virginia,Pulaski,51155,33655,27735,4.200000,"( 3.6,  4.8)",3.100000,"( 2.7,  3.6)",51,0,0,0,0,0,0,False,0.000000,0.000000,False,0.000000,0.000000,True,True,False,3.000000,3,51155,26.000000,True,metro,19.069394,True
VA,Virginia,Rappahannock,51157,7414,6250,4.400000,"( 3.7,  5.0)",2.900000,"( 2.5,  3.3)",51,0,0,0,0,0,0,False,0.000000,0.000000,False,0.000000,0.000000,True,True,False,4.000000,1,51157,,False,metro,32.489515,True
VA,Virginia,Richmond,51159,9184,7501,4.500000,"( 4.0,  5.2)",3.600000,"( 3.2,  4.1)",51,0,0,0,0,0,0,False,0.000000,0.000000,False,0.000000,0.000000,True,True,True,4.000000,2,51159,,False,nonmetro,48.940661,True
VA,Virginia,Roanoke,51161,97026,78314,3.400000,"( 2.9,  3.9)",2.600000,"( 2.3,  3.0)",51,0,0,0,0,0,0,False,0.000000,0.000000,False,0.000000,0.000000,False,False,False,1.000000,4,51161,84.000000,True,metro,23.744925,True
VA,Virginia,Rockbridge,51163,22358,18688,4.200000,"( 3.6,  4.9)",2.900000,"( 2.5,  3.3)",51,0,0,0,0,0,0,False,0.000000,0.000000,False,0.000000,0.000000,True,True,False,3.000000,3,51163,13.000000,True,nonmetro,53.818707,True
VA,Virginia,Rockingham,51165,86568,67455,3.600000,"( 3.1,  4.2)",2.900000,"( 2.5,  3.3)",51,0,0,0,0,0,0,False,0.000000,0.000000,False,0.000000,0.000000,False,False,False,2.000000,4,51165,47.000000,True,metro,35.778872,True
VA,Virginia,Russell,51167,25477,20555,4.800000,"( 4.2,  5.6)",3.500000,"( 3.1,  4.1)",51,0,0,0,0,0,0,False,0.000000,0.000000,False,0.000000,0.000000,True,True,True,5.000000,3,51167,15.000000,True,nonmetro,87.911543,True
VA,Virginia,Scott,51169,21433,17546,5.000000,"( 4.3,  5.8)",3.600000,"( 3.1,  4.1)",51,0,0,0,0,0,0,False,0.000000,0.000000,False,0.000000,0.000000,True,True,True,5.000000,3,51169,,False,metro,63.322395,True
VA,Virginia,Shenandoah,51171,45228,35666,4.200000,"( 3.6,  4.8)",3.200000,"( 2.8,  3.6)",51,0,0,0,0,0,0,False,0.000000,0.000000,False,0.000000,0.000000,True,True,True,3.000000,4,51171,35.000000,True,nonmetro,29.268650,True
VA,Virginia,Smyth,51173,29216,23575,4.700000,"( 4.0,  5.4)",3.500000,"( 3.1,  4.0)",51,0,0,0,0,0,0,False,0.000000,0.000000,False,0.000000,0.000000,True,True,True,4.000000,3,51173,17.000000,True,nonmetro,69.860428,True
VA,Virginia,Southampton,51175,17975,14690,4.500000,"( 4.0,  5.0)",3.400000,"( 3.0,  3.7)",51,0,0,0,0,0,0,False,0.000000,0.000000,False,0.000000,0.000000,True,True,True,4.000000,2,51175,16.000000,True,nonmetro,44.517678,True
VA,Virginia,Spotsylvania,51177,149588,113315,3.200000,"( 2.8,  3.6)",2.800000,"( 2.5,  3.2)",51,0,0,0,0,0,0,False,0.000000,0.000000,False,0.000000,0.000000,False,False,False,1.000000,5,51177,57.000000,True,metro,35.241623,True
VA,Virginia,Stafford,51179,165428,122402,2.700000,"( 2.3,  3.0)",2.600000,"( 2.3,  3.0)",51,0,0,0,0,0,0,False,0.000000,0.000000,False,0.000000,0.000000,False,False,False,1.000000,5,51179,45.000000,True,metro,23.459271,True
VA,Virginia,Surry,51181,6593,5458,5.000000,"( 4.4,  5.6)",3.500000,"( 3.1,  3.9)",51,0,0,0,0,0,0,False,0.000000,0.000000,False,0.000000,0.000000,True,True,True,5.000000,1,51181,,False,metro,37.338056,True
VA,Virginia,Sussex,51183,10757,9043,4.600000,"( 4.2,  5.2)",4.000000,"( 3.6,  4.5)",51,0,0,0,0,0,0,False,0.000000,0.000000,False,0.000000,0.000000,True,True,True,4.000000,2,51183,,False,metro,42.117461,True
VA,Virginia,Tazewell,51185,39120,31690,4.700000,"( 4.1,  5.4)",3.600000,"( 3.1,  4.0)",51,0,0,0,0,0,0,False,0.000000,0.000000,False,0.000000,0.000000,True,True,True,4.000000,4,51185,32.000000,True,nonmetro,63.745176,True
VA,Virginia,Warren,51187,41843,32854,3.500000,"( 3.0,  4.0)",3.000000,"( 2.6,  3.4)",51,0,0,0,0,0,0,False,0.000000,0.000000,False,0.000000,0.000000,False,False,False,2.000000,4,51187,27.000000,True,metro,18.162344,True
VA,Virginia,Washington,51191,54050,44535,4.100000,"( 3.5,  4.7)",3.000000,"( 2.6,  3.4)",51,0,0,0,0,0,0,False,0.000000,0.000000,False,0.000000,0.000000,True,True,False,3.000000,4,51191,36.000000,True,metro,81.420663,True
VA,Virginia,Westmoreland,51193,19013,15601,5.500000,"( 4.9,  6.1)",3.800000,"( 3.4,  4.2)",51,0,0,0,0,0,0,False,0.000000,0.000000,False,0.000000,0.000000,True,True,True,5.000000,3,51193,14.000000,True,nonmetro,39.348637,True
VA,Virginia,Wise,51195,35174,28336,4.400000,"( 3.8,  5.0)",3.700000,"( 3.2,  4.2)",51,0,0,0,0,0,0,False,0.000000,0.000000,False,0.000000,0.000000,True,True,True,4.000000,3,51195,21.000000,True,nonmetro,75.412372,True
VA,Virginia,Wythe,51197,28104,22650,4.300000,"( 3.7,  4.9)",3.200000,"( 2.8,  3.6)",51,0,0,0,0,0,0,False,0.000000,0.000000,False,0.000000,0.000000,True,True,True,4.000000,3,51197,15.000000,True,nonmetro,42.166420,True
VA,Virginia,York,51199,70952,54822,2.900000,"( 2.6,  3.3)",2.400000,"( 2.1,  2.8)",51,0,0,0,0,0,0,False,0.000000,0.000000,False,0.000000,0.000000,False,False,False,1.000000,4,51199,36.000000,True,metro,25.570815,True
VA,Virginia,Alexandria,51510,155230,127357,2.400000,"( 2.2,  2.7)",2.400000,"( 2.2,  2.8)",51,0,0,0,0,0,0,False,0.000000,0.000000,False,0.000000,0.000000,False,False,False,1.000000,5,51510,48.000000,True,metro,5.271438,True
VA,Virginia,Bristol,51520,16807,13451,4.500000,"( 3.9,  5.2)",3.500000,"( 3.0,  3.9)",51,0,0,0,0,0,0,False,0.000000,0.000000,False,0.000000,0.000000,True,True,True,4.000000,2,51520,13.000000,True,metro,72.997215,True
VA,Virginia,Buena Vista,51530,6566,5153,3.900000,"( 3.4,  4.4)",3.500000,"( 3.0,  3.9)",51,0,0,0,0,0,0,False,0.000000,0.000000,False,0.000000,0.000000,False,False,True,3.000000,1,51530,,False,nonmetro,51.949836,True
VA,Virginia,Charlottesville,51540,44983,37336,2.800000,"( 2.4,  3.1)",3.000000,"( 2.7,  3.4)",51,7,7,4,7,7,4,True,15.561434,18.748661,True,15.561434,18.748661,False,False,False,1.000000,4,51540,16.000000,True,metro,1.290804,True
VA,Virginia,Chesapeake,51550,253886,192778,3.200000,"( 2.9,  3.6)",3.000000,"( 2.6,  3.3)",51,0,0,0,0,0,0,False,0.000000,0.000000,False,0.000000,0.000000,False,False,False,1.000000,5,51550,127.000000,True,metro,7.748548,True
VA,Virginia,Colonial Heights,51570,18393,13796,3.400000,"( 3.0,  3.9)",2.800000,"( 2.5,  3.2)",51,0,0,0,0,0,0,False,0.000000,0.000000,False,0.000000,0.000000,False,False,False,1.000000,2,51570,12.000000,True,metro,20.283705,True
VA,Virginia,Covington,51580,5545,4241,5.000000,"( 4.4,  5.6)",3.900000,"( 3.5,  4.4)",51,0,0,0,0,0,0,False,0.000000,0.000000,False,0.000000,0.000000,True,True,True,5.000000,1,51580,,False,nonmetro,44.654448,True
VA,Virginia,Danville,51590,41837,32396,5.800000,"( 5.2,  6.5)",4.600000,"( 4.1,  5.2)",51,0,0,0,0,0,0,False,0.000000,0.000000,False,0.000000,0.000000,True,True,True,5.000000,4,51590,32.000000,True,nonmetro,41.726544,True
VA,Virginia,Emporia,51595,5463,4042,5.900000,"( 5.2,  6.6)",4.600000,"( 4.1,  5.2)",51,0,0,0,0,0,0,False,0.000000,0.000000,False,0.000000,0.000000,True,True,True,5.000000,1,51595,,False,nonmetro,59.697312,True
VA,Virginia,Fairfax,51600,25144,18626,2.500000,"( 2.2,  2.9)",2.400000,"( 2.1,  2.7)",51,0,0,0,0,0,0,False,0.000000,0.000000,False,0.000000,0.000000,False,False,False,1.000000,3,51600,13.000000,True,metro,4.016157,True
VA,Virginia,Falls Church,51610,14685,11167,2.200000,"( 1.9,  2.5)",1.900000,"( 1.7,  2.2)",51,3,2,2,4,3,3,True,20.429009,26.864870,True,27.238679,35.819826,False,False,False,1.000000,2,51610,,False,metro,0.615973,True
VA,Virginia,Franklin,51620,8339,6018,5.200000,"( 4.6,  5.8)",4.200000,"( 3.7,  4.7)",51,0,0,0,0,0,0,False,0.000000,0.000000,False,0.000000,0.000000,True,True,True,5.000000,1,51620,11.000000,True,nonmetro,37.903940,True
VA,Virginia,Fredericksburg,51630,28928,22830,2.700000,"( 2.4,  3.0)",3.100000,"( 2.7,  3.4)",51,0,0,0,0,0,0,False,0.000000,0.000000,False,0.000000,0.000000,False,False,False,1.000000,3,51630,,False,metro,31.233388,True
VA,Virginia,Galax,51640,6717,4907,4.700000,"( 4.1,  5.3)",3.900000,"( 3.4,  4.4)",51,0,0,0,0,0,0,False,0.000000,0.000000,False,0.000000,0.000000,True,True,True,4.000000,1,51640,,False,nonmetro,47.880762,True
VA,Virginia,Hampton,51650,137098,107586,4.100000,"( 3.6,  4.6)",3.700000,"( 3.3,  4.2)",51,0,0,0,0,0,0,False,0.000000,0.000000,False,0.000000,0.000000,True,True,True,3.000000,5,51650,83.000000,True,metro,14.500309,True
VA,Virginia,Harrisonburg,51660,51082,42177,2.700000,"( 2.4,  3.1)",3.600000,"( 3.2,  4.1)",51,0,0,0,0,0,0,False,0.000000,0.000000,False,0.000000,0.000000,False,False,True,1.000000,4,51660,21.000000,True,metro,35.507678,True
VA,Virginia,Hopewell,51670,22752,16949,5.100000,"( 4.6,  5.6)",4.600000,"( 4.1,  5.1)",51,0,0,0,0,0,0,False,0.000000,0.000000,False,0.000000,0.000000,True,True,True,5.000000,3,51670,19.000000,True,metro,20.157682,True
VA,Virginia,Lexington,51678,7528,6479,2.300000,"( 2.0,  2.6)",2.900000,"( 2.5,  3.2)",51,0,0,0,0,0,0,False,0.000000,0.000000,False,0.000000,0.000000,False,False,False,1.000000,1,51678,,False,nonmetro,55.368333,True
VA,Virginia,Lynchburg,51680,79535,64016,3.200000,"( 2.8,  3.6)",3.500000,"( 3.1,  3.9)",51,0,0,0,0,0,0,False,0.000000,0.000000,False,0.000000,0.000000,False,False,True,1.000000,4,51680,53.000000,True,metro,58.815943,True
VA,Virginia,Manassas,51683,42696,31215,2.700000,"( 2.4,  3.0)",2.800000,"( 2.5,  3.1)",51,2,2,2,2,2,2,True,4.684280,6.407176,True,4.684280,6.407176,False,False,False,1.000000,4,51683,15.000000,True,metro,1.029575,True
VA,Virginia,Manassas Park,51685,16361,12682,3.000000,"( 2.7,  3.4)",3.200000,"( 2.9,  3.6)",51,0,0,0,0,0,0,False,0.000000,0.000000,False,0.000000,0.000000,False,False,True,1.000000,2,51685,,False,metro,2.261732,True
VA,Virginia,Martinsville,51690,13763,9946,5.300000,"( 4.7,  5.9)",4.500000,"( 4.0,  5.0)",51,0,0,0,0,0,0,False,0.000000,0.000000,False,0.000000,0.000000,True,True,True,5.000000,2,51690,17.000000,True,nonmetro,42.354037,True
VA,Virginia,Newport News,51700,183118,140716,3.600000,"( 3.2,  4.0)",3.500000,"( 3.2,  3.9)",51,0,0,0,0,0,0,False,0.000000,0.000000,False,0.000000,0.000000,False,False,True,2.000000,5,51700,96.000000,True,metro,20.498473,True
VA,Virginia,Norfolk,51710,230930,184301,3.400000,"( 3.0,  3.8)",3.700000,"( 3.3,  4.1)",51,1,1,1,1,1,1,True,0.433032,0.542591,True,0.433032,0.542591,False,False,False,1.000000,5,51710,120.000000,True,metro,4.263663,True
VA,Virginia,Norton,51720,3492,2702,4.400000,"( 3.9,  5.0)",3.900000,"( 3.4,  4.3)",51,0,0,0,0,0,0,False,0.000000,0.000000,False,0.000000,0.000000,True,True,True,4.000000,1,51720,,False,nonmetro,74.192556,True
VA,Virginia,Petersburg,51730,33309,25028,5.400000,"( 4.7,  6.1)",4.700000,"( 4.2,  5.3)",51,0,0,0,0,0,0,False,0.000000,0.000000,False,0.000000,0.000000,True,True,True,5.000000,3,51730,25.000000,True,metro,24.049806,True
VA,Virginia,Poquoson,51735,12635,9735,3.100000,"( 2.7,  3.5)",2.400000,"( 2.1,  2.8)",51,0,0,0,0,0,0,False,0.000000,0.000000,False,0.000000,0.000000,False,False,False,1.000000,2,51735,,False,metro,20.397503,True
VA,Virginia,Portsmouth,51740,96793,74620,4.300000,"( 3.9,  4.8)",4.100000,"( 3.7,  4.5)",51,0,0,0,0,0,0,False,0.000000,0.000000,False,0.000000,0.000000,True,True,True,4.000000,4,51740,64.000000,True,metro,4.300540,True
VA,Virginia,Radford,51750,16971,14797,2.600000,"( 2.4,  3.0)",3.900000,"( 3.5,  4.4)",51,0,0,0,0,0,0,False,0.000000,0.000000,False,0.000000,0.000000,False,False,True,1.000000,2,51750,,False,metro,10.646017,True
VA,Virginia,Richmond,51760,229247,189438,3.500000,"( 3.1,  4.0)",3.600000,"( 3.2,  4.1)",51,5,4,5,5,4,5,True,2.181054,2.639386,True,2.181054,2.639386,False,False,False,2.000000,5,51760,115.000000,True,metro,2.861549,True
VA,Virginia,Roanoke,51770,97171,75344,4.300000,"( 3.8,  4.8)",3.600000,"( 3.2,  4.1)",51,0,0,0,0,0,0,False,0.000000,0.000000,False,0.000000,0.000000,True,True,True,4.000000,4,51770,69.000000,True,metro,25.230411,True
VA,Virginia,Salem,51775,25600,20601,3.400000,"( 3.0,  3.9)",2.900000,"( 2.5,  3.2)",51,0,0,0,0,0,0,False,0.000000,0.000000,False,0.000000,0.000000,False,False,False,1.000000,3,51775,21.000000,True,metro,20.082179,True
VA,Virginia,Staunton,51790,25915,20871,3.700000,"( 3.2,  4.2)",3.000000,"( 2.6,  3.4)",51,0,0,0,0,0,0,False,0.000000,0.000000,False,0.000000,0.000000,False,False,False,2.000000,3,51790,20.000000,True,metro,33.847799,True
VA,Virginia,Suffolk,51800,100659,77077,3.600000,"( 3.3,  4.0)",3.200000,"( 2.9,  3.6)",51,0,0,0,0,0,0,False,0.000000,0.000000,False,0.000000,0.000000,False,False,True,2.000000,5,51800,54.000000,True,metro,15.926243,True
VA,Virginia,Virginia Beach,51810,453649,355216,3.100000,"( 2.7,  3.4)",2.800000,"( 2.4,  3.1)",51,0,0,0,0,0,0,False,0.000000,0.000000,False,0.000000,0.000000,False,False,False,1.000000,5,51810,261.000000,True,metro,10.858039,True
VA,Virginia,Waynesboro,51820,23182,17775,3.800000,"( 3.3,  4.3)",3.200000,"( 2.8,  3.6)",51,0,0,0,0,0,0,False,0.000000,0.000000,False,0.000000,0.000000,False,False,True,2.000000,3,51820,13.000000,True,metro,23.135490,True
VA,Virginia,Williamsburg,51830,15847,14049,2.700000,"( 2.3,  3.0)",3.000000,"( 2.7,  3.4)",51,0,0,0,0,0,0,False,0.000000,0.000000,False,0.000000,0.000000,False,False,False,1.000000,2,51830,,False,metro,37.765999,True
VA,Virginia,Winchester,51840,27617,21446,3.900000,"( 3.4,  4.5)",3.500000,"( 3.1,  3.9)",51,1,1,1,1,1,1,True,3.620958,4.662874,True,3.620958,4.662874,False,False,False,3.000000,3,51840,23.000000,True,metro,1.229804,True
WA,Washington,Adams,53001,20820,13641,3.800000,"( 3.4,  4.2)",3.700000,"( 3.3,  4.2)",53,0,0,0,0,0,0,False,0.000000,0.000000,False,0.000000,0.000000,False,False,True,2.000000,3,53001,,False,nonmetro,119.547567,True
WA,Washington,Asotin,53003,22549,18182,4.300000,"( 3.7,  5.0)",3.000000,"( 2.7,  3.5)",53,0,0,0,0,0,0,False,0.000000,0.000000,False,0.000000,0.000000,True,True,False,4.000000,3,53003,14.000000,True,metro,90.104156,True
WA,Washington,Benton,53005,215219,159518,3.100000,"( 2.7,  3.5)",2.700000,"( 2.4,  3.1)",53,0,0,0,0,0,0,False,0.000000,0.000000,False,0.000000,0.000000,False,False,False,1.000000,5,53005,91.000000,True,metro,152.357555,True
WA,Washington,Chelan,53007,79997,62106,3.500000,"( 3.0,  4.1)",2.800000,"( 2.4,  3.2)",53,0,0,0,0,0,0,False,0.000000,0.000000,False,0.000000,0.000000,False,False,False,2.000000,4,53007,33.000000,True,metro,88.137137,True
WA,Washington,Clallam,53009,77616,65282,4.400000,"( 3.8,  5.1)",2.900000,"( 2.5,  3.2)",53,0,0,0,0,0,0,False,0.000000,0.000000,False,0.000000,0.000000,True,True,False,4.000000,4,53009,54.000000,True,nonmetro,62.080422,True
WA,Washington,Clark,53011,521150,405348,3.000000,"( 2.6,  3.4)",2.600000,"( 2.3,  3.0)",53,0,0,0,0,0,0,False,0.000000,0.000000,False,0.000000,0.000000,False,False,False,1.000000,5,53011,295.000000,True,metro,13.174043,True
WA,Washington,Columbia,53013,4053,3325,4.200000,"( 3.6,  4.9)",2.800000,"( 2.5,  3.2)",53,0,0,0,0,0,0,False,0.000000,0.000000,False,0.000000,0.000000,True,True,False,3.000000,1,53013,,False,nonmetro,109.240716,True
WA,Washington,Cowlitz,53015,112864,87722,3.800000,"( 3.3,  4.3)",3.000000,"( 2.7,  3.4)",53,0,0,0,0,0,0,False,0.000000,0.000000,False,0.000000,0.000000,False,False,False,2.000000,5,53015,96.000000,True,metro,43.791250,True
WA,Washington,Douglas,53017,44798,34090,3.500000,"( 3.0,  4.0)",2.900000,"( 2.5,  3.3)",53,0,0,0,0,0,0,False,0.000000,0.000000,False,0.000000,0.000000,False,False,False,2.000000,4,53017,20.000000,True,metro,95.859181,True
WA,Washington,Ferry,53019,7497,6217,5.200000,"( 4.6,  5.9)",3.500000,"( 3.1,  3.9)",53,0,0,0,0,0,0,False,0.000000,0.000000,False,0.000000,0.000000,True,True,True,5.000000,1,53019,,False,nonmetro,103.876640,True
WA,Washington,Franklin,53021,99034,68864,3.000000,"( 2.7,  3.3)",3.200000,"( 2.9,  3.6)",53,0,0,0,0,0,0,False,0.000000,0.000000,False,0.000000,0.000000,False,False,True,1.000000,5,53021,24.000000,True,metro,145.787202,True
WA,Washington,Garfield,53023,2363,1865,3.900000,"( 3.3,  4.4)",2.700000,"( 2.4,  3.1)",53,0,0,0,0,0,0,False,0.000000,0.000000,False,0.000000,0.000000,False,False,False,3.000000,1,53023,,False,nonmetro,91.359594,True
WA,Washington,Grant,53025,102678,74081,3.500000,"( 3.1,  3.9)",3.200000,"( 2.8,  3.6)",53,0,0,0,0,0,0,False,0.000000,0.000000,False,0.000000,0.000000,False,False,True,2.000000,5,53025,40.000000,True,nonmetro,122.149180,True
WA,Washington,Grays Harbor,53027,77290,62070,4.200000,"( 3.7,  4.7)",3.200000,"( 2.8,  3.5)",53,0,0,0,0,0,0,False,0.000000,0.000000,False,0.000000,0.000000,True,True,True,3.000000,4,53027,50.000000,True,nonmetro,65.107407,True
WA,Washington,Island,53029,86267,71614,3.500000,"( 3.0,  4.0)",2.500000,"( 2.2,  2.9)",53,0,0,0,0,0,0,False,0.000000,0.000000,False,0.000000,0.000000,False,False,False,2.000000,4,53029,43.000000,True,nonmetro,43.111718,True
WA,Washington,Jefferson,53031,33714,30013,4.400000,"( 3.7,  5.1)",2.600000,"( 2.2,  2.9)",53,0,0,0,0,0,0,False,0.000000,0.000000,False,0.000000,0.000000,True,True,False,4.000000,3,53031,24.000000,True,nonmetro,37.188407,True
WA,Washington,King,53033,2271380,1836529,2.300000,"( 2.0,  2.6)",2.300000,"( 2.0,  2.5)",53,13,11,7,14,12,7,True,0.572339,0.707857,True,0.616365,0.762308,False,False,False,1.000000,5,53033,692.000000,True,metro,7.273511,True
WA,Washington,Kitsap,53035,277658,224070,3.100000,"( 2.7,  3.5)",2.600000,"( 2.3,  2.9)",53,0,0,0,0,0,0,False,0.000000,0.000000,False,0.000000,0.000000,False,False,False,1.000000,5,53035,129.000000,True,metro,15.384305,True
WA,Washington,Kittitas,53037,45508,37605,3.200000,"( 2.8,  3.6)",2.900000,"( 2.5,  3.3)",53,0,0,0,0,0,0,False,0.000000,0.000000,False,0.000000,0.000000,False,False,False,1.000000,4,53037,16.000000,True,nonmetro,80.177963,True
WA,Washington,Klickitat,53039,23589,19317,4.000000,"( 3.4,  4.5)",2.900000,"( 2.5,  3.3)",53,0,0,0,0,0,0,False,0.000000,0.000000,False,0.000000,0.000000,False,False,False,3.000000,3,53039,12.000000,True,nonmetro,76.410475,True
WA,Washington,Lewis,53041,86154,67577,3.900000,"( 3.4,  4.5)",3.100000,"( 2.7,  3.5)",53,0,0,0,0,0,0,False,0.000000,0.000000,False,0.000000,0.000000,False,False,False,3.000000,4,53041,55.000000,True,nonmetro,49.463192,True
WA,Washington,Lincoln,53043,11738,9253,4.100000,"( 3.6,  4.7)",2.900000,"( 2.5,  3.2)",53,0,0,0,0,0,0,False,0.000000,0.000000,False,0.000000,0.000000,True,True,False,3.000000,2,53043,,False,nonmetro,72.770550,True
WA,Washington,Mason,53045,68389,55214,4.000000,"( 3.5,  4.6)",3.000000,"( 2.6,  3.4)",53,0,0,0,0,0,0,False,0.000000,0.000000,False,0.000000,0.000000,False,False,False,3.000000,4,53045,33.000000,True,nonmetro,28.727363,True
WA,Washington,Okanogan,53047,43712,34205,4.500000,"( 4.0,  5.1)",3.400000,"( 3.0,  3.9)",53,0,0,0,0,0,0,False,0.000000,0.000000,False,0.000000,0.000000,True,True,True,4.000000,4,53047,22.000000,True,nonmetro,130.323370,True
WA,Washington,Pacific,53049,24200,20677,4.700000,"( 4.0,  5.3)",3.000000,"( 2.6,  3.3)",53,0,0,0,0,0,0,False,0.000000,0.000000,False,0.000000,0.000000,True,True,False,4.000000,3,53049,15.000000,True,nonmetro,83.010674,True
WA,Washington,Pend Oreille,53051,14361,11514,4.500000,"( 4.0,  5.1)",3.100000,"( 2.8,  3.5)",53,0,0,0,0,0,0,False,0.000000,0.000000,False,0.000000,0.000000,True,True,False,4.000000,2,53051,,False,nonmetro,46.781698,True
WA,Washington,Pierce,53053,928696,716813,3.000000,"( 2.6,  3.4)",2.800000,"( 2.4,  3.2)",53,3,3,3,3,3,3,True,0.323034,0.418519,True,0.323034,0.418519,False,False,False,1.000000,5,53053,456.000000,True,metro,9.042905,True
WA,Washington,San Juan,53055,18566,16267,3.900000,"( 3.3,  4.6)",2.400000,"( 2.1,  2.8)",53,0,0,0,0,0,0,False,0.000000,0.000000,False,0.000000,0.000000,False,False,False,3.000000,2,53055,,False,nonmetro,73.460560,True
WA,Washington,Skagit,53057,131417,104403,3.600000,"( 3.1,  4.2)",2.800000,"( 2.4,  3.1)",53,0,0,0,0,0,0,False,0.000000,0.000000,False,0.000000,0.000000,False,False,False,2.000000,5,53057,66.000000,True,metro,60.105220,True
WA,Washington,Skamania,53059,12640,10535,3.800000,"( 3.3,  4.4)",2.800000,"( 2.4,  3.2)",53,0,0,0,0,0,0,False,0.000000,0.000000,False,0.000000,0.000000,False,False,False,2.000000,2,53059,,False,metro,37.700730,True
WA,Washington,Snohomish,53061,844761,660415,2.700000,"( 2.4,  3.0)",2.500000,"( 2.2,  2.8)",53,0,0,0,0,0,0,False,0.000000,0.000000,False,0.000000,0.000000,False,False,False,1.000000,5,53061,268.000000,True,metro,23.710093,True
WA,Washington,Spokane,53063,551455,433863,3.200000,"( 2.8,  3.6)",2.800000,"( 2.4,  3.2)",53,0,0,0,0,0,0,False,0.000000,0.000000,False,0.000000,0.000000,False,False,False,1.000000,5,53063,237.000000,True,metro,27.961990,True
WA,Washington,Stevens,53065,48837,38686,4.400000,"( 3.9,  5.1)",3.100000,"( 2.8,  3.5)",53,0,0,0,0,0,0,False,0.000000,0.000000,False,0.000000,0.000000,True,True,False,4.000000,4,53065,27.000000,True,metro,64.815971,True
WA,Washington,Thurston,53067,299003,237569,3.100000,"( 2.7,  3.5)",2.600000,"( 2.3,  3.0)",53,0,0,0,0,0,0,False,0.000000,0.000000,False,0.000000,0.000000,False,False,False,1.000000,5,53067,133.000000,True,metro,26.006220,True
WA,Washington,Wahkiakum,53069,4765,3987,5.100000,"( 4.4,  5.8)",3.200000,"( 2.8,  3.6)",53,0,0,0,0,0,0,False,0.000000,0.000000,False,0.000000,0.000000,True,True,True,5.000000,1,53069,,False,nonmetro,61.058981,True
WA,Washington,Walla Walla,53071,61568,48966,3.400000,"( 2.9,  3.9)",2.900000,"( 2.5,  3.2)",53,0,0,0,0,0,0,False,0.000000,0.000000,False,0.000000,0.000000,False,False,False,1.000000,4,53071,37.000000,True,metro,134.393840,True
WA,Washington,Whatcom,53073,231919,189784,3.000000,"( 2.7,  3.5)",2.700000,"( 2.4,  3.1)",53,0,0,0,0,0,0,False,0.000000,0.000000,False,0.000000,0.000000,False,False,False,1.000000,5,53073,93.000000,True,metro,84.593975,True
WA,Washington,Whitman,53075,48012,40463,2.500000,"( 2.2,  2.8)",3.200000,"( 2.8,  3.7)",53,0,0,0,0,0,0,False,0.000000,0.000000,False,0.000000,0.000000,False,False,True,1.000000,4,53075,12.000000,True,nonmetro,64.813268,True
WA,Washington,Yakima,53077,256643,183160,3.600000,"( 3.2,  4.1)",3.400000,"( 3.0,  3.8)",53,0,0,0,0,0,0,False,0.000000,0.000000,False,0.000000,0.000000,False,False,True,2.000000,5,53077,85.000000,True,metro,107.599005,True
WV,West Virginia,Barbour,54001,15378,12288,4.500000,"( 3.9,  5.1)",3.600000,"( 3.2,  4.0)",54,0,0,0,0,0,0,False,0.000000,0.000000,False,0.000000,0.000000,True,True,True,4.000000,2,54001,,False,nonmetro,36.137479,True
WV,West Virginia,Berkeley,54003,132440,101986,3.400000,"( 3.0,  3.8)",3.100000,"( 2.7,  3.5)",54,0,0,0,0,0,0,False,0.000000,0.000000,False,0.000000,0.000000,False,False,False,1.000000,5,54003,56.000000,True,metro,21.425347,True
WV,West Virginia,Boone,54005,20576,16396,4.600000,"( 4.0,  5.3)",3.500000,"( 3.0,  4.0)",54,0,0,0,0,0,0,False,0.000000,0.000000,False,0.000000,0.000000,True,True,True,4.000000,3,54005,13.000000,True,metro,21.925567,True
WV,West Virginia,Braxton,54007,12162,9951,5.400000,"( 4.7,  6.1)",3.900000,"( 3.4,  4.4)",54,0,0,0,0,0,0,False,0.000000,0.000000,False,0.000000,0.000000,True,True,True,5.000000,2,54007,,False,nonmetro,54.614412,True
WV,West Virginia,Brooke,54009,21373,17740,4.100000,"( 3.5,  4.6)",3.000000,"( 2.6,  3.3)",54,0,0,0,0,0,0,False,0.000000,0.000000,False,0.000000,0.000000,True,True,False,3.000000,3,54009,12.000000,True,metro,32.555228,True
WV,West Virginia,Cabell,54011,92082,73859,3.900000,"( 3.4,  4.5)",3.400000,"( 2.9,  3.9)",54,0,0,0,0,0,0,False,0.000000,0.000000,False,0.000000,0.000000,False,False,True,3.000000,4,54011,75.000000,True,metro,38.387684,True
WV,West Virginia,Calhoun,54013,5959,4871,6.000000,"( 5.3,  6.9)",4.200000,"( 3.7,  4.7)",54,0,0,0,0,0,0,False,0.000000,0.000000,False,0.000000,0.000000,True,True,True,5.000000,1,54013,,False,nonmetro,45.121442,True
WV,West Virginia,Clay,54015,7783,6050,5.200000,"( 4.6,  5.9)",3.900000,"( 3.4,  4.4)",54,0,0,0,0,0,0,False,0.000000,0.000000,False,0.000000,0.000000,True,True,True,5.000000,1,54015,,False,metro,30.441918,True
WV,West Virginia,Doddridge,54017,7680,6589,4.400000,"( 3.8,  5.1)",3.500000,"( 3.0,  4.0)",54,0,0,0,0,0,0,False,0.000000,0.000000,False,0.000000,0.000000,True,True,True,4.000000,1,54017,,False,nonmetro,47.306219,True
WV,West Virginia,Fayette,54019,39072,31056,4.700000,"( 4.1,  5.4)",3.500000,"( 3.1,  4.0)",54,0,0,0,0,0,0,False,0.000000,0.000000,False,0.000000,0.000000,True,True,True,4.000000,4,54019,23.000000,True,metro,35.363097,True
WV,West Virginia,Gilmer,54021,7254,6147,4.100000,"( 3.6,  4.6)",3.700000,"( 3.2,  4.1)",54,0,0,0,0,0,0,False,0.000000,0.000000,False,0.000000,0.000000,True,True,True,3.000000,1,54021,,False,nonmetro,58.844978,True
WV,West Virginia,Grant,54023,10921,8803,4.600000,"( 4.0,  5.2)",3.200000,"( 2.8,  3.7)",54,0,0,0,0,0,0,False,0.000000,0.000000,False,0.000000,0.000000,True,True,True,4.000000,2,54023,,False,nonmetro,53.146976,True
WV,West Virginia,Greenbrier,54025,32149,25961,4.800000,"( 4.2,  5.5)",3.500000,"( 3.0,  3.9)",54,0,0,0,0,0,0,False,0.000000,0.000000,False,0.000000,0.000000,True,True,True,5.000000,3,54025,22.000000,True,nonmetro,43.967318,True
WV,West Virginia,Hampshire,54027,23649,19427,4.500000,"( 3.9,  5.1)",3.200000,"( 2.8,  3.6)",54,0,0,0,0,0,0,False,0.000000,0.000000,False,0.000000,0.000000,True,True,True,4.000000,3,54027,14.000000,True,metro,26.382066,True
WV,West Virginia,Hancock,54029,28145,22983,4.400000,"( 3.8,  5.0)",3.200000,"( 2.8,  3.6)",54,0,0,0,0,0,0,False,0.000000,0.000000,False,0.000000,0.000000,True,True,True,4.000000,3,54029,17.000000,True,metro,30.671866,True
WV,West Virginia,Hardy,54031,14251,11484,5.000000,"( 4.3,  5.7)",3.600000,"( 3.2,  4.1)",54,0,0,0,0,0,0,False,0.000000,0.000000,False,0.000000,0.000000,True,True,True,5.000000,2,54031,,False,nonmetro,39.976182,True
WV,West Virginia,Harrison,54033,64639,51001,4.000000,"( 3.5,  4.7)",3.200000,"( 2.7,  3.7)",54,0,0,0,0,0,0,False,0.000000,0.000000,False,0.000000,0.000000,False,False,True,3.000000,4,54033,29.000000,True,nonmetro,31.448189,True
WV,West Virginia,Jackson,54035,27593,21715,4.400000,"( 3.8,  5.0)",3.300000,"( 2.9,  3.8)",54,0,0,0,0,0,0,False,0.000000,0.000000,False,0.000000,0.000000,True,True,True,4.000000,3,54035,21.000000,True,nonmetro,34.268838,True
WV,West Virginia,Jefferson,54037,59787,47507,3.300000,"( 2.9,  3.7)",2.800000,"( 2.4,  3.1)",54,0,0,0,0,0,0,False,0.000000,0.000000,False,0.000000,0.000000,False,False,False,1.000000,4,54037,31.000000,True,metro,19.391587,True
WV,West Virginia,Kanawha,54039,174805,140410,4.200000,"( 3.6,  4.8)",3.200000,"( 2.8,  3.7)",54,1,1,1,1,1,1,True,0.572066,0.712200,True,0.572066,0.712200,False,False,False,3.000000,5,54039,118.000000,True,metro,7.268512,True
WV,West Virginia,Lewis,54041,16500,12975,4.400000,"( 3.9,  5.0)",3.400000,"( 3.0,  3.9)",54,0,0,0,0,0,0,False,0.000000,0.000000,False,0.000000,0.000000,True,True,True,4.000000,2,54041,10.000000,True,nonmetro,49.481139,True
WV,West Virginia,Lincoln,54043,19701,15393,5.100000,"( 4.5,  5.7)",3.900000,"( 3.5,  4.4)",54,0,0,0,0,0,0,False,0.000000,0.000000,False,0.000000,0.000000,True,True,True,5.000000,3,54043,17.000000,True,nonmetro,26.051516,True
WV,West Virginia,Logan,54045,30827,24401,5.000000,"( 4.3,  5.7)",3.800000,"( 3.3,  4.4)",54,0,0,0,0,0,0,False,0.000000,0.000000,False,0.000000,0.000000,True,True,True,5.000000,3,54045,16.000000,True,nonmetro,39.230978,True
WV,West Virginia,McDowell,54047,17439,14224,6.100000,"( 5.4,  6.8)",4.700000,"( 4.2,  5.3)",54,0,0,0,0,0,0,False,0.000000,0.000000,False,0.000000,0.000000,True,True,True,5.000000,2,54047,10.000000,True,nonmetro,64.152597,True
WV,West Virginia,Marion,54049,55807,44759,3.700000,"( 3.2,  4.3)",3.100000,"( 2.7,  3.6)",54,0,0,0,0,0,0,False,0.000000,0.000000,False,0.000000,0.000000,False,False,False,2.000000,4,54049,24.000000,True,nonmetro,15.948900,True
WV,West Virginia,Marshall,54051,29405,23911,4.400000,"( 3.9,  5.0)",3.300000,"( 2.9,  3.7)",54,0,0,0,0,0,0,False,0.000000,0.000000,False,0.000000,0.000000,True,True,True,4.000000,3,54051,19.000000,True,metro,44.904848,True
WV,West Virginia,Mason,54053,24765,19716,4.700000,"( 4.0,  5.4)",3.500000,"( 3.1,  4.0)",54,0,0,0,0,0,0,False,0.000000,0.000000,False,0.000000,0.000000,True,True,True,4.000000,3,54053,22.000000,True,nonmetro,40.781844,True
WV,West Virginia,Mercer,54055,58057,45722,4.700000,"( 4.1,  5.4)",3.600000,"( 3.1,  4.0)",54,0,0,0,0,0,0,False,0.000000,0.000000,False,0.000000,0.000000,True,True,True,4.000000,4,54055,35.000000,True,nonmetro,40.971523,True
WV,West Virginia,Mineral,54057,26867,21526,4.000000,"( 3.5,  4.6)",3.000000,"( 2.6,  3.4)",54,0,0,0,0,0,0,False,0.000000,0.000000,False,0.000000,0.000000,False,False,False,3.000000,3,54057,16.000000,True,nonmetro,44.532981,True
WV,West Virginia,Mingo,54059,22023,17103,5.700000,"( 5.0,  6.5)",4.400000,"( 3.9,  4.9)",54,0,0,0,0,0,0,False,0.000000,0.000000,False,0.000000,0.000000,True,True,True,5.000000,3,54059,12.000000,True,nonmetro,53.671850,True
WV,West Virginia,Monongalia,54061,107718,90427,2.700000,"( 2.3,  3.1)",3.000000,"( 2.6,  3.4)",54,6,6,4,6,6,4,True,5.570100,6.635186,True,5.570100,6.635186,False,False,False,1.000000,5,54061,31.000000,True,metro,3.619807,True
WV,West Virginia,Monroe,54063,12382,9940,4.900000,"( 4.2,  5.6)",3.400000,"( 3.0,  3.9)",54,0,0,0,0,0,0,False,0.000000,0.000000,False,0.000000,0.000000,True,True,True,5.000000,2,54063,,False,nonmetro,25.468238,True
WV,West Virginia,Morgan,54065,17649,14668,4.400000,"( 3.8,  5.1)",3.200000,"( 2.8,  3.6)",54,0,0,0,0,0,0,False,0.000000,0.000000,False,0.000000,0.000000,True,True,True,4.000000,2,54065,15.000000,True,metro,27.891268,True
WV,West Virginia,Nicholas,54067,24169,19286,4.600000,"( 4.0,  5.3)",3.400000,"( 2.9,  3.8)",54,0,0,0,0,0,0,False,0.000000,0.000000,False,0.000000,0.000000,True,True,True,4.000000,3,54067,24.000000,True,nonmetro,47.163515,True
WV,West Virginia,Ohio,54069,41194,33156,3.900000,"( 3.4,  4.6)",3.000000,"( 2.7,  3.5)",54,0,0,0,0,0,0,False,0.000000,0.000000,False,0.000000,0.000000,False,False,False,3.000000,4,54069,29.000000,True,metro,43.610034,True
WV,West Virginia,Pendleton,54071,6029,4907,5.100000,"( 4.3,  5.9)",3.300000,"( 2.8,  3.8)",54,0,0,0,0,0,0,False,0.000000,0.000000,False,0.000000,0.000000,True,True,True,5.000000,1,54071,,False,nonmetro,63.230882,True
WV,West Virginia,Pleasants,54073,7428,6004,3.900000,"( 3.4,  4.4)",3.200000,"( 2.8,  3.6)",54,0,0,0,0,0,0,False,0.000000,0.000000,False,0.000000,0.000000,False,False,True,3.000000,1,54073,,False,nonmetro,68.093759,True
WV,West Virginia,Pocahontas,54075,7765,6382,5.400000,"( 4.7,  6.2)",3.700000,"( 3.2,  4.2)",54,0,0,0,0,0,0,False,0.000000,0.000000,False,0.000000,0.000000,True,True,True,5.000000,1,54075,,False,nonmetro,72.382010,True
WV,West Virginia,Preston,54077,34099,27943,4.100000,"( 3.5,  4.6)",3.300000,"( 2.8,  3.7)",54,0,0,0,0,0,0,False,0.000000,0.000000,False,0.000000,0.000000,True,True,True,3.000000,3,54077,16.000000,True,metro,19.203150,True
WV,West Virginia,Putnam,54079,56962,44875,3.600000,"( 3.1,  4.1)",2.800000,"( 2.5,  3.3)",54,0,0,0,0,0,0,False,0.000000,0.000000,False,0.000000,0.000000,False,False,False,2.000000,4,54079,32.000000,True,metro,18.726532,True
WV,West Virginia,Raleigh,54081,72356,57230,4.700000,"( 4.1,  5.3)",3.700000,"( 3.2,  4.2)",54,0,0,0,0,0,0,False,0.000000,0.000000,False,0.000000,0.000000,True,True,True,4.000000,4,54081,50.000000,True,metro,46.105495,True
WV,West Virginia,Randolph,54083,27350,22356,4.300000,"( 3.7,  5.0)",3.300000,"( 2.9,  3.8)",54,0,0,0,0,0,0,False,0.000000,0.000000,False,0.000000,0.000000,True,True,True,4.000000,3,54083,19.000000,True,nonmetro,52.836554,True
WV,West Virginia,Ritchie,54085,8167,6554,5.000000,"( 4.4,  5.8)",3.700000,"( 3.2,  4.2)",54,0,0,0,0,0,0,False,0.000000,0.000000,False,0.000000,0.000000,True,True,True,5.000000,1,54085,,False,nonmetro,61.907047,True
WV,West Virginia,Roane,54087,13743,11044,5.300000,"( 4.6,  6.1)",3.900000,"( 3.3,  4.4)",54,0,0,0,0,0,0,False,0.000000,0.000000,False,0.000000,0.000000,True,True,True,5.000000,2,54087,11.000000,True,nonmetro,30.830782,True
WV,West Virginia,Summers,54089,11581,9749,5.400000,"( 4.7,  6.2)",3.800000,"( 3.3,  4.3)",54,0,0,0,0,0,0,False,0.000000,0.000000,False,0.000000,0.000000,True,True,True,5.000000,2,54089,11.000000,True,nonmetro,38.722027,True
WV,West Virginia,Taylor,54091,16388,13194,4.300000,"( 3.7,  4.9)",3.300000,"( 2.9,  3.8)",54,0,0,0,0,0,0,False,0.000000,0.000000,False,0.000000,0.000000,True,True,True,4.000000,2,54091,,False,nonmetro,21.252876,True
WV,West Virginia,Tucker,54093,6604,5662,4.600000,"( 3.9,  5.3)",3.100000,"( 2.7,  3.6)",54,0,0,0,0,0,0,False,0.000000,0.000000,False,0.000000,0.000000,True,True,False,4.000000,1,54093,,False,nonmetro,40.660412,True
WV,West Virginia,Tyler,54095,7919,6382,4.700000,"( 4.1,  5.3)",3.300000,"( 2.9,  3.7)",54,0,0,0,0,0,0,False,0.000000,0.000000,False,0.000000,0.000000,True,True,True,4.000000,1,54095,,False,nonmetro,52.680402,True
WV,West Virginia,Upshur,54097,23529,18726,4.400000,"( 3.9,  5.1)",3.500000,"( 3.0,  3.9)",54,0,0,0,0,0,0,False,0.000000,0.000000,False,0.000000,0.000000,True,True,True,4.000000,3,54097,10.000000,True,nonmetro,48.938302,True
WV,West Virginia,Wayne,54099,37686,30122,4.600000,"( 3.9,  5.3)",3.500000,"( 3.0,  4.0)",54,0,0,0,0,0,0,False,0.000000,0.000000,False,0.000000,0.000000,True,True,True,4.000000,4,54099,31.000000,True,metro,47.931710,True
WV,West Virginia,Webster,54101,8045,6456,5.500000,"( 4.8,  6.4)",3.900000,"( 3.4,  4.4)",54,0,0,0,0,0,0,False,0.000000,0.000000,False,0.000000,0.000000,True,True,True,5.000000,1,54101,,False,nonmetro,63.304127,True
WV,West Virginia,Wetzel,54103,13890,10969,4.600000,"( 4.0,  5.1)",3.400000,"( 3.0,  3.8)",54,0,0,0,0,0,0,False,0.000000,0.000000,False,0.000000,0.000000,True,True,True,4.000000,2,54103,11.000000,True,nonmetro,43.392846,True
WV,West Virginia,Wirt,54105,5000,3936,4.900000,"( 4.2,  5.6)",3.500000,"( 3.1,  4.0)",54,0,0,0,0,0,0,False,0.000000,0.000000,False,0.000000,0.000000,True,True,True,5.000000,1,54105,,False,metro,50.357549,True
WV,West Virginia,Wood,54107,83052,65756,4.200000,"( 3.6,  4.8)",3.200000,"( 2.8,  3.7)",54,0,0,0,0,0,0,False,0.000000,0.000000,False,0.000000,0.000000,True,True,True,3.000000,4,54107,44.000000,True,metro,63.681692,True
WV,West Virginia,Wyoming,54109,20277,16181,5.100000,"( 4.4,  5.8)",3.800000,"( 3.4,  4.4)",54,0,0,0,0,0,0,False,0.000000,0.000000,False,0.000000,0.000000,True,True,True,5.000000,3,54109,12.000000,True,nonmetro,50.393775,True
WI,Wisconsin,Adams,55001,21449,18664,5.000000,"( 4.3,  5.7)",3.200000,"( 2.8,  3.6)",55,0,0,0,0,0,0,False,0.000000,0.000000,False,0.000000,0.000000,True,True,True,5.000000,3,55001,13.000000,True,nonmetro,63.352627,True
WI,Wisconsin,Ashland,55003,16079,12754,4.300000,"( 3.7,  4.8)",3.300000,"( 2.9,  3.6)",55,0,0,0,0,0,0,False,0.000000,0.000000,False,0.000000,0.000000,True,True,True,4.000000,2,55003,,False,nonmetro,66.822108,True
WI,Wisconsin,Barron,55005,46833,37064,4.100000,"( 3.5,  4.7)",3.000000,"( 2.6,  3.4)",55,0,0,0,0,0,0,False,0.000000,0.000000,False,0.000000,0.000000,True,True,False,3.000000,4,55005,21.000000,True,nonmetro,66.817832,True
WI,Wisconsin,Bayfield,55007,16769,14035,4.300000,"( 3.6,  5.0)",2.800000,"( 2.4,  3.1)",55,0,0,0,0,0,0,False,0.000000,0.000000,False,0.000000,0.000000,True,True,False,4.000000,2,55007,,False,nonmetro,51.211359,True
WI,Wisconsin,Brown,55009,271417,209911,3.100000,"( 2.7,  3.6)",2.800000,"( 2.4,  3.1)",55,1,1,1,1,1,1,True,0.368437,0.476392,True,0.368437,0.476392,False,False,False,1.000000,5,55009,93.000000,True,metro,8.844815,True
WI,Wisconsin,Buffalo,55011,13419,10742,3.900000,"( 3.4,  4.6)",2.800000,"( 2.5,  3.2)",55,0,0,0,0,0,0,False,0.000000,0.000000,False,0.000000,0.000000,False,False,False,3.000000,2,55011,,False,nonmetro,44.747549,True
WI,Wisconsin,Burnett,55013,17092,14468,4.900000,"( 4.2,  5.6)",3.100000,"( 2.7,  3.4)",55,0,0,0,0,0,0,False,0.000000,0.000000,False,0.000000,0.000000,True,True,False,5.000000,2,55013,,False,nonmetro,60.906867,True
WI,Wisconsin,Calumet,55015,53199,41590,3.000000,"( 2.6,  3.6)",2.500000,"( 2.2,  2.9)",55,0,0,0,0,0,0,False,0.000000,0.000000,False,0.000000,0.000000,False,False,False,1.000000,4,55015,17.000000,True,metro,25.057161,True
WI,Wisconsin,Chippewa,55017,66970,52829,3.600000,"( 3.1,  4.1)",2.900000,"( 2.5,  3.2)",55,0,0,0,0,0,0,False,0.000000,0.000000,False,0.000000,0.000000,False,False,False,2.000000,4,55017,27.000000,True,metro,81.724747,True
WI,Wisconsin,Clark,55019,34774,24557,4.100000,"( 3.5,  4.7)",3.300000,"( 2.9,  3.8)",55,0,0,0,0,0,0,False,0.000000,0.000000,False,0.000000,0.000000,True,True,True,3.000000,3,55019,18.000000,True,nonmetro,107.124875,True
WI,Wisconsin,Columbia,55021,58091,46376,3.400000,"( 2.9,  3.9)",2.700000,"( 2.4,  3.1)",55,0,0,0,0,0,0,False,0.000000,0.000000,False,0.000000,0.000000,False,False,False,1.000000,4,55021,32.000000,True,metro,28.755591,True
WI,Wisconsin,Crawford,55023,15944,12868,4.400000,"( 3.8,  5.0)",3.100000,"( 2.7,  3.5)",55,0,0,0,0,0,0,False,0.000000,0.000000,False,0.000000,0.000000,True,True,False,4.000000,2,55023,,False,nonmetro,76.996872,True
WI,Wisconsin,Dane,55025,575347,463964,2.400000,"( 2.1,  2.8)",2.400000,"( 2.1,  2.8)",55,4,4,3,5,5,3,True,0.695233,0.862136,True,0.869041,1.077670,False,False,False,1.000000,5,55025,164.000000,True,metro,7.084408,True
WI,Wisconsin,Dodge,55027,88231,71376,3.500000,"( 3.0,  3.9)",2.800000,"( 2.5,  3.2)",55,0,0,0,0,0,0,False,0.000000,0.000000,False,0.000000,0.000000,False,False,False,2.000000,4,55027,52.000000,True,nonmetro,40.833588,True
WI,Wisconsin,Door,55029,30562,25848,4.100000,"( 3.4,  4.7)",2.600000,"( 2.2,  2.9)",55,0,0,0,0,0,0,False,0.000000,0.000000,False,0.000000,0.000000,True,True,False,3.000000,3,55029,14.000000,True,nonmetro,50.724590,True
WI,Wisconsin,Douglas,55031,44264,35947,3.500000,"( 3.0,  4.0)",2.800000,"( 2.4,  3.2)",55,0,0,0,0,0,0,False,0.000000,0.000000,False,0.000000,0.000000,False,False,False,2.000000,4,55031,20.000000,True,metro,12.129295,True
WI,Wisconsin,Dunn,55033,45794,37053,3.000000,"( 2.6,  3.5)",2.800000,"( 2.5,  3.2)",55,0,0,0,0,0,0,False,0.000000,0.000000,False,0.000000,0.000000,False,False,False,1.000000,4,55033,15.000000,True,nonmetro,54.354737,True
WI,Wisconsin,Eau Claire,55035,107903,86787,2.900000,"( 2.5,  3.3)",2.700000,"( 2.3,  3.0)",55,0,0,0,0,0,0,False,0.000000,0.000000,False,0.000000,0.000000,False,False,False,1.000000,5,55035,44.000000,True,metro,73.124008,True
WI,Wisconsin,Florence,55037,4682,4032,4.300000,"( 3.7,  5.0)",2.800000,"( 2.4,  3.2)",55,0,0,0,0,0,0,False,0.000000,0.000000,False,0.000000,0.000000,True,True,False,4.000000,1,55037,,False,nonmetro,93.701975,True
WI,Wisconsin,Fond du Lac,55039,103948,82246,3.500000,"( 3.0,  4.0)",2.800000,"( 2.4,  3.2)",55,0,0,0,0,0,0,False,0.000000,0.000000,False,0.000000,0.000000,False,False,False,2.000000,5,55039,50.000000,True,metro,50.930209,True
WI,Wisconsin,Forest,55041,9325,7503,5.000000,"( 4.4,  5.6)",3.500000,"( 3.2,  3.9)",55,0,0,0,0,0,0,False,0.000000,0.000000,False,0.000000,0.000000,True,True,True,5.000000,2,55041,,False,nonmetro,79.920034,True
WI,Wisconsin,Grant,55043,51409,40536,3.500000,"( 3.1,  4.0)",3.100000,"( 2.7,  3.5)",55,0,0,0,0,0,0,False,0.000000,0.000000,False,0.000000,0.000000,False,False,False,2.000000,4,55043,27.000000,True,nonmetro,63.672339,True
WI,Wisconsin,Green,55045,36951,29103,3.500000,"( 3.0,  4.0)",2.700000,"( 2.3,  3.1)",55,0,0,0,0,0,0,False,0.000000,0.000000,False,0.000000,0.000000,False,False,False,2.000000,3,55045,19.000000,True,metro,28.720719,True
WI,Wisconsin,Green Lake,55047,19344,15139,4.300000,"( 3.7,  4.9)",3.100000,"( 2.7,  3.5)",55,0,0,0,0,0,0,False,0.000000,0.000000,False,0.000000,0.000000,True,True,False,4.000000,3,55047,11.000000,True,nonmetro,52.494963,True
WI,Wisconsin,Iowa,55049,23956,18836,3.400000,"( 3.0,  3.9)",2.600000,"( 2.3,  3.0)",55,0,0,0,0,0,0,False,0.000000,0.000000,False,0.000000,0.000000,False,False,False,1.000000,3,55049,,False,metro,37.410987,True
WI,Wisconsin,Iron,55051,6228,5234,4.700000,"( 4.0,  5.4)",2.900000,"( 2.5,  3.3)",55,0,0,0,0,0,0,False,0.000000,0.000000,False,0.000000,0.000000,True,True,False,4.000000,1,55051,,False,nonmetro,96.278690,True
WI,Wisconsin,Jackson,55053,20855,16438,4.100000,"( 3.6,  4.7)",3.200000,"( 2.8,  3.6)",55,0,0,0,0,0,0,False,0.000000,0.000000,False,0.000000,0.000000,True,True,True,3.000000,3,55053,,False,nonmetro,80.611318,True
WI,Wisconsin,Jefferson,55055,85743,69165,3.200000,"( 2.8,  3.6)",2.700000,"( 2.3,  3.0)",55,0,0,0,0,0,0,False,0.000000,0.000000,False,0.000000,0.000000,False,False,False,1.000000,4,55055,46.000000,True,nonmetro,31.427596,True
WI,Wisconsin,Juneau,55057,26594,21598,4.300000,"( 3.8,  5.0)",3.300000,"( 2.9,  3.7)",55,0,0,0,0,0,0,False,0.000000,0.000000,False,0.000000,0.000000,True,True,True,4.000000,3,55057,16.000000,True,nonmetro,63.915784,True
WI,Wisconsin,Kenosha,55059,167488,131659,3.200000,"( 2.8,  3.7)",2.800000,"( 2.4,  3.2)",55,0,0,0,0,0,0,False,0.000000,0.000000,False,0.000000,0.000000,False,False,False,1.000000,5,55059,76.000000,True,metro,31.480706,True
WI,Wisconsin,Kewaunee,55061,20690,16410,3.700000,"( 3.2,  4.3)",2.700000,"( 2.4,  3.2)",55,0,0,0,0,0,0,False,0.000000,0.000000,False,0.000000,0.000000,False,False,False,2.000000,3,55061,10.000000,True,metro,29.631549,True
WI,Wisconsin,La Crosse,55063,120486,97393,3.000000,"( 2.6,  3.5)",2.700000,"( 2.4,  3.1)",55,0,0,0,0,0,0,False,0.000000,0.000000,False,0.000000,0.000000,False,False,False,1.000000,5,55063,62.000000,True,metro,63.872991,True
WI,Wisconsin,Lafayette,55065,16945,12715,3.900000,"( 3.4,  4.5)",3.000000,"( 2.6,  3.4)",55,0,0,0,0,0,0,False,0.000000,0.000000,False,0.000000,0.000000,False,False,False,3.000000,2,55065,,False,nonmetro,47.252222,True
WI,Wisconsin,Langlade,55067,19404,15739,4.500000,"( 3.9,  5.2)",3.100000,"( 2.7,  3.6)",55,0,0,0,0,0,0,False,0.000000,0.000000,False,0.000000,0.000000,True,True,False,4.000000,3,55067,14.000000,True,nonmetro,65.753202,True
WI,Wisconsin,Lincoln,55069,28405,23357,4.100000,"( 3.6,  4.7)",3.000000,"( 2.6,  3.4)",55,0,0,0,0,0,0,False,0.000000,0.000000,False,0.000000,0.000000,True,True,False,3.000000,3,55069,17.000000,True,nonmetro,91.899981,True
WI,Wisconsin,Manitowoc,55071,81331,65081,3.800000,"( 3.4,  4.4)",2.800000,"( 2.5,  3.2)",55,0,0,0,0,0,0,False,0.000000,0.000000,False,0.000000,0.000000,False,False,False,2.000000,4,55071,35.000000,True,nonmetro,36.204520,True
WI,Wisconsin,Marathon,55073,138612,107632,3.400000,"( 2.9,  3.9)",2.700000,"( 2.4,  3.1)",55,0,0,0,0,0,0,False,0.000000,0.000000,False,0.000000,0.000000,False,False,False,1.000000,5,55073,77.000000,True,metro,80.336433,True
WI,Wisconsin,Marinette,55075,42106,34244,4.200000,"( 3.7,  4.9)",3.000000,"( 2.6,  3.4)",55,0,0,0,0,0,0,False,0.000000,0.000000,False,0.000000,0.000000,True,True,False,3.000000,4,55075,27.000000,True,nonmetro,53.727603,True
WI,Wisconsin,Marquette,55077,15838,12855,4.600000,"( 3.9,  5.3)",3.100000,"( 2.7,  3.6)",55,0,0,0,0,0,0,False,0.000000,0.000000,False,0.000000,0.000000,True,True,False,4.000000,2,55077,,False,nonmetro,51.168801,True
WI,Wisconsin,Menominee,55078,4226,2882,5.000000,"( 4.5,  5.5)",4.200000,"( 3.8,  4.6)",55,0,0,0,0,0,0,False,0.000000,0.000000,False,0.000000,0.000000,True,True,True,5.000000,1,55078,,False,nonmetro,36.267981,True
WI,Wisconsin,Milwaukee,55079,916205,700935,3.600000,"( 3.2,  4.1)",3.400000,"( 3.1,  3.8)",55,16,14,9,16,14,9,True,1.746334,2.282665,True,1.746334,2.282665,False,False,False,2.000000,5,55079,413.000000,True,metro,5.718116,True
WI,Wisconsin,Monroe,55081,46151,34486,3.900000,"( 3.4,  4.4)",3.200000,"( 2.7,  3.6)",55,0,0,0,0,0,0,False,0.000000,0.000000,False,0.000000,0.000000,False,False,True,3.000000,4,55081,26.000000,True,nonmetro,82.607679,True
WI,Wisconsin,Oconto,55083,39775,32028,3.900000,"( 3.4,  4.5)",2.900000,"( 2.5,  3.3)",55,0,0,0,0,0,0,False,0.000000,0.000000,False,0.000000,0.000000,False,False,False,3.000000,4,55083,25.000000,True,metro,28.675666,True
WI,Wisconsin,Oneida,55085,38226,31953,4.100000,"( 3.5,  4.7)",2.700000,"( 2.4,  3.1)",55,0,0,0,0,0,0,False,0.000000,0.000000,False,0.000000,0.000000,True,True,False,3.000000,4,55085,24.000000,True,nonmetro,105.602303,True
WI,Wisconsin,Outagamie,55087,193234,149418,3.000000,"( 2.6,  3.5)",2.600000,"( 2.3,  3.0)",55,0,0,0,0,0,0,False,0.000000,0.000000,False,0.000000,0.000000,False,False,False,1.000000,5,55087,67.000000,True,metro,17.833295,True
WI,Wisconsin,Ozaukee,55089,93460,74094,3.000000,"( 2.6,  3.5)",2.300000,"( 2.0,  2.6)",55,0,0,0,0,0,0,False,0.000000,0.000000,False,0.000000,0.000000,False,False,False,1.000000,4,55089,42.000000,True,metro,19.626339,True
WI,Wisconsin,Pepin,55091,7441,5802,3.800000,"( 3.3,  4.4)",2.700000,"( 2.4,  3.1)",55,0,0,0,0,0,0,False,0.000000,0.000000,False,0.000000,0.000000,False,False,False,2.000000,1,55091,,False,nonmetro,46.153596,True
WI,Wisconsin,Pierce,55093,43026,34410,2.900000,"( 2.6,  3.4)",2.700000,"( 2.3,  3.0)",55,0,0,0,0,0,0,False,0.000000,0.000000,False,0.000000,0.000000,False,False,False,1.000000,4,55093,20.000000,True,metro,25.649493,True
WI,Wisconsin,Polk,55095,45762,36790,3.800000,"( 3.2,  4.3)",2.800000,"( 2.4,  3.1)",55,0,0,0,0,0,0,False,0.000000,0.000000,False,0.000000,0.000000,False,False,False,2.000000,4,55095,24.000000,True,nonmetro,40.678729,True
WI,Wisconsin,Portage,55097,71024,57775,3.100000,"( 2.6,  3.5)",2.700000,"( 2.4,  3.1)",55,0,0,0,0,0,0,False,0.000000,0.000000,False,0.000000,0.000000,False,False,False,1.000000,4,55097,34.000000,True,nonmetro,66.365686,True
WI,Wisconsin,Price,55099,14102,11739,4.700000,"( 4.1,  5.4)",3.100000,"( 2.7,  3.5)",55,0,0,0,0,0,0,False,0.000000,0.000000,False,0.000000,0.000000,True,True,False,4.000000,2,55099,,False,nonmetro,109.887978,True
WI,Wisconsin,Racine,55101,196613,152563,3.500000,"( 3.1,  4.0)",2.900000,"( 2.6,  3.3)",55,0,0,0,0,0,0,False,0.000000,0.000000,False,0.000000,0.000000,False,False,False,2.000000,5,55101,117.000000,True,metro,22.616952,True
WI,Wisconsin,Richland,55103,17197,13613,4.400000,"( 3.8,  5.0)",3.100000,"( 2.7,  3.5)",55,0,0,0,0,0,0,False,0.000000,0.000000,False,0.000000,0.000000,True,True,False,4.000000,2,55103,,False,nonmetro,53.619035,True
WI,Wisconsin,Rock,55105,164278,127890,3.400000,"( 3.0,  4.0)",2.900000,"( 2.5,  3.3)",55,0,0,0,0,0,0,False,0.000000,0.000000,False,0.000000,0.000000,False,False,False,1.000000,5,55105,82.000000,True,metro,24.833436,True
WI,Wisconsin,Rusk,55107,14143,11289,4.700000,"( 4.1,  5.3)",3.200000,"( 2.9,  3.7)",55,0,0,0,0,0,0,False,0.000000,0.000000,False,0.000000,0.000000,True,True,True,4.000000,2,55107,,False,nonmetro,96.424935,True
WI,Wisconsin,St. Croix,55109,96763,74028,2.900000,"( 2.5,  3.3)",2.400000,"( 2.1,  2.8)",55,0,0,0,0,0,0,False,0.000000,0.000000,False,0.000000,0.000000,False,False,False,1.000000,4,55109,36.000000,True,metro,21.486073,True
WI,Wisconsin,Sauk,55111,65920,51378,3.500000,"( 3.1,  4.1)",2.800000,"( 2.4,  3.2)",55,0,0,0,0,0,0,False,0.000000,0.000000,False,0.000000,0.000000,False,False,False,2.000000,4,55111,29.000000,True,nonmetro,35.824059,True
WI,Wisconsin,Sawyer,55113,18552,15215,4.800000,"( 4.2,  5.4)",3.200000,"( 2.8,  3.6)",55,0,0,0,0,0,0,False,0.000000,0.000000,False,0.000000,0.000000,True,True,True,5.000000,2,55113,,False,nonmetro,69.002293,True
WI,Wisconsin,Shawano,55115,41109,32448,4.100000,"( 3.6,  4.6)",3.000000,"( 2.7,  3.4)",55,0,0,0,0,0,0,False,0.000000,0.000000,False,0.000000,0.000000,True,True,False,3.000000,4,55115,21.000000,True,nonmetro,32.092348,True
WI,Wisconsin,Sheboygan,55117,117752,92697,3.400000,"( 3.0,  3.9)",2.700000,"( 2.4,  3.1)",55,0,0,0,0,0,0,False,0.000000,0.000000,False,0.000000,0.000000,False,False,False,1.000000,5,55117,48.000000,True,metro,47.950319,True
WI,Wisconsin,Taylor,55119,20058,15464,4.100000,"( 3.5,  4.7)",3.000000,"( 2.6,  3.5)",55,0,0,0,0,0,0,False,0.000000,0.000000,False,0.000000,0.000000,True,True,False,3.000000,3,55119,12.000000,True,nonmetro,114.398703,True
WI,Wisconsin,Trempealeau,55121,30899,22713,3.700000,"( 3.3,  4.3)",2.900000,"( 2.6,  3.3)",55,0,0,0,0,0,0,False,0.000000,0.000000,False,0.000000,0.000000,False,False,False,2.000000,3,55121,14.000000,True,nonmetro,58.934212,True
WI,Wisconsin,Vernon,55123,31170,23135,4.100000,"( 3.5,  4.8)",3.100000,"( 2.6,  3.5)",55,0,0,0,0,0,0,False,0.000000,0.000000,False,0.000000,0.000000,True,True,False,3.000000,3,55123,17.000000,True,metro,75.524640,True
WI,Wisconsin,Vilas,55125,23885,20060,4.400000,"( 3.8,  5.1)",2.800000,"( 2.5,  3.2)",55,0,0,0,0,0,0,False,0.000000,0.000000,False,0.000000,0.000000,True,True,False,4.000000,3,55125,16.000000,True,nonmetro,118.305334,True
WI,Wisconsin,Walworth,55127,105822,85648,3.300000,"( 2.8,  3.8)",2.700000,"( 2.3,  3.1)",55,0,0,0,0,0,0,False,0.000000,0.000000,False,0.000000,0.000000,False,False,False,1.000000,5,55127,48.000000,True,nonmetro,35.807068,True
WI,Wisconsin,Washburn,55129,16930,13886,4.500000,"( 3.8,  5.2)",3.000000,"( 2.6,  3.4)",55,0,0,0,0,0,0,False,0.000000,0.000000,False,0.000000,0.000000,True,True,False,4.000000,2,55129,14.000000,True,nonmetro,66.105616,True
WI,Wisconsin,Washington,55131,138168,109514,3.200000,"( 2.7,  3.6)",2.500000,"( 2.1,  2.8)",55,0,0,0,0,0,0,False,0.000000,0.000000,False,0.000000,0.000000,False,False,False,1.000000,5,55131,66.000000,True,metro,26.787749,True
WI,Wisconsin,Waukesha,55133,412591,327018,2.900000,"( 2.5,  3.5)",2.300000,"( 2.0,  2.6)",55,0,0,0,0,0,0,False,0.000000,0.000000,False,0.000000,0.000000,False,False,False,1.000000,5,55133,215.000000,True,metro,17.692355,True
WI,Wisconsin,Waupaca,55135,51388,41137,3.800000,"( 3.3,  4.4)",2.900000,"( 2.5,  3.3)",55,0,0,0,0,0,0,False,0.000000,0.000000,False,0.000000,0.000000,False,False,False,2.000000,4,55135,26.000000,True,nonmetro,38.356897,True
WI,Wisconsin,Waushara,55137,24934,20556,4.400000,"( 3.8,  5.1)",3.000000,"( 2.7,  3.5)",55,0,0,0,0,0,0,False,0.000000,0.000000,False,0.000000,0.000000,True,True,False,4.000000,3,55137,17.000000,True,nonmetro,58.329300,True
WI,Wisconsin,Winnebago,55139,171735,137307,3.200000,"( 2.8,  3.6)",2.800000,"( 2.4,  3.2)",55,0,0,0,0,0,0,False,0.000000,0.000000,False,0.000000,0.000000,False,False,False,1.000000,5,55139,69.000000,True,metro,32.799287,True
WI,Wisconsin,Wood,55141,73939,58207,3.900000,"( 3.3,  4.4)",2.900000,"( 2.5,  3.3)",55,0,0,0,0,0,0,False,0.000000,0.000000,False,0.000000,0.000000,False,False,False,3.000000,4,55141,45.000000,True,nonmetro,88.228615,True
WY,Wyoming,Albany,56001,38257,32496,2.400000,"( 2.1,  2.7)",2.900000,"( 2.5,  3.2)",56,0,0,0,0,0,0,False,0.000000,0.000000,False,0.000000,0.000000,False,False,False,1.000000,4,56001,,False,nonmetro,68.935575,True
WY,Wyoming,Big Horn,56003,12018,9180,4.000000,"( 3.5,  4.6)",3.100000,"( 2.7,  3.5)",56,0,0,0,0,0,0,False,0.000000,0.000000,False,0.000000,0.000000,False,False,False,3.000000,2,56003,,False,nonmetro,251.244285,True
WY,Wyoming,Campbell,56005,47498,35021,2.900000,"( 2.5,  3.3)",2.800000,"( 2.4,  3.2)",56,0,0,0,0,0,0,False,0.000000,0.000000,False,0.000000,0.000000,False,False,False,1.000000,4,56005,13.000000,True,nonmetro,113.200935,True
WY,Wyoming,Carbon,56007,14334,11192,3.800000,"( 3.3,  4.3)",3.100000,"( 2.8,  3.5)",56,0,0,0,0,0,0,False,0.000000,0.000000,False,0.000000,0.000000,False,False,False,2.000000,2,56007,,False,nonmetro,136.651024,True
WY,Wyoming,Converse,56009,13809,10503,3.600000,"( 3.2,  4.1)",3.000000,"( 2.6,  3.3)",56,0,0,0,0,0,0,False,0.000000,0.000000,False,0.000000,0.000000,False,False,False,2.000000,2,56009,,False,nonmetro,145.686551,True
WY,Wyoming,Crook,56011,7592,5694,3.600000,"( 3.2,  4.2)",2.600000,"( 2.3,  3.0)",56,0,0,0,0,0,0,False,0.000000,0.000000,False,0.000000,0.000000,False,False,False,2.000000,1,56011,,False,nonmetro,73.029174,True
WY,Wyoming,Fremont,56013,39815,30150,3.900000,"( 3.4,  4.4)",3.100000,"( 2.8,  3.5)",56,0,0,0,0,0,0,False,0.000000,0.000000,False,0.000000,0.000000,False,False,False,3.000000,4,56013,18.000000,True,nonmetro,219.244861,True
WY,Wyoming,Goshen,56015,12642,10171,3.900000,"( 3.4,  4.5)",2.900000,"( 2.6,  3.3)",56,0,0,0,0,0,0,False,0.000000,0.000000,False,0.000000,0.000000,False,False,False,3.000000,2,56015,,False,nonmetro,122.581544,True
WY,Wyoming,Hot Springs,56017,4661,3703,4.800000,"( 4.1,  5.6)",3.100000,"( 2.7,  3.5)",56,0,0,0,0,0,0,False,0.000000,0.000000,False,0.000000,0.000000,True,True,False,5.000000,1,56017,,False,nonmetro,250.770811,True
WY,Wyoming,Johnson,56019,8759,7022,4.300000,"( 3.7,  5.0)",2.900000,"( 2.6,  3.4)",56,0,0,0,0,0,0,False,0.000000,0.000000,False,0.000000,0.000000,True,True,False,4.000000,2,56019,,False,nonmetro,172.367308,True
WY,Wyoming,Laramie,56021,100984,78706,3.100000,"( 2.7,  3.5)",2.700000,"( 2.4,  3.1)",56,0,0,0,0,0,0,False,0.000000,0.000000,False,0.000000,0.000000,False,False,False,1.000000,5,56021,38.000000,True,metro,54.896534,True
WY,Wyoming,Lincoln,56023,20880,15709,3.500000,"( 3.0,  4.0)",2.700000,"( 2.4,  3.1)",56,0,0,0,0,0,0,False,0.000000,0.000000,False,0.000000,0.000000,False,False,False,2.000000,3,56023,,False,nonmetro,123.371640,True
WY,Wyoming,Natrona,56025,79941,61379,3.200000,"( 2.8,  3.7)",2.800000,"( 2.4,  3.2)",56,0,0,0,0,0,0,False,0.000000,0.000000,False,0.000000,0.000000,False,False,False,1.000000,4,56025,27.000000,True,metro,177.452661,True
WY,Wyoming,Niobrara,56027,2354,1927,4.400000,"( 3.8,  5.0)",3.200000,"( 2.8,  3.6)",56,0,0,0,0,0,0,False,0.000000,0.000000,False,0.000000,0.000000,True,True,True,4.000000,1,56027,,False,nonmetro,106.958482,True
WY,Wyoming,Park,56029,30735,24494,3.700000,"( 3.2,  4.2)",2.600000,"( 2.3,  3.0)",56,0,0,0,0,0,0,False,0.000000,0.000000,False,0.000000,0.000000,False,False,False,2.000000,3,56029,15.000000,True,nonmetro,277.312695,True
WY,Wyoming,Platte,56031,8546,6829,4.400000,"( 3.8,  5.1)",3.000000,"( 2.6,  3.4)",56,0,0,0,0,0,0,False,0.000000,0.000000,False,0.000000,0.000000,True,True,False,4.000000,1,56031,,False,nonmetro,118.336031,True
WY,Wyoming,Sheridan,56033,32519,25809,3.500000,"( 3.0,  4.0)",2.600000,"( 2.3,  3.0)",56,0,0,0,0,0,0,False,0.000000,0.000000,False,0.000000,0.000000,False,False,False,2.000000,3,56033,17.000000,True,nonmetro,191.098467,True
WY,Wyoming,Sublette,56035,8969,7060,3.600000,"( 3.1,  4.1)",2.600000,"( 2.3,  3.0)",56,0,0,0,0,0,0,False,0.000000,0.000000,False,0.000000,0.000000,False,False,False,2.000000,2,56035,,False,nonmetro,158.129732,True
WY,Wyoming,Sweetwater,56037,41249,31162,3.200000,"( 2.8,  3.6)",2.900000,"( 2.6,  3.3)",56,0,0,0,0,0,0,False,0.000000,0.000000,False,0.000000,0.000000,False,False,False,1.000000,4,56037,15.000000,True,nonmetro,142.252025,True
WY,Wyoming,Teton,56039,23232,19340,2.400000,"( 2.1,  2.8)",2.200000,"( 1.9,  2.5)",56,0,0,0,0,0,0,False,0.000000,0.000000,False,0.000000,0.000000,False,False,False,1.000000,3,56039,,False,nonmetro,174.905999,True
WY,Wyoming,Uinta,56041,20745,15278,3.300000,"( 2.9,  3.8)",2.800000,"( 2.5,  3.2)",56,0,0,0,0,0,0,False,0.000000,0.000000,False,0.000000,0.000000,False,False,False,1.000000,3,56041,,False,nonmetro,64.272851,True
WY,Wyoming,Washakie,56043,7710,6140,4.300000,"( 3.7,  4.9)",3.100000,"( 2.7,  3.5)",56,0,0,0,0,0,0,False,0.000000,0.000000,False,0.000000,0.000000,True,True,False,4.000000,1,56043,,False,nonmetro,232.143470,True
WY,Wyoming,Weston,56045,6808,5543,3.900000,"( 3.4,  4.4)",3.000000,"( 2.6,  3.3)",56,0,0,0,0,0,0,False,0.000000,0.000000,False,0.000000,0.000000,False,False,False,3.000000,1,56045,,False,nonmetro,54.900986,True
