fips_st_cnty,st_name,st_name_abbrev,cnty_name,cerbrvsc_dis_deth_3yr_23,cerbrvsc_dis_deth_3yr_22,rural_urban_contnm_23,cens_popn_20,cens_rural_popn_20
01001,Alabama,AL,Autauga,40,41,2,58805,23920
01003,Alabama,AL,Baldwin,136,140,3,231767,87113
01005,Alabama,AL,Barbour,13,13,6,25223,16627
01007,Alabama,AL,Bibb,12,12,1,22293,22293
01009,Alabama,AL,Blount,38,41,1,59134,53510
01011,Alabama,AL,Bullock,,,8,10357,10357
01013,Alabama,AL,Butler,21,23,6,19051,13228
01015,Alabama,AL,Calhoun,55,58,3,116441,42494
01017,Alabama,AL,Chambers,30,34,6,34772,17645
01019,Alabama,AL,Cherokee,16,18,8,24971,24971
01021,Alabama,AL,Chilton,36,34,1,45014,38507
01023,Alabama,AL,Choctaw,12,12,9,12665,12665
01025,Alabama,AL,Clarke,15,20,9,23087,23087
01027,Alabama,AL,Clay,10,11,9,14236,14236
01029,Alabama,AL,Cleburne,,,8,15056,15056
01031,Alabama,AL,Coffee,32,34,4,53465,25412
01033,Alabama,AL,Colbert,33,37,3,57227,23060
01035,Alabama,AL,Conecuh,12,14,9,11597,11597
01037,Alabama,AL,Coosa,,,8,10387,10387
01039,Alabama,AL,Covington,38,35,6,37570,25854
01041,Alabama,AL,Crenshaw,11,10,8,13194,13194
01043,Alabama,AL,Cullman,50,49,4,87866,66426
01045,Alabama,AL,Dale,25,25,4,49326,24886
01047,Alabama,AL,Dallas,31,30,4,38462,17255
01049,Alabama,AL,DeKalb,50,53,6,71608,63228
01051,Alabama,AL,Elmore,56,50,2,87977,62672
01053,Alabama,AL,Escambia,29,27,6,36757,23996
01055,Alabama,AL,Etowah,77,83,3,103436,44653
01057,Alabama,AL,Fayette,17,16,8,16321,16321
01059,Alabama,AL,Franklin,20,21,6,32113,22174
01061,Alabama,AL,Geneva,21,22,3,26659,26510
01063,Alabama,AL,Greene,,,2,7730,7730
01065,Alabama,AL,Hale,12,11,2,14785,14785
01067,Alabama,AL,Henry,13,13,3,17146,17146
01069,Alabama,AL,Houston,68,64,3,107202,36788
01071,Alabama,AL,Jackson,43,39,6,52579,39597
01073,Alabama,AL,Jefferson,476,503,1,674721,81445
01075,Alabama,AL,Lamar,12,14,8,13972,13972
01077,Alabama,AL,Lauderdale,55,59,3,93564,48806
01079,Alabama,AL,Lawrence,24,28,3,33073,33071
01081,Alabama,AL,Lee,72,62,3,174241,45982
01083,Alabama,AL,Limestone,62,60,2,103570,52834
01085,Alabama,AL,Lowndes,,11,2,10311,10311
01087,Alabama,AL,Macon,13,16,3,19532,10529
01089,Alabama,AL,Madison,228,220,2,388153,66383
01091,Alabama,AL,Marengo,10,10,6,19323,13096
01093,Alabama,AL,Marion,29,29,9,29341,29341
01095,Alabama,AL,Marshall,64,71,4,97612,52370
01097,Alabama,AL,Mobile,287,301,2,414809,92902
01099,Alabama,AL,Monroe,19,17,8,19772,15488
01101,Alabama,AL,Montgomery,151,155,2,228954,28308
01103,Alabama,AL,Morgan,77,83,3,123421,47440
01105,Alabama,AL,Perry,,,8,8511,8511
01107,Alabama,AL,Pickens,16,20,2,19123,19123
01109,Alabama,AL,Pike,21,20,6,33009,18543
01111,Alabama,AL,Randolph,16,15,8,21967,21967
01113,Alabama,AL,Russell,49,43,2,59183,23881
01115,Alabama,AL,St. Clair,66,62,1,91103,61140
01117,Alabama,AL,Shelby,108,108,1,223024,53453
01119,Alabama,AL,Sumter,,,8,12345,12345
01121,Alabama,AL,Talladega,59,60,4,82149,48205
01123,Alabama,AL,Tallapoosa,34,30,6,41311,32391
01125,Alabama,AL,Tuscaloosa,116,124,2,227036,70586
01127,Alabama,AL,Walker,55,55,1,65342,52068
01129,Alabama,AL,Washington,16,14,8,15388,15388
01131,Alabama,AL,Wilcox,,,9,10600,10600
01133,Alabama,AL,Winston,16,17,8,23540,23540
02013,Alaska,AK,Aleutians East (B),,,9,3420,3420
02016,Alaska,AK,Aleutians West (CA),,,9,5232,5232
02020,Alaska,AK,Anchorage (B),89,85,2,291247,12434
02050,Alaska,AK,Bethel (CA),,,7,18666,13569
02060,Alaska,AK,Bristol Bay (B),,,9,844,844
02063,Alaska,AK,Chugach (CA),,,9,7102,7102
02066,Alaska,AK,Copper River (CA),,,9,2617,2617
02068,Alaska,AK,Denali (B),,,9,1619,1619
02070,Alaska,AK,Dillingham (CA),,,9,4857,4857
02090,Alaska,AK,Fairbanks North Star (B),28,32,3,95655,24259
02100,Alaska,AK,Haines (B),,,9,2080,2080
02105,Alaska,AK,Hoonah-Angoon (CA),,,9,2365,2365
02110,Alaska,AK,Juneau (B),,,5,32255,7499
02122,Alaska,AK,Kenai Peninsula (B),21,23,7,58799,45511
02130,Alaska,AK,Ketchikan Gateway (B),,,7,13948,1973
02150,Alaska,AK,Kodiak Island (B),,,7,13101,3571
02158,Alaska,AK,Kusilvak (CA),,,9,8368,8368
02164,Alaska,AK,Lake and Peninsula (B),,,9,1476,1476
02170,Alaska,AK,Matanuska-Susitna (B),36,37,2,107081,53637
02180,Alaska,AK,Nome (CA),,,9,10046,10046
02185,Alaska,AK,North Slope (B),,,9,11031,11031
02188,Alaska,AK,Northwest Arctic (B),,,9,7793,7793
02195,Alaska,AK,Petersburg (B),,,9,3398,3398
02198,Alaska,AK,Prince of Wales-Hyde,,,9,5753,5753
02220,Alaska,AK,Sitka (B),,,7,8458,790
02230,Alaska,AK,Skagway Municipality (B),,,9,1240,1240
02240,Alaska,AK,Southeast Fairbanks (CA),,,9,6808,6808
02261,Alaska,AK,Valdez-Cordova (CA),,,,,
02275,Alaska,AK,Wrangell (B),,,9,2127,2127
02282,Alaska,AK,Yakutat (B),,,9,662,662
02290,Alaska,AK,Yukon-Koyukuk (CA),,,8,5343,5343
04001,Arizona,AZ,Apache,28,28,8,66021,66021
04003,Arizona,AZ,Cochise,73,73,3,125447,46124
04005,Arizona,AZ,Coconino,34,34,3,145101,47019
04007,Arizona,AZ,Gila,36,37,4,53272,23630
04009,Arizona,AZ,Graham,18,20,7,38533,20202
04011,Arizona,AZ,Greenlee,,,9,9563,9563
04012,Arizona,AZ,La Paz,11,13,6,16557,7189
04013,Arizona,AZ,Maricopa,1815,1813,1,4420568,101879
04015,Arizona,AZ,Mohave,181,182,3,213267,51040
04017,Arizona,AZ,Navajo,73,70,4,106717,68569
04019,Arizona,AZ,Pima,583,582,1,1043433,92260
04021,Arizona,AZ,Pinal,182,175,1,425264,97947
04023,Arizona,AZ,Santa Cruz,24,20,6,47669,28501
04025,Arizona,AZ,Yavapai,163,164,3,236209,75541
04027,Arizona,AZ,Yuma,108,101,3,203881,30787
05001,Arkansas,AR,Arkansas,16,17,6,17149,9017
05003,Arkansas,AR,Ashley,15,16,7,19062,11878
05005,Arkansas,AR,Baxter,56,52,7,41627,23844
05007,Arkansas,AR,Benton,107,100,2,284333,68252
05009,Arkansas,AR,Boone,23,21,7,37373,23423
05011,Arkansas,AR,Bradley,,,7,10545,5267
05013,Arkansas,AR,Calhoun,,,9,4739,4739
05015,Arkansas,AR,Carroll,15,20,6,28260,23203
05017,Arkansas,AR,Chicot,,,9,10208,10208
05019,Arkansas,AR,Clark,14,15,7,21446,11360
05021,Arkansas,AR,Clay,,,9,14552,14552
05023,Arkansas,AR,Cleburne,20,21,6,24711,17968
05025,Arkansas,AR,Cleveland,,,8,7550,7550
05027,Arkansas,AR,Columbia,13,18,7,22801,12398
05029,Arkansas,AR,Conway,14,12,6,20715,14375
05031,Arkansas,AR,Craighead,51,47,3,111231,37450
05033,Arkansas,AR,Crawford,43,39,3,60133,29711
05035,Arkansas,AR,Crittenden,19,19,1,48163,8850
05037,Arkansas,AR,Cross,10,10,6,16833,9269
05039,Arkansas,AR,Dallas,,,8,6482,6482
05041,Arkansas,AR,Desha,10,,9,11395,7087
05043,Arkansas,AR,Drew,10,10,7,17350,9376
05045,Arkansas,AR,Faulkner,80,74,2,123498,56879
05047,Arkansas,AR,Franklin,16,12,8,17097,17097
05049,Arkansas,AR,Fulton,,,9,12075,12075
05051,Arkansas,AR,Garland,75,74,3,100180,33845
05053,Arkansas,AR,Grant,,,2,17958,13248
05055,Arkansas,AR,Greene,25,27,4,45736,20647
05057,Arkansas,AR,Hempstead,18,20,6,20065,11210
05059,Arkansas,AR,Hot Spring,23,19,6,33040,24188
05061,Arkansas,AR,Howard,,,8,12785,12785
05063,Arkansas,AR,Independence,15,17,7,37938,27025
05065,Arkansas,AR,Izard,,,9,13577,13577
05067,Arkansas,AR,Jackson,,12,6,16755,10808
05069,Arkansas,AR,Jefferson,50,47,4,67260,20577
05071,Arkansas,AR,Johnson,12,15,7,25749,17933
05073,Arkansas,AR,Lafayette,,,8,6308,6308
05075,Arkansas,AR,Lawrence,13,12,6,16216,9676
05077,Arkansas,AR,Lee,,,8,8600,8600
05079,Arkansas,AR,Lincoln,11,10,9,12941,12941
05081,Arkansas,AR,Little River,11,,3,12026,12026
05083,Arkansas,AR,Logan,22,19,8,21131,21131
05085,Arkansas,AR,Lonoke,44,46,2,74015,38441
05087,Arkansas,AR,Madison,12,11,2,16521,16521
05089,Arkansas,AR,Marion,15,15,9,16826,16826
05091,Arkansas,AR,Miller,42,40,3,42600,17000
05093,Arkansas,AR,Mississippi,23,23,4,40685,18568
05095,Arkansas,AR,Monroe,,,9,6799,6799
05097,Arkansas,AR,Montgomery,,,8,8484,8484
05099,Arkansas,AR,Nevada,,,9,8310,8310
05101,Arkansas,AR,Newton,,,9,7225,7225
05103,Arkansas,AR,Ouachita,19,20,7,22650,12777
05105,Arkansas,AR,Perry,,,2,10019,10019
05107,Arkansas,AR,Phillips,,,7,16568,7969
05109,Arkansas,AR,Pike,,,9,10171,10171
05111,Arkansas,AR,Poinsett,11,14,3,22965,15732
05113,Arkansas,AR,Polk,15,14,7,19221,13687
05115,Arkansas,AR,Pope,30,36,5,63381,35421
05117,Arkansas,AR,Prairie,,,8,8282,8282
05119,Arkansas,AR,Pulaski,217,213,2,399125,45347
05121,Arkansas,AR,Randolph,10,,7,18571,11407
05123,Arkansas,AR,St. Francis,14,15,6,23090,14533
05125,Arkansas,AR,Saline,61,61,2,123416,45370
05127,Arkansas,AR,Scott,,,8,9836,9836
05129,Arkansas,AR,Searcy,,,9,7828,7828
05131,Arkansas,AR,Sebastian,87,80,3,127799,25144
05133,Arkansas,AR,Sevier,,,6,15839,9945
05135,Arkansas,AR,Sharp,16,12,9,17271,17271
05137,Arkansas,AR,Stone,,10,9,12359,12359
05139,Arkansas,AR,Union,34,35,7,39054,20356
05141,Arkansas,AR,Van Buren,13,13,8,15796,15796
05143,Arkansas,AR,Washington,111,92,2,245871,59012
05145,Arkansas,AR,White,52,41,4,76822,42954
05147,Arkansas,AR,Woodruff,,,9,6269,6269
05149,Arkansas,AR,Yell,,,9,20263,16353
06001,California,CA,Alameda,783,782,1,1682353,8253
06003,California,CA,Alpine,,,8,1204,1204
06005,California,CA,Amador,25,27,6,40474,28020
06007,California,CA,Butte,119,122,3,211632,44478
06009,California,CA,Calaveras,25,25,6,45292,37128
06011,California,CA,Colusa,,,6,21839,9326
06013,California,CA,Contra Costa,651,664,1,1165927,11661
06015,California,CA,Del Norte,14,14,7,27743,12123
06017,California,CA,El Dorado,102,99,1,191185,70112
06019,California,CA,Fresno,426,436,1,1008654,113625
06021,California,CA,Glenn,17,16,6,28917,11917
06023,California,CA,Humboldt,141,151,5,136463,43033
06025,California,CA,Imperial,58,58,3,179702,33075
06027,California,CA,Inyo,10,,6,19016,8003
06029,California,CA,Kern,331,316,2,909235,121409
06031,California,CA,Kings,51,53,3,152486,16642
06033,California,CA,Lake,32,31,4,68163,27802
06035,California,CA,Lassen,10,12,7,32730,23735
06037,California,CA,Los Angeles,3931,4025,1,10014009,89220
06039,California,CA,Madera,69,71,1,156255,60326
06041,California,CA,Marin,143,131,1,262321,15773
06043,California,CA,Mariposa,11,,8,17131,17131
06045,California,CA,Mendocino,48,47,4,91601,44394
06047,California,CA,Merced,109,109,2,281202,47239
06049,California,CA,Modoc,,,8,8700,8700
06051,California,CA,Mono,,,7,13195,6150
06053,California,CA,Monterey,184,180,2,439035,62577
06055,California,CA,Napa,72,69,3,138019,20324
06057,California,CA,Nevada,63,64,4,102241,49285
06059,California,CA,Orange,1409,1387,1,3186989,7962
06061,California,CA,Placer,361,336,1,404739,59016
06063,California,CA,Plumas,,11,9,19790,19790
06065,California,CA,Riverside,1148,1150,1,2418185,132359
06067,California,CA,Sacramento,936,895,1,1585055,38029
06069,California,CA,San Benito,29,27,1,64209,14598
06071,California,CA,San Bernardino,891,909,1,2181654,117405
06073,California,CA,San Diego,1618,1677,1,3298634,144963
06075,California,CA,San Francisco,433,411,1,873965,0
06077,California,CA,San Joaquin,380,386,2,779233,60401
06079,California,CA,San Luis Obispo,268,264,2,282424,53909
06081,California,CA,San Mateo,358,363,1,764442,13035
06083,California,CA,Santa Barbara,261,266,2,448229,24964
06085,California,CA,Santa Clara,724,698,1,1936259,25537
06087,California,CA,Santa Cruz,138,124,2,270861,36006
06089,California,CA,Shasta,106,107,3,182155,61553
06091,California,CA,Sierra,,,8,3236,3196
06093,California,CA,Siskiyou,32,33,7,44076,31256
06095,California,CA,Solano,306,285,2,453491,20209
06097,California,CA,Sonoma,278,257,2,488863,66643
06099,California,CA,Stanislaus,263,248,2,552878,45173
06101,California,CA,Sutter,72,66,3,99633,15010
06103,California,CA,Tehama,39,45,4,65829,37544
06105,California,CA,Trinity,,,8,16112,16112
06107,California,CA,Tulare,190,199,2,473117,94889
06109,California,CA,Tuolumne,39,35,4,55620,26607
06111,California,CA,Ventura,359,373,2,843843,28411
06113,California,CA,Yolo,104,91,1,216403,17416
06115,California,CA,Yuba,55,50,3,81575,24075
08001,Colorado,CO,Adams,153,159,1,519572,20996
08003,Colorado,CO,Alamosa,,,7,16376,5411
08005,Colorado,CO,Arapahoe,215,223,1,655070,13518
08007,Colorado,CO,Archuleta,,,7,13359,7727
08009,Colorado,CO,Baca,,,9,3506,3506
08011,Colorado,CO,Bent,,,9,5650,5650
08013,Colorado,CO,Boulder,133,131,2,330758,31100
08014,Colorado,CO,Broomfield,22,20,1,74112,293
08015,Colorado,CO,Chaffee,10,11,6,19476,8485
08017,Colorado,CO,Cheyenne,,,9,1748,1748
08019,Colorado,CO,Clear Creek,,,1,9397,9397
08021,Colorado,CO,Conejos,,,9,7461,7461
08023,Colorado,CO,Costilla,,,9,3499,3499
08025,Colorado,CO,Crowley,,,8,5922,5922
08027,Colorado,CO,Custer,,,8,4704,4704
08029,Colorado,CO,Delta,24,24,6,31196,23006
08031,Colorado,CO,Denver,218,223,1,715522,104
08033,Colorado,CO,Dolores,,,9,2326,2326
08035,Colorado,CO,Douglas,96,85,1,357978,32270
08037,Colorado,CO,Eagle,,,5,55731,10316
08039,Colorado,CO,Elbert,,,1,26062,26062
08041,Colorado,CO,El Paso,291,292,2,730395,74869
08043,Colorado,CO,Fremont,27,24,4,48939,24202
08045,Colorado,CO,Garfield,15,13,5,61685,19811
08047,Colorado,CO,Gilpin,,,1,5808,5808
08049,Colorado,CO,Grand,,,9,15717,10738
08051,Colorado,CO,Gunnison,,,7,16918,9690
08053,Colorado,CO,Hinsdale,,,9,788,788
08055,Colorado,CO,Huerfano,,,8,6820,6820
08057,Colorado,CO,Jackson,,,9,1379,1379
08059,Colorado,CO,Jefferson,237,242,1,582910,41669
08061,Colorado,CO,Kiowa,,,9,1446,1446
08063,Colorado,CO,Kit Carson,,,9,7087,7087
08065,Colorado,CO,Lake,,,9,7436,2898
08067,Colorado,CO,La Plata,22,23,6,55638,36524
08069,Colorado,CO,Larimer,157,162,2,359066,36783
08071,Colorado,CO,Las Animas,,,7,14555,6232
08073,Colorado,CO,Lincoln,,,8,5675,5675
08075,Colorado,CO,Logan,,,6,21528,9250
08077,Colorado,CO,Mesa,113,101,3,155703,19730
08079,Colorado,CO,Mineral,,,9,865,865
08081,Colorado,CO,Moffat,,,7,13292,3642
08083,Colorado,CO,Montezuma,10,10,6,25849,17221
08085,Colorado,CO,Montrose,26,27,5,42679,18166
08087,Colorado,CO,Morgan,14,11,6,29111,10070
08089,Colorado,CO,Otero,13,12,6,18690,10898
08091,Colorado,CO,Ouray,,,9,4874,4874
08093,Colorado,CO,Park,,,1,17390,17390
08095,Colorado,CO,Phillips,,,9,4530,4530
08097,Colorado,CO,Pitkin,,,7,17358,5722
08099,Colorado,CO,Prowers,,,7,11999,4497
08101,Colorado,CO,Pueblo,84,87,3,168162,22107
08103,Colorado,CO,Rio Blanco,,,9,6529,6529
08105,Colorado,CO,Rio Grande,,,9,11539,11539
08107,Colorado,CO,Routt,,,7,24829,10374
08109,Colorado,CO,Saguache,,,9,6368,6368
08111,Colorado,CO,San Juan,,,9,705,705
08113,Colorado,CO,San Miguel,,,9,8072,3485
08115,Colorado,CO,Sedgwick,,,9,2404,2404
08117,Colorado,CO,Summit,,,5,31055,5000
08119,Colorado,CO,Teller,13,12,2,24710,14846
08121,Colorado,CO,Washington,,,9,4817,4817
08123,Colorado,CO,Weld,93,81,2,328981,65841
08125,Colorado,CO,Yuma,,,9,9988,9988
09001,Connecticut,CT,Fairfield,332,321,,957419,53119
09003,Connecticut,CT,Hartford,372,357,,899498,52000
09005,Connecticut,CT,Litchfield,97,91,,185186,84225
09007,Connecticut,CT,Middlesex,84,79,,164245,47956
09009,Connecticut,CT,New Haven,410,405,,864835,44580
09011,Connecticut,CT,New London,111,119,,268555,79701
09013,Connecticut,CT,Tolland,58,55,,149788,75321
09015,Connecticut,CT,Windham,37,43,,116418,58889
09110,Connecticut,CT,Capitol PR,,,1,,
09120,Connecticut,CT,Greater Bridgeport PR,,,2,,
09130,Connecticut,CT,Lower CT River Valley PR,,,1,,
09140,Connecticut,CT,Naugatuck Valley PR,,,2,,
09150,Connecticut,CT,Northeastern CT PR,,,4,,
09160,Connecticut,CT,Northwest Hills PR,,,4,,
09170,Connecticut,CT,South Central CT PR,,,2,,
09180,Connecticut,CT,Southeastern CT PR,,,2,,
09190,Connecticut,CT,Western CT PR,,,2,,
10001,Delaware,DE,Kent,132,120,3,181851,48139
10003,Delaware,DE,New Castle,470,441,1,570719,34781
10005,Delaware,DE,Sussex,214,198,4,237378,89211
11001,Dist. of Columbia,DC,The District,280,282,1,689545,0
12001,Florida,FL,Alachua,156,143,2,278468,64720
12003,Florida,FL,Baker,14,14,1,28259,17378
12005,Florida,FL,Bay,107,92,3,175216,24897
12007,Florida,FL,Bradford,20,21,6,28303,20024
12009,Florida,FL,Brevard,552,556,2,606612,23539
12011,Florida,FL,Broward,1597,1540,1,1944375,152
12013,Florida,FL,Calhoun,,,8,13648,13648
12015,Florida,FL,Charlotte,161,162,3,186847,12145
12017,Florida,FL,Citrus,270,264,3,153843,38421
12019,Florida,FL,Clay,132,124,1,218245,31483
12021,Florida,FL,Collier,451,474,2,375752,43673
12023,Florida,FL,Columbia,64,55,4,69698,44364
12027,Florida,FL,DeSoto,23,17,6,33976,16634
12029,Florida,FL,Dixie,13,11,8,16759,16759
12031,Florida,FL,Duval,596,584,1,995567,26390
12033,Florida,FL,Escambia,236,221,2,321905,24549
12035,Florida,FL,Flagler,118,119,2,115378,8830
12037,Florida,FL,Franklin,,,8,12451,12451
12039,Florida,FL,Gadsden,38,35,2,43826,35285
12041,Florida,FL,Gilchrist,13,14,2,17864,17864
12043,Florida,FL,Glades,,,8,12126,10027
12045,Florida,FL,Gulf,,,8,14192,14192
12047,Florida,FL,Hamilton,12,10,8,14004,14004
12049,Florida,FL,Hardee,30,33,6,25327,15537
12051,Florida,FL,Hendry,18,20,4,39619,14263
12053,Florida,FL,Hernando,133,135,1,194515,39016
12055,Florida,FL,Highlands,175,166,3,101235,20122
12057,Florida,FL,Hillsborough,630,605,1,1459762,53607
12059,Florida,FL,Holmes,15,13,8,19653,19653
12061,Florida,FL,Indian River,311,277,3,159788,11573
12063,Florida,FL,Jackson,35,30,6,47319,41759
12065,Florida,FL,Jefferson,12,10,2,14510,14510
12067,Florida,FL,Lafayette,,,9,8226,8226
12069,Florida,FL,Lake,341,341,1,383956,68850
12071,Florida,FL,Lee,458,438,2,760822,29885
12073,Florida,FL,Leon,115,112,2,292198,39264
12075,Florida,FL,Levy,32,33,2,42915,42915
12077,Florida,FL,Liberty,,,8,7974,7974
12079,Florida,FL,Madison,17,19,8,17968,17968
12081,Florida,FL,Manatee,288,275,2,399710,18752
12083,Florida,FL,Marion,182,183,2,375908,110311
12085,Florida,FL,Martin,266,245,2,158431,11601
12086,Florida,FL,Miami-Dade,1952,2014,1,2701767,23331
12087,Florida,FL,Monroe,45,40,4,82874,10867
12089,Florida,FL,Nassau,63,62,1,90352,39547
12091,Florida,FL,Okaloosa,117,108,2,211668,22524
12093,Florida,FL,Okeechobee,27,30,4,39644,14449
12095,Florida,FL,Orange,710,728,1,1429908,33570
12097,Florida,FL,Osceola,228,216,1,388656,24507
12099,Florida,FL,Palm Beach,1488,1364,1,1492191,12666
12101,Florida,FL,Pasco,386,366,1,561891,40708
12103,Florida,FL,Pinellas,635,642,1,959107,1827
12105,Florida,FL,Polk,582,593,2,725046,78919
12107,Florida,FL,Putnam,62,56,4,73321,53289
12109,Florida,FL,St. Johns,143,138,1,273425,40448
12111,Florida,FL,St. Lucie,428,406,2,329226,11647
12113,Florida,FL,Santa Rosa,107,103,2,188000,37417
12115,Florida,FL,Sarasota,349,342,2,434006,10462
12117,Florida,FL,Seminole,337,342,1,470856,15277
12119,Florida,FL,Sumter,137,125,3,129752,27997
12121,Florida,FL,Suwannee,42,36,6,43474,36806
12123,Florida,FL,Taylor,12,14,6,21796,15265
12125,Florida,FL,Union,14,11,8,16147,16147
12127,Florida,FL,Volusia,580,539,2,553543,47256
12129,Florida,FL,Wakulla,18,22,2,33764,23640
12131,Florida,FL,Walton,36,36,2,75305,42282
12133,Florida,FL,Washington,20,20,3,25318,25318
13001,Georgia,GA,Appling,,10,7,18444,13090
13003,Georgia,GA,Atkinson,,,9,8286,8286
13005,Georgia,GA,Bacon,,,9,11140,11140
13007,Georgia,GA,Baker,,,8,2876,2876
13009,Georgia,GA,Baldwin,22,27,4,43799,21358
13011,Georgia,GA,Banks,,,8,18035,17238
13013,Georgia,GA,Barrow,37,41,1,83505,27528
13015,Georgia,GA,Bartow,53,53,1,108901,42941
13017,Georgia,GA,Ben Hill,13,15,7,17194,5913
13019,Georgia,GA,Berrien,13,13,8,18160,13316
13021,Georgia,GA,Bibb,92,83,3,157346,22163
13023,Georgia,GA,Bleckley,,10,6,12583,6424
13025,Georgia,GA,Brantley,10,12,3,18021,17899
13027,Georgia,GA,Brooks,,,3,16301,16301
13029,Georgia,GA,Bryan,18,18,2,44738,20929
13031,Georgia,GA,Bulloch,28,30,4,81099,36611
13033,Georgia,GA,Burke,17,17,2,24596,18493
13035,Georgia,GA,Butts,17,17,1,25434,19737
13037,Georgia,GA,Calhoun,,,8,5573,5573
13039,Georgia,GA,Camden,16,15,4,54768,16201
13043,Georgia,GA,Candler,,,9,10981,10981
13045,Georgia,GA,Carroll,62,66,1,119148,64796
13047,Georgia,GA,Catoosa,37,43,2,67872,16101
13049,Georgia,GA,Charlton,,,8,12518,12518
13051,Georgia,GA,Chatham,160,152,2,295291,8908
13053,Georgia,GA,Chattahoochee,,,2,9565,3834
13055,Georgia,GA,Chattooga,18,14,6,24965,14738
13057,Georgia,GA,Cherokee,100,101,1,266620,48786
13059,Georgia,GA,Clarke,50,51,3,128671,7623
13061,Georgia,GA,Clay,,,9,2848,2848
13063,Georgia,GA,Clayton,122,120,1,297595,1562
13065,Georgia,GA,Clinch,,,8,6749,6749
13067,Georgia,GA,Cobb,353,351,1,766149,40
13069,Georgia,GA,Coffee,21,20,7,43092,28834
13071,Georgia,GA,Colquitt,33,32,6,45898,26681
13073,Georgia,GA,Columbia,59,52,2,156010,23319
13075,Georgia,GA,Cook,12,13,6,17229,10195
13077,Georgia,GA,Coweta,58,58,1,146158,65614
13079,Georgia,GA,Crawford,,,3,12130,12130
13081,Georgia,GA,Crisp,15,15,6,20128,9197
13083,Georgia,GA,Dade,,11,2,16251,15371
13085,Georgia,GA,Dawson,14,,1,26798,18598
13087,Georgia,GA,Decatur,18,20,6,29367,15510
13089,Georgia,GA,DeKalb,281,288,1,764382,1207
13091,Georgia,GA,Dodge,,10,7,19925,13705
13093,Georgia,GA,Dooly,,,8,11208,11208
13095,Georgia,GA,Dougherty,57,56,3,85790,12311
13097,Georgia,GA,Douglas,74,76,1,144237,22322
13099,Georgia,GA,Early,,,8,10854,10854
13101,Georgia,GA,Echols,,,3,3697,3697
13103,Georgia,GA,Effingham,29,27,2,64769,48066
13105,Georgia,GA,Elbert,16,17,6,19637,13937
13107,Georgia,GA,Emanuel,16,18,7,22768,15517
13109,Georgia,GA,Evans,,,8,10774,10774
13111,Georgia,GA,Fannin,22,22,8,25319,25319
13113,Georgia,GA,Fayette,61,54,1,119194,21612
13115,Georgia,GA,Floyd,55,61,3,98584,38181
13117,Georgia,GA,Forsyth,80,84,1,251283,19446
13119,Georgia,GA,Franklin,15,14,8,23424,23424
13121,Georgia,GA,Fulton,438,437,1,1066710,6745
13123,Georgia,GA,Gilmer,14,15,6,31353,24615
13125,Georgia,GA,Glascock,,,9,2884,2884
13127,Georgia,GA,Glynn,49,51,3,84499,15749
13129,Georgia,GA,Gordon,27,26,4,57544,34478
13131,Georgia,GA,Grady,16,16,6,26236,15890
13133,Georgia,GA,Greene,17,14,8,18915,18915
13135,Georgia,GA,Gwinnett,296,277,1,957062,4525
13137,Georgia,GA,Habersham,25,25,6,46031,27312
13139,Georgia,GA,Hall,89,89,3,203136,52710
13141,Georgia,GA,Hancock,,,9,8735,8735
13143,Georgia,GA,Haralson,18,18,1,29919,22637
13145,Georgia,GA,Harris,16,14,2,34668,33694
13147,Georgia,GA,Hart,17,15,6,25828,19865
13149,Georgia,GA,Heard,,,1,11412,11412
13151,Georgia,GA,Henry,114,103,1,240712,45304
13153,Georgia,GA,Houston,66,64,3,163633,14690
13155,Georgia,GA,Irwin,,,9,9666,9666
13157,Georgia,GA,Jackson,38,35,4,75907,47684
13159,Georgia,GA,Jasper,,11,1,14588,14588
13161,Georgia,GA,Jeff Davis,,,9,14779,9862
13163,Georgia,GA,Jefferson,15,15,8,15709,15709
13165,Georgia,GA,Jenkins,,,9,8674,8674
13167,Georgia,GA,Johnson,,,9,9189,9189
13169,Georgia,GA,Jones,14,17,3,28347,23645
13171,Georgia,GA,Lamar,13,11,6,18500,11675
13173,Georgia,GA,Lanier,,,3,9877,9877
13175,Georgia,GA,Laurens,29,27,4,49570,28728
13177,Georgia,GA,Lee,13,12,3,33163,20682
13179,Georgia,GA,Liberty,19,18,3,65256,15344
13181,Georgia,GA,Lincoln,,,2,7690,7690
13183,Georgia,GA,Long,,,3,16168,12973
13185,Georgia,GA,Lowndes,47,48,3,118251,41482
13187,Georgia,GA,Lumpkin,22,20,1,33488,26980
13189,Georgia,GA,McDuffie,17,15,2,21632,12844
13191,Georgia,GA,McIntosh,12,,3,10975,10975
13193,Georgia,GA,Macon,,,8,12082,12082
13195,Georgia,GA,Madison,14,15,3,30120,27306
13197,Georgia,GA,Marion,,,2,7498,7498
13199,Georgia,GA,Meriwether,23,19,1,20613,20613
13201,Georgia,GA,Miller,,,9,6000,6000
13205,Georgia,GA,Mitchell,16,17,6,21755,16485
13207,Georgia,GA,Monroe,18,14,3,27957,22879
13209,Georgia,GA,Montgomery,,,9,8610,8499
13211,Georgia,GA,Morgan,12,10,1,20097,15388
13213,Georgia,GA,Murray,19,21,3,39973,27165
13215,Georgia,GA,Muscogee,126,122,2,206922,7773
13217,Georgia,GA,Newton,59,60,1,112483,38216
13219,Georgia,GA,Oconee,15,15,3,41799,22607
13221,Georgia,GA,Oglethorpe,,,3,14825,14825
13223,Georgia,GA,Paulding,78,77,1,168661,34541
13225,Georgia,GA,Peach,19,21,3,27981,11204
13227,Georgia,GA,Pickens,20,20,1,33216,26832
13229,Georgia,GA,Pierce,14,12,8,19716,19463
13231,Georgia,GA,Pike,14,13,1,18889,18836
13233,Georgia,GA,Polk,30,30,4,42853,22277
13235,Georgia,GA,Pulaski,,,8,9855,9855
13237,Georgia,GA,Putnam,13,12,8,22047,22047
13239,Georgia,GA,Quitman,,,8,2235,1647
13241,Georgia,GA,Rabun,14,19,9,16883,16883
13243,Georgia,GA,Randolph,,,8,6425,6425
13245,Georgia,GA,Richmond,112,109,2,206607,17217
13247,Georgia,GA,Rockdale,40,42,1,93570,12831
13249,Georgia,GA,Schley,,,8,4547,4547
13251,Georgia,GA,Screven,,,8,14067,14067
13253,Georgia,GA,Seminole,,,8,9147,9147
13255,Georgia,GA,Spalding,54,46,1,67306,27362
13257,Georgia,GA,Stephens,17,15,7,26784,14977
13259,Georgia,GA,Stewart,,,2,5314,5314
13261,Georgia,GA,Sumter,18,22,6,29616,12209
13263,Georgia,GA,Talbot,,,2,5733,5733
13265,Georgia,GA,Taliaferro,,,8,1559,1559
13267,Georgia,GA,Tattnall,16,13,8,22842,22842
13269,Georgia,GA,Taylor,,,8,7816,7816
13271,Georgia,GA,Telfair,,,9,12477,12477
13273,Georgia,GA,Terrell,10,,3,9185,9185
13275,Georgia,GA,Thomas,27,25,4,45798,20567
13277,Georgia,GA,Tift,19,19,5,41344,16764
13279,Georgia,GA,Toombs,24,25,7,27030,13432
13281,Georgia,GA,Towns,14,14,9,12493,12493
13283,Georgia,GA,Treutlen,,,9,6406,6406
13285,Georgia,GA,Troup,70,61,4,69426,31494
13287,Georgia,GA,Turner,,,9,9006,4268
13289,Georgia,GA,Twiggs,,,3,8022,8022
13291,Georgia,GA,Union,20,19,8,24632,24632
13293,Georgia,GA,Upson,23,23,6,27700,12935
13295,Georgia,GA,Walker,45,43,2,67654,34515
13297,Georgia,GA,Walton,52,55,1,96673,56129
13299,Georgia,GA,Ware,22,27,5,36251,11641
13301,Georgia,GA,Warren,,,8,5215,5215
13303,Georgia,GA,Washington,12,11,7,19988,12891
13305,Georgia,GA,Wayne,23,18,6,30144,17372
13307,Georgia,GA,Webster,,,8,2348,2348
13309,Georgia,GA,Wheeler,,,9,7471,7471
13311,Georgia,GA,White,17,19,8,28003,28003
13313,Georgia,GA,Whitfield,40,37,3,102864,35892
13315,Georgia,GA,Wilcox,,,9,8766,8766
13317,Georgia,GA,Wilkes,,,8,9565,9565
13319,Georgia,GA,Wilkinson,,,8,8877,8877
13321,Georgia,GA,Worth,18,12,3,20784,14638
15001,Hawaii,HI,Hawaii,144,144,5,200629,119371
15003,Hawaii,HI,Honolulu,613,602,1,1016508,17167
15005,Hawaii,HI,Kalawao,,,3,82,82
15007,Hawaii,HI,Kauai,37,38,5,73298,30933
15009,Hawaii,HI,Maui,120,110,3,164754,35268
16001,Idaho,ID,Ada,183,187,2,494967,27549
16003,Idaho,ID,Adams,,,9,4379,4379
16005,Idaho,ID,Bannock,40,39,3,87018,14807
16007,Idaho,ID,Bear Lake,,,9,6372,6372
16009,Idaho,ID,Benewah,,,8,9530,9530
16011,Idaho,ID,Bingham,15,15,6,47992,28652
16013,Idaho,ID,Blaine,,,7,24272,5891
16015,Idaho,ID,Boise,,,2,7610,7610
16017,Idaho,ID,Bonner,26,23,6,47110,34286
16019,Idaho,ID,Bonneville,36,37,3,123964,18832
16021,Idaho,ID,Boundary,,,9,12056,12056
16023,Idaho,ID,Butte,,,3,2574,2574
16025,Idaho,ID,Camas,,,9,1077,1077
16027,Idaho,ID,Canyon,96,96,2,231105,43279
16029,Idaho,ID,Caribou,,,8,7027,7027
16031,Idaho,ID,Cassia,14,12,6,24655,12405
16033,Idaho,ID,Clark,,,8,790,790
16035,Idaho,ID,Clearwater,,,8,8734,8734
16037,Idaho,ID,Custer,,,8,4275,4275
16039,Idaho,ID,Elmore,10,,6,28666,10867
16041,Idaho,ID,Franklin,,,3,14194,14194
16043,Idaho,ID,Fremont,,,8,13388,13388
16045,Idaho,ID,Gem,18,18,2,19123,8950
16047,Idaho,ID,Gooding,,,8,15598,15598
16049,Idaho,ID,Idaho,,,8,16541,16541
16051,Idaho,ID,Jefferson,10,,3,30891,20608
16053,Idaho,ID,Jerome,10,,3,24237,11832
16055,Idaho,ID,Kootenai,93,90,3,171362,40290
16057,Idaho,ID,Latah,12,10,4,39517,13603
16059,Idaho,ID,Lemhi,,,9,7974,7974
16061,Idaho,ID,Lewis,,,8,3533,3533
16063,Idaho,ID,Lincoln,,,8,5127,5127
16065,Idaho,ID,Madison,14,11,4,52913,11583
16067,Idaho,ID,Minidoka,,,7,21613,9588
16069,Idaho,ID,Nez Perce,35,31,3,42090,7959
16071,Idaho,ID,Oneida,,,8,4564,4564
16073,Idaho,ID,Owyhee,,,2,11913,11913
16075,Idaho,ID,Payette,14,13,6,25386,10470
16077,Idaho,ID,Power,,,8,7878,7878
16079,Idaho,ID,Shoshone,,,8,13169,13169
16081,Idaho,ID,Teton,,,9,11630,11630
16083,Idaho,ID,Twin Falls,37,39,3,90046,31238
16085,Idaho,ID,Valley,,,9,11746,8051
16087,Idaho,ID,Washington,,,6,10500,4996
17001,Illinois,IL,Adams,37,38,5,65737,22310
17003,Illinois,IL,Alexander,,,3,5240,5080
17005,Illinois,IL,Bond,12,12,1,16725,9960
17007,Illinois,IL,Boone,27,24,2,53448,15712
17009,Illinois,IL,Brown,,,9,6244,6244
17011,Illinois,IL,Bureau,25,24,7,33244,18279
17013,Illinois,IL,Calhoun,,,1,4437,4437
17015,Illinois,IL,Carroll,10,11,9,15702,15702
17017,Illinois,IL,Cass,,,6,13042,6780
17019,Illinois,IL,Champaign,66,72,3,205865,32837
17021,Illinois,IL,Christian,19,20,6,34032,17250
17023,Illinois,IL,Clark,10,,8,15455,15455
17025,Illinois,IL,Clay,10,11,9,13288,8495
17027,Illinois,IL,Clinton,20,19,1,36899,29599
17029,Illinois,IL,Coles,17,18,5,46863,12337
17031,Illinois,IL,Cook,2626,2645,1,5275541,2890
17033,Illinois,IL,Crawford,11,11,6,18679,12545
17035,Illinois,IL,Cumberland,,,9,10450,10450
17037,Illinois,IL,DeKalb,44,45,1,100420,21848
17039,Illinois,IL,De Witt,,,6,15516,8193
17041,Illinois,IL,Douglas,13,12,8,19740,14798
17043,Illinois,IL,DuPage,508,480,1,932877,1752
17045,Illinois,IL,Edgar,10,,6,16866,8550
17047,Illinois,IL,Edwards,,,9,6245,6245
17049,Illinois,IL,Effingham,16,18,7,34668,20678
17051,Illinois,IL,Fayette,10,13,6,21488,13378
17053,Illinois,IL,Ford,15,13,3,13534,9006
17055,Illinois,IL,Franklin,31,29,7,37804,22378
17057,Illinois,IL,Fulton,21,22,6,33609,20432
17059,Illinois,IL,Gallatin,,,8,4946,4946
17061,Illinois,IL,Greene,,,8,11985,11985
17063,Illinois,IL,Grundy,31,31,1,52533,13148
17065,Illinois,IL,Hamilton,,,9,7993,7993
17067,Illinois,IL,Hancock,10,12,9,17620,14806
17069,Illinois,IL,Hardin,,,9,3649,3649
17071,Illinois,IL,Henderson,,,9,6387,6353
17073,Illinois,IL,Henry,25,29,2,49284,24544
17075,Illinois,IL,Iroquois,22,22,8,27077,22406
17077,Illinois,IL,Jackson,27,24,5,52974,21692
17079,Illinois,IL,Jasper,,,9,9287,9287
17081,Illinois,IL,Jefferson,23,25,7,37113,21825
17083,Illinois,IL,Jersey,13,14,1,21512,12781
17085,Illinois,IL,Jo Daviess,14,13,8,22035,19477
17087,Illinois,IL,Johnson,,,8,13308,13308
17089,Illinois,IL,Kane,277,271,1,516522,20777
17091,Illinois,IL,Kankakee,77,74,3,107502,30535
17093,Illinois,IL,Kendall,41,43,1,131869,14994
17095,Illinois,IL,Knox,36,32,4,49967,16120
17097,Illinois,IL,Lake,254,251,1,714342,10110
17099,Illinois,IL,La Salle,63,62,4,109658,34651
17101,Illinois,IL,Lawrence,13,11,9,15280,10648
17103,Illinois,IL,Lee,26,24,6,34145,18158
17105,Illinois,IL,Livingston,27,23,6,35815,23135
17107,Illinois,IL,Logan,17,16,6,27987,13997
17109,Illinois,IL,McDonough,18,19,7,27238,11582
17111,Illinois,IL,McHenry,148,126,1,310229,43710
17113,Illinois,IL,McLean,62,60,3,170954,36854
17115,Illinois,IL,Macon,59,59,3,103998,17711
17117,Illinois,IL,Macoupin,36,39,1,44967,29462
17119,Illinois,IL,Madison,228,232,1,265859,43705
17121,Illinois,IL,Marion,29,30,7,37729,18032
17123,Illinois,IL,Marshall,11,10,2,11742,11742
17125,Illinois,IL,Mason,11,10,8,13086,13086
17127,Illinois,IL,Massac,14,13,3,14169,7493
17129,Illinois,IL,Menard,,,3,12297,12297
17131,Illinois,IL,Mercer,,,2,15699,15699
17133,Illinois,IL,Monroe,24,20,1,34962,14509
17135,Illinois,IL,Montgomery,30,29,6,28288,15058
17137,Illinois,IL,Morgan,17,17,4,32915,11912
17139,Illinois,IL,Moultrie,,,8,14526,10112
17141,Illinois,IL,Ogle,21,22,6,51788,35150
17143,Illinois,IL,Peoria,102,101,2,181830,30807
17145,Illinois,IL,Perry,14,11,7,20945,15012
17147,Illinois,IL,Piatt,,,3,16673,10688
17149,Illinois,IL,Pike,11,11,9,14739,14739
17151,Illinois,IL,Pope,,,8,3763,3763
17153,Illinois,IL,Pulaski,,,8,5193,5193
17155,Illinois,IL,Putnam,,,8,5637,5637
17157,Illinois,IL,Randolph,27,24,6,30163,23825
17159,Illinois,IL,Richland,16,14,7,15813,7171
17161,Illinois,IL,Rock Island,84,78,2,144672,16701
17163,Illinois,IL,St. Clair,190,199,1,257400,36437
17165,Illinois,IL,Saline,13,15,7,23768,15485
17167,Illinois,IL,Sangamon,93,86,3,196343,37078
17169,Illinois,IL,Schuyler,,,9,6902,6902
17171,Illinois,IL,Scott,,,9,4949,4949
17173,Illinois,IL,Shelby,13,14,8,20990,16066
17175,Illinois,IL,Stark,,,2,5400,5400
17177,Illinois,IL,Stephenson,31,31,4,44630,20495
17179,Illinois,IL,Tazewell,98,90,2,131343,28662
17181,Illinois,IL,Union,16,14,6,17244,11176
17183,Illinois,IL,Vermilion,45,49,4,74188,29332
17185,Illinois,IL,Wabash,,,7,11361,4398
17187,Illinois,IL,Warren,11,10,6,16835,7646
17189,Illinois,IL,Washington,11,10,8,13761,13667
17191,Illinois,IL,Wayne,11,11,9,16179,11413
17193,Illinois,IL,White,10,10,6,13877,8810
17195,Illinois,IL,Whiteside,42,42,4,55691,24254
17197,Illinois,IL,Will,319,317,1,696355,33946
17199,Illinois,IL,Williamson,37,38,5,67153,27556
17201,Illinois,IL,Winnebago,171,174,2,285350,27662
17203,Illinois,IL,Woodford,26,23,2,38467,26989
18001,Indiana,IN,Adams,19,21,6,35809,25368
18003,Indiana,IN,Allen,198,192,2,385410,49790
18005,Indiana,IN,Bartholomew,36,40,3,82208,25233
18007,Indiana,IN,Benton,,,3,8719,8719
18009,Indiana,IN,Blackford,,11,6,12112,5977
18011,Indiana,IN,Boone,29,25,1,70812,19255
18013,Indiana,IN,Brown,,,1,15475,15475
18015,Indiana,IN,Carroll,,,3,20306,19203
18017,Indiana,IN,Cass,20,18,4,37870,17496
18019,Indiana,IN,Clark,64,64,1,121093,25830
18021,Indiana,IN,Clay,15,13,3,26466,15879
18023,Indiana,IN,Clinton,21,22,6,33190,16415
18025,Indiana,IN,Crawford,,,8,10526,10526
18027,Indiana,IN,Daviess,22,18,7,33381,20461
18029,Indiana,IN,Dearborn,21,20,1,50679,30514
18031,Indiana,IN,Decatur,16,17,6,26472,13943
18033,Indiana,IN,De Kalb,24,27,4,43265,22919
18035,Indiana,IN,Delaware,90,76,3,111903,25804
18037,Indiana,IN,Dubois,39,34,5,43637,20771
18039,Indiana,IN,Elkhart,97,102,3,207047,48154
18041,Indiana,IN,Fayette,20,22,6,23398,8997
18043,Indiana,IN,Floyd,44,31,1,80484,27406
18045,Indiana,IN,Fountain,12,11,8,16479,16479
18047,Indiana,IN,Franklin,10,12,1,22785,20247
18049,Indiana,IN,Fulton,16,17,7,20480,13147
18051,Indiana,IN,Gibson,18,16,6,33011,24668
18053,Indiana,IN,Grant,52,55,4,66674,25713
18055,Indiana,IN,Greene,15,15,6,30803,25505
18057,Indiana,IN,Hamilton,111,111,1,347467,19947
18059,Indiana,IN,Hancock,40,42,1,79840,22096
18061,Indiana,IN,Harrison,20,19,1,39654,33958
18063,Indiana,IN,Hendricks,59,60,1,174788,26639
18065,Indiana,IN,Henry,40,37,6,48914,30359
18067,Indiana,IN,Howard,59,57,3,83658,21467
18069,Indiana,IN,Huntington,27,25,6,36662,19107
18071,Indiana,IN,Jackson,26,28,4,46428,22181
18073,Indiana,IN,Jasper,18,20,1,32918,27409
18075,Indiana,IN,Jay,11,,6,20478,14114
18077,Indiana,IN,Jefferson,17,15,6,33147,15700
18079,Indiana,IN,Jennings,14,17,6,27613,20677
18081,Indiana,IN,Johnson,74,71,1,161765,20600
18083,Indiana,IN,Knox,30,31,7,36282,16482
18085,Indiana,IN,Kosciusko,53,49,4,80240,38807
18087,Indiana,IN,Lagrange,13,15,8,40446,40446
18089,Indiana,IN,Lake,265,261,1,498700,22625
18091,Indiana,IN,La Porte,59,55,3,112417,41056
18093,Indiana,IN,Lawrence,26,29,6,45011,30579
18095,Indiana,IN,Madison,96,84,1,130129,32041
18097,Indiana,IN,Marion,390,389,1,977203,8594
18099,Indiana,IN,Marshall,32,31,6,46095,33816
18101,Indiana,IN,Martin,,,9,9812,9812
18103,Indiana,IN,Miami,22,19,6,35962,16384
18105,Indiana,IN,Monroe,53,48,3,139718,29615
18107,Indiana,IN,Montgomery,16,13,6,37936,20073
18109,Indiana,IN,Morgan,38,39,1,71780,38833
18111,Indiana,IN,Newton,,,1,13830,13830
18113,Indiana,IN,Noble,26,28,6,47457,36870
18115,Indiana,IN,Ohio,,,1,5940,5940
18117,Indiana,IN,Orange,11,10,8,19867,19867
18119,Indiana,IN,Owen,12,12,3,21321,21321
18121,Indiana,IN,Parke,,,8,16156,16055
18123,Indiana,IN,Perry,,10,7,19170,10409
18125,Indiana,IN,Pike,10,,8,12250,12250
18127,Indiana,IN,Porter,83,72,1,173215,40843
18129,Indiana,IN,Posey,11,11,2,25222,17759
18131,Indiana,IN,Pulaski,,,8,12514,12514
18133,Indiana,IN,Putnam,21,22,6,36726,26536
18135,Indiana,IN,Randolph,22,22,6,24502,16310
18137,Indiana,IN,Ripley,21,19,6,28995,23592
18139,Indiana,IN,Rush,,,6,16752,10283
18141,Indiana,IN,St. Joseph,152,157,2,272912,27344
18143,Indiana,IN,Scott,12,12,6,24384,16806
18145,Indiana,IN,Shelby,18,25,1,45055,23695
18147,Indiana,IN,Spencer,12,12,8,19810,19810
18149,Indiana,IN,Starke,10,12,8,23371,23371
18151,Indiana,IN,Steuben,17,16,7,34435,21749
18153,Indiana,IN,Sullivan,,,3,20817,15943
18155,Indiana,IN,Switzerland,,,8,9737,9737
18157,Indiana,IN,Tippecanoe,62,61,3,186251,29151
18159,Indiana,IN,Tipton,,,1,15359,9452
18161,Indiana,IN,Union,,,8,7087,7087
18163,Indiana,IN,Vanderburgh,107,110,2,180136,14333
18165,Indiana,IN,Vermillion,14,16,3,15439,9056
18167,Indiana,IN,Vigo,47,60,3,106153,26291
18169,Indiana,IN,Wabash,27,29,6,30976,15534
18171,Indiana,IN,Warren,,,3,8440,8440
18173,Indiana,IN,Warrick,33,31,2,63898,17087
18175,Indiana,IN,Washington,14,15,1,28182,21565
18177,Indiana,IN,Wayne,40,39,5,66553,25090
18179,Indiana,IN,Wells,19,20,2,28180,17834
18181,Indiana,IN,White,14,12,6,24688,15156
18183,Indiana,IN,Whitley,20,18,2,34191,23621
19001,Iowa,IA,Adair,,,8,7496,7496
19003,Iowa,IA,Adams,,,9,3704,3704
19005,Iowa,IA,Allamakee,,,8,14061,14061
19007,Iowa,IA,Appanoose,,,7,12317,7048
19009,Iowa,IA,Audubon,,,9,5674,5674
19011,Iowa,IA,Benton,14,13,2,25575,20795
19013,Iowa,IA,Black Hawk,60,56,3,131144,17005
19015,Iowa,IA,Boone,15,18,3,26715,14204
19017,Iowa,IA,Bremer,,,3,24988,15829
19019,Iowa,IA,Buchanan,,,6,20565,13794
19021,Iowa,IA,Buena Vista,,,7,20823,8963
19023,Iowa,IA,Butler,,,8,14334,14334
19025,Iowa,IA,Calhoun,,,9,9927,9927
19027,Iowa,IA,Carroll,,,7,20760,10610
19029,Iowa,IA,Cass,10,,6,13127,6519
19031,Iowa,IA,Cedar,,12,8,18505,18505
19033,Iowa,IA,Cerro Gordo,18,20,5,43127,8767
19035,Iowa,IA,Cherokee,,,9,11658,6953
19037,Iowa,IA,Chickasaw,,10,8,12012,12012
19039,Iowa,IA,Clarke,,,6,9748,4465
19041,Iowa,IA,Clay,,,7,16384,5417
19043,Iowa,IA,Clayton,,,8,17043,16885
19045,Iowa,IA,Clinton,29,29,4,46460,14007
19047,Iowa,IA,Crawford,,10,7,16525,8383
19049,Iowa,IA,Dallas,24,24,2,99678,21280
19051,Iowa,IA,Davis,,,9,9110,9110
19053,Iowa,IA,Decatur,,,9,7645,7645
19055,Iowa,IA,Delaware,,,8,17488,12575
19057,Iowa,IA,Des Moines,22,23,5,38910,10497
19059,Iowa,IA,Dickinson,,,7,17703,4747
19061,Iowa,IA,Dubuque,45,43,3,99266,31492
19063,Iowa,IA,Emmet,,,7,9388,3614
19065,Iowa,IA,Fayette,,,6,19509,13638
19067,Iowa,IA,Floyd,,,7,15627,8372
19069,Iowa,IA,Franklin,,,9,10019,10019
19071,Iowa,IA,Fremont,,,8,6605,6596
19073,Iowa,IA,Greene,,,8,8771,8771
19075,Iowa,IA,Grundy,,,3,12329,12329
19077,Iowa,IA,Guthrie,,,2,10623,10623
19079,Iowa,IA,Hamilton,,,6,15039,7433
19081,Iowa,IA,Hancock,,,9,10795,10795
19083,Iowa,IA,Hardin,10,12,6,16878,11820
19085,Iowa,IA,Harrison,,,2,14582,14582
19087,Iowa,IA,Henry,,12,6,20482,11198
19089,Iowa,IA,Howard,,,8,9469,9469
19091,Iowa,IA,Humboldt,,,7,9597,4258
19093,Iowa,IA,Ida,,,8,7005,7005
19095,Iowa,IA,Iowa,11,11,8,16662,16662
19097,Iowa,IA,Jackson,13,14,6,19485,13387
19099,Iowa,IA,Jasper,21,18,2,37813,21870
19101,Iowa,IA,Jefferson,,,7,15663,6452
19103,Iowa,IA,Johnson,28,32,3,152854,25458
19105,Iowa,IA,Jones,10,11,2,20646,15235
19107,Iowa,IA,Keokuk,,,8,10033,10033
19109,Iowa,IA,Kossuth,,,7,14828,9385
19111,Iowa,IA,Lee,21,21,7,33555,13740
19113,Iowa,IA,Linn,94,89,2,230299,31532
19115,Iowa,IA,Louisa,,,8,10837,10837
19117,Iowa,IA,Lucas,,,8,8634,8634
19119,Iowa,IA,Lyon,,,8,11934,11934
19121,Iowa,IA,Madison,,,2,16548,11471
19123,Iowa,IA,Mahaska,14,13,7,22190,9649
19125,Iowa,IA,Marion,15,16,6,33414,15693
19127,Iowa,IA,Marshall,20,18,4,40105,12724
19129,Iowa,IA,Mills,,,2,14484,9475
19131,Iowa,IA,Mitchell,,,9,10565,10565
19133,Iowa,IA,Monona,,,8,8751,8751
19135,Iowa,IA,Monroe,,,9,7577,7577
19137,Iowa,IA,Montgomery,,,6,10330,4814
19139,Iowa,IA,Muscatine,24,20,4,43235,18091
19141,Iowa,IA,Obrien,,,7,14182,9051
19143,Iowa,IA,Osceola,,,9,6192,6192
19145,Iowa,IA,Page,,,6,15211,5135
19147,Iowa,IA,Palo Alto,,,9,8996,8996
19149,Iowa,IA,Plymouth,11,11,6,25698,15560
19151,Iowa,IA,Pocahontas,,,9,7078,7078
19153,Iowa,IA,Polk,171,170,2,492401,22027
19155,Iowa,IA,Pottawattamie,43,45,2,93667,25220
19157,Iowa,IA,Poweshiek,17,19,6,18662,9176
19159,Iowa,IA,Ringgold,,,9,4663,4663
19161,Iowa,IA,Sac,,,9,9814,9814
19163,Iowa,IA,Scott,89,87,2,174669,23192
19165,Iowa,IA,Shelby,,,8,11746,7033
19167,Iowa,IA,Sioux,10,12,6,35872,20307
19169,Iowa,IA,Story,26,23,3,98537,25468
19171,Iowa,IA,Tama,,,6,17135,11872
19173,Iowa,IA,Taylor,,,9,5896,5896
19175,Iowa,IA,Union,,,6,12138,4631
19177,Iowa,IA,Van Buren,,,9,7203,7203
19179,Iowa,IA,Wapello,18,20,5,35437,10418
19181,Iowa,IA,Warren,21,23,2,52403,24668
19183,Iowa,IA,Washington,,,3,22565,15719
19185,Iowa,IA,Wayne,,,9,6497,6497
19187,Iowa,IA,Webster,17,17,5,36999,12300
19189,Iowa,IA,Winnebago,,,9,10679,10679
19191,Iowa,IA,Winneshiek,,,7,20070,12077
19193,Iowa,IA,Woodbury,43,40,3,105941,17086
19195,Iowa,IA,Worth,,,9,7443,7443
19197,Iowa,IA,Wright,,,9,12943,12943
20001,Kansas,KS,Allen,,,7,12526,6681
20003,Kansas,KS,Anderson,,,8,7836,7836
20005,Kansas,KS,Atchison,,,6,16348,5441
20007,Kansas,KS,Barber,,,9,4228,4228
20009,Kansas,KS,Barton,11,12,7,25493,10727
20011,Kansas,KS,Bourbon,,,6,14360,6921
20013,Kansas,KS,Brown,10,,8,9508,9508
20015,Kansas,KS,Butler,28,32,2,67380,31063
20017,Kansas,KS,Chase,,,8,2572,2572
20019,Kansas,KS,Chautauqua,,,9,3379,3379
20021,Kansas,KS,Cherokee,14,12,3,19362,19362
20023,Kansas,KS,Cheyenne,,,9,2616,2616
20025,Kansas,KS,Clark,,,9,1991,1991
20027,Kansas,KS,Clay,,,8,8117,3986
20029,Kansas,KS,Cloud,,,7,9032,4001
20031,Kansas,KS,Coffey,,,8,8360,8360
20033,Kansas,KS,Comanche,,,9,1689,1689
20035,Kansas,KS,Cowley,21,17,4,34549,11054
20037,Kansas,KS,Crawford,19,22,4,38972,15852
20039,Kansas,KS,Decatur,,,9,2764,2764
20041,Kansas,KS,Dickinson,12,13,6,18402,11797
20043,Kansas,KS,Doniphan,,,3,7510,5383
20045,Kansas,KS,Douglas,37,34,3,118785,17387
20047,Kansas,KS,Edwards,,,9,2907,2907
20049,Kansas,KS,Elk,,,8,2483,2483
20051,Kansas,KS,Ellis,,,5,28934,7054
20053,Kansas,KS,Ellsworth,,,9,6376,6376
20055,Kansas,KS,Finney,,12,5,38470,7494
20057,Kansas,KS,Ford,,12,5,34287,6585
20059,Kansas,KS,Franklin,11,11,6,25996,13535
20061,Kansas,KS,Geary,,,3,36739,4270
20063,Kansas,KS,Gove,,,9,2718,2718
20065,Kansas,KS,Graham,,,9,2415,2415
20067,Kansas,KS,Grant,,,7,7352,1487
20069,Kansas,KS,Gray,,,9,5653,5653
20071,Kansas,KS,Greeley,,,9,1284,1284
20073,Kansas,KS,Greenwood,,,8,6016,6016
20075,Kansas,KS,Hamilton,,,9,2518,2518
20077,Kansas,KS,Harper,,,8,5485,5485
20079,Kansas,KS,Harvey,22,25,2,34024,13646
20081,Kansas,KS,Haskell,,,9,3780,3780
20083,Kansas,KS,Hodgeman,,,9,1723,1723
20085,Kansas,KS,Jackson,,,3,13232,13232
20087,Kansas,KS,Jefferson,,10,3,18368,18208
20089,Kansas,KS,Jewell,,,9,2932,2932
20091,Kansas,KS,Johnson,240,225,1,609863,24622
20093,Kansas,KS,Kearny,,,9,3983,3983
20095,Kansas,KS,Kingman,14,15,8,7470,7470
20097,Kansas,KS,Kiowa,,,9,2460,2460
20099,Kansas,KS,Labette,,11,7,20184,10751
20101,Kansas,KS,Lane,,,9,1574,1574
20103,Kansas,KS,Leavenworth,26,29,1,81881,27183
20105,Kansas,KS,Lincoln,,,9,2939,2939
20107,Kansas,KS,Linn,,,1,9591,9591
20109,Kansas,KS,Logan,,,9,2762,2762
20111,Kansas,KS,Lyon,17,16,4,32179,8097
20113,Kansas,KS,McPherson,22,22,7,30223,16184
20115,Kansas,KS,Marion,,,8,11823,11823
20117,Kansas,KS,Marshall,,,8,10038,10038
20119,Kansas,KS,Meade,,,9,4055,4055
20121,Kansas,KS,Miami,18,18,1,34191,25774
20123,Kansas,KS,Mitchell,,,9,5796,5796
20125,Kansas,KS,Montgomery,24,23,7,31486,14293
20127,Kansas,KS,Morris,,,8,5386,5386
20129,Kansas,KS,Morton,,,9,2701,2701
20131,Kansas,KS,Nemaha,,,9,10273,10273
20133,Kansas,KS,Neosho,11,12,7,15904,7194
20135,Kansas,KS,Ness,,,9,2687,2687
20137,Kansas,KS,Norton,,,9,5459,5459
20139,Kansas,KS,Osage,,,3,15766,15766
20141,Kansas,KS,Osborne,,,9,3500,3500
20143,Kansas,KS,Ottawa,,,9,5735,5735
20145,Kansas,KS,Pawnee,,,9,6253,2519
20147,Kansas,KS,Phillips,,,9,4981,4981
20149,Kansas,KS,Pottawatomie,,,3,25348,16613
20151,Kansas,KS,Pratt,,,7,9157,2568
20153,Kansas,KS,Rawlins,,,9,2561,2561
20155,Kansas,KS,Reno,38,44,4,61898,19423
20157,Kansas,KS,Republic,,,9,4674,4674
20159,Kansas,KS,Rice,,,9,9427,9427
20161,Kansas,KS,Riley,21,18,3,71959,7087
20163,Kansas,KS,Rooks,,,9,4919,4919
20165,Kansas,KS,Rush,,,9,2956,2956
20167,Kansas,KS,Russell,,,9,6691,2625
20169,Kansas,KS,Saline,25,27,5,54303,7756
20171,Kansas,KS,Scott,,,9,5151,5151
20173,Kansas,KS,Sedgwick,228,232,2,523824,38867
20175,Kansas,KS,Seward,,,7,21964,2121
20177,Kansas,KS,Shawnee,94,93,3,178909,30113
20179,Kansas,KS,Sheridan,,,9,2447,2447
20181,Kansas,KS,Sherman,,,9,5927,1488
20183,Kansas,KS,Smith,,,9,3570,3570
20185,Kansas,KS,Stafford,,,9,4072,4072
20187,Kansas,KS,Stanton,,,9,2084,2084
20189,Kansas,KS,Stevens,,,9,5250,5250
20191,Kansas,KS,Sumner,,,2,22382,14022
20193,Kansas,KS,Thomas,,,7,7930,2463
20195,Kansas,KS,Trego,,,9,2808,2808
20197,Kansas,KS,Wabaunsee,,,3,6877,6877
20199,Kansas,KS,Wallace,,,9,1512,1512
20201,Kansas,KS,Washington,,,9,5530,5530
20203,Kansas,KS,Wichita,,,9,2152,2152
20205,Kansas,KS,Wilson,,,9,8624,8624
20207,Kansas,KS,Woodson,,,9,3115,3115
20209,Kansas,KS,Wyandotte,70,66,1,169245,8951
21001,Kentucky,KY,Adair,12,15,7,18903,13885
21003,Kentucky,KY,Allen,12,12,3,20588,15951
21005,Kentucky,KY,Anderson,11,13,6,23852,10309
21007,Kentucky,KY,Ballard,,,3,7728,7728
21009,Kentucky,KY,Barren,27,29,6,44485,27626
21011,Kentucky,KY,Bath,11,10,8,12750,12750
21013,Kentucky,KY,Bell,20,21,7,24097,14282
21015,Kentucky,KY,Boone,53,50,1,135968,15590
21017,Kentucky,KY,Bourbon,15,18,2,20252,8983
21019,Kentucky,KY,Boyd,31,27,2,48261,11482
21021,Kentucky,KY,Boyle,21,18,7,30614,10826
21023,Kentucky,KY,Bracken,,,1,8400,8400
21025,Kentucky,KY,Breathitt,,,9,13718,13718
21027,Kentucky,KY,Breckinridge,15,16,8,20432,20432
21029,Kentucky,KY,Bullitt,35,31,1,82217,24215
21031,Kentucky,KY,Butler,10,11,3,12371,12371
21033,Kentucky,KY,Caldwell,,,7,12649,6591
21035,Kentucky,KY,Calloway,18,20,7,37103,18145
21037,Kentucky,KY,Campbell,47,47,1,93076,15926
21039,Kentucky,KY,Carlisle,,,3,4826,4826
21041,Kentucky,KY,Carroll,,,6,10810,5339
21043,Kentucky,KY,Carter,21,20,2,26627,21209
21045,Kentucky,KY,Casey,,,9,15941,15941
21047,Kentucky,KY,Christian,32,31,2,72748,21150
21049,Kentucky,KY,Clark,25,24,2,36972,10719
21051,Kentucky,KY,Clay,15,14,9,20345,20345
21053,Kentucky,KY,Clinton,,,9,9253,9253
21055,Kentucky,KY,Crittenden,,,8,8990,8990
21057,Kentucky,KY,Cumberland,,,9,5888,5888
21059,Kentucky,KY,Daviess,54,61,3,103312,26879
21061,Kentucky,KY,Edmonson,,,3,12126,12126
21063,Kentucky,KY,Elliott,,,8,7354,7354
21065,Kentucky,KY,Estill,12,,8,14163,10134
21067,Kentucky,KY,Fayette,132,139,2,322570,9443
21069,Kentucky,KY,Fleming,13,11,9,15082,15082
21071,Kentucky,KY,Floyd,22,21,7,35942,28112
21073,Kentucky,KY,Franklin,44,38,4,51541,13705
21075,Kentucky,KY,Fulton,,,9,6515,4182
21077,Kentucky,KY,Gallatin,,,1,8690,8690
21079,Kentucky,KY,Garrard,,,8,16953,16953
21081,Kentucky,KY,Grant,,12,1,24941,24941
21083,Kentucky,KY,Graves,27,26,6,36649,24393
21085,Kentucky,KY,Grayson,17,18,6,26420,19932
21087,Kentucky,KY,Green,,,8,11107,11107
21089,Kentucky,KY,Greenup,22,24,2,35962,15350
21091,Kentucky,KY,Hancock,,,8,9095,8315
21093,Kentucky,KY,Hardin,49,50,3,110702,37082
21095,Kentucky,KY,Harlan,24,26,7,26831,20684
21097,Kentucky,KY,Harrison,19,19,6,18692,12299
21099,Kentucky,KY,Hart,,,8,19288,17036
21101,Kentucky,KY,Henderson,21,24,4,44793,16363
21103,Kentucky,KY,Henry,,,1,15678,15678
21105,Kentucky,KY,Hickman,,,8,4521,4521
21107,Kentucky,KY,Hopkins,29,28,5,45423,24095
21109,Kentucky,KY,Jackson,,,9,12955,12955
21111,Kentucky,KY,Jefferson,333,351,1,782969,12784
21113,Kentucky,KY,Jessamine,28,25,2,52991,13106
21115,Kentucky,KY,Johnson,15,15,7,22680,16739
21117,Kentucky,KY,Kenton,77,78,1,169064,11361
21119,Kentucky,KY,Knott,,11,9,14251,14251
21121,Kentucky,KY,Knox,20,18,7,30193,18734
21123,Kentucky,KY,Larue,12,,3,14867,14867
21125,Kentucky,KY,Laurel,37,36,5,62613,38189
21127,Kentucky,KY,Lawrence,,,2,16293,12386
21129,Kentucky,KY,Lee,,,9,7395,7395
21131,Kentucky,KY,Leslie,,,9,10513,10513
21133,Kentucky,KY,Letcher,19,17,9,21548,21548
21135,Kentucky,KY,Lewis,,,8,13080,13080
21137,Kentucky,KY,Lincoln,17,19,9,24275,24249
21139,Kentucky,KY,Livingston,,,3,8888,8474
21141,Kentucky,KY,Logan,16,14,6,27432,20791
21143,Kentucky,KY,Lyon,,,8,8680,8680
21145,Kentucky,KY,McCracken,48,48,3,67875,18207
21147,Kentucky,KY,McCreary,,,9,16888,16888
21149,Kentucky,KY,McLean,,,3,9152,9152
21151,Kentucky,KY,Madison,38,40,4,92701,33544
21153,Kentucky,KY,Magoffin,,,9,11637,11637
21155,Kentucky,KY,Marion,,10,6,19581,13372
21157,Kentucky,KY,Marshall,18,18,8,31659,26968
21159,Kentucky,KY,Martin,,,8,11287,11287
21161,Kentucky,KY,Mason,13,14,6,17120,9157
21163,Kentucky,KY,Meade,11,11,1,30003,27182
21165,Kentucky,KY,Menifee,,,9,6113,6113
21167,Kentucky,KY,Mercer,13,13,6,22641,12850
21169,Kentucky,KY,Metcalfe,,10,9,10286,10286
21171,Kentucky,KY,Monroe,,,8,11338,11338
21173,Kentucky,KY,Montgomery,11,14,6,28114,14194
21175,Kentucky,KY,Morgan,,,9,13726,13726
21177,Kentucky,KY,Muhlenberg,18,17,6,30928,19645
21179,Kentucky,KY,Nelson,21,19,1,46738,29056
21181,Kentucky,KY,Nicholas,,,8,7537,7537
21183,Kentucky,KY,Ohio,18,17,6,23772,18114
21185,Kentucky,KY,Oldham,20,17,1,67607,17012
21187,Kentucky,KY,Owen,,,8,11278,11278
21189,Kentucky,KY,Owsley,,,9,4051,4051
21191,Kentucky,KY,Pendleton,,,1,14644,14644
21193,Kentucky,KY,Perry,18,17,7,28473,20665
21195,Kentucky,KY,Pike,44,44,7,58669,49742
21197,Kentucky,KY,Powell,,,8,13129,13129
21199,Kentucky,KY,Pulaski,33,27,5,65034,34202
21201,Kentucky,KY,Robertson,,,8,2193,2193
21203,Kentucky,KY,Rockcastle,,,9,16037,16037
21205,Kentucky,KY,Rowan,,10,6,24662,15287
21207,Kentucky,KY,Russell,10,14,9,17991,17991
21209,Kentucky,KY,Scott,28,30,2,57155,18463
21211,Kentucky,KY,Shelby,17,17,1,48065,24880
21213,Kentucky,KY,Simpson,12,11,6,19594,7956
21215,Kentucky,KY,Spencer,,,1,19490,19490
21217,Kentucky,KY,Taylor,17,16,7,26023,13234
21219,Kentucky,KY,Todd,,,8,12243,12243
21221,Kentucky,KY,Trigg,,,2,14061,14061
21223,Kentucky,KY,Trimble,,,8,8474,8474
21225,Kentucky,KY,Union,,,8,13668,13668
21227,Kentucky,KY,Warren,56,57,3,134554,36740
21229,Kentucky,KY,Washington,,,8,12027,12027
21231,Kentucky,KY,Wayne,13,12,7,19555,12874
21233,Kentucky,KY,Webster,,,9,13017,13017
21235,Kentucky,KY,Whitley,22,20,7,36712,23371
21237,Kentucky,KY,Wolfe,,,9,6562,6562
21239,Kentucky,KY,Woodford,14,12,2,26871,10008
22001,Louisiana,LA,Acadia,47,50,2,57576,35517
22003,Louisiana,LA,Allen,11,10,6,22750,16050
22005,Louisiana,LA,Ascension,54,43,2,126500,13708
22007,Louisiana,LA,Assumption,12,12,2,21039,13570
22009,Louisiana,LA,Avoyelles,28,28,6,39693,33011
22011,Louisiana,LA,Beauregard,23,22,6,36549,26670
22013,Louisiana,LA,Bienville,10,11,8,12981,12981
22015,Louisiana,LA,Bossier,80,78,2,128746,34977
22017,Louisiana,LA,Caddo,167,185,2,237848,37974
22019,Louisiana,LA,Calcasieu,196,178,2,216785,54284
22021,Louisiana,LA,Caldwell,,,8,9645,9645
22023,Louisiana,LA,Cameron,,,2,5617,5617
22025,Louisiana,LA,Catahoula,,,9,8906,8906
22027,Louisiana,LA,Claiborne,,,9,14170,14170
22029,Louisiana,LA,Concordia,18,16,6,18687,6379
22031,Louisiana,LA,De Soto,21,21,2,26812,21210
22033,Louisiana,LA,East Baton Rouge,266,262,2,456781,31327
22035,Louisiana,LA,East Carroll,,,8,7459,7459
22037,Louisiana,LA,East Feliciana,11,,2,19539,19539
22039,Louisiana,LA,Evangeline,16,18,6,32350,24253
22041,Louisiana,LA,Franklin,,11,6,19774,14632
22043,Louisiana,LA,Grant,,12,3,22169,22169
22045,Louisiana,LA,Iberia,47,50,4,69929,22683
22047,Louisiana,LA,Iberville,18,17,2,30241,17682
22049,Louisiana,LA,Jackson,,,6,15031,9786
22051,Louisiana,LA,Jefferson,213,227,1,440781,6926
22053,Louisiana,LA,Jefferson Davis,30,27,2,32250,22872
22055,Louisiana,LA,Lafayette,112,113,2,241753,21951
22057,Louisiana,LA,Lafourche,50,50,3,97557,22797
22059,Louisiana,LA,La Salle,13,11,8,14791,14791
22061,Louisiana,LA,Lincoln,24,26,4,48396,19557
22063,Louisiana,LA,Livingston,59,59,2,142282,55144
22065,Louisiana,LA,Madison,,,6,10017,2858
22067,Louisiana,LA,Morehouse,22,24,3,25629,13025
22069,Louisiana,LA,Natchitoches,35,35,6,37515,18580
22071,Louisiana,LA,Orleans,167,172,1,383997,1653
22073,Louisiana,LA,Ouachita,72,70,3,160368,40404
22075,Louisiana,LA,Plaquemines,,10,1,23515,7804
22077,Louisiana,LA,Pointe Coupee,21,21,2,20758,13964
22079,Louisiana,LA,Rapides,100,96,3,130023,51718
22081,Louisiana,LA,Red River,,,8,7620,7620
22083,Louisiana,LA,Richland,13,13,3,20043,20043
22085,Louisiana,LA,Sabine,17,17,8,22155,22155
22087,Louisiana,LA,St. Bernard,18,16,1,43764,2353
22089,Louisiana,LA,St. Charles,25,24,1,52549,9343
22091,Louisiana,LA,St. Helena,,,2,10920,10920
22093,Louisiana,LA,St. James,,10,1,20192,10011
22095,Louisiana,LA,St. John the Baptist,24,24,1,42477,4982
22097,Louisiana,LA,St. Landry,59,57,4,82540,48860
22099,Louisiana,LA,St. Martin,32,32,2,51767,27027
22101,Louisiana,LA,St. Mary,31,30,4,49406,9643
22103,Louisiana,LA,St. Tammany,138,132,2,264570,60804
22105,Louisiana,LA,Tangipahoa,64,62,3,133157,61235
22107,Louisiana,LA,Tensas,,,9,4147,4147
22109,Louisiana,LA,Terrebonne,51,52,3,109580,22686
22111,Louisiana,LA,Union,13,12,3,21107,21107
22113,Louisiana,LA,Vermilion,27,30,2,57359,32083
22115,Louisiana,LA,Vernon,25,26,4,48750,28192
22117,Louisiana,LA,Washington,37,35,6,45463,34444
22119,Louisiana,LA,Webster,35,39,6,36967,18377
22121,Louisiana,LA,West Baton Rouge,12,,2,27199,7100
22123,Louisiana,LA,West Carroll,,,8,9751,9751
22125,Louisiana,LA,West Feliciana,,,2,15310,15310
22127,Louisiana,LA,Winn,,11,8,13755,9084
23001,Maine,ME,Androscoggin,49,52,3,111139,50396
23003,Maine,ME,Aroostook,48,50,7,67105,57463
23005,Maine,ME,Cumberland,129,121,2,303069,114092
23007,Maine,ME,Franklin,16,16,8,29456,29456
23009,Maine,ME,Hancock,24,26,8,55478,55478
23011,Maine,ME,Kennebec,67,69,4,123642,76946
23013,Maine,ME,Knox,20,19,7,40607,26079
23015,Maine,ME,Lincoln,18,23,8,35237,32170
23017,Maine,ME,Oxford,29,29,6,57777,47821
23019,Maine,ME,Penobscot,67,63,3,152199,86848
23021,Maine,ME,Piscataquis,12,11,8,16800,16800
23023,Maine,ME,Sagadahoc,16,17,2,36699,22528
23025,Maine,ME,Somerset,23,28,6,50477,42844
23027,Maine,ME,Waldo,23,27,8,39607,35853
23029,Maine,ME,Washington,20,24,9,31095,31095
23031,Maine,ME,York,92,86,2,211972,110181
24001,Maryland,MD,Allegany,47,51,4,68106,23827
24003,Maryland,MD,Anne Arundel,383,396,1,588261,44016
24005,Maryland,MD,Baltimore,531,530,1,854535,60921
24009,Maryland,MD,Calvert,43,41,3,92783,57424
24011,Maryland,MD,Caroline,21,16,6,33293,28284
24013,Maryland,MD,Carroll,74,74,1,172891,73027
24015,Maryland,MD,Cecil,75,73,1,103725,50149
24017,Maryland,MD,Charles,83,81,1,166617,47344
24019,Maryland,MD,Dorchester,34,30,6,32531,17553
24021,Maryland,MD,Frederick,129,124,1,271717,74834
24023,Maryland,MD,Garrett,12,12,8,28806,24258
24025,Maryland,MD,Harford,134,131,1,260924,54608
24027,Maryland,MD,Howard,141,137,1,332317,39471
24029,Maryland,MD,Kent,16,11,6,19198,13367
24031,Maryland,MD,Montgomery,433,391,1,1062061,28457
24033,Maryland,MD,Prince George's,486,481,1,967201,23547
24035,Maryland,MD,Queen Anne's,21,22,1,49874,29439
24037,Maryland,MD,St. Mary's,45,45,3,113777,64562
24039,Maryland,MD,Somerset,22,20,3,24620,14705
24041,Maryland,MD,Talbot,21,20,6,37526,19493
24043,Maryland,MD,Washington,75,79,2,154705,49857
24045,Maryland,MD,Wicomico,92,100,3,103588,27834
24047,Maryland,MD,Worcester,61,63,4,52460,21487
24510,Maryland,MD,Baltimore City,384,384,1,585708,0
25001,Massachusetts,MA,Barnstable,135,143,3,228996,6397
25003,Massachusetts,MA,Berkshire,69,68,3,129026,44755
25005,Massachusetts,MA,Bristol,220,216,1,579200,60491
25007,Massachusetts,MA,Dukes,10,,7,20600,6536
25009,Massachusetts,MA,Essex,292,270,1,809829,41743
25011,Massachusetts,MA,Franklin,27,25,4,71029,38962
25013,Massachusetts,MA,Hampden,195,196,2,465825,44381
25015,Massachusetts,MA,Hampshire,54,55,3,162308,46334
25017,Massachusetts,MA,Middlesex,433,421,1,1632002,57736
25019,Massachusetts,MA,Nantucket,,,7,14255,2244
25021,Massachusetts,MA,Norfolk,265,262,1,725981,14681
25023,Massachusetts,MA,Plymouth,200,186,1,530819,66167
25025,Massachusetts,MA,Suffolk,201,201,1,797936,36
25027,Massachusetts,MA,Worcester,250,256,2,862111,182559
26001,Michigan,MI,Alcona,11,10,9,10167,9446
26003,Michigan,MI,Alger,,,9,8842,8842
26005,Michigan,MI,Allegan,56,50,4,120502,81433
26007,Michigan,MI,Alpena,22,24,7,28907,13482
26009,Michigan,MI,Antrim,20,25,8,23431,23431
26011,Michigan,MI,Arenac,10,10,8,15002,13133
26013,Michigan,MI,Baraga,,,9,8158,8158
26015,Michigan,MI,Barry,37,34,1,62423,54382
26017,Michigan,MI,Bay,55,54,3,103856,30055
26019,Michigan,MI,Benzie,12,12,3,17970,15367
26021,Michigan,MI,Berrien,142,146,3,154316,46444
26023,Michigan,MI,Branch,26,24,6,44862,31141
26025,Michigan,MI,Calhoun,85,89,3,134310,43439
26027,Michigan,MI,Cass,36,38,2,51589,38229
26029,Michigan,MI,Charlevoix,22,26,7,26054,18186
26031,Michigan,MI,Cheboygan,21,17,7,25579,20169
26033,Michigan,MI,Chippewa,16,18,7,36785,18808
26035,Michigan,MI,Clare,30,33,8,30856,27060
26037,Michigan,MI,Clinton,38,34,2,79128,40608
26039,Michigan,MI,Crawford,10,,9,12988,12967
26041,Michigan,MI,Delta,20,23,5,36903,15744
26043,Michigan,MI,Dickinson,20,19,7,25947,9146
26045,Michigan,MI,Eaton,70,74,2,109175,41470
26047,Michigan,MI,Emmet,26,25,7,34112,21535
26049,Michigan,MI,Genesee,264,268,2,406211,73927
26051,Michigan,MI,Gladwin,21,20,8,25386,25386
26053,Michigan,MI,Gogebic,,,7,14380,9215
26055,Michigan,MI,Grand Traverse,94,88,3,95238,41117
26057,Michigan,MI,Gratiot,22,22,6,41761,24344
26059,Michigan,MI,Hillsdale,25,27,6,45746,35104
26061,Michigan,MI,Houghton,21,20,5,37361,16891
26063,Michigan,MI,Huron,15,18,9,31407,31407
26065,Michigan,MI,Ingham,143,137,2,284900,41503
26067,Michigan,MI,Ionia,34,32,1,66804,40762
26069,Michigan,MI,Iosco,24,22,7,25237,12556
26071,Michigan,MI,Iron,13,16,9,11631,11631
26073,Michigan,MI,Isabella,34,33,4,64394,33656
26075,Michigan,MI,Jackson,93,90,3,160366,75828
26077,Michigan,MI,Kalamazoo,113,104,2,261670,56622
26079,Michigan,MI,Kalkaska,12,10,3,17939,17939
26081,Michigan,MI,Kent,296,268,1,657974,106517
26083,Michigan,MI,Keweenaw,,,9,2046,2046
26085,Michigan,MI,Lake,,10,9,12096,12096
26087,Michigan,MI,Lapeer,61,63,1,88619,76168
26089,Michigan,MI,Leelanau,23,21,3,22301,19532
26091,Michigan,MI,Lenawee,54,51,4,99423,56533
26093,Michigan,MI,Livingston,104,98,1,193866,76602
26095,Michigan,MI,Luce,,,9,5339,5339
26097,Michigan,MI,Mackinac,,,9,10834,8090
26099,Michigan,MI,Macomb,498,503,1,881217,28287
26101,Michigan,MI,Manistee,23,21,6,25032,16939
26103,Michigan,MI,Marquette,29,32,5,66017,30037
26105,Michigan,MI,Mason,19,19,7,29052,17169
26107,Michigan,MI,Mecosta,27,30,6,39714,29578
26109,Michigan,MI,Menominee,11,10,7,23502,14846
26111,Michigan,MI,Midland,48,50,3,83494,36083
26113,Michigan,MI,Missaukee,14,13,8,15052,15052
26115,Michigan,MI,Monroe,87,87,3,154809,58396
26117,Michigan,MI,Montcalm,38,36,1,66614,56349
26119,Michigan,MI,Montmorency,,,9,9153,9153
26121,Michigan,MI,Muskegon,103,101,3,175824,45738
26123,Michigan,MI,Newaygo,30,30,6,49978,44813
26125,Michigan,MI,Oakland,727,780,1,1274395,70630
26127,Michigan,MI,Oceana,14,16,8,26659,26659
26129,Michigan,MI,Ogemaw,13,13,9,20770,20770
26131,Michigan,MI,Ontonagon,,,9,5816,5816
26133,Michigan,MI,Osceola,17,20,9,22891,22891
26135,Michigan,MI,Oscoda,,,9,8219,8219
26137,Michigan,MI,Otsego,22,21,7,25091,16615
26139,Michigan,MI,Ottawa,119,120,1,296200,62791
26141,Michigan,MI,Presque Isle,,,9,12982,12982
26143,Michigan,MI,Roscommon,18,20,7,23459,10292
26145,Michigan,MI,Saginaw,125,117,3,190124,62009
26147,Michigan,MI,St. Clair,89,90,1,160383,63361
26149,Michigan,MI,St. Joseph,54,48,4,60939,38830
26151,Michigan,MI,Sanilac,24,23,8,40611,38030
26153,Michigan,MI,Schoolcraft,,,9,8047,8047
26155,Michigan,MI,Shiawassee,45,49,4,68094,40709
26157,Michigan,MI,Tuscola,26,29,6,53323,47940
26159,Michigan,MI,Van Buren,47,47,6,75587,58997
26161,Michigan,MI,Washtenaw,153,159,2,372258,64009
26163,Michigan,MI,Wayne,1024,1019,1,1793561,16085
26165,Michigan,MI,Wexford,33,36,6,33673,21465
27001,Minnesota,MN,Aitkin,12,10,8,15697,15697
27003,Minnesota,MN,Anoka,124,129,1,363887,57867
27005,Minnesota,MN,Becker,15,15,6,35183,24949
27007,Minnesota,MN,Beltrami,16,19,7,46228,31379
27009,Minnesota,MN,Benton,19,22,3,41379,18635
27011,Minnesota,MN,Big Stone,,,9,5166,5166
27013,Minnesota,MN,Blue Earth,36,30,3,69112,23203
27015,Minnesota,MN,Brown,14,15,6,25912,12477
27017,Minnesota,MN,Carlton,21,20,2,36207,22994
27019,Minnesota,MN,Carver,36,33,1,106922,26357
27021,Minnesota,MN,Cass,15,11,9,30066,30066
27023,Minnesota,MN,Chippewa,10,13,7,12598,7207
27025,Minnesota,MN,Chisago,21,19,1,56621,37175
27027,Minnesota,MN,Clay,20,21,3,65318,16847
27029,Minnesota,MN,Clearwater,,,8,8524,8524
27031,Minnesota,MN,Cook,,,9,5600,5600
27033,Minnesota,MN,Cottonwood,,,9,11517,11517
27035,Minnesota,MN,Crow Wing,32,31,4,66123,45436
27037,Minnesota,MN,Dakota,159,142,1,439882,21911
27039,Minnesota,MN,Dodge,,,3,20867,13218
27041,Minnesota,MN,Douglas,23,22,6,39006,20049
27043,Minnesota,MN,Faribault,,,8,13921,13921
27045,Minnesota,MN,Fillmore,,,3,21228,21228
27047,Minnesota,MN,Freeborn,19,17,7,30895,12903
27049,Minnesota,MN,Goodhue,20,22,6,47582,31838
27051,Minnesota,MN,Grant,,,9,6074,6074
27053,Minnesota,MN,Hennepin,466,477,1,1281565,30605
27055,Minnesota,MN,Houston,,,3,18843,13382
27057,Minnesota,MN,Hubbard,,,9,21344,21344
27059,Minnesota,MN,Isanti,21,21,1,41135,24386
27061,Minnesota,MN,Itasca,32,31,6,45014,34666
27063,Minnesota,MN,Jackson,,,9,9989,9989
27065,Minnesota,MN,Kanabec,,,8,16032,16032
27067,Minnesota,MN,Kandiyohi,15,23,4,43732,18788
27069,Minnesota,MN,Kittson,,,9,4207,4207
27071,Minnesota,MN,Koochiching,,10,7,12062,5487
27073,Minnesota,MN,Lac qui Parle,,,9,6719,6719
27075,Minnesota,MN,Lake,,,8,10905,10905
27077,Minnesota,MN,Lake of the Woods,,,9,3763,3763
27079,Minnesota,MN,Le Sueur,,,1,28674,24595
27081,Minnesota,MN,Lincoln,,,9,5640,5640
27083,Minnesota,MN,Lyon,12,,7,25269,11761
27085,Minnesota,MN,McLeod,22,21,4,36771,16363
27087,Minnesota,MN,Mahnomen,,,8,5411,5411
27089,Minnesota,MN,Marshall,,,8,9040,9040
27091,Minnesota,MN,Martin,13,12,6,20025,11638
27093,Minnesota,MN,Meeker,13,15,6,23400,16831
27095,Minnesota,MN,Mille Lacs,13,15,1,26459,21656
27097,Minnesota,MN,Morrison,17,17,6,34010,24599
27099,Minnesota,MN,Mower,17,20,4,40029,14550
27101,Minnesota,MN,Murray,,,9,8179,8179
27103,Minnesota,MN,Nicollet,21,19,3,34454,8686
27105,Minnesota,MN,Nobles,,,7,22290,8490
27107,Minnesota,MN,Norman,,,8,6441,6441
27109,Minnesota,MN,Olmsted,51,52,3,162847,28284
27111,Minnesota,MN,Otter Tail,35,35,6,60081,46815
27113,Minnesota,MN,Pennington,,,6,13992,5100
27115,Minnesota,MN,Pine,13,14,8,28876,28876
27117,Minnesota,MN,Pipestone,,,8,9424,9424
27119,Minnesota,MN,Polk,14,16,3,31192,14515
27121,Minnesota,MN,Pope,,,8,11308,7106
27123,Minnesota,MN,Ramsey,257,258,1,552352,111
27125,Minnesota,MN,Red Lake,,,8,3935,3935
27127,Minnesota,MN,Redwood,,,9,15425,10817
27129,Minnesota,MN,Renville,11,10,9,14723,14723
27131,Minnesota,MN,Rice,28,27,4,67097,21597
27133,Minnesota,MN,Rock,,,2,9704,4896
27135,Minnesota,MN,Roseau,,11,9,15331,15331
27137,Minnesota,MN,St. Louis,120,119,2,200231,78666
27139,Minnesota,MN,Scott,45,40,1,150928,27321
27141,Minnesota,MN,Sherburne,29,31,1,97183,49494
27143,Minnesota,MN,Sibley,,,8,14836,14836
27145,Minnesota,MN,Stearns,53,55,3,158292,60133
27147,Minnesota,MN,Steele,12,13,5,37406,11128
27149,Minnesota,MN,Stevens,,,7,9671,4641
27151,Minnesota,MN,Swift,,,9,9838,9838
27153,Minnesota,MN,Todd,11,,8,25262,25116
27155,Minnesota,MN,Traverse,,,9,3360,3360
27157,Minnesota,MN,Wabasha,11,,3,21387,17362
27159,Minnesota,MN,Wadena,11,11,9,14065,10105
27161,Minnesota,MN,Waseca,,,6,18968,9757
27163,Minnesota,MN,Washington,113,107,1,267568,35764
27165,Minnesota,MN,Watonwan,,,8,11253,11253
27167,Minnesota,MN,Wilkin,,,8,6506,3120
27169,Minnesota,MN,Winona,26,22,4,49671,20038
27171,Minnesota,MN,Wright,46,40,1,141337,55359
27173,Minnesota,MN,Yellow Medicine,,,9,9528,9528
28001,Mississippi,MS,Adams,25,23,7,29538,10775
28003,Mississippi,MS,Alcorn,26,30,7,34740,22276
28005,Mississippi,MS,Amite,,,8,12720,12720
28007,Mississippi,MS,Attala,16,15,6,17889,11173
28009,Mississippi,MS,Benton,,,1,7646,7646
28011,Mississippi,MS,Bolivar,28,26,7,30985,16639
28013,Mississippi,MS,Calhoun,12,11,9,13266,13266
28015,Mississippi,MS,Carroll,,,8,9998,9998
28017,Mississippi,MS,Chickasaw,15,12,9,17106,17106
28019,Mississippi,MS,Choctaw,,,9,8246,8246
28021,Mississippi,MS,Claiborne,,,8,9135,9135
28023,Mississippi,MS,Clarke,17,16,9,15615,15615
28025,Mississippi,MS,Clay,17,13,7,18636,10502
28027,Mississippi,MS,Coahoma,20,20,6,21390,6982
28029,Mississippi,MS,Copiah,19,17,2,28368,23311
28031,Mississippi,MS,Covington,14,15,8,18340,18340
28033,Mississippi,MS,DeSoto,84,88,1,185314,40586
28035,Mississippi,MS,Forrest,42,46,3,78158,27040
28037,Mississippi,MS,Franklin,,,9,7675,7675
28039,Mississippi,MS,George,18,16,8,24350,24350
28041,Mississippi,MS,Greene,,,8,13530,13530
28043,Mississippi,MS,Grenada,17,17,7,21629,11353
28045,Mississippi,MS,Hancock,32,33,2,46053,17620
28047,Mississippi,MS,Harrison,109,123,2,208621,40000
28049,Mississippi,MS,Hinds,169,170,2,227742,40037
28051,Mississippi,MS,Holmes,15,16,2,17000,17000
28053,Mississippi,MS,Humphreys,,,8,7785,7785
28055,Mississippi,MS,Issaquena,,,9,1338,1338
28057,Mississippi,MS,Itawamba,16,15,9,23863,23863
28059,Mississippi,MS,Jackson,91,91,2,143252,43464
28061,Mississippi,MS,Jasper,15,18,8,16367,16367
28063,Mississippi,MS,Jefferson,,,9,7260,7260
28065,Mississippi,MS,Jefferson Davis,13,13,8,11321,11321
28067,Mississippi,MS,Jones,62,61,4,67246,42045
28069,Mississippi,MS,Kemper,,,9,8988,8988
28071,Mississippi,MS,Lafayette,28,30,4,55813,22295
28073,Mississippi,MS,Lamar,20,23,3,64222,34519
28075,Mississippi,MS,Lauderdale,55,57,5,72984,39175
28077,Mississippi,MS,Lawrence,,10,8,12016,12016
28079,Mississippi,MS,Leake,16,17,8,21275,21275
28081,Mississippi,MS,Lee,60,59,5,83343,43110
28083,Mississippi,MS,Leflore,26,32,6,28339,8864
28085,Mississippi,MS,Lincoln,25,23,6,34907,24755
28087,Mississippi,MS,Lowndes,40,42,5,58879,31984
28089,Mississippi,MS,Madison,63,61,2,109145,28113
28091,Mississippi,MS,Marion,17,19,6,24441,18205
28093,Mississippi,MS,Marshall,17,20,1,33752,28193
28095,Mississippi,MS,Monroe,26,28,7,34180,28203
28097,Mississippi,MS,Montgomery,12,12,9,9822,9822
28099,Mississippi,MS,Neshoba,24,21,7,29087,21973
28101,Mississippi,MS,Newton,13,15,8,21291,21291
28103,Mississippi,MS,Noxubee,,,9,10285,10285
28105,Mississippi,MS,Oktibbeha,24,28,5,51788,18976
28107,Mississippi,MS,Panola,21,19,6,33208,26935
28109,Mississippi,MS,Pearl River,34,36,6,56145,39844
28111,Mississippi,MS,Perry,,,3,11511,11511
28113,Mississippi,MS,Pike,29,28,6,40324,24997
28115,Mississippi,MS,Pontotoc,21,18,9,31184,31184
28117,Mississippi,MS,Prentiss,16,15,7,25008,18570
28119,Mississippi,MS,Quitman,,,8,6176,6176
28121,Mississippi,MS,Rankin,78,79,2,157031,51818
28123,Mississippi,MS,Scott,12,14,2,27990,27990
28125,Mississippi,MS,Sharkey,,,8,3800,3800
28127,Mississippi,MS,Simpson,13,16,2,25949,25949
28129,Mississippi,MS,Smith,12,10,8,14209,14209
28131,Mississippi,MS,Stone,,,2,18333,18333
28133,Mississippi,MS,Sunflower,23,22,7,25971,16630
28135,Mississippi,MS,Tallahatchie,,,9,12715,12715
28137,Mississippi,MS,Tate,13,11,1,28064,21247
28139,Mississippi,MS,Tippah,14,14,8,21815,21815
28141,Mississippi,MS,Tishomingo,16,16,8,18850,18850
28143,Mississippi,MS,Tunica,,,1,9782,9782
28145,Mississippi,MS,Union,18,16,7,27777,21014
28147,Mississippi,MS,Walthall,10,10,9,13884,13884
28149,Mississippi,MS,Warren,34,29,4,44722,19005
28151,Mississippi,MS,Washington,33,37,5,44922,15655
28153,Mississippi,MS,Wayne,16,15,9,19779,19779
28155,Mississippi,MS,Webster,,,9,9926,9926
28157,Mississippi,MS,Wilkinson,,,8,8587,8587
28159,Mississippi,MS,Winston,11,14,9,17714,17714
28161,Mississippi,MS,Yalobusha,,,9,12481,12481
28163,Mississippi,MS,Yazoo,20,20,2,26743,11683
29001,Missouri,MO,Adair,,11,7,25314,8468
29003,Missouri,MO,Andrew,,,3,18135,10956
29005,Missouri,MO,Atchison,,,9,5305,5305
29007,Missouri,MO,Audrain,12,14,6,24962,13611
29009,Missouri,MO,Barry,15,16,6,34534,28496
29011,Missouri,MO,Barton,,11,8,11637,11637
29013,Missouri,MO,Bates,11,11,1,16042,16042
29015,Missouri,MO,Benton,19,17,9,19394,19394
29017,Missouri,MO,Bollinger,,,3,10567,10567
29019,Missouri,MO,Boone,60,59,3,183610,41779
29021,Missouri,MO,Buchanan,49,53,3,84793,11659
29023,Missouri,MO,Butler,25,24,5,42130,21681
29025,Missouri,MO,Caldwell,,,1,8815,8815
29027,Missouri,MO,Callaway,21,20,3,44283,26620
29029,Missouri,MO,Camden,28,24,7,42745,24045
29031,Missouri,MO,Cape Girardeau,36,40,3,81710,26311
29033,Missouri,MO,Carroll,,,8,8495,8495
29035,Missouri,MO,Carter,,,9,5202,5202
29037,Missouri,MO,Cass,54,58,1,107824,31982
29039,Missouri,MO,Cedar,13,12,8,14188,14188
29041,Missouri,MO,Chariton,,,8,7408,7408
29043,Missouri,MO,Christian,40,34,2,88842,37535
29045,Missouri,MO,Clark,,,9,6634,6634
29047,Missouri,MO,Clay,102,99,1,253335,20500
29049,Missouri,MO,Clinton,13,10,1,21184,16052
29051,Missouri,MO,Cole,29,25,3,77279,26504
29053,Missouri,MO,Cooper,,,3,17103,9069
29055,Missouri,MO,Crawford,16,16,8,23056,21489
29057,Missouri,MO,Dade,,,8,7569,7569
29059,Missouri,MO,Dallas,,12,2,17071,17071
29061,Missouri,MO,Daviess,,,8,8430,8430
29063,Missouri,MO,DeKalb,,,3,11029,7711
29065,Missouri,MO,Dent,,11,9,14421,9737
29067,Missouri,MO,Douglas,10,11,8,11578,11578
29069,Missouri,MO,Dunklin,27,30,7,28283,17723
29071,Missouri,MO,Franklin,51,52,1,104682,57564
29073,Missouri,MO,Gasconade,13,12,8,14794,14794
29075,Missouri,MO,Gentry,,,8,6162,6162
29077,Missouri,MO,Greene,129,130,2,298915,42271
29079,Missouri,MO,Grundy,,,7,9808,4382
29081,Missouri,MO,Harrison,,,9,8157,8157
29083,Missouri,MO,Henry,14,15,6,21946,13080
29085,Missouri,MO,Hickory,10,,8,8279,8279
29087,Missouri,MO,Holt,,,8,4223,4223
29089,Missouri,MO,Howard,,,3,10151,10151
29091,Missouri,MO,Howell,32,33,7,39750,27898
29093,Missouri,MO,Iron,,,9,9537,9537
29095,Missouri,MO,Jackson,325,329,1,717204,30617
29097,Missouri,MO,Jasper,61,61,3,122761,28808
29099,Missouri,MO,Jefferson,96,95,1,226739,78841
29101,Missouri,MO,Johnson,19,19,4,54013,28502
29103,Missouri,MO,Knox,,,9,3744,3744
29105,Missouri,MO,Laclede,31,33,6,36039,21329
29107,Missouri,MO,Lafayette,16,16,1,32984,22863
29109,Missouri,MO,Lawrence,18,21,6,38001,27182
29111,Missouri,MO,Lewis,,,9,10032,10032
29113,Missouri,MO,Lincoln,30,26,1,59574,42905
29115,Missouri,MO,Linn,,,9,11874,8005
29117,Missouri,MO,Livingston,,,7,14557,5435
29119,Missouri,MO,McDonald,14,15,8,23303,23278
29121,Missouri,MO,Macon,10,11,7,15209,9850
29123,Missouri,MO,Madison,,,9,12626,7640
29125,Missouri,MO,Maries,,,8,8432,8432
29127,Missouri,MO,Marion,20,17,7,28525,11111
29129,Missouri,MO,Mercer,,,9,3538,3538
29131,Missouri,MO,Miller,13,14,6,24722,18903
29133,Missouri,MO,Mississippi,11,12,8,12577,12577
29135,Missouri,MO,Moniteau,11,11,3,15473,15473
29137,Missouri,MO,Monroe,,,9,8666,8666
29139,Missouri,MO,Montgomery,,,8,11322,11322
29141,Missouri,MO,Morgan,11,12,8,21006,21006
29143,Missouri,MO,New Madrid,16,16,9,16434,14368
29145,Missouri,MO,Newton,37,33,3,58648,37082
29147,Missouri,MO,Nodaway,,,6,21241,10029
29149,Missouri,MO,Oregon,,,9,8635,8635
29151,Missouri,MO,Osage,,,3,13274,13274
29153,Missouri,MO,Ozark,,,9,8553,8553
29155,Missouri,MO,Pemiscot,,,7,15661,10342
29157,Missouri,MO,Perry,12,,6,18956,10894
29159,Missouri,MO,Pettis,21,26,5,42980,16937
29161,Missouri,MO,Phelps,21,23,5,44638,24028
29163,Missouri,MO,Pike,11,10,8,17587,17587
29165,Missouri,MO,Platte,41,38,1,106718,14558
29167,Missouri,MO,Polk,22,22,2,31519,21195
29169,Missouri,MO,Pulaski,17,18,5,53955,22283
29171,Missouri,MO,Putnam,,,9,4681,4681
29173,Missouri,MO,Ralls,,,9,10355,10097
29175,Missouri,MO,Randolph,11,12,6,24716,12553
29177,Missouri,MO,Ray,16,15,1,23158,17153
29179,Missouri,MO,Reynolds,,,9,6096,6096
29181,Missouri,MO,Ripley,,,9,10679,10679
29183,Missouri,MO,St. Charles,172,163,1,405262,22932
29185,Missouri,MO,St. Clair,,,8,9284,9284
29186,Missouri,MO,Ste. Genevieve,,10,8,18479,13491
29187,Missouri,MO,St. Francois,29,35,4,66922,27422
29189,Missouri,MO,St. Louis,585,605,1,1004125,13602
29195,Missouri,MO,Saline,11,10,7,23333,9862
29197,Missouri,MO,Schuyler,,,9,4032,4032
29199,Missouri,MO,Scotland,,,9,4716,4716
29201,Missouri,MO,Scott,26,26,4,38059,17506
29203,Missouri,MO,Shannon,,,9,7031,7031
29205,Missouri,MO,Shelby,,,9,6103,6103
29207,Missouri,MO,Stoddard,25,22,6,28672,19037
29209,Missouri,MO,Stone,21,19,6,31076,25771
29211,Missouri,MO,Sullivan,,,9,5999,5999
29213,Missouri,MO,Taney,23,23,4,56066,20841
29215,Missouri,MO,Texas,24,23,9,24487,24336
29217,Missouri,MO,Vernon,13,16,6,19707,11178
29219,Missouri,MO,Warren,14,13,1,35532,26134
29221,Missouri,MO,Washington,13,11,8,23514,23514
29223,Missouri,MO,Wayne,12,10,9,10974,10974
29225,Missouri,MO,Webster,20,22,2,39085,31548
29227,Missouri,MO,Worth,,,9,1973,1973
29229,Missouri,MO,Wright,11,12,8,18188,14120
29510,Missouri,MO,St. Louis City,146,158,1,301578,0
30001,Montana,MT,Beaverhead,,,9,9371,4942
30003,Montana,MT,Big Horn,,,8,13124,13124
30005,Montana,MT,Blaine,,,9,7044,7044
30007,Montana,MT,Broadwater,,,3,6774,6774
30009,Montana,MT,Carbon,,,3,10473,10473
30011,Montana,MT,Carter,,,9,1415,1415
30013,Montana,MT,Cascade,25,26,3,84414,17317
30015,Montana,MT,Chouteau,,,8,5895,5895
30017,Montana,MT,Custer,,,7,11867,2640
30019,Montana,MT,Daniels,,,9,1661,1661
30021,Montana,MT,Dawson,,,7,8940,2265
30023,Montana,MT,Deer Lodge,,,7,9421,2724
30025,Montana,MT,Fallon,,,9,3049,3049
30027,Montana,MT,Fergus,,,7,11446,5422
30029,Montana,MT,Flathead,40,46,5,104357,53739
30031,Montana,MT,Gallatin,29,24,3,118960,41346
30033,Montana,MT,Garfield,,,9,1173,1173
30035,Montana,MT,Glacier,,,9,13778,13778
30037,Montana,MT,Golden Valley,,,8,823,823
30039,Montana,MT,Granite,,,8,3309,3309
30041,Montana,MT,Hill,,,7,16309,6483
30043,Montana,MT,Jefferson,,,3,12085,12085
30045,Montana,MT,Judith Basin,,,8,2023,2023
30047,Montana,MT,Lake,11,13,6,31134,25570
30049,Montana,MT,Lewis and Clark,32,30,3,70973,18593
30051,Montana,MT,Liberty,,,9,1959,1959
30053,Montana,MT,Lincoln,13,11,9,19677,15336
30055,Montana,MT,McCone,,,9,1729,1729
30057,Montana,MT,Madison,,,8,8623,8623
30059,Montana,MT,Meagher,,,8,1927,1927
30061,Montana,MT,Mineral,,,3,4535,4535
30063,Montana,MT,Missoula,39,42,3,117922,29813
30065,Montana,MT,Musselshell,,,8,4730,4730
30067,Montana,MT,Park,,,6,17191,7841
30069,Montana,MT,Petroleum,,,9,496,496
30071,Montana,MT,Phillips,,,9,4217,4217
30073,Montana,MT,Pondera,,,9,5898,5898
30075,Montana,MT,Powder River,,,9,1694,1694
30077,Montana,MT,Powell,,,8,6946,6946
30079,Montana,MT,Prairie,,,9,1088,1088
30081,Montana,MT,Ravalli,25,22,6,44174,37304
30083,Montana,MT,Richland,,,7,11491,4969
30085,Montana,MT,Roosevelt,,,9,10794,10794
30087,Montana,MT,Rosebud,,,8,8329,8329
30089,Montana,MT,Sanders,,,8,12400,12400
30091,Montana,MT,Sheridan,,,9,3539,3539
30093,Montana,MT,Silver Bow,16,13,5,35133,4875
30095,Montana,MT,Stillwater,,,3,8963,8963
30097,Montana,MT,Sweet Grass,,,8,3678,3678
30099,Montana,MT,Teton,,,8,6226,6226
30101,Montana,MT,Toole,,,9,4971,4971
30103,Montana,MT,Treasure,,,8,762,762
30105,Montana,MT,Valley,,,9,7578,7578
30107,Montana,MT,Wheatland,,,9,2069,2069
30109,Montana,MT,Wibaux,,,9,937,937
30111,Montana,MT,Yellowstone,60,68,3,164731,27155
31001,Nebraska,NE,Adams,12,10,4,31205,6398
31003,Nebraska,NE,Antelope,,,9,6295,6295
31005,Nebraska,NE,Arthur,,,9,434,434
31007,Nebraska,NE,Banner,,,8,674,674
31009,Nebraska,NE,Blaine,,,9,431,431
31011,Nebraska,NE,Boone,,,9,5379,5379
31013,Nebraska,NE,Box Butte,,,7,10842,2723
31015,Nebraska,NE,Boyd,,,9,1810,1810
31017,Nebraska,NE,Brown,,,9,2903,2903
31019,Nebraska,NE,Buffalo,19,19,4,50084,15558
31021,Nebraska,NE,Burt,,,8,6722,6722
31023,Nebraska,NE,Butler,,,8,8369,8369
31025,Nebraska,NE,Cass,13,15,2,26598,19943
31027,Nebraska,NE,Cedar,,,9,8380,8380
31029,Nebraska,NE,Chase,,,9,3893,3893
31031,Nebraska,NE,Cherry,,,9,5455,5455
31033,Nebraska,NE,Cheyenne,,,7,9468,3236
31035,Nebraska,NE,Clay,,,9,6104,6104
31037,Nebraska,NE,Colfax,,,7,10582,4060
31039,Nebraska,NE,Cuming,,,9,9013,9013
31041,Nebraska,NE,Custer,,,9,10545,10545
31043,Nebraska,NE,Dakota,,10,3,21582,4447
31045,Nebraska,NE,Dawes,,,9,8199,3269
31047,Nebraska,NE,Dawson,,,7,24111,13673
31049,Nebraska,NE,Deuel,,,9,1838,1838
31051,Nebraska,NE,Dixon,,,8,5606,5606
31053,Nebraska,NE,Dodge,19,19,4,37167,8875
31055,Nebraska,NE,Douglas,216,222,2,584526,14240
31057,Nebraska,NE,Dundy,,,9,1654,1654
31059,Nebraska,NE,Fillmore,,,8,5551,5551
31061,Nebraska,NE,Franklin,,,9,2889,2889
31063,Nebraska,NE,Frontier,,,9,2519,2519
31065,Nebraska,NE,Furnas,,,9,4636,4636
31067,Nebraska,NE,Gage,12,13,6,21704,9562
31069,Nebraska,NE,Garden,,,9,1874,1874
31071,Nebraska,NE,Garfield,,,9,1813,1813
31073,Nebraska,NE,Gosper,,,9,1893,1893
31075,Nebraska,NE,Grant,,,9,611,611
31077,Nebraska,NE,Greeley,,,8,2188,2188
31079,Nebraska,NE,Hall,25,27,3,62895,7796
31081,Nebraska,NE,Hamilton,,,8,9429,9429
31083,Nebraska,NE,Harlan,,,9,3073,3073
31085,Nebraska,NE,Hayes,,,9,856,856
31087,Nebraska,NE,Hitchcock,,,9,2616,2616
31089,Nebraska,NE,Holt,,,9,10127,10127
31091,Nebraska,NE,Hooker,,,9,711,711
31093,Nebraska,NE,Howard,,,3,6475,6475
31095,Nebraska,NE,Jefferson,,,9,7240,3229
31097,Nebraska,NE,Johnson,,,8,5290,5290
31099,Nebraska,NE,Kearney,,,9,6688,6688
31101,Nebraska,NE,Keith,,,9,8335,3614
31103,Nebraska,NE,Keya Paha,,,9,769,769
31105,Nebraska,NE,Kimball,,,8,3434,3434
31107,Nebraska,NE,Knox,,,9,8391,8391
31109,Nebraska,NE,Lancaster,133,129,2,322608,31391
31111,Nebraska,NE,Lincoln,22,25,5,34676,11094
31113,Nebraska,NE,Logan,,,9,716,716
31115,Nebraska,NE,Loup,,,9,607,607
31117,Nebraska,NE,McPherson,,,9,399,399
31119,Nebraska,NE,Madison,17,16,5,35585,9736
31121,Nebraska,NE,Merrick,,,3,7668,7668
31123,Nebraska,NE,Morrill,,,9,4555,4555
31125,Nebraska,NE,Nance,,,8,3380,3380
31127,Nebraska,NE,Nemaha,,,9,7074,7074
31129,Nebraska,NE,Nuckolls,,,9,4095,4095
31131,Nebraska,NE,Otoe,10,12,6,15912,8892
31133,Nebraska,NE,Pawnee,,,9,2544,2544
31135,Nebraska,NE,Perkins,,,9,2858,2858
31137,Nebraska,NE,Phelps,,,7,8968,3514
31139,Nebraska,NE,Pierce,,,9,7317,7317
31141,Nebraska,NE,Platte,21,17,5,34296,9458
31143,Nebraska,NE,Polk,,,8,5214,5214
31145,Nebraska,NE,Red Willow,,,7,10702,3307
31147,Nebraska,NE,Richardson,,,9,7871,3738
31149,Nebraska,NE,Rock,,,9,1262,1262
31151,Nebraska,NE,Saline,,,6,14292,7333
31153,Nebraska,NE,Sarpy,59,59,2,190604,9829
31155,Nebraska,NE,Saunders,11,16,2,22278,17496
31157,Nebraska,NE,Scotts Bluff,17,18,5,36084,10980
31159,Nebraska,NE,Seward,10,,2,17609,10136
31161,Nebraska,NE,Sheridan,,,9,5127,5127
31163,Nebraska,NE,Sherman,,,8,2959,2959
31165,Nebraska,NE,Sioux,,,9,1135,1135
31167,Nebraska,NE,Stanton,,,9,5842,4284
31169,Nebraska,NE,Thayer,,,9,5034,5034
31171,Nebraska,NE,Thomas,,,9,669,669
31173,Nebraska,NE,Thurston,,,8,6773,6773
31175,Nebraska,NE,Valley,,,9,4059,4059
31177,Nebraska,NE,Washington,,,2,20865,12864
31179,Nebraska,NE,Wayne,,,7,9697,3717
31181,Nebraska,NE,Webster,,,9,3395,3395
31183,Nebraska,NE,Wheeler,,,9,774,774
31185,Nebraska,NE,York,,12,6,14125,6157
32001,Nevada,NV,Churchill,15,13,6,25516,8763
32003,Nevada,NV,Clark,934,950,1,2265461,28747
32005,Nevada,NV,Douglas,38,39,4,49488,14713
32007,Nevada,NV,Elko,14,12,5,53702,27817
32009,Nevada,NV,Esmeralda,,,9,729,729
32011,Nevada,NV,Eureka,,,9,1855,1855
32013,Nevada,NV,Humboldt,,,7,17285,6739
32015,Nevada,NV,Lander,,,9,5734,5734
32017,Nevada,NV,Lincoln,,,8,4499,4499
32019,Nevada,NV,Lyon,28,30,2,59235,26434
32021,Nevada,NV,Mineral,,,8,4554,4554
32023,Nevada,NV,Nye,35,44,4,51591,14093
32027,Nevada,NV,Pershing,,,8,6650,6650
32029,Nevada,NV,Storey,,,2,4104,3658
32031,Nevada,NV,Washoe,285,289,2,486492,20295
32033,Nevada,NV,White Pine,,,9,9080,4625
32510,Nevada,NV,Carson City,42,46,3,58639,3506
33001,New Hampshire,NH,Belknap,28,28,4,63705,34690
33003,New Hampshire,NH,Carroll,29,27,6,50107,44835
33005,New Hampshire,NH,Cheshire,40,41,4,76458,52847
33007,New Hampshire,NH,Coos,17,19,7,31268,21610
33009,New Hampshire,NH,Grafton,51,49,5,91118,59842
33011,New Hampshire,NH,Hillsborough,154,149,2,422937,103354
33013,New Hampshire,NH,Merrimack,77,75,4,153808,84056
33015,New Hampshire,NH,Rockingham,123,118,1,314176,91143
33017,New Hampshire,NH,Strafford,46,44,1,130889,48084
33019,New Hampshire,NH,Sullivan,24,19,7,43063,33648
34001,New Jersey,NJ,Atlantic,104,109,2,274534,41002
34003,New Jersey,NJ,Bergen,348,358,1,955732,1157
34005,New Jersey,NJ,Burlington,232,245,1,461860,45122
34007,New Jersey,NJ,Camden,228,243,1,523485,6846
34009,New Jersey,NJ,Cape May,63,69,2,95263,17715
34011,New Jersey,NJ,Cumberland,77,79,3,154152,37753
34013,New Jersey,NJ,Essex,290,296,1,863728,119
34015,New Jersey,NJ,Gloucester,153,144,1,302294,34210
34017,New Jersey,NJ,Hudson,153,161,1,724854,0
34019,New Jersey,NJ,Hunterdon,41,41,1,128947,75237
34021,New Jersey,NJ,Mercer,141,147,2,387340,19669
34023,New Jersey,NJ,Middlesex,277,271,1,863162,8429
34025,New Jersey,NJ,Monmouth,309,324,1,643615,33010
34027,New Jersey,NJ,Morris,197,206,1,509285,43569
34029,New Jersey,NJ,Ocean,338,328,1,637229,23534
34031,New Jersey,NJ,Passaic,178,177,1,524118,14839
34033,New Jersey,NJ,Salem,37,43,1,64837,34466
34035,New Jersey,NJ,Somerset,139,135,1,345361,26011
34037,New Jersey,NJ,Sussex,48,58,1,144221,70144
34039,New Jersey,NJ,Union,220,230,1,575345,0
34041,New Jersey,NJ,Warren,48,46,2,109632,47383
35001,New Mexico,NM,Bernalillo,358,347,2,676444,26932
35003,New Mexico,NM,Catron,,,9,3579,3579
35005,New Mexico,NM,Chaves,19,20,5,65157,16326
35006,New Mexico,NM,Cibola,12,12,6,27172,17200
35007,New Mexico,NM,Colfax,,,7,12387,6758
35009,New Mexico,NM,Curry,18,16,5,48430,9116
35011,New Mexico,NM,DeBaca,,,9,1698,1698
35013,New Mexico,NM,Dona Ana,123,117,3,219561,49371
35015,New Mexico,NM,Eddy,18,20,5,62314,13723
35017,New Mexico,NM,Grant,20,18,7,28185,11393
35019,New Mexico,NM,Guadalupe,,,9,4452,4452
35021,New Mexico,NM,Harding,,,9,657,657
35023,New Mexico,NM,Hidalgo,,,9,4178,4178
35025,New Mexico,NM,Lea,27,22,5,74455,18533
35027,New Mexico,NM,Lincoln,12,15,7,20269,9227
35028,New Mexico,NM,Los Alamos,,,6,19419,967
35029,New Mexico,NM,Luna,10,14,6,25427,10514
35031,New Mexico,NM,McKinley,30,33,5,72902,48454
35033,New Mexico,NM,Mora,,,8,4189,4189
35035,New Mexico,NM,Otero,31,30,4,67839,37038
35037,New Mexico,NM,Quay,,,7,8746,3529
35039,New Mexico,NM,Rio Arriba,24,20,6,40363,22767
35041,New Mexico,NM,Roosevelt,,,7,19191,6989
35043,New Mexico,NM,Sandoval,80,75,2,148834,28509
35045,New Mexico,NM,San Juan,54,50,3,121661,42829
35047,New Mexico,NM,San Miguel,11,,6,27201,12671
35049,New Mexico,NM,Santa Fe,57,52,3,154823,54247
35051,New Mexico,NM,Sierra,12,,6,11576,3863
35053,New Mexico,NM,Socorro,,,6,16595,8473
35055,New Mexico,NM,Taos,13,13,7,34489,18824
35057,New Mexico,NM,Torrance,10,,2,15045,15045
35059,New Mexico,NM,Union,,,9,4079,4079
35061,New Mexico,NM,Valencia,36,36,2,76205,22840
36001,New York,NY,Albany,103,104,2,314848,30125
36003,New York,NY,Allegany,14,12,7,46456,41117
36005,New York,NY,Bronx,441,438,1,1472654,1
36007,New York,NY,Broome,101,96,3,198683,49566
36009,New York,NY,Cattaraugus,35,31,4,77042,47619
36011,New York,NY,Cayuga,32,34,4,76248,44815
36013,New York,NY,Chautauqua,55,59,4,127657,56257
36015,New York,NY,Chemung,47,45,3,84148,21800
36017,New York,NY,Chenango,25,24,6,47220,39362
36019,New York,NY,Clinton,34,35,4,79843,50885
36021,New York,NY,Columbia,29,27,6,61570,50960
36023,New York,NY,Cortland,15,16,4,46809,21943
36025,New York,NY,Delaware,25,27,8,44308,40120
36027,New York,NY,Dutchess,92,91,2,295911,93921
36029,New York,NY,Erie,456,466,1,954236,98368
36031,New York,NY,Essex,20,20,6,37381,32335
36033,New York,NY,Franklin,19,18,7,47555,33384
36035,New York,NY,Fulton,25,23,4,53324,27038
36037,New York,NY,Genesee,24,25,4,58388,36271
36039,New York,NY,Greene,19,19,6,47931,35090
36041,New York,NY,Hamilton,,,8,5107,5107
36043,New York,NY,Herkimer,29,28,2,60139,31634
36045,New York,NY,Jefferson,39,41,3,116721,57637
36047,New York,NY,Kings,602,603,1,2736074,0
36049,New York,NY,Lewis,12,11,8,26582,26582
36051,New York,NY,Livingston,21,18,1,61834,44136
36053,New York,NY,Madison,26,23,2,68016,47040
36055,New York,NY,Monroe,289,302,1,759443,61668
36057,New York,NY,Montgomery,27,24,4,49532,22501
36059,New York,NY,Nassau,523,508,1,1395774,5989
36061,New York,NY,New York,438,448,1,1694251,0
36063,New York,NY,Niagara,109,104,1,212666,63741
36065,New York,NY,Oneida,123,121,2,232125,79753
36067,New York,NY,Onondaga,196,204,2,476516,69759
36069,New York,NY,Ontario,45,46,1,112458,50444
36071,New York,NY,Orange,106,110,2,401310,110690
36073,New York,NY,Orleans,17,19,1,40343,26848
36075,New York,NY,Oswego,48,45,2,117525,73719
36077,New York,NY,Otsego,23,27,7,58524,42555
36079,New York,NY,Putnam,30,28,1,97668,34205
36081,New York,NY,Queens,638,642,1,2405464,74
36083,New York,NY,Rensselaer,56,56,2,161130,53385
36085,New York,NY,Richmond,122,117,1,495747,0
36087,New York,NY,Rockland,89,99,1,338329,1319
36089,New York,NY,St. Lawrence,46,39,4,108505,72628
36091,New York,NY,Saratoga,91,89,2,235509,67084
36093,New York,NY,Schenectady,65,65,2,158061,13986
36095,New York,NY,Schoharie,11,10,2,29714,24674
36097,New York,NY,Schuyler,,,8,17898,17898
36099,New York,NY,Seneca,12,10,6,33814,19584
36101,New York,NY,Steuben,48,45,4,93584,55942
36103,New York,NY,Suffolk,502,502,1,1525920,29972
36105,New York,NY,Sullivan,22,22,6,78624,59012
36107,New York,NY,Tioga,24,25,3,48455,32178
36109,New York,NY,Tompkins,26,27,3,105740,46638
36111,New York,NY,Ulster,65,68,3,181851,102061
36113,New York,NY,Warren,33,35,3,65737,21138
36115,New York,NY,Washington,31,30,3,61302,46282
36117,New York,NY,Wayne,39,39,1,91283,68261
36119,New York,NY,Westchester,300,318,1,1004457,45533
36121,New York,NY,Wyoming,15,15,8,40531,36465
36123,New York,NY,Yates,12,13,6,24774,16984
37001,North Carolina,NC,Alamance,97,92,3,171415,45330
37003,North Carolina,NC,Alexander,27,21,2,36444,32466
37005,North Carolina,NC,Alleghany,,,9,10888,10888
37007,North Carolina,NC,Anson,27,22,1,22055,17152
37009,North Carolina,NC,Ashe,21,22,9,26577,26577
37011,North Carolina,NC,Avery,,12,9,17806,17806
37013,North Carolina,NC,Beaufort,38,39,6,44652,28143
37015,North Carolina,NC,Bertie,13,14,9,17934,17934
37017,North Carolina,NC,Bladen,23,20,8,29606,29606
37019,North Carolina,NC,Brunswick,106,99,2,136693,49731
37021,North Carolina,NC,Buncombe,152,147,2,269452,60097
37023,North Carolina,NC,Burke,71,65,2,87570,40215
37025,North Carolina,NC,Cabarrus,101,96,1,225804,39001
37027,North Carolina,NC,Caldwell,57,47,2,80652,34536
37029,North Carolina,NC,Camden,,,1,10355,9812
37031,North Carolina,NC,Carteret,57,49,4,67686,20710
37033,North Carolina,NC,Caswell,14,13,8,22736,22697
37035,North Carolina,NC,Catawba,115,106,2,160610,56466
37037,North Carolina,NC,Chatham,50,53,2,76285,48850
37039,North Carolina,NC,Cherokee,24,21,9,28774,28774
37041,North Carolina,NC,Chowan,,,8,13708,9379
37043,North Carolina,NC,Clay,,,9,11089,11089
37045,North Carolina,NC,Cleveland,63,59,4,99519,61902
37047,North Carolina,NC,Columbus,46,47,6,50623,45407
37049,North Carolina,NC,Craven,60,60,4,100720,35631
37051,North Carolina,NC,Cumberland,134,124,2,334728,46332
37053,North Carolina,NC,Currituck,16,15,1,28100,26943
37055,North Carolina,NC,Dare,20,19,4,36915,8151
37057,North Carolina,NC,Davidson,118,106,2,168930,80604
37059,North Carolina,NC,Davie,34,37,2,42712,30087
37061,North Carolina,NC,Duplin,37,39,8,48715,48715
37063,North Carolina,NC,Durham,120,113,2,324833,16609
37065,North Carolina,NC,Edgecombe,56,71,3,48900,21905
37067,North Carolina,NC,Forsyth,220,206,2,382590,29006
37069,North Carolina,NC,Franklin,41,38,1,68573,54099
37071,North Carolina,NC,Gaston,151,129,1,227943,42993
37073,North Carolina,NC,Gates,,,1,10478,10478
37075,North Carolina,NC,Graham,,,9,8030,8030
37077,North Carolina,NC,Granville,34,35,6,60992,43569
37079,North Carolina,NC,Greene,18,17,8,20451,20451
37081,North Carolina,NC,Guilford,276,269,2,541299,76630
37083,North Carolina,NC,Halifax,43,43,4,48622,27257
37085,North Carolina,NC,Harnett,61,64,4,133568,85692
37087,North Carolina,NC,Haywood,41,41,4,62089,29110
37089,North Carolina,NC,Henderson,88,76,2,116281,39860
37091,North Carolina,NC,Hertford,13,15,8,21552,16691
37093,North Carolina,NC,Hoke,18,20,2,52082,22192
37095,North Carolina,NC,Hyde,,,9,4589,4589
37097,North Carolina,NC,Iredell,107,107,1,186693,59478
37099,North Carolina,NC,Jackson,15,16,7,43109,28739
37101,North Carolina,NC,Johnston,114,104,1,215999,114488
37103,North Carolina,NC,Jones,11,,8,9172,9172
37105,North Carolina,NC,Lee,38,39,4,63285,26644
37107,North Carolina,NC,Lenoir,52,53,4,55122,34072
37109,North Carolina,NC,Lincoln,59,55,1,86810,64013
37111,North Carolina,NC,McDowell,35,35,6,44578,32547
37113,North Carolina,NC,Macon,29,31,7,37014,27656
37115,North Carolina,NC,Madison,17,18,2,21193,21193
37117,North Carolina,NC,Martin,21,23,6,22031,16509
37119,North Carolina,NC,Mecklenburg,415,411,1,1115482,9419
37121,North Carolina,NC,Mitchell,10,13,8,14903,14903
37123,North Carolina,NC,Montgomery,20,19,8,25751,25751
37125,North Carolina,NC,Moore,92,85,3,99727,49408
37127,North Carolina,NC,Nash,75,85,3,94970,47173
37129,North Carolina,NC,New Hanover,139,152,2,225702,3861
37131,North Carolina,NC,Northampton,12,12,9,17471,15436
37133,North Carolina,NC,Onslow,68,70,3,204576,74193
37135,North Carolina,NC,Orange,51,47,2,148696,43188
37137,North Carolina,NC,Pamlico,10,10,9,12276,12276
37139,North Carolina,NC,Pasquotank,23,25,4,40568,18277
37141,North Carolina,NC,Pender,42,48,2,60203,36729
37143,North Carolina,NC,Perquimans,12,12,8,13005,13005
37145,North Carolina,NC,Person,23,21,2,39097,29597
37147,North Carolina,NC,Pitt,91,96,3,170243,45713
37149,North Carolina,NC,Polk,16,18,8,19328,17669
37151,North Carolina,NC,Randolph,84,87,2,144171,86768
37153,North Carolina,NC,Richmond,57,50,4,42946,19113
37155,North Carolina,NC,Robeson,75,75,4,116530,88580
37157,North Carolina,NC,Rockingham,65,67,2,91096,55493
37159,North Carolina,NC,Rowan,91,86,1,146875,61992
37161,North Carolina,NC,Rutherford,66,72,4,64444,43684
37163,North Carolina,NC,Sampson,39,36,6,59036,49721
37165,North Carolina,NC,Scotland,29,25,6,34174,17949
37167,North Carolina,NC,Stanly,45,47,6,62504,45516
37169,North Carolina,NC,Stokes,31,25,2,44520,35849
37171,North Carolina,NC,Surry,59,58,6,71359,54005
37173,North Carolina,NC,Swain,14,13,9,14117,14117
37175,North Carolina,NC,Transylvania,26,23,6,32986,19927
37177,North Carolina,NC,Tyrrell,,,9,3245,3245
37179,North Carolina,NC,Union,99,93,1,238267,65840
37181,North Carolina,NC,Vance,29,30,6,42578,22684
37183,North Carolina,NC,Wake,590,557,1,1129410,58248
37185,North Carolina,NC,Warren,15,14,8,18642,18642
37187,North Carolina,NC,Washington,,,9,11003,11003
37189,North Carolina,NC,Watauga,14,16,5,54086,26450
37191,North Carolina,NC,Wayne,86,97,3,117333,62877
37193,North Carolina,NC,Wilkes,46,37,6,65969,46079
37195,North Carolina,NC,Wilson,59,66,4,78784,29894
37197,North Carolina,NC,Yadkin,35,29,2,37214,37214
37199,North Carolina,NC,Yancey,,12,8,18470,18470
38001,North Dakota,ND,Adams,,,9,2200,2200
38003,North Dakota,ND,Barnes,,,6,10853,4306
38005,North Dakota,ND,Benson,,,9,5964,5964
38007,North Dakota,ND,Billings,,,9,945,945
38009,North Dakota,ND,Bottineau,,,8,6379,6379
38011,North Dakota,ND,Bowman,,,9,2993,2993
38013,North Dakota,ND,Burke,,,8,2201,2201
38015,North Dakota,ND,Burleigh,38,38,3,98458,23933
38017,North Dakota,ND,Cass,58,60,3,184525,16782
38019,North Dakota,ND,Cavalier,,,9,3704,3704
38021,North Dakota,ND,Dickey,,,9,4999,4999
38023,North Dakota,ND,Divide,,,9,2195,2195
38025,North Dakota,ND,Dunn,,,9,4095,4095
38027,North Dakota,ND,Eddy,,,9,2347,2347
38029,North Dakota,ND,Emmons,,,8,3301,3301
38031,North Dakota,ND,Foster,,,9,3397,3397
38033,North Dakota,ND,Golden Valley,,,9,1736,1736
38035,North Dakota,ND,Grand Forks,24,25,3,73170,14069
38037,North Dakota,ND,Grant,,,8,2301,2301
38039,North Dakota,ND,Griggs,,,9,2306,2306
38041,North Dakota,ND,Hettinger,,,9,2489,2489
38043,North Dakota,ND,Kidder,,,8,2394,2394
38045,North Dakota,ND,LaMoure,,,9,4093,4093
38047,North Dakota,ND,Logan,,,9,1876,1876
38049,North Dakota,ND,McHenry,,,3,5345,5345
38051,North Dakota,ND,McIntosh,,,9,2530,2530
38053,North Dakota,ND,McKenzie,,,7,14704,8017
38055,North Dakota,ND,McLean,,,8,9771,9771
38057,North Dakota,ND,Mercer,,,8,8350,8350
38059,North Dakota,ND,Morton,13,11,3,33291,9618
38061,North Dakota,ND,Mountrail,,,8,9809,9809
38063,North Dakota,ND,Nelson,,,8,3015,3015
38065,North Dakota,ND,Oliver,,,3,1877,1877
38067,North Dakota,ND,Pembina,,,9,6844,6844
38069,North Dakota,ND,Pierce,,,9,3990,3990
38071,North Dakota,ND,Ramsey,,13,7,11605,4112
38073,North Dakota,ND,Ransom,,,8,5703,5703
38075,North Dakota,ND,Renville,,,3,2282,2282
38077,North Dakota,ND,Richland,,,6,16529,8625
38079,North Dakota,ND,Rolette,,,9,12187,12187
38081,North Dakota,ND,Sargent,,,9,3862,3862
38083,North Dakota,ND,Sheridan,,,8,1265,1265
38085,North Dakota,ND,Sioux,,,9,3898,3898
38087,North Dakota,ND,Slope,,,9,706,706
38089,North Dakota,ND,Stark,,11,5,33646,7972
38091,North Dakota,ND,Steele,,,8,1798,1798
38093,North Dakota,ND,Stutsman,10,,7,21593,6386
38095,North Dakota,ND,Towner,,,9,2162,2162
38097,North Dakota,ND,Traill,,,8,7997,7997
38099,North Dakota,ND,Walsh,,,8,10563,10563
38101,North Dakota,ND,Ward,20,22,3,69919,18994
38103,North Dakota,ND,Wells,,,9,3982,3982
38105,North Dakota,ND,Williams,10,11,5,40950,11440
39001,Ohio,OH,Adams,20,23,8,27477,27477
39003,Ohio,OH,Allen,53,52,3,102206,31659
39005,Ohio,OH,Ashland,35,37,6,52447,33241
39007,Ohio,OH,Ashtabula,81,74,1,97574,50726
39009,Ohio,OH,Athens,26,22,4,62431,30402
39011,Ohio,OH,Auglaize,24,22,4,46422,17968
39013,Ohio,OH,Belmont,34,36,3,66497,40902
39015,Ohio,OH,Brown,32,33,1,43676,41840
39017,Ohio,OH,Butler,246,248,1,390357,37516
39019,Ohio,OH,Carroll,17,17,2,26721,26721
39021,Ohio,OH,Champaign,38,37,6,38714,27339
39023,Ohio,OH,Clark,156,161,3,136001,34524
39025,Ohio,OH,Clermont,146,141,1,208601,54798
39027,Ohio,OH,Clinton,31,32,6,42018,29472
39029,Ohio,OH,Columbiana,58,60,4,101877,56539
39031,Ohio,OH,Coshocton,28,34,7,36612,24278
39033,Ohio,OH,Crawford,25,27,4,42025,14324
39035,Ohio,OH,Cuyahoga,731,744,1,1264817,7153
39037,Ohio,OH,Darke,29,29,6,51881,37214
39039,Ohio,OH,Defiance,19,20,6,38286,20511
39041,Ohio,OH,Delaware,85,86,1,214124,43530
39043,Ohio,OH,Erie,60,65,3,75622,21317
39045,Ohio,OH,Fairfield,79,78,1,158921,56559
39047,Ohio,OH,Fayette,25,22,6,28951,13922
39049,Ohio,OH,Franklin,544,526,1,1323807,18171
39051,Ohio,OH,Fulton,26,23,2,42713,35090
39053,Ohio,OH,Gallia,23,21,6,29220,23483
39055,Ohio,OH,Geauga,56,60,1,95397,74938
39057,Ohio,OH,Greene,152,146,2,167966,37666
39059,Ohio,OH,Guernsey,17,19,6,38438,24011
39061,Ohio,OH,Hamilton,516,520,1,830639,19786
39063,Ohio,OH,Hancock,37,39,4,74920,23831
39065,Ohio,OH,Hardin,14,14,6,30696,17320
39067,Ohio,OH,Harrison,,,8,14483,14483
39069,Ohio,OH,Henry,12,14,6,27662,18794
39071,Ohio,OH,Highland,35,36,6,43317,31933
39073,Ohio,OH,Hocking,18,17,1,28050,19806
39075,Ohio,OH,Holmes,19,20,9,44223,44223
39077,Ohio,OH,Huron,30,34,4,58565,30118
39079,Ohio,OH,Jackson,20,21,7,32653,20976
39081,Ohio,OH,Jefferson,45,44,3,65249,25626
39083,Ohio,OH,Knox,38,34,6,62721,43728
39085,Ohio,OH,Lake,156,159,1,232603,17469
39087,Ohio,OH,Lawrence,54,47,2,58240,26370
39089,Ohio,OH,Licking,97,101,1,178519,60305
39091,Ohio,OH,Logan,28,26,4,46150,25675
39093,Ohio,OH,Lorain,182,194,1,312964,44640
39095,Ohio,OH,Lucas,274,271,2,431279,21500
39097,Ohio,OH,Madison,29,30,1,43824,28994
39099,Ohio,OH,Mahoning,137,130,2,228614,35763
39101,Ohio,OH,Marion,42,36,4,65359,22671
39103,Ohio,OH,Medina,84,85,1,182470,62148
39105,Ohio,OH,Meigs,20,21,8,22210,19551
39107,Ohio,OH,Mercer,18,20,7,42528,30448
39109,Ohio,OH,Miami,126,119,2,108774,33266
39111,Ohio,OH,Monroe,,,8,13385,13206
39113,Ohio,OH,Montgomery,554,541,2,537309,29679
39115,Ohio,OH,Morgan,11,10,8,13802,13802
39117,Ohio,OH,Morrow,17,16,1,34950,34946
39119,Ohio,OH,Muskingum,48,49,4,86410,44109
39121,Ohio,OH,Noble,,,9,14115,14115
39123,Ohio,OH,Ottawa,28,24,3,40364,25214
39125,Ohio,OH,Paulding,11,,8,18806,18806
39127,Ohio,OH,Perry,14,14,1,35408,28489
39129,Ohio,OH,Pickaway,28,25,1,58539,35390
39131,Ohio,OH,Pike,16,16,9,27088,22119
39133,Ohio,OH,Portage,75,74,2,161791,61474
39135,Ohio,OH,Preble,38,40,6,40999,31265
39137,Ohio,OH,Putnam,15,14,6,34451,29018
39139,Ohio,OH,Richland,70,81,3,124936,42046
39141,Ohio,OH,Ross,52,50,4,77093,45366
39143,Ohio,OH,Sandusky,35,33,4,58896,25471
39145,Ohio,OH,Scioto,35,40,4,74008,40955
39147,Ohio,OH,Seneca,25,24,4,55069,25111
39149,Ohio,OH,Shelby,28,29,4,48230,27496
39151,Ohio,OH,Stark,222,218,2,374853,55322
39153,Ohio,OH,Summit,301,304,2,540428,20439
39155,Ohio,OH,Trumbull,149,153,2,201977,54893
39157,Ohio,OH,Tuscarawas,60,55,4,93263,46487
39159,Ohio,OH,Union,21,21,1,62784,28257
39161,Ohio,OH,Van Wert,18,18,6,28931,14588
39163,Ohio,OH,Vinton,,,8,12800,12073
39165,Ohio,OH,Warren,177,164,1,242337,42451
39167,Ohio,OH,Washington,35,38,4,59771,34869
39169,Ohio,OH,Wayne,62,64,4,116894,65274
39171,Ohio,OH,Williams,21,18,7,37102,27864
39173,Ohio,OH,Wood,57,58,2,132248,39768
39175,Ohio,OH,Wyandot,16,13,7,21900,15272
40001,Oklahoma,OK,Adair,12,13,8,19495,19495
40003,Oklahoma,OK,Alfalfa,,,8,5699,5699
40005,Oklahoma,OK,Atoka,,,9,14143,14143
40007,Oklahoma,OK,Beaver,,,9,5049,5049
40009,Oklahoma,OK,Beckham,,,7,22410,11286
40011,Oklahoma,OK,Blaine,,,8,8735,8735
40013,Oklahoma,OK,Bryan,26,27,6,46067,26743
40015,Oklahoma,OK,Caddo,13,14,6,26945,21940
40017,Oklahoma,OK,Canadian,51,51,1,154405,30141
40019,Oklahoma,OK,Carter,25,25,5,48003,26600
40021,Oklahoma,OK,Cherokee,23,24,6,47078,29103
40023,Oklahoma,OK,Choctaw,,,9,14204,9212
40025,Oklahoma,OK,Cimarron,,,9,2296,2296
40027,Oklahoma,OK,Cleveland,97,102,1,295528,46442
40029,Oklahoma,OK,Coal,,,9,5266,5266
40031,Oklahoma,OK,Comanche,39,45,3,121125,33661
40033,Oklahoma,OK,Cotton,,,3,5527,5527
40035,Oklahoma,OK,Craig,,,6,14107,9039
40037,Oklahoma,OK,Creek,45,46,1,71754,44828
40039,Oklahoma,OK,Custer,13,14,5,28513,8415
40041,Oklahoma,OK,Delaware,29,29,6,40397,32192
40043,Oklahoma,OK,Dewey,,,9,4484,4484
40045,Oklahoma,OK,Ellis,,,9,3749,3749
40047,Oklahoma,OK,Garfield,28,30,3,62846,12652
40049,Oklahoma,OK,Garvin,16,18,6,25656,20048
40051,Oklahoma,OK,Grady,20,22,1,54795,39542
40053,Oklahoma,OK,Grant,,,8,4169,4169
40055,Oklahoma,OK,Greer,,,9,5491,5491
40057,Oklahoma,OK,Harmon,,,9,2488,2488
40059,Oklahoma,OK,Harper,,,9,3272,3272
40061,Oklahoma,OK,Haskell,,,8,11561,11561
40063,Oklahoma,OK,Hughes,,,9,13367,9103
40065,Oklahoma,OK,Jackson,11,11,7,24785,5915
40067,Oklahoma,OK,Jefferson,,,8,5337,5337
40069,Oklahoma,OK,Johnston,,,9,10272,10272
40071,Oklahoma,OK,Kay,19,24,4,43700,13584
40073,Oklahoma,OK,Kingfisher,,,8,15184,15184
40075,Oklahoma,OK,Kiowa,,,8,8509,8509
40077,Oklahoma,OK,Latimer,,,9,9444,9444
40079,Oklahoma,OK,Le Flore,31,29,6,48129,38492
40081,Oklahoma,OK,Lincoln,18,19,1,33458,33458
40083,Oklahoma,OK,Logan,23,23,1,49555,30703
40085,Oklahoma,OK,Love,,,9,10146,10146
40087,Oklahoma,OK,McClain,21,20,1,41662,36255
40089,Oklahoma,OK,McCurtain,19,25,7,30814,25291
40091,Oklahoma,OK,McIntosh,14,18,8,18941,18941
40093,Oklahoma,OK,Major,,,8,7782,7782
40095,Oklahoma,OK,Marshall,,,9,15312,15312
40097,Oklahoma,OK,Mayes,25,25,6,39046,29610
40099,Oklahoma,OK,Murray,,,9,13904,9057
40101,Oklahoma,OK,Muskogee,44,46,4,66339,30541
40103,Oklahoma,OK,Noble,,,8,10924,6479
40105,Oklahoma,OK,Nowata,,,8,9320,8645
40107,Oklahoma,OK,Okfuskee,11,,8,11310,11310
40109,Oklahoma,OK,Oklahoma,334,347,1,796292,60449
40111,Oklahoma,OK,Okmulgee,20,21,1,36706,19483
40113,Oklahoma,OK,Osage,18,16,1,45818,33476
40115,Oklahoma,OK,Ottawa,23,24,6,30285,14937
40117,Oklahoma,OK,Pawnee,11,12,1,15553,15553
40119,Oklahoma,OK,Payne,30,30,4,81646,26814
40121,Oklahoma,OK,Pittsburg,26,28,7,43773,24231
40123,Oklahoma,OK,Pontotoc,19,18,7,38065,20801
40125,Oklahoma,OK,Pottawatomie,42,46,4,72454,38209
40127,Oklahoma,OK,Pushmataha,,,9,10812,10812
40129,Oklahoma,OK,Roger Mills,,,9,3442,3442
40131,Oklahoma,OK,Rogers,45,37,1,95240,52227
40133,Oklahoma,OK,Seminole,13,16,7,23556,17273
40135,Oklahoma,OK,Sequoyah,25,26,3,39281,31768
40137,Oklahoma,OK,Stephens,27,29,4,42848,22495
40139,Oklahoma,OK,Texas,,,7,21384,8868
40141,Oklahoma,OK,Tillman,,,8,6968,6968
40143,Oklahoma,OK,Tulsa,334,324,1,669279,34354
40145,Oklahoma,OK,Wagoner,33,35,1,80981,29473
40147,Oklahoma,OK,Washington,26,24,4,52455,13056
40149,Oklahoma,OK,Washita,,,9,10924,10924
40151,Oklahoma,OK,Woods,,,7,8624,3479
40153,Oklahoma,OK,Woodward,,,7,20470,9012
41001,Oregon,OR,Baker,16,13,7,16668,6900
41003,Oregon,OR,Benton,47,46,3,95184,18471
41005,Oregon,OR,Clackamas,258,265,1,421401,72100
41007,Oregon,OR,Clatsop,26,26,4,41072,16064
41009,Oregon,OR,Columbia,32,28,1,52589,21679
41011,Oregon,OR,Coos,52,48,5,64929,24764
41013,Oregon,OR,Crook,15,18,3,24738,12331
41015,Oregon,OR,Curry,22,23,7,23446,12152
41017,Oregon,OR,Deschutes,108,102,3,198253,57972
41019,Oregon,OR,Douglas,94,91,4,111201,44902
41021,Oregon,OR,Gilliam,,,9,1995,1995
41023,Oregon,OR,Grant,,,9,7233,7233
41025,Oregon,OR,Harney,,,9,7495,3326
41027,Oregon,OR,Hood River,12,11,6,23977,12419
41029,Oregon,OR,Jackson,144,142,3,223259,45981
41031,Oregon,OR,Jefferson,14,15,3,24502,16415
41033,Oregon,OR,Josephine,71,67,3,88090,38004
41035,Oregon,OR,Klamath,51,48,5,69413,26205
41037,Oregon,OR,Lake,,,9,8160,8160
41039,Oregon,OR,Lane,231,231,2,382971,69053
41041,Oregon,OR,Lincoln,58,50,5,50395,19150
41043,Oregon,OR,Linn,110,112,3,128610,44043
41045,Oregon,OR,Malheur,17,19,6,31571,18586
41047,Oregon,OR,Marion,192,182,2,345920,53110
41049,Oregon,OR,Morrow,,,8,12186,12186
41051,Oregon,OR,Multnomah,379,377,1,815428,10451
41053,Oregon,OR,Polk,54,44,2,87433,17841
41055,Oregon,OR,Sherman,,,9,1870,1870
41057,Oregon,OR,Tillamook,25,27,7,27390,16614
41059,Oregon,OR,Umatilla,33,37,4,80075,25414
41061,Oregon,OR,Union,21,20,7,26196,11242
41063,Oregon,OR,Wallowa,,,9,7391,7391
41065,Oregon,OR,Wasco,18,16,7,26670,9272
41067,Oregon,OR,Washington,235,244,1,600372,32991
41069,Oregon,OR,Wheeler,,,9,1451,1451
41071,Oregon,OR,Yamhill,74,62,1,107722,28534
42001,Pennsylvania,PA,Adams,45,49,3,103852,65694
42003,Pennsylvania,PA,Allegheny,629,643,1,1250578,30197
42005,Pennsylvania,PA,Armstrong,37,38,1,65558,42576
42007,Pennsylvania,PA,Beaver,105,102,1,168215,48650
42009,Pennsylvania,PA,Bedford,28,26,8,47577,43130
42011,Pennsylvania,PA,Berks,253,259,2,428849,113880
42013,Pennsylvania,PA,Blair,63,65,3,122822,31613
42015,Pennsylvania,PA,Bradford,30,28,6,59967,43763
42017,Pennsylvania,PA,Bucks,321,327,1,646538,66573
42019,Pennsylvania,PA,Butler,101,108,1,193763,83916
42021,Pennsylvania,PA,Cambria,66,78,3,133472,61509
42023,Pennsylvania,PA,Cameron,,,9,4547,4547
42025,Pennsylvania,PA,Carbon,38,36,2,64749,38150
42027,Pennsylvania,PA,Centre,62,66,3,158172,54805
42029,Pennsylvania,PA,Chester,284,275,1,534413,103207
42031,Pennsylvania,PA,Clarion,22,21,6,37241,31579
42033,Pennsylvania,PA,Clearfield,37,36,4,80562,49392
42035,Pennsylvania,PA,Clinton,13,14,6,37450,17940
42037,Pennsylvania,PA,Columbia,30,32,4,64727,28950
42039,Pennsylvania,PA,Crawford,55,61,4,83938,55221
42041,Pennsylvania,PA,Cumberland,121,123,2,259469,54194
42043,Pennsylvania,PA,Dauphin,126,121,2,286401,42463
42045,Pennsylvania,PA,Delaware,315,322,1,576830,4527
42047,Pennsylvania,PA,Elk,15,14,7,30990,17329
42049,Pennsylvania,PA,Erie,136,130,2,270876,64963
42051,Pennsylvania,PA,Fayette,81,66,1,128804,70978
42053,Pennsylvania,PA,Forest,,,9,6973,6973
42055,Pennsylvania,PA,Franklin,64,66,3,155932,69361
42057,Pennsylvania,PA,Fulton,,10,8,14556,14556
42059,Pennsylvania,PA,Greene,23,24,6,35954,27200
42061,Pennsylvania,PA,Huntingdon,24,29,6,44092,32781
42063,Pennsylvania,PA,Indiana,49,45,4,83246,49816
42065,Pennsylvania,PA,Jefferson,24,27,7,44492,32688
42067,Pennsylvania,PA,Juniata,11,13,8,23509,23509
42069,Pennsylvania,PA,Lackawanna,94,96,2,215896,37896
42071,Pennsylvania,PA,Lancaster,360,381,2,552984,154147
42073,Pennsylvania,PA,Lawrence,54,49,1,86070,36511
42075,Pennsylvania,PA,Lebanon,96,98,3,143257,36367
42077,Pennsylvania,PA,Lehigh,154,155,2,374557,36961
42079,Pennsylvania,PA,Luzerne,140,153,2,325594,72355
42081,Pennsylvania,PA,Lycoming,54,45,3,114188,46176
42083,Pennsylvania,PA,McKean,21,22,7,40432,29269
42085,Pennsylvania,PA,Mercer,70,70,4,110652,53051
42087,Pennsylvania,PA,Mifflin,32,29,4,46143,25144
42089,Pennsylvania,PA,Monroe,67,66,4,168327,95543
42091,Pennsylvania,PA,Montgomery,530,548,1,856553,28579
42093,Pennsylvania,PA,Montour,10,,6,18136,9845
42095,Pennsylvania,PA,Northampton,129,127,2,312951,52757
42097,Pennsylvania,PA,Northumberland,42,50,4,91647,32314
42099,Pennsylvania,PA,Perry,21,21,2,45842,42870
42101,Pennsylvania,PA,Philadelphia,700,749,1,1603797,0
42103,Pennsylvania,PA,Pike,24,23,6,58535,51062
42105,Pennsylvania,PA,Potter,11,13,9,16396,16396
42107,Pennsylvania,PA,Schuylkill,77,79,4,143049,67326
42109,Pennsylvania,PA,Snyder,12,14,7,39736,27953
42111,Pennsylvania,PA,Somerset,46,49,6,74129,57522
42113,Pennsylvania,PA,Sullivan,,,8,5840,5840
42115,Pennsylvania,PA,Susquehanna,22,24,8,38434,38434
42117,Pennsylvania,PA,Tioga,20,18,8,41045,41045
42119,Pennsylvania,PA,Union,15,15,6,42681,26975
42121,Pennsylvania,PA,Venango,34,34,4,50454,28288
42123,Pennsylvania,PA,Warren,24,23,6,38587,23919
42125,Pennsylvania,PA,Washington,115,125,1,209349,67690
42127,Pennsylvania,PA,Wayne,29,29,6,51155,44104
42129,Pennsylvania,PA,Westmoreland,233,224,1,354663,93924
42131,Pennsylvania,PA,Wyoming,11,11,2,26069,24850
42133,Pennsylvania,PA,York,239,246,2,456438,129887
44001,Rhode Island,RI,Bristol,21,20,1,50793,574
44003,Rhode Island,RI,Kent,75,74,1,170363,12350
44005,Rhode Island,RI,Newport,41,38,1,85643,7282
44007,Rhode Island,RI,Providence,237,240,1,660741,34315
44009,Rhode Island,RI,Washington,52,53,1,129839,43667
45001,South Carolina,SC,Abbeville,15,18,6,24295,19188
45003,South Carolina,SC,Aiken,88,89,2,168808,62492
45005,South Carolina,SC,Allendale,,,8,8039,8039
45007,South Carolina,SC,Anderson,121,116,2,203718,84862
45009,South Carolina,SC,Bamberg,,,9,13311,13311
45011,South Carolina,SC,Barnwell,16,15,8,20589,20589
45013,South Carolina,SC,Beaufort,115,112,3,187117,34806
45015,South Carolina,SC,Berkeley,109,104,2,229861,50730
45017,South Carolina,SC,Calhoun,11,11,2,14119,14119
45019,South Carolina,SC,Charleston,188,188,2,408235,36986
45021,South Carolina,SC,Cherokee,35,28,6,56216,37174
45023,South Carolina,SC,Chester,24,27,1,32294,23683
45025,South Carolina,SC,Chesterfield,38,38,6,43273,35989
45027,South Carolina,SC,Clarendon,28,30,8,31144,26622
45029,South Carolina,SC,Colleton,33,35,6,38604,29375
45031,South Carolina,SC,Darlington,87,91,3,62905,35928
45033,South Carolina,SC,Dillon,27,26,6,28292,19808
45035,South Carolina,SC,Dorchester,71,72,2,161540,23776
45037,South Carolina,SC,Edgefield,14,15,2,25657,22574
45039,South Carolina,SC,Fairfield,16,15,2,20948,16189
45041,South Carolina,SC,Florence,129,128,3,137059,53739
45043,South Carolina,SC,Georgetown,50,53,4,63404,26748
45045,South Carolina,SC,Greenville,250,247,2,525534,62518
45047,South Carolina,SC,Greenwood,47,51,4,69351,27520
45049,South Carolina,SC,Hampton,13,13,8,18561,18561
45051,South Carolina,SC,Horry,286,273,2,351029,85735
45053,South Carolina,SC,Jasper,19,15,3,28791,25667
45055,South Carolina,SC,Kershaw,37,36,2,65403,34541
45057,South Carolina,SC,Lancaster,59,59,1,96016,36425
45059,South Carolina,SC,Laurens,47,47,2,67539,43239
45061,South Carolina,SC,Lee,15,14,8,16531,16531
45063,South Carolina,SC,Lexington,143,147,2,293991,73952
45065,South Carolina,SC,McCormick,,,8,9526,9526
45067,South Carolina,SC,Marion,25,27,6,29183,17250
45069,South Carolina,SC,Marlboro,29,24,6,26667,17396
45071,South Carolina,SC,Newberry,19,27,6,37719,25377
45073,South Carolina,SC,Oconee,65,62,4,78607,50110
45075,South Carolina,SC,Orangeburg,71,71,4,84223,55151
45077,South Carolina,SC,Pickens,70,69,2,131404,49354
45079,South Carolina,SC,Richland,163,162,2,416147,35615
45081,South Carolina,SC,Saluda,15,15,2,18862,18592
45083,South Carolina,SC,Spartanburg,191,179,2,327997,96809
45085,South Carolina,SC,Sumter,69,71,3,105556,36731
45087,South Carolina,SC,Union,24,21,2,27244,17515
45089,South Carolina,SC,Williamsburg,31,30,6,31026,25776
45091,South Carolina,SC,York,124,127,1,282090,63938
46003,South Dakota,SD,Aurora,,,9,2747,2747
46005,South Dakota,SD,Beadle,,,7,19149,4855
46007,South Dakota,SD,Bennett,,,9,3381,3381
46009,South Dakota,SD,Bon Homme,,,9,7003,7003
46011,South Dakota,SD,Brookings,14,14,5,34375,10701
46013,South Dakota,SD,Brown,17,18,5,38301,10319
46015,South Dakota,SD,Brule,,,9,5247,5247
46017,South Dakota,SD,Buffalo,,,9,1948,1948
46019,South Dakota,SD,Butte,,,7,10243,5154
46021,South Dakota,SD,Campbell,,,9,1377,1377
46023,South Dakota,SD,Charles Mix,,,9,9373,9373
46025,South Dakota,SD,Clark,,,9,3837,3837
46027,South Dakota,SD,Clay,,,6,14967,3308
46029,South Dakota,SD,Codington,13,13,5,28325,7682
46031,South Dakota,SD,Corson,,,9,3902,3902
46033,South Dakota,SD,Custer,,,3,8318,8318
46035,South Dakota,SD,Davison,14,14,7,19956,4266
46037,South Dakota,SD,Day,,,9,5449,5449
46039,South Dakota,SD,Deuel,,,9,4295,4295
46041,South Dakota,SD,Dewey,,,9,5239,5239
46043,South Dakota,SD,Douglas,,,9,2835,2835
46045,South Dakota,SD,Edmunds,,,9,3986,3986
46047,South Dakota,SD,Fall River,,,9,6973,6973
46049,South Dakota,SD,Faulk,,,9,2125,2125
46051,South Dakota,SD,Grant,,,9,7556,7556
46053,South Dakota,SD,Gregory,,,9,3994,3994
46055,South Dakota,SD,Haakon,,,9,1872,1872
46057,South Dakota,SD,Hamlin,,,9,6164,6164
46059,South Dakota,SD,Hand,,,9,3145,3145
46061,South Dakota,SD,Hanson,,,8,3461,3461
46063,South Dakota,SD,Harding,,,9,1311,1311
46065,South Dakota,SD,Hughes,,,7,17765,5095
46067,South Dakota,SD,Hutchinson,,,8,7427,7427
46069,South Dakota,SD,Hyde,,,9,1262,1262
46071,South Dakota,SD,Jackson,,,9,2806,2806
46073,South Dakota,SD,Jerauld,,,9,1663,1663
46075,South Dakota,SD,Jones,,,9,917,917
46077,South Dakota,SD,Kingsbury,,,9,5187,5187
46079,South Dakota,SD,Lake,10,11,6,11059,4890
46081,South Dakota,SD,Lawrence,15,13,6,25768,8440
46083,South Dakota,SD,Lincoln,15,12,2,65161,16600
46085,South Dakota,SD,Lyman,,,9,3718,3718
46087,South Dakota,SD,McCook,,,2,5682,5682
46089,South Dakota,SD,McPherson,,,9,2411,2411
46091,South Dakota,SD,Marshall,,,9,4306,4306
46093,South Dakota,SD,Meade,12,,3,29852,9927
46095,South Dakota,SD,Mellette,,,9,1918,1918
46097,South Dakota,SD,Miner,,,8,2298,2298
46099,South Dakota,SD,Minnehaha,82,83,2,197214,28275
46101,South Dakota,SD,Moody,,,8,6336,6336
46102,South Dakota,SD,Oglala Lakota,,,9,13672,13672
46103,South Dakota,SD,Pennington,38,40,3,109222,19681
46105,South Dakota,SD,Perkins,,,9,2835,2835
46107,South Dakota,SD,Potter,,,9,2472,2472
46109,South Dakota,SD,Roberts,,,9,10280,10280
46111,South Dakota,SD,Sanborn,,,9,2330,2330
46115,South Dakota,SD,Spink,,,9,6361,6361
46117,South Dakota,SD,Stanley,,,9,2980,895
46119,South Dakota,SD,Sully,,,9,1446,1446
46121,South Dakota,SD,Todd,,,9,9319,9319
46123,South Dakota,SD,Tripp,,,9,5624,5624
46125,South Dakota,SD,Turner,,,2,8673,8673
46127,South Dakota,SD,Union,,,3,16811,9735
46129,South Dakota,SD,Walworth,,,9,5315,5315
46135,South Dakota,SD,Yankton,11,,7,23310,7288
46137,South Dakota,SD,Ziebach,,,9,2413,2413
47001,Tennessee,TN,Anderson,47,50,2,77123,28166
47003,Tennessee,TN,Bedford,22,18,4,50237,27685
47005,Tennessee,TN,Benton,12,15,9,15864,15864
47007,Tennessee,TN,Bledsoe,,,8,14913,14913
47009,Tennessee,TN,Blount,81,76,2,135280,50325
47011,Tennessee,TN,Bradley,69,67,3,108620,34702
47013,Tennessee,TN,Campbell,28,26,2,39272,19158
47015,Tennessee,TN,Cannon,12,,1,14506,14506
47017,Tennessee,TN,Carroll,21,21,6,28440,23350
47019,Tennessee,TN,Carter,33,37,3,56356,22958
47021,Tennessee,TN,Cheatham,25,23,1,41072,41072
47023,Tennessee,TN,Chester,10,12,3,17341,11435
47025,Tennessee,TN,Claiborne,20,20,6,32043,22856
47027,Tennessee,TN,Clay,,,8,7581,7581
47029,Tennessee,TN,Cocke,30,32,6,35999,24441
47031,Tennessee,TN,Coffee,33,33,4,57889,26673
47033,Tennessee,TN,Crockett,,11,3,13911,13911
47035,Tennessee,TN,Cumberland,44,40,4,61145,32984
47037,Tennessee,TN,Davidson,315,312,1,715884,22497
47039,Tennessee,TN,Decatur,10,12,9,11435,11435
47041,Tennessee,TN,DeKalb,18,11,8,20080,15255
47043,Tennessee,TN,Dickson,26,28,1,54315,37772
47045,Tennessee,TN,Dyer,19,19,6,36801,20011
47047,Tennessee,TN,Fayette,24,25,1,41990,31361
47049,Tennessee,TN,Fentress,14,10,8,18489,18489
47051,Tennessee,TN,Franklin,28,23,7,42774,29045
47053,Tennessee,TN,Gibson,30,35,3,50429,35691
47055,Tennessee,TN,Giles,18,18,6,30346,22188
47057,Tennessee,TN,Grainger,16,17,2,23527,19864
47059,Tennessee,TN,Greene,41,39,4,70152,47233
47061,Tennessee,TN,Grundy,12,10,8,13529,13529
47063,Tennessee,TN,Hamblen,32,41,3,64499,14616
47065,Tennessee,TN,Hamilton,201,207,2,366207,45798
47067,Tennessee,TN,Hancock,,,8,6662,6662
47069,Tennessee,TN,Hardeman,18,16,6,25462,20181
47071,Tennessee,TN,Hardin,19,22,6,26831,18003
47073,Tennessee,TN,Hawkins,34,32,2,56721,35210
47075,Tennessee,TN,Haywood,11,11,6,17864,8243
47077,Tennessee,TN,Henderson,15,16,6,27842,21485
47079,Tennessee,TN,Henry,26,27,7,32199,21822
47081,Tennessee,TN,Hickman,15,16,1,24925,24925
47083,Tennessee,TN,Houston,,,8,8283,8283
47085,Tennessee,TN,Humphreys,14,11,8,18990,18990
47087,Tennessee,TN,Jackson,,,8,11617,11617
47089,Tennessee,TN,Jefferson,40,36,3,54683,41459
47091,Tennessee,TN,Johnson,10,12,8,17948,17948
47093,Tennessee,TN,Knox,243,230,2,478971,44033
47095,Tennessee,TN,Lake,,,9,7005,7005
47097,Tennessee,TN,Lauderdale,13,10,6,25143,18221
47099,Tennessee,TN,Lawrence,32,31,6,44159,32480
47101,Tennessee,TN,Lewis,,10,8,12582,12582
47103,Tennessee,TN,Lincoln,23,24,6,35319,25199
47105,Tennessee,TN,Loudon,38,41,2,54886,19570
47107,Tennessee,TN,McMinn,36,39,4,53276,32851
47109,Tennessee,TN,McNairy,20,20,8,25866,25866
47111,Tennessee,TN,Macon,16,15,1,25216,19042
47113,Tennessee,TN,Madison,62,69,3,98823,26014
47115,Tennessee,TN,Marion,19,18,2,28837,26341
47117,Tennessee,TN,Marshall,15,16,6,34318,22384
47119,Tennessee,TN,Maury,52,49,1,100974,37847
47121,Tennessee,TN,Meigs,,,8,12758,12758
47123,Tennessee,TN,Monroe,36,37,6,46250,33900
47125,Tennessee,TN,Montgomery,88,89,2,220069,39024
47127,Tennessee,TN,Moore,,,9,6461,6454
47129,Tennessee,TN,Morgan,14,14,2,21035,21035
47131,Tennessee,TN,Obion,14,17,7,30787,18259
47133,Tennessee,TN,Overton,17,14,9,22511,22511
47135,Tennessee,TN,Perry,,,9,8366,8366
47137,Tennessee,TN,Pickett,,,9,5001,5001
47139,Tennessee,TN,Polk,12,12,3,17544,17544
47141,Tennessee,TN,Putnam,49,55,4,79854,30765
47143,Tennessee,TN,Rhea,25,21,6,32870,23182
47145,Tennessee,TN,Roane,37,37,2,53404,27831
47147,Tennessee,TN,Robertson,45,45,1,72803,38586
47149,Tennessee,TN,Rutherford,128,132,1,341486,54515
47151,Tennessee,TN,Scott,13,15,8,21850,21850
47153,Tennessee,TN,Sequatchie,10,,2,15826,15826
47155,Tennessee,TN,Sevier,58,53,4,98380,52501
47157,Tennessee,TN,Shelby,495,501,1,929744,31637
47159,Tennessee,TN,Smith,17,16,1,19904,19904
47161,Tennessee,TN,Stewart,11,11,2,13657,13657
47163,Tennessee,TN,Sullivan,101,104,2,158163,41970
47165,Tennessee,TN,Sumner,122,111,1,196281,49579
47167,Tennessee,TN,Tipton,29,30,1,60970,40644
47169,Tennessee,TN,Trousdale,,,1,11615,11615
47171,Tennessee,TN,Unicoi,13,15,3,17928,9223
47173,Tennessee,TN,Union,11,12,2,19802,19802
47175,Tennessee,TN,Van Buren,,,9,6168,6168
47177,Tennessee,TN,Warren,41,35,6,40953,25242
47179,Tennessee,TN,Washington,67,71,3,133001,34261
47181,Tennessee,TN,Wayne,,,8,16232,16232
47183,Tennessee,TN,Weakley,16,17,6,32902,22188
47185,Tennessee,TN,White,22,22,7,27351,21660
47187,Tennessee,TN,Williamson,84,85,1,247726,46181
47189,Tennessee,TN,Wilson,75,70,1,147737,52060
48001,Texas,TX,Anderson,43,39,7,57922,39307
48003,Texas,TX,Andrews,,,6,18610,3409
48005,Texas,TX,Angelina,54,58,5,86395,44844
48007,Texas,TX,Aransas,18,19,2,23830,5618
48009,Texas,TX,Archer,,,3,8560,7478
48011,Texas,TX,Armstrong,,,2,1848,1848
48013,Texas,TX,Atascosa,30,30,1,48981,34998
48015,Texas,TX,Austin,17,15,1,30167,23782
48017,Texas,TX,Bailey,,,6,6904,1745
48019,Texas,TX,Bandera,16,17,1,20851,20851
48021,Texas,TX,Bastrop,39,36,1,97216,70000
48023,Texas,TX,Baylor,,,9,3465,3465
48025,Texas,TX,Bee,15,17,6,31047,16817
48027,Texas,TX,Bell,150,137,2,370647,50744
48029,Texas,TX,Bexar,902,912,1,2009324,94592
48031,Texas,TX,Blanco,,,8,11374,11374
48033,Texas,TX,Borden,,,9,631,631
48035,Texas,TX,Bosque,13,15,2,18235,18235
48037,Texas,TX,Bowie,70,68,3,92893,35247
48039,Texas,TX,Brazoria,137,142,1,372031,84062
48041,Texas,TX,Brazos,51,48,2,233849,27712
48043,Texas,TX,Brewster,,,7,9546,3263
48045,Texas,TX,Briscoe,,,8,1435,1435
48047,Texas,TX,Brooks,,,9,7076,2579
48049,Texas,TX,Brown,24,24,5,38095,16533
48051,Texas,TX,Burleson,11,10,2,17642,17642
48053,Texas,TX,Burnet,40,36,6,49130,33076
48055,Texas,TX,Caldwell,25,26,1,45883,25049
48057,Texas,TX,Calhoun,11,12,6,20106,8051
48059,Texas,TX,Callahan,,,3,13708,13708
48061,Texas,TX,Cameron,171,155,2,421017,74021
48063,Texas,TX,Camp,,,8,12464,12464
48065,Texas,TX,Carson,,,2,5807,5807
48067,Texas,TX,Cass,27,30,6,28454,22923
48069,Texas,TX,Castro,,,9,7371,7371
48071,Texas,TX,Chambers,18,17,1,46571,25198
48073,Texas,TX,Cherokee,29,31,6,50412,36531
48075,Texas,TX,Childress,,,9,6664,2148
48077,Texas,TX,Clay,,10,3,10218,10218
48079,Texas,TX,Cochran,,,2,2547,2547
48081,Texas,TX,Coke,,,8,3285,3285
48083,Texas,TX,Coleman,,,8,7684,4085
48085,Texas,TX,Collin,328,322,1,1064465,65460
48087,Texas,TX,Collingsworth,,,9,2652,2652
48089,Texas,TX,Colorado,17,14,8,20557,20557
48091,Texas,TX,Comal,62,64,1,161501,75278
48093,Texas,TX,Comanche,,,9,13594,13594
48095,Texas,TX,Concho,,,8,3303,3303
48097,Texas,TX,Cooke,31,34,6,41668,25124
48099,Texas,TX,Coryell,25,29,2,83093,16227
48101,Texas,TX,Cottle,,,9,1380,1380
48103,Texas,TX,Crane,,,8,4675,4675
48105,Texas,TX,Crockett,,,8,3098,3098
48107,Texas,TX,Crosby,,,2,5133,5133
48109,Texas,TX,Culberson,,,9,2188,2188
48111,Texas,TX,Dallam,,,7,7115,1658
48113,Texas,TX,Dallas,973,995,1,2613539,15113
48115,Texas,TX,Dawson,,,6,12456,3725
48117,Texas,TX,Deaf Smith,,,6,18583,3063
48119,Texas,TX,Delta,,,8,5230,5230
48121,Texas,TX,Denton,260,258,1,906422,65296
48123,Texas,TX,DeWitt,13,13,6,19824,10189
48125,Texas,TX,Dickens,,,8,1770,1770
48127,Texas,TX,Dimmit,,,7,8615,3000
48129,Texas,TX,Donley,,,8,3258,3258
48131,Texas,TX,Duval,,,9,9831,9831
48133,Texas,TX,Eastland,14,13,8,17725,17725
48135,Texas,TX,Ector,64,68,3,165171,15015
48137,Texas,TX,Edwards,,,9,1422,1422
48139,Texas,TX,Ellis,88,90,1,192455,59073
48141,Texas,TX,El Paso,244,245,2,865657,34831
48143,Texas,TX,Erath,16,17,5,42545,21693
48145,Texas,TX,Falls,,12,2,16968,11572
48147,Texas,TX,Fannin,24,23,6,35662,27863
48149,Texas,TX,Fayette,23,19,6,24435,19415
48151,Texas,TX,Fisher,,,8,3672,3672
48153,Texas,TX,Floyd,,,8,5402,5402
48155,Texas,TX,Foard,,,9,1095,1095
48157,Texas,TX,Fort Bend,238,242,1,822779,39477
48159,Texas,TX,Franklin,,,9,10359,10359
48161,Texas,TX,Freestone,12,15,9,19435,19435
48163,Texas,TX,Frio,10,,6,18385,9322
48165,Texas,TX,Gaines,,,6,21598,14530
48167,Texas,TX,Galveston,160,169,1,350682,14253
48169,Texas,TX,Garza,,,2,5816,5816
48171,Texas,TX,Gillespie,21,21,7,26725,15084
48173,Texas,TX,Glasscock,,,8,1116,1116
48175,Texas,TX,Goliad,,,3,7012,7012
48177,Texas,TX,Gonzales,,10,6,19653,12700
48179,Texas,TX,Gray,12,17,6,21227,4362
48181,Texas,TX,Grayson,93,83,3,135543,64640
48183,Texas,TX,Gregg,74,74,2,124239,16723
48185,Texas,TX,Grimes,16,15,6,29268,21810
48187,Texas,TX,Guadalupe,65,62,1,172706,42869
48189,Texas,TX,Hale,20,19,4,32522,9907
48191,Texas,TX,Hall,,,9,2825,2825
48193,Texas,TX,Hamilton,,,8,8222,8222
48195,Texas,TX,Hansford,,,9,5285,5285
48197,Texas,TX,Hardeman,,,9,3549,3549
48199,Texas,TX,Hardin,30,24,2,56231,28521
48201,Texas,TX,Harris,1676,1689,1,4731145,53638
48203,Texas,TX,Harrison,31,28,2,68839,37796
48205,Texas,TX,Hartley,,,9,5382,2487
48207,Texas,TX,Haskell,,,8,5416,5416
48209,Texas,TX,Hays,83,79,1,241067,71702
48211,Texas,TX,Hemphill,,,9,3382,3382
48213,Texas,TX,Henderson,60,61,4,82150,54173
48215,Texas,TX,Hidalgo,253,251,2,870781,77545
48217,Texas,TX,Hill,25,26,6,35874,27806
48219,Texas,TX,Hockley,11,,2,21537,8936
48221,Texas,TX,Hood,44,41,4,61598,25307
48223,Texas,TX,Hopkins,25,23,6,36787,22104
48225,Texas,TX,Houston,22,21,7,22066,16131
48227,Texas,TX,Howard,16,18,4,34860,5905
48229,Texas,TX,Hudspeth,,,2,3202,3202
48231,Texas,TX,Hunt,62,64,1,99956,61299
48233,Texas,TX,Hutchinson,11,12,6,20617,7769
48235,Texas,TX,Irion,,,3,1513,1513
48237,Texas,TX,Jack,,,8,8472,8472
48239,Texas,TX,Jackson,,,6,14988,9078
48241,Texas,TX,Jasper,26,30,6,32980,25677
48243,Texas,TX,Jeff Davis,,,9,1996,1996
48245,Texas,TX,Jefferson,135,133,2,256526,25260
48247,Texas,TX,Jim Hogg,,,8,4838,4838
48249,Texas,TX,Jim Wells,24,21,6,38891,19478
48251,Texas,TX,Johnson,83,86,1,179927,83617
48253,Texas,TX,Jones,,,3,19663,19663
48255,Texas,TX,Karnes,12,13,8,14710,14710
48257,Texas,TX,Kaufman,56,52,1,145310,60917
48259,Texas,TX,Kendall,19,19,1,44279,25152
48261,Texas,TX,Kenedy,,,9,350,350
48263,Texas,TX,Kent,,,9,753,753
48265,Texas,TX,Kerr,44,47,4,52598,20754
48267,Texas,TX,Kimble,,,9,4286,4286
48269,Texas,TX,King,,,9,265,265
48271,Texas,TX,Kinney,,,9,3129,3129
48273,Texas,TX,Kleberg,17,15,4,31040,6095
48275,Texas,TX,Knox,,,9,3353,3353
48277,Texas,TX,Lamar,29,31,5,50088,23796
48279,Texas,TX,Lamb,,,6,13045,7419
48281,Texas,TX,Lampasas,16,15,2,21627,14303
48283,Texas,TX,La Salle,,,8,6664,6664
48285,Texas,TX,Lavaca,11,14,8,20337,16755
48287,Texas,TX,Lee,10,11,8,17478,17478
48289,Texas,TX,Leon,10,11,8,15719,15719
48291,Texas,TX,Liberty,45,40,1,91628,70893
48293,Texas,TX,Limestone,13,15,6,22146,15485
48295,Texas,TX,Lipscomb,,,9,3059,3059
48297,Texas,TX,Live Oak,,,8,11335,11335
48299,Texas,TX,Llano,18,21,7,21243,10667
48301,Texas,TX,Loving,,,9,64,64
48303,Texas,TX,Lubbock,150,141,2,310639,32681
48305,Texas,TX,Lynn,,,2,5596,5596
48307,Texas,TX,McCulloch,,,9,7630,2743
48309,Texas,TX,McLennan,153,152,2,260579,62596
48311,Texas,TX,McMullen,,,8,600,600
48313,Texas,TX,Madison,,,8,13455,13455
48315,Texas,TX,Marion,10,,8,9725,9725
48317,Texas,TX,Martin,,,3,5237,5237
48319,Texas,TX,Mason,,,9,3953,3953
48321,Texas,TX,Matagorda,21,23,6,36255,16944
48323,Texas,TX,Maverick,26,28,3,57887,3804
48325,Texas,TX,Medina,24,24,1,50748,42761
48327,Texas,TX,Menard,,,9,1962,1962
48329,Texas,TX,Midland,62,61,3,169983,23324
48331,Texas,TX,Milam,19,17,6,24754,14139
48333,Texas,TX,Mills,,,9,4456,4456
48335,Texas,TX,Mitchell,,,7,8990,3151
48337,Texas,TX,Montague,20,19,6,19965,14546
48339,Texas,TX,Montgomery,228,207,1,620443,141934
48341,Texas,TX,Moore,,,7,21358,6719
48343,Texas,TX,Morris,,,8,11973,11973
48345,Texas,TX,Motley,,,8,1063,1063
48347,Texas,TX,Nacogdoches,35,41,5,64653,30921
48349,Texas,TX,Navarro,24,27,4,52624,28244
48351,Texas,TX,Newton,,,8,12217,12217
48353,Texas,TX,Nolan,,,6,14738,4366
48355,Texas,TX,Nueces,197,193,2,353178,22169
48357,Texas,TX,Ochiltree,,,7,10015,1624
48359,Texas,TX,Oldham,,,2,1758,1758
48361,Texas,TX,Orange,55,50,2,84808,30589
48363,Texas,TX,Palo Pinto,20,23,6,28409,14312
48365,Texas,TX,Panola,17,12,6,22491,16163
48367,Texas,TX,Parker,77,73,1,148222,95378
48369,Texas,TX,Parmer,,,9,9869,9869
48371,Texas,TX,Pecos,,,7,15193,6642
48373,Texas,TX,Polk,37,39,6,50123,44531
48375,Texas,TX,Potter,52,56,2,118525,13351
48377,Texas,TX,Presidio,,,9,6131,6131
48379,Texas,TX,Rains,,11,8,12164,12164
48381,Texas,TX,Randall,57,51,2,140753,23896
48383,Texas,TX,Reagan,,,8,3385,3385
48385,Texas,TX,Real,,,9,2758,2758
48387,Texas,TX,Red River,,,8,11587,11587
48389,Texas,TX,Reeves,,,7,14748,1667
48391,Texas,TX,Refugio,,,8,6741,6741
48393,Texas,TX,Roberts,,,9,827,827
48395,Texas,TX,Robertson,12,12,2,16757,16757
48397,Texas,TX,Rockwall,34,36,1,107819,14810
48399,Texas,TX,Runnels,,,8,9900,9900
48401,Texas,TX,Rusk,36,34,2,52214,33456
48403,Texas,TX,Sabine,12,,9,9894,9894
48405,Texas,TX,San Augustine,,,9,7918,7918
48407,Texas,TX,San Jacinto,21,16,1,27402,27402
48409,Texas,TX,San Patricio,41,34,2,68755,19136
48411,Texas,TX,San Saba,,,9,5730,5730
48413,Texas,TX,Schleicher,,,8,2451,2451
48415,Texas,TX,Scurry,,,7,16932,5385
48417,Texas,TX,Shackelford,,,8,3105,3105
48419,Texas,TX,Shelby,18,16,7,24022,18899
48421,Texas,TX,Sherman,,,9,2782,2782
48423,Texas,TX,Smith,148,140,3,233479,81542
48425,Texas,TX,Somervell,,,8,9205,9205
48427,Texas,TX,Starr,26,26,4,65920,18850
48429,Texas,TX,Stephens,,,7,9101,3646
48431,Texas,TX,Sterling,,,8,1372,1372
48433,Texas,TX,Stonewall,,,9,1245,1245
48435,Texas,TX,Sutton,,,9,3372,3372
48437,Texas,TX,Swisher,,,8,6971,6971
48439,Texas,TX,Tarrant,880,890,1,2110640,25922
48441,Texas,TX,Taylor,65,65,3,143208,25070
48443,Texas,TX,Terrell,,,9,760,760
48445,Texas,TX,Terry,,,6,11831,3567
48447,Texas,TX,Throckmorton,,,9,1440,1440
48449,Texas,TX,Titus,21,18,7,31247,15828
48451,Texas,TX,Tom Green,59,61,3,120003,20021
48453,Texas,TX,Travis,348,340,1,1290188,65937
48455,Texas,TX,Trinity,18,17,8,13602,13602
48457,Texas,TX,Tyler,16,13,8,19798,19798
48459,Texas,TX,Upshur,25,24,2,40892,32996
48461,Texas,TX,Upton,,,8,3308,3308
48463,Texas,TX,Uvalde,17,16,6,24564,8638
48465,Texas,TX,Val Verde,20,19,5,47586,4906
48467,Texas,TX,Van Zandt,37,41,8,59541,59541
48469,Texas,TX,Victoria,54,48,3,91319,25333
48471,Texas,TX,Walker,38,38,4,76400,32985
48473,Texas,TX,Waller,25,26,1,56794,43936
48475,Texas,TX,Ward,,,6,11644,2482
48477,Texas,TX,Washington,27,22,6,35805,18410
48479,Texas,TX,Webb,78,83,2,267114,15652
48481,Texas,TX,Wharton,37,37,4,41570,19758
48483,Texas,TX,Wheeler,,,9,4990,4990
48485,Texas,TX,Wichita,68,66,3,129350,16490
48487,Texas,TX,Wilbarger,12,,6,12887,3363
48489,Texas,TX,Willacy,10,,6,20164,7178
48491,Texas,TX,Williamson,219,201,1,609017,55741
48493,Texas,TX,Wilson,26,28,1,49753,43440
48495,Texas,TX,Winkler,,,6,7791,1410
48497,Texas,TX,Wise,45,41,1,68632,62117
48499,Texas,TX,Wood,38,41,6,44843,39144
48501,Texas,TX,Yoakum,,,9,7694,7694
48503,Texas,TX,Young,14,16,7,17867,9282
48505,Texas,TX,Zapata,,,6,13889,2947
48507,Texas,TX,Zavala,,,7,9670,2961
49001,Utah,UT,Beaver,,,9,7072,7072
49003,Utah,UT,Box Elder,18,21,4,57666,18302
49005,Utah,UT,Cache,30,28,3,133154,19227
49007,Utah,UT,Carbon,,,7,20412,7066
49009,Utah,UT,Daggett,,,9,935,935
49011,Utah,UT,Davis,97,99,2,362679,3034
49013,Utah,UT,Duchesne,,,7,19596,13335
49015,Utah,UT,Emery,,,9,9825,9825
49017,Utah,UT,Garfield,,,9,5083,5083
49019,Utah,UT,Grand,,,7,9669,1736
49021,Utah,UT,Iron,17,19,4,57289,16390
49023,Utah,UT,Juab,,,2,11786,5456
49025,Utah,UT,Kane,,,8,7667,7667
49027,Utah,UT,Millard,,,9,12975,12975
49029,Utah,UT,Morgan,,,2,12295,12295
49031,Utah,UT,Piute,,,9,1438,1438
49033,Utah,UT,Rich,,,8,2510,2510
49035,Utah,UT,Salt Lake,327,322,1,1185238,8195
49037,Utah,UT,San Juan,,,9,14518,14518
49039,Utah,UT,Sanpete,10,,6,28437,23388
49041,Utah,UT,Sevier,,,7,21522,13129
49043,Utah,UT,Summit,,,4,42357,18909
49045,Utah,UT,Tooele,18,18,1,72698,14356
49047,Utah,UT,Uintah,,11,7,35620,15945
49049,Utah,UT,Utah,137,135,2,659399,27887
49051,Utah,UT,Wasatch,10,,4,34788,9692
49053,Utah,UT,Washington,70,85,3,180279,26800
49055,Utah,UT,Wayne,,,9,2486,2486
49057,Utah,UT,Weber,83,86,2,262223,14662
50001,Vermont,VT,Addison,12,13,6,37363,31209
50003,Vermont,VT,Bennington,22,21,6,37347,23588
50005,Vermont,VT,Caledonia,13,15,9,30233,25350
50007,Vermont,VT,Chittenden,52,56,3,168323,43874
50009,Vermont,VT,Essex,,,9,5920,5920
50011,Vermont,VT,Franklin,17,18,3,49946,38578
50013,Vermont,VT,Grand Isle,,,3,7293,7293
50015,Vermont,VT,Lamoille,,,8,25945,25945
50017,Vermont,VT,Orange,12,13,9,29277,29277
50019,Vermont,VT,Orleans,11,11,9,27393,27393
50021,Vermont,VT,Rutland,23,27,7,60572,41022
50023,Vermont,VT,Washington,22,21,4,59807,39793
50025,Vermont,VT,Windham,25,21,7,45905,32566
50027,Vermont,VT,Windsor,39,37,7,57753,45419
51001,Virginia,VA,Accomack,28,29,9,33413,30190
51003,Virginia,VA,Albemarle,53,55,3,112395,45379
51005,Virginia,VA,Alleghany,11,11,6,15223,8089
51007,Virginia,VA,Amelia,10,11,1,13265,13265
51009,Virginia,VA,Amherst,25,25,2,31307,19525
51011,Virginia,VA,Appomattox,,11,2,16119,16119
51013,Virginia,VA,Arlington,54,54,1,238643,0
51015,Virginia,VA,Augusta,40,37,3,77487,65294
51017,Virginia,VA,Bath,,,9,4209,4209
51019,Virginia,VA,Bedford,53,55,2,79462,56207
51021,Virginia,VA,Bland,,,8,6270,6270
51023,Virginia,VA,Botetourt,26,23,2,33596,19969
51025,Virginia,VA,Brunswick,11,13,8,15849,15849
51027,Virginia,VA,Buchanan,12,14,9,20355,20355
51029,Virginia,VA,Buckingham,,11,8,16824,16824
51031,Virginia,VA,Campbell,37,38,2,55696,31666
51033,Virginia,VA,Caroline,14,16,8,30887,30887
51035,Virginia,VA,Carroll,23,21,6,29155,28463
51036,Virginia,VA,Charles City,,,1,6773,6773
51037,Virginia,VA,Charlotte,14,14,8,11529,11529
51041,Virginia,VA,Chesterfield,154,146,1,364548,29277
51043,Virginia,VA,Clarke,16,14,1,14783,14783
51045,Virginia,VA,Craig,,,2,4892,4892
51047,Virginia,VA,Culpeper,28,27,1,52552,29989
51049,Virginia,VA,Cumberland,,,8,9675,9027
51051,Virginia,VA,Dickenson,11,10,9,14124,14124
51053,Virginia,VA,Dinwiddie,13,12,1,27947,20028
51057,Virginia,VA,Essex,,,8,10599,10599
51059,Virginia,VA,Fairfax,346,331,1,1150309,17735
51061,Virginia,VA,Fauquier,52,37,1,72972,41927
51063,Virginia,VA,Floyd,11,13,3,15476,15476
51065,Virginia,VA,Fluvanna,12,12,3,27249,17424
51067,Virginia,VA,Franklin,40,42,2,54477,49066
51069,Virginia,VA,Frederick,63,51,3,91419,36028
51071,Virginia,VA,Giles,16,15,3,16787,16787
51073,Virginia,VA,Gloucester,26,23,1,38711,28093
51075,Virginia,VA,Goochland,11,11,1,24727,22929
51077,Virginia,VA,Grayson,14,12,9,15333,15316
51079,Virginia,VA,Greene,12,12,3,20552,20552
51081,Virginia,VA,Greensville,11,,6,11391,9999
51083,Virginia,VA,Halifax,33,38,6,34022,26609
51085,Virginia,VA,Hanover,48,54,1,109979,40700
51087,Virginia,VA,Henrico,166,179,1,334389,12353
51089,Virginia,VA,Henry,56,52,4,50948,33149
51091,Virginia,VA,Highland,,,8,2232,2232
51093,Virginia,VA,Isle of Wight,28,28,1,38606,22567
51095,Virginia,VA,James City,61,52,1,78254,11082
51097,Virginia,VA,King and Queen,,,1,6608,6608
51099,Virginia,VA,King George,,,8,26723,26723
51101,Virginia,VA,King William,,,1,17810,17810
51103,Virginia,VA,Lancaster,12,18,9,10919,10919
51105,Virginia,VA,Lee,11,13,8,22173,22173
51107,Virginia,VA,Loudoun,86,81,1,420959,50290
51109,Virginia,VA,Louisa,19,18,8,37596,37596
51111,Virginia,VA,Lunenburg,,,9,11936,11936
51113,Virginia,VA,Madison,,11,8,13837,13837
51115,Virginia,VA,Mathews,,,1,8533,8533
51117,Virginia,VA,Mecklenburg,33,34,7,30319,25243
51119,Virginia,VA,Middlesex,,11,8,10625,10625
51121,Virginia,VA,Montgomery,38,42,3,99721,26012
51125,Virginia,VA,Nelson,11,11,3,14775,14775
51127,Virginia,VA,New Kent,13,10,1,22945,22945
51131,Virginia,VA,Northampton,,10,8,12282,12282
51133,Virginia,VA,Northumberland,13,11,9,11839,11839
51135,Virginia,VA,Nottoway,11,14,8,15642,15642
51137,Virginia,VA,Orange,22,18,6,36254,20550
51139,Virginia,VA,Page,18,14,8,23709,18967
51141,Virginia,VA,Patrick,19,16,8,17608,17608
51143,Virginia,VA,Pittsylvania,45,50,4,60501,53883
51145,Virginia,VA,Powhatan,12,,1,30333,29754
51147,Virginia,VA,Prince Edward,15,13,6,21849,14581
51149,Virginia,VA,Prince George,15,15,1,43010,21099
51153,Virginia,VA,Prince William,125,123,1,482204,22157
51155,Virginia,VA,Pulaski,26,24,3,33800,14396
51157,Virginia,VA,Rappahannock,,,1,7348,7348
51159,Virginia,VA,Richmond,,,9,8923,8923
51161,Virginia,VA,Roanoke,84,78,2,96929,18814
51163,Virginia,VA,Rockbridge,13,12,6,22650,20403
51165,Virginia,VA,Rockingham,47,51,3,83757,49652
51167,Virginia,VA,Russell,15,15,8,25781,25623
51169,Virginia,VA,Scott,,10,2,21576,21211
51171,Virginia,VA,Shenandoah,35,31,6,44186,30762
51173,Virginia,VA,Smyth,17,18,7,29800,22519
51175,Virginia,VA,Southampton,16,15,6,17996,17680
51177,Virginia,VA,Spotsylvania,57,51,1,140032,44867
51179,Virginia,VA,Stafford,45,45,1,156927,29262
51181,Virginia,VA,Surry,,,1,6561,6561
51183,Virginia,VA,Sussex,,,1,10829,10829
51185,Virginia,VA,Tazewell,32,32,7,40429,21142
51187,Virginia,VA,Warren,27,23,1,40727,24534
51191,Virginia,VA,Washington,36,41,2,53935,37309
51193,Virginia,VA,Westmoreland,14,13,8,18477,14502
51195,Virginia,VA,Wise,21,22,7,36130,23624
51197,Virginia,VA,Wythe,15,15,6,28290,21136
51199,Virginia,VA,York,36,35,1,70045,4948
51510,Virginia,VA,Alexandria City,48,49,1,159467,0
51520,Virginia,VA,Bristol City,13,12,2,17219,176
51530,Virginia,VA,Buena Vista City,,,6,6641,145
51540,Virginia,VA,Charlottesville City,16,18,3,46553,0
51550,Virginia,VA,Chesapeake City,127,133,1,249422,19286
51570,Virginia,VA,Colonial Heights City,12,12,1,18170,0
51580,Virginia,VA,Covington City,,,6,5737,37
51590,Virginia,VA,Danville City,32,33,4,42590,1374
51595,Virginia,VA,Emporia City,,,6,5766,287
51600,Virginia,VA,Fairfax City,13,13,1,24146,0
51610,Virginia,VA,Falls Church City,,,1,14658,0
51620,Virginia,VA,Franklin City,11,13,6,8180,323
51630,Virginia,VA,Fredericksburg City,,,1,27982,0
51640,Virginia,VA,Galax City,,,6,6720,662
51650,Virginia,VA,Hampton City,83,80,1,137148,433
51660,Virginia,VA,Harrisonburg City,21,17,3,51814,322
51670,Virginia,VA,Hopewell City,19,18,1,23033,8
51678,Virginia,VA,Lexington City,,,6,7320,0
51680,Virginia,VA,Lynchburg City,53,56,2,79009,1277
51683,Virginia,VA,Manassas City,15,14,1,42772,0
51685,Virginia,VA,Manassas Park City,,,1,17219,0
51690,Virginia,VA,Martinsville City,17,17,4,13485,11
51700,Virginia,VA,Newport News City,96,99,1,186247,696
51710,Virginia,VA,Norfolk City,120,117,1,238005,0
51720,Virginia,VA,Norton City,,,7,3687,365
51730,Virginia,VA,Petersburg City,25,23,1,33458,906
51735,Virginia,VA,Poquoson City,,,1,12460,1107
51740,Virginia,VA,Portsmouth City,64,58,1,97915,0
51750,Virginia,VA,Radford City,,,3,16070,674
51760,Virginia,VA,Richmond City,115,110,1,226610,0
51770,Virginia,VA,Roanoke City,69,76,2,100011,4
51775,Virginia,VA,Salem City,21,19,2,25346,0
51790,Virginia,VA,Staunton City,20,19,3,25750,552
51800,Virginia,VA,Suffolk City,54,52,1,94324,25520
51810,Virginia,VA,Virginia Beach City,261,249,1,459470,8338
51820,Virginia,VA,Waynesboro City,13,,3,22196,522
51830,Virginia,VA,Williamsburg City,,,1,15425,18
51840,Virginia,VA,Winchester City,23,18,3,28120,0
53001,Washington,WA,Adams,,10,6,20613,9748
53003,Washington,WA,Asotin,14,12,3,22285,1618
53005,Washington,WA,Benton,91,88,2,206873,25122
53007,Washington,WA,Chelan,33,32,3,79074,26592
53009,Washington,WA,Clallam,54,58,5,77155,27846
53011,Washington,WA,Clark,295,274,1,503311,67852
53013,Washington,WA,Columbia,,,8,3952,3952
53015,Washington,WA,Cowlitz,96,99,3,110730,36515
53017,Washington,WA,Douglas,20,19,3,42938,10898
53019,Washington,WA,Ferry,,,8,7178,7178
53021,Washington,WA,Franklin,24,28,2,96749,11073
53023,Washington,WA,Garfield,,,8,2286,2286
53025,Washington,WA,Grant,40,42,5,99123,44476
53027,Washington,WA,Grays Harbor,50,46,4,75636,29585
53029,Washington,WA,Island,43,48,4,86857,41501
53031,Washington,WA,Jefferson,24,25,6,32977,17563
53033,Washington,WA,King,692,681,1,2269675,74771
53035,Washington,WA,Kitsap,129,135,2,275611,48428
53037,Washington,WA,Kittitas,16,15,4,44337,18973
53039,Washington,WA,Klickitat,12,12,9,22735,18122
53041,Washington,WA,Lewis,55,57,4,82149,49436
53043,Washington,WA,Lincoln,,,8,10876,10876
53045,Washington,WA,Mason,33,32,4,65726,45678
53047,Washington,WA,Okanogan,22,23,6,42104,33939
53049,Washington,WA,Pacific,15,17,7,23365,14702
53051,Washington,WA,Pend Oreille,,,8,13401,13401
53053,Washington,WA,Pierce,456,432,1,921130,62468
53055,Washington,WA,San Juan,,,9,17788,14246
53057,Washington,WA,Skagit,66,76,3,129523,44169
53059,Washington,WA,Skamania,,,1,12036,12036
53061,Washington,WA,Snohomish,268,279,1,827957,97666
53063,Washington,WA,Spokane,237,241,2,539339,78884
53065,Washington,WA,Stevens,27,27,2,46445,41387
53067,Washington,WA,Thurston,133,137,2,294793,62903
53069,Washington,WA,Wahkiakum,,,8,4422,4422
53071,Washington,WA,Walla Walla,37,35,3,62584,12675
53073,Washington,WA,Whatcom,93,97,3,226847,64849
53075,Washington,WA,Whitman,12,11,4,47973,15282
53077,Washington,WA,Yakima,85,79,2,256728,78128
54001,West Virginia,WV,Barbour,,10,9,15465,15465
54003,West Virginia,WV,Berkeley,56,52,2,122076,39584
54005,West Virginia,WV,Boone,13,11,3,21809,21809
54007,West Virginia,WV,Braxton,,,8,12447,12447
54009,West Virginia,WV,Brooke,12,15,3,22559,9391
54011,West Virginia,WV,Cabell,75,66,2,94350,20784
54013,West Virginia,WV,Calhoun,,,8,6229,6229
54015,West Virginia,WV,Clay,,,3,8051,8051
54017,West Virginia,WV,Doddridge,,,9,7808,7808
54019,West Virginia,WV,Fayette,23,29,3,40488,25488
54021,West Virginia,WV,Gilmer,,,9,7408,7408
54023,West Virginia,WV,Grant,,,9,10976,10976
54025,West Virginia,WV,Greenbrier,22,22,6,32977,25750
54027,West Virginia,WV,Hampshire,14,13,3,23093,23093
54029,West Virginia,WV,Hancock,17,19,3,29095,9578
54031,West Virginia,WV,Hardy,,,8,14299,14299
54033,West Virginia,WV,Harrison,29,27,5,65921,29187
54035,West Virginia,WV,Jackson,21,19,8,27791,27791
54037,West Virginia,WV,Jefferson,31,28,1,57701,35601
54039,West Virginia,WV,Kanawha,118,116,3,180745,53097
54041,West Virginia,WV,Lewis,10,,9,17033,12603
54043,West Virginia,WV,Lincoln,17,14,8,20463,20463
54045,West Virginia,WV,Logan,16,14,6,32567,23746
54047,West Virginia,WV,McDowell,10,10,9,19111,19111
54049,West Virginia,WV,Marion,24,25,4,56205,24438
54051,West Virginia,WV,Marshall,19,20,3,30591,14970
54053,West Virginia,WV,Mason,22,21,6,25453,17491
54055,West Virginia,WV,Mercer,35,32,4,59664,24947
54057,West Virginia,WV,Mineral,16,14,7,26938,18648
54059,West Virginia,WV,Mingo,12,14,8,23568,23568
54061,West Virginia,WV,Monongalia,31,28,3,105822,28202
54063,West Virginia,WV,Monroe,,,8,12376,12376
54065,West Virginia,WV,Morgan,15,16,2,17063,17063
54067,West Virginia,WV,Nicholas,24,26,8,24604,24604
54069,West Virginia,WV,Ohio,29,29,3,42425,13990
54071,West Virginia,WV,Pendleton,,,8,6143,6143
54073,West Virginia,WV,Pleasants,,,8,7653,7653
54075,West Virginia,WV,Pocahontas,,,9,7869,7869
54077,West Virginia,WV,Preston,16,13,3,34216,34216
54079,West Virginia,WV,Putnam,32,29,2,57440,19495
54081,West Virginia,WV,Raleigh,50,53,3,74591,32123
54083,West Virginia,WV,Randolph,19,19,7,27932,16823
54085,West Virginia,WV,Ritchie,,,8,8444,8444
54087,West Virginia,WV,Roane,11,,8,14028,14028
54089,West Virginia,WV,Summers,11,10,8,11959,11959
54091,West Virginia,WV,Taylor,,,6,16705,11445
54093,West Virginia,WV,Tucker,,,9,6762,6762
54095,West Virginia,WV,Tyler,,,9,8313,8313
54097,West Virginia,WV,Upshur,10,12,7,23816,15269
54099,West Virginia,WV,Wayne,31,27,2,38982,23319
54101,West Virginia,WV,Webster,,,9,8378,8378
54103,West Virginia,WV,Wetzel,11,13,7,14442,9013
54105,West Virginia,WV,Wirt,,,3,5194,5194
54107,West Virginia,WV,Wood,44,42,3,84296,24975
54109,West Virginia,WV,Wyoming,12,11,8,21382,21382
55001,Wisconsin,WI,Adams,13,10,8,20654,20654
55003,Wisconsin,WI,Ashland,,,7,16027,8802
55005,Wisconsin,WI,Barron,21,19,6,46711,36555
55007,Wisconsin,WI,Bayfield,,,8,16220,16220
55009,Wisconsin,WI,Brown,93,88,2,268740,44584
55011,Wisconsin,WI,Buffalo,,,8,13317,13317
55013,Wisconsin,WI,Burnett,,,8,16526,16526
55015,Wisconsin,WI,Calumet,17,18,3,52442,27600
55017,Wisconsin,WI,Chippewa,27,24,3,66297,41450
55019,Wisconsin,WI,Clark,18,18,8,34659,34659
55021,Wisconsin,WI,Columbia,32,30,2,58490,38745
55023,Wisconsin,WI,Crawford,,,6,16113,10152
55025,Wisconsin,WI,Dane,164,173,2,561504,76235
55027,Wisconsin,WI,Dodge,52,53,4,89396,49066
55029,Wisconsin,WI,Door,14,15,6,30066,20637
55031,Wisconsin,WI,Douglas,20,19,2,44295,17104
55033,Wisconsin,WI,Dunn,15,18,6,45440,28418
55035,Wisconsin,WI,Eau Claire,44,44,3,105710,25082
55037,Wisconsin,WI,Florence,,,9,4558,4558
55039,Wisconsin,WI,Fond du Lac,50,54,3,104154,37763
55041,Wisconsin,WI,Forest,,,9,9179,9179
55043,Wisconsin,WI,Grant,27,29,6,51938,40100
55045,Wisconsin,WI,Green,19,19,2,37093,26368
55047,Wisconsin,WI,Green Lake,11,14,6,19018,13816
55049,Wisconsin,WI,Iowa,,,2,23709,18811
55051,Wisconsin,WI,Iron,,,9,6137,4121
55053,Wisconsin,WI,Jackson,,10,8,21145,16730
55055,Wisconsin,WI,Jefferson,46,46,4,84900,37781
55057,Wisconsin,WI,Juneau,16,15,8,26718,26718
55059,Wisconsin,WI,Kenosha,76,78,3,169151,22130
55061,Wisconsin,WI,Kewaunee,10,,2,20563,20563
55063,Wisconsin,WI,La Crosse,62,61,3,120784,21873
55065,Wisconsin,WI,Lafayette,,,8,16611,16611
55067,Wisconsin,WI,Langlade,14,14,6,19491,11420
55069,Wisconsin,WI,Lincoln,17,17,6,28415,18896
55071,Wisconsin,WI,Manitowoc,35,41,4,81359,34801
55073,Wisconsin,WI,Marathon,77,74,3,138013,59882
55075,Wisconsin,WI,Marinette,27,23,6,41872,25442
55077,Wisconsin,WI,Marquette,,,8,15592,15592
55078,Wisconsin,WI,Menominee,,,9,4255,4255
55079,Wisconsin,WI,Milwaukee,413,439,1,939489,2602
55081,Wisconsin,WI,Monroe,26,25,4,46274,26271
55083,Wisconsin,WI,Oconto,25,16,2,38965,38965
55085,Wisconsin,WI,Oneida,24,27,7,37845,28107
55087,Wisconsin,WI,Outagamie,67,63,3,190705,48426
55089,Wisconsin,WI,Ozaukee,42,44,1,91503,22246
55091,Wisconsin,WI,Pepin,,,8,7318,7318
55093,Wisconsin,WI,Pierce,20,21,1,42212,29529
55095,Wisconsin,WI,Polk,24,23,8,44977,44977
55097,Wisconsin,WI,Portage,34,30,4,70377,25762
55099,Wisconsin,WI,Price,,,9,14054,14054
55101,Wisconsin,WI,Racine,117,109,3,197727,28368
55103,Wisconsin,WI,Richland,,10,8,17304,12380
55105,Wisconsin,WI,Rock,82,88,3,163687,32801
55107,Wisconsin,WI,Rusk,,,8,14188,14188
55109,Wisconsin,WI,St. Croix,36,30,1,93536,59852
55111,Wisconsin,WI,Sauk,29,31,4,65763,29399
55113,Wisconsin,WI,Sawyer,,,9,18074,18074
55115,Wisconsin,WI,Shawano,21,18,6,40881,28652
55117,Wisconsin,WI,Sheboygan,48,56,3,118034,34654
55119,Wisconsin,WI,Taylor,12,10,8,19913,15799
55121,Wisconsin,WI,Trempealeau,14,13,8,30760,30760
55123,Wisconsin,WI,Vernon,17,19,3,30714,26670
55125,Wisconsin,WI,Vilas,16,17,9,23047,23047
55127,Wisconsin,WI,Walworth,48,50,4,106478,39296
55129,Wisconsin,WI,Washburn,14,12,8,16623,16623
55131,Wisconsin,WI,Washington,66,77,1,136761,52460
55133,Wisconsin,WI,Waukesha,215,210,1,406978,61892
55135,Wisconsin,WI,Waupaca,26,31,6,51812,32974
55137,Wisconsin,WI,Waushara,17,19,8,24520,24433
55139,Wisconsin,WI,Winnebago,69,72,3,171730,29905
55141,Wisconsin,WI,Wood,45,44,4,74207,26327
56001,Wyoming,WY,Albany,,,4,37066,4805
56003,Wyoming,WY,Big Horn,,,9,11521,11521
56005,Wyoming,WY,Campbell,13,11,5,47026,12604
56007,Wyoming,WY,Carbon,,,7,14537,6837
56009,Wyoming,WY,Converse,,,6,13751,7253
56011,Wyoming,WY,Crook,,,9,7181,7181
56013,Wyoming,WY,Fremont,18,17,7,39234,21023
56015,Wyoming,WY,Goshen,,,7,12498,6062
56017,Wyoming,WY,Hot Springs,,,9,4621,4621
56019,Wyoming,WY,Johnson,,,9,8447,3931
56021,Wyoming,WY,Laramie,38,36,3,100512,21262
56023,Wyoming,WY,Lincoln,,,9,19581,19581
56025,Wyoming,WY,Natrona,27,26,3,79955,12204
56027,Wyoming,WY,Niobrara,,,9,2467,2467
56029,Wyoming,WY,Park,15,17,7,29624,13140
56031,Wyoming,WY,Platte,,,8,8605,8605
56033,Wyoming,WY,Sheridan,17,18,7,30921,11491
56035,Wyoming,WY,Sublette,,,9,8728,8728
56037,Wyoming,WY,Sweetwater,15,13,5,42272,4546
56039,Wyoming,WY,Teton,,,7,23331,12571
56041,Wyoming,WY,Uinta,,,7,20450,9034
56043,Wyoming,WY,Washakie,,,9,7685,2796
56045,Wyoming,WY,Weston,,,9,6838,6838
66010,Guam,GU,Guam,81,80,5,153836,16960
72001,Puerto Rico,PR,Adjuntas,,,6,18020,9965
72003,Puerto Rico,PR,Aguada,11,,2,38136,227
72005,Puerto Rico,PR,Aguadilla,23,24,2,55101,126
72007,Puerto Rico,PR,Aguas Buenas,,,1,24223,2896
72009,Puerto Rico,PR,Aibonito,10,11,1,24637,4449
72011,Puerto Rico,PR,Anasco,10,,2,25596,3727
72013,Puerto Rico,PR,Arecibo,37,37,3,87754,9075
72015,Puerto Rico,PR,Arroyo,,,3,15843,528
72017,Puerto Rico,PR,Barceloneta,,,1,22657,1312
72019,Puerto Rico,PR,Barranquitas,11,11,1,28983,1465
72021,Puerto Rico,PR,Bayamon,93,94,1,185187,0
72023,Puerto Rico,PR,Cabo Rojo,18,19,3,47158,1914
72025,Puerto Rico,PR,Caguas,55,59,1,127244,1464
72027,Puerto Rico,PR,Camuy,,11,3,32827,6162
72029,Puerto Rico,PR,Canovanas,19,16,1,42337,1504
72031,Puerto Rico,PR,Carolina,58,56,1,154815,392
72033,Puerto Rico,PR,Catano,12,10,1,23155,10
72035,Puerto Rico,PR,Cayey,12,14,1,41652,4982
72037,Puerto Rico,PR,Ceiba,,,1,11307,678
72039,Puerto Rico,PR,Ciales,,,1,16984,6675
72041,Puerto Rico,PR,Cidra,12,11,1,39970,798
72043,Puerto Rico,PR,Coamo,12,14,4,34668,10673
72045,Puerto Rico,PR,Comerio,,,1,18883,2936
72047,Puerto Rico,PR,Corozal,13,15,1,34571,2137
72049,Puerto Rico,PR,Culebra,,,9,1792,1792
72051,Puerto Rico,PR,Dorado,,,1,35879,615
72053,Puerto Rico,PR,Fajardo,11,12,1,32124,1922
72054,Puerto Rico,PR,Florida,,,1,11692,2356
72055,Puerto Rico,PR,Guanica,,,6,13787,1942
72057,Puerto Rico,PR,Guayama,14,18,3,36614,5880
72059,Puerto Rico,PR,Guayanilla,10,11,2,17784,3899
72061,Puerto Rico,PR,Guaynabo,37,38,1,89780,0
72063,Puerto Rico,PR,Gurabo,14,12,1,40622,1508
72065,Puerto Rico,PR,Hatillo,14,14,3,38486,4170
72067,Puerto Rico,PR,Hormigueros,,10,3,15654,235
72069,Puerto Rico,PR,Humacao,21,18,1,50896,300
72071,Puerto Rico,PR,Isabela,16,17,2,42943,2330
72073,Puerto Rico,PR,Jayuya,,,6,14779,4792
72075,Puerto Rico,PR,Juana Diaz,18,18,2,46538,4345
72077,Puerto Rico,PR,Juncos,14,13,1,37012,747
72079,Puerto Rico,PR,Lajas,14,13,3,23334,8380
72081,Puerto Rico,PR,Lares,10,,4,28105,6328
72083,Puerto Rico,PR,Las Marias,,,8,8874,8767
72085,Puerto Rico,PR,Las Piedras,,,1,35180,606
72087,Puerto Rico,PR,Loiza,,,1,23693,1066
72089,Puerto Rico,PR,Luquillo,,,1,17781,1741
72091,Puerto Rico,PR,Manati,20,19,1,39492,4237
72093,Puerto Rico,PR,Maricao,,,8,4755,4755
72095,Puerto Rico,PR,Maunabo,,,1,10589,3529
72097,Puerto Rico,PR,Mayaguez,33,36,3,73077,3097
72099,Puerto Rico,PR,Moca,11,10,2,37460,4038
72101,Puerto Rico,PR,Morovis,11,11,1,28727,3594
72103,Puerto Rico,PR,Naguabo,,,1,23386,5922
72105,Puerto Rico,PR,Naranjito,11,13,1,29241,0
72107,Puerto Rico,PR,Orocovis,,,1,21434,8466
72109,Puerto Rico,PR,Patillas,,,3,15985,4404
72111,Puerto Rico,PR,Penuelas,,,2,20399,4934
72113,Puerto Rico,PR,Ponce,56,60,2,137491,8751
72115,Puerto Rico,PR,Quebradillas,,,3,23638,2373
72117,Puerto Rico,PR,Rincon,,,2,15187,10
72119,Puerto Rico,PR,Rio Grande,17,21,1,47060,2396
72121,Puerto Rico,PR,Sabana Grande,11,,3,22729,2979
72123,Puerto Rico,PR,Salinas,,11,4,25789,5466
72125,Puerto Rico,PR,San German,13,14,3,31879,5955
72127,Puerto Rico,PR,San Juan,138,144,1,342259,19
72129,Puerto Rico,PR,San Lorenzo,14,13,1,37693,4876
72131,Puerto Rico,PR,San Sebastian,14,13,2,39345,6985
72133,Puerto Rico,PR,Santa Isabel,,,6,20281,3700
72135,Puerto Rico,PR,Toa Alta,19,19,1,66852,733
72137,Puerto Rico,PR,Toa Baja,31,31,1,75293,663
72139,Puerto Rico,PR,Trujillo Alto,24,24,1,67740,16
72141,Puerto Rico,PR,Utuado,,11,6,28287,15266
72143,Puerto Rico,PR,Vega Alta,,10,1,35395,1388
72145,Puerto Rico,PR,Vega Baja,25,24,1,54414,3360
72147,Puerto Rico,PR,Vieques,,,6,8249,1719
72149,Puerto Rico,PR,Villalba,,,2,22093,3930
72151,Puerto Rico,PR,Yabucoa,12,11,1,30426,5501
72153,Puerto Rico,PR,Yauco,15,14,2,34172,6088
78010,US Virgin Islands,VI,St. Croix,16,13,5,41004,2632
78020,US Virgin Islands,VI,St. John,,,9,3881,917
78030,US Virgin Islands,VI,St. Thomas,21,21,5,42261,727
